RECIBO;SerieSAT;RecSAT;APLICACIoN;RECIBOSAT;FECHA;IMPORTADOR;PRODUCTO;INGREDIENTEACT;EXPORTADOR;ORIGEN;pct; CANTIDAD ;UNMEDIDA; CIFusd ; CIFQ ; CAMBIO ;Empresa; UMSP ;;;;;
66698;4207F766;593252331;HERBICIDA          ;593252331;6/01/2026;AGRIAVANCES, S.A.            ;ANACONDA 55 EC    ;CLORPIRIFOS, CIPERMETRINA;AIMCO PESTICIDES LIMITED                      ;INDIA                    ;0.1%;14,250.00;LITROS; $97,612.50 ; Q748,234.95 ;7.66536;Agrequima; Q3,367.06 ;;;;;
66699;AC1EE68A;2511096929;INSECTICIDA        ;2511096929;6/01/2026;AGROINVET S.A                ;ACARIMECTIN 1.8 EC;ABAMECTINA               ;JEBAGRO Gmbh                                  ;CHINA                    ;0.1%;1,008.00;LITROS; $11,497.65 ; Q88,133.63 ;7.66536;Agrequima; Q396.60 ;;;;;
66700;BF0FADFA;4216211488;INSECTICIDA        ;4216211488;6/01/2026;AGROINVET S.A                ;ACARIMECTIN 1.8 EC;ABAMECTINA               ;GEBAGRO Gmbh                                  ;CHINA                    ;0.1%;500;LITROS; $6,170.23 ; Q47,297.03 ;7.66536;Agrequima; Q212.84 ;;;;;
66701;E019EDD7;2972405719;INSECTICIDA        ;2972405719;6/01/2026;AGROBASSY Y COMPAÑIA LIMITADA;TARGET  24   SC   ;SULFOXAFLOR              ;ZOLI HENDRIX & DAIL DE HONDURAS S.A. DE C.V.  ;ESTADOS UNIDOS DE AMERICA;0.1%;120;LITROS; $18,600.00 ; Q142,575.70 ;7.66536;Agrequima; Q641.59 ;;;;;
66702;62468322;4095953908;INSECTICIDA        ;4095953908;6/01/2026;AGROBASSY Y COMPAÑIA LIMITADA;EXALT 6 SC        ;SPINETORAM               ;ZOLI HENDRIX AND DAIL DE HONDURAS S.A. DE C.V.;ESTADOS UNIDOS DE AMERICA;0.1%;264;LITROS; $36,168.00 ; Q277,240.74 ;7.66536;Agrequima; Q1,247.58 ;;;;;
66703;4635A004;2956738912;ACARICIDA-FUNGICIDA;2956738912;6/01/2026;INDUPARTS, S.A.              ;SULTRON 72.5 SC   ;AZUFRE                   ;GRUPO  BIOQUIMICO MEXICANO, S.A. DE C.V.      ;MEXICO                   ;0.1%;13,800.00;LITROS; $38,640.00 ; Q296,189.51 ;7.66536;Agrequima; Q1,332.85 ;;;;;
66704;85EB221B;674120891;HERBICIDA          ;674120891;6/01/2026;INDUPARTS, S.A.              ;GLIFOZELL 36 SL   ;GLIFOSATO                ;ZELLAG AG                                     ;CHINA                    ;0.1%;16,000.00;LITROS; $39,520.00 ; Q302,935.03 ;7.66536;Agrequima; Q1,363.21 ;;;;;
66705;6E6935A4;3944695147;FUNGICIDA;3944695147;7/01/2026;FORESTAL RIO BLANCO, S.A.;PQ-80  11 SL ;QUINOLINOLATE DE COBRE;ISK BIOCIDES INC    ;ESTADOS UNIDOS DE AMERICA;0.1%;14,308.00;LITROS; $166,155.40 ; Q1,273,640.96 ;7.66536;Agrequima; Q5,731.38 ;;;;;
66706;6BF3ABA3;2612805926;FUNGICIDA;2612805926;7/01/2026;SOLUFERT, S.A;DITHANE 62 SC;MANCOZEB;UPL COSTA RICA, S.A.;COSTA RICA;0.1%;17,000.00;LITROS; $82,450.00 ; Q632,008.93 ;7.66536;Agrequima; Q2,844.04 ;;;;;
66707;CD8A9A6F;1663912728;FUNGICIDA;1663912728;8/01/2026;AGRO INSUMOS, S.A.;SWITCH 62.5 WG                 ;CIPRODINIL, FLUDIOXONIL                           ;SYNGENTA CROP PROTECTION AG ;INGLATERRA               ;0.1%;840;KILOS ; $37,463.77 ; Q287,173.28 ;7.66536;Agrequima; Q1,292.28 ;;;;;
66708;6D4A48B9;1284785616;INSECTICIDA-ACARICIDA          ;1284785616;8/01/2026;AGRO INSUMOS, S.A.;VERTIMEC/AGRIMEC/ASTALEC 1.8 EC;ABAMECTINA                                        ;SYNGENTA CROP PROTECTION AG ;ESTADOS UNIDOS DE AMERICA;0.1%;57.6;LITROS; $2,912.06 ; Q22,321.99 ;7.66536;Agrequima; Q100.45 ;;;;;
66709;CED43024;405160514;INSECTICIDA -FUNGICIDA        ;405160514;8/01/2026;AGRO INSUMOS, S.A.;CRUISER  ADVANCED  54.5 FS     ;THIAMETHOXAM, THIABENDAZOL, FLUDIOXONIL, METALAXIL;SYNGENTA CROP PROTECTION AG ;BRASIL                   ;0.1%;156;LITROS; $3,651.29 ; Q27,988.45 ;7.66536;Agrequima; Q125.95 ;;;;;
66710;175F3DE3;1483096504;INSECTICIDA-FUNGICIDA;1483096504;8/01/2026;AGRO INSUMOS, S.A.;ENGEO/ CONQUEST 24.7 SC        ;TIAMETOXAM, LAMBDA- CYHALOTHRIN                   ;SYNGENTA CROP PROTECTION AG ;ESTADOS UNIDOS DE AMERICA;0.1%;432;LITROS; $6,062.50 ; Q46,471.25 ;7.66536;Agrequima; Q209.12 ;;;;;
66711;BEC0B9FC;2046511734;INSECTICIDA          ;2046511734;8/01/2026;AGRO INSUMOS, S.A.;KARATE ZEON 5 CS               ;LAMBDA CYHALOTRINA                                ;SYNGENTA CROP PROTECTION AG ;BELGICA                  ;0.1%;1,440.00;LITROS; $10,445.07 ; Q80,065.22 ;7.66536;Agrequima; Q360.29 ;;;;;
66712;79A0E7F4;1933724060;INSECTICIDA;1933724060;8/01/2026;AGRO INSUMOS, S.A.;INCIPIO 20 SC                  ;ISOCYCLOSERAM                                     ;SYNGENTA CROP PROTECTION AG ;INGLATERRA               ;0.1%;876;LITROS; $103,564.95 ; Q793,862.63 ;7.66536;Agrequima; Q3,572.38 ;;;;;
66713;5344D1D8;2544190485;INSECTICIDA          ;2544190485;8/01/2026;AGRO INSUMOS, S.A.;INCIPIO 20 SC                  ;ISOCYCLOSERAM                                     ;SYNGENTA CROP PROTECTION AG ;INGLATERRA               ;0.1%;422.4;LITROS; $35,318.13 ; Q270,726.18 ;7.66536;Agrequima; Q1,218.27 ;;;;;
66714;B25798E6;3438430602;INSECTICIDA;3438430602;8/01/2026;AGRO INSUMOS, S.A.;MATCH 5 EC                     ;LUFENURON                                         ;SYNGENTA CROP PROTECTION AG ;COLOMBIA                 ;0.1%;33;LITROS; $321.55 ; Q2,464.80 ;7.66536;Agrequima; Q11.09 ;;;;;
66715;DC9D1C41;2880522904;INSECTICIDA          ;2880522904;8/01/2026;AGRO INSUMOS, S.A.;PROCLAIM  OPTI  5  WG          ;EMAMECTIN BENZOATO                                ;SYNGENTA CROP PROTECTION AG ;AUSTRIA                  ;0.1%;98;KILOS ; $3,470.24 ; Q26,600.64 ;7.66536;Agrequima; Q119.70 ;;;;;
66716;A9B52CDA;37637619;INSECTICIDA-ACARICIDA;37637619;8/01/2026;AGRO INSUMOS, S.A.;KARATE  ZEON 5 CS              ;LAMBDA CYHALOTRINA                                ;SYNGENTA CROP PROTECTION AG ;BELGICA                  ;0.1%;465.6;LITROS; $7,016.78 ; Q53,786.14 ;7.66536;Agrequima; Q242.04 ;;;;;
66717;3051A6B5;1516455522;FUNGICIDA            ;1516455522;8/01/2026;AGRO INSUMOS, S.A.;THIOVIT  80  WG                ;AZUFRE                                            ;SYNGENTA CROP PROTECTION AG ;FRANCIA                  ;0.1%;10,000.00;KILOS ; $11,850.15 ; Q90,835.67 ;7.66536;Agrequima; Q408.76 ;;;;;
66718;03F502D4;3822405497;FUNGICIDA;3822405497;8/01/2026;AGRO INSUMOS, S.A.;REVUS  OPTI  44  SC            ;CLOROTALONIL, MANDIPROPAMID                       ;SYNGENTA  CROP PROTECTION AG;COLOMBIA                 ;0.1%;792;LITROS; $8,779.89 ; Q67,301.02 ;7.66536;Agrequima; Q302.85 ;;;;;
66719;207EF926;4080616236;INSECTICIDA          ;4080616236;8/01/2026;AGRO INSUMOS, S.A.;CURYOM   55  EC                ;LUFENURON, PROFENOFOS                             ;SYNGENTA CROP PROTECTION AG ;COLOMBIA                 ;0.1%;3,492.00;LITROS; $59,654.10 ; Q457,270.15 ;7.66536;Agrequima; Q2,057.72 ;;;;;
66720;33FD8A82;3512945984;FUNGICIDA;3512945984;8/01/2026;AGRO INSUMOS, S.A.;MIRAVIS DUO 20 SC              ;DIFENOCONAZOLE, PYDIFLUMETOFEN                    ;SYNGENTA CROP PROTECTION AG ;COLOMBIA                 ;0.1%;1,632.00;LITROS; $34,896.84 ; Q267,496.84 ;7.66536;Agrequima; Q1,203.74 ;;;;;
66721;E94A3747;3386197859;INSECTICIDA;3386197859;8/01/2026;AGRO INSUMOS, S.A.;INCIPIO 20 SC                  ;ISOCYCLOSERAM                                     ;SYNGENTA CROP PROTECTION AG ;INGLATERRA               ;0.1%;62.4;LITROS; $5,217.45 ; Q39,993.63 ;7.66536;Agrequima; Q179.97 ;;;;;
66722;726AE8E3;688865472;HERBICIDA;688865472;9/01/2026;INSUMOS AGROQUIMICOS Y PECUARIOS DE GUATEMALA, S.A.;ARBU - STOP 24 SL ;PICLORAM      ;JEBAGRO Gmbh            ;CHINA;0.1%;8,000.00;LITROS; $39,200.00 ; Q300,482.11 ;7.66536;Agrequima; Q1,352.17 ;;;;;
66723;856C088C;2205501266;HERBICIDA;2205501266;9/01/2026;INSUMOS AGROQUIMICOS Y PECUARIOS DE GUATEMALA, S.A.;TAURUS XL 30.41 SL;PICLORAM+2,4-D;JEBAGRO Gmbh            ;CHINA;0.1%;8,000.00;LITROS; $18,320.00 ; Q140,429.40 ;7.66536;Agrequima; Q631.93 ;;;;;
66724;61AE5AAF;2527412818;HERBICIDA;2527412818;9/01/2026;SERVICIOS PARA EL AGRO                             ;LIMPIA MILPA 4 SC ;SULFONIL UREA ;AGROHAO A FERTILE FUTURE;CHINA;0.1%;12,000.00;LITROS; $42,000.00 ; Q321,945.12 ;7.66536;Agrequima; Q1,448.75 ;;;;;
66725;41131A8C;2893103907;FUNGICIDA;2893103907;12/01/2026;FORESTAL RIO BLANCO, S.A.                ;PQ-80  11 SL    ;COPPER - 8 QUINOLINOLATE;ISK BIOCIDES INC            ;ESTADOS UNIDOS DE AMERICA;0.1%;14,308.00;LITROS; $166,155.40 ; Q1,273,753.94 ;7.66604;Agrequima; Q5,731.89 ;;;;;
66726;61B6B9E5;1214137838;FUNGICIDA;1214137838;12/01/2026;AGRICENTER GUATEMALA, S.A                ;RANMAN  40 SC   ;CYAZOFAMID              ;ISK BIOSCIENCES  CORPORATION;ESTADOS UNIDOS DE AMERICA;0.1%;600;LITROS; $65,550.00 ; Q502,508.92 ;7.66604;Agrequima; Q2,261.29 ;;;;;
66727;DD623157;1939489680;HERBICIDA;1939489680;12/01/2026;EMPAQUES Y DISTRIBUCION DE PRODUCTOS, S.A;EMDYSATO 35.6 SL;GLYPHOSATE              ;SINOCHEM AGRO CO., LTD      ;CHINA                    ;0.1%;20,912.00;LITROS; $50,484.96 ; Q387,019.72 ;7.66604;Agrequima; Q1,741.59 ;;;;;
66728;A24B974E;160449568;INSECTICIDA;160449568;13/01/2026;INSUMOS MODERNOS, S.A;SEROK 70 WP;ACEPHATE+IMIDACLOPRID;INTEROC CUSTER, S.A.;CHINA;0.1%;750;KILOS; $42,000.00 ; Q321,973.68 ;7.66604;Agrequima; Q1,448.88 ;;;;;
66729;2425303D;375934547;FUNGICIDA             ;375934547;20/01/2026;AVANCES AGRICOLAS DE GUATEMALA, S.A                ;PILARCLOR 72 SC       ;CLOROTALONIL             ;PILARQUIM CORPORATION;CHINA ;0.1%;8,000.00;LITROS; $36,400.00 ; Q278,964.50 ;7.66386;Agrequima; Q1,255.34 ;;;;;
66730;5BD64BDA;756043165;HERBICIDA             ;756043165;20/01/2026;AVANCES AGRICOLAS DE GUATEMALA, S.A                ;PILARSATO  35.6  SL   ;GLIFOSATO                ;PILARQUIM CORPORATION;CHINA ;0.1%;8,000.00;LITROS; $17,200.00 ; Q131,818.39 ;7.66386;Agrequima; Q593.18 ;;;;;
66731;12354AF1;113263262;INSECTICIDA;113263262;20/01/2026;INSUMOS AGROQUIMICOS Y PECUARIOS DE GUATEMALA, S.A.;MATTA-ZOMPOPO 0.003 GR;FIPRONIL                 ;ZELLAG AG            ;ESPAÑA;0.1%;3,000.00;KILOS ; $11,940.00 ; Q91,506.49 ;7.66386;Agrequima; Q411.78 ;;;;;
66732;96EB2927;3133688016;INSECTICIDA, ACARICIDA;3133688016;20/01/2026;TECNOLOGIA AGROCOMERCIAL, S.A                      ;VERTIZELL 1,8 EC      ;ABAMECTINA               ;ZELLAG AG            ;CHINA ;0.1%;624;LITROS; $11,237.76 ; Q86,124.62 ;7.66386;Agrequima; Q387.56 ;;;;;
66733;8CDD4F9B;1079790425;FUNGICIDA             ;1079790425;20/01/2026;TECNOLOGIA AGROCOMERCIAL, S.A                      ;TEBUTRIAZELL 30 EC    ;TEBUCONAZOLE, TRIADIMENOL;ZELLAG AG            ;CHINA ;0.1%;2,008.00;LITROS; $24,108.00 ; Q184,760.34 ;7.66386;Agrequima; Q831.42 ;;;;;
66734;DB30B981;2463387015;HERBICIDA;2463387015;20/01/2026;TECNOLOGIA AGROCOMERCIAL, S.A                      ;TRABUCO 12.5 EC       ;FLUAZIFOP-P-BUTYL        ;ZELLAG AG            ;CHINA ;0.1%;504;LITROS; $6,022.80 ; Q46,157.90 ;7.66386;Agrequima; Q207.71 ;;;;;
66735;2CBD89F6;1416449087;HERBICIDA             ;1416449087;20/01/2026;TECNOLOGIA AGROCOMERCIAL, S.A                      ;OXIFLUZELL 24 EC      ;OXYFLUORFEN              ;ZELLAG AG            ;CHINA ;0.1%;2,600.00;LITROS; $30,812.00 ; Q236,138.85 ;7.66386;Agrequima; Q1,062.62 ;;;;;
66736;44E16806;1083985004;FUNGICIDA;1083985004;20/01/2026;TECNOLOGIA AGROCOMERCIAL, S.A                      ;CLORINAZELL 72 SC     ;CLOROTALONIL             ;ZELLAG AG            ;CHINA ;0.1%;2,504.00;LITROS; $13,173.60 ; Q100,960.63 ;7.66386;Agrequima; Q454.32 ;;;;;
66737;223F7B0A;3923986283;INSECTICIDA;3923986283;21/01/2026;PRODUCTOS AGRICOLAS DE ORIENTE, S.A.;EXALT 6 SC     ;SPINETORAM ;ZOLI HENDRIX AND DAIL DE HONDURAS S.A. DE C.V.;ESTADOS UNIDOS DE AMERICA;0.1%;356;LITROS; $46,992.00 ; Q360,140.11 ;7.66386;Agrequima; Q1,620.63 ;;;;;
66738;E5C29109;3897577357;INSECTICIDA;3897577357;21/01/2026;PRODUCTOS AGRICOLAS DE ORIENTE, S.A.;TARGET  24   SC;SULFOXAFLOR;ZOLI HENDRIX AND DAIL DE HONDURAS S.A. DE C.V.;ESTADOS UNIDOS DE AMERICA;0.1%;357;LITROS; $54,264.00 ; Q415,871.70 ;7.66386;Agrequima; Q1,871.42 ;;;;;
66739;0C02F19C;4176953398;INSECTICIDA;4176953398;22/01/2026;OLEFINAS, S.A.;SUMIDAN TECNICO (ESFENVARELATE);ESFENVALERATE;SUMITOMO CHEMICAL BRASIL INDUSTRIA QUIMICA, S.A.;GUATEMALA;0.1%;10;LITROS; $295.00 ; Q2,260.84 ;7.66386;Agrequima; Q10.17 ;;;;;
66740;18CE39BF;440944852;INSECTICIDA;440944852;23/01/2026;OLEFINAS, S.A.;BIFENTHRIN TECNICO 96%;BIFENTHRIN;PETROCHEM LIMITED CORP.;CHINA;0.1%;1,200.00;KILOS; $422,214.00 ; Q3,235,788.99 ;7.66386;Agrequima; Q14,561.05 ;;;;;
66741;8F5EC639;4076029787;FUNGICIDA  ;4076029787;26/01/2026;BANANERA TEPEYAC, S.A  ;VONDOZEB   62  SC      ;MANCOZEB   ;UPL COSTA RICA, S.A.      ;COSTA RICA;0.1%;17,000.00;LITROS; $88,400.00 ; Q677,852.97 ;7.66802;Agrequima; Q3,050.34 ;;;;;
66742;5598027B;1578650037;RODENTICIDA;1578650037;26/01/2026;INVERSIONES BALUJE, S.A;DELRAT PELLETS 0.005 RB;BRODIFACOUM;PELGAR INTERNATIONAL, LTD.;INGLATERRA;0.1%;10,000.00;KILOS ; $36,000.00 ; Q276,048.72 ;7.66802;Agrequima; Q1,242.22 ;;;;;
66743;E58FF5FD;2461483925;NEMATIACIDA;2461483925;27/01/2026;VALENT BIOSCIENCES                    ;VBC 90062        ;BACILLUS AMYLOLIQUEFACIENS CEPA APTA-4838;VALENT BIOSCIENCES LLC                        ;ESTADOS UNIDOS DE AMERICA;0.1%;0.5;LITROS; $60.00 ; Q460.08 ;7.66802;Agrequima; Q2.07 ;;;;;
66744;138E6E6E;717505234;FUNGICIDA  ;717505234;27/01/2026;EXPORTADORA ATLANTICO, S.A./ GUATEMALA;STRIKE 129,74 GE ;1,3 DCHLOROPROPENE+CHLOROPICRIN          ;ZOLI HENDRIX AND DAIL DE HONDURAS S.A. DE C.V.;HONDURAS                 ;0.1%;13,285.35;LITROS; $115,582.55 ; Q886,289.31 ;7.66802;Agrequima; Q3,988.30 ;;;;;
66745;EC8EDDCE;2202421389;FUNGICIDA;2202421389;27/01/2026;AGRICENTER GUATEMALA, S.A             ;KALESMAN 31.25 SC;DIMETHOMORPH+FLUPICOLIDE                 ;INTEROC CUSTER, S.A.                          ;ECUADOR                  ;0.1%;700;LITROS; $19,075.00 ; Q146,267.48 ;7.66802;Agrequima; Q658.20 ;;;;;
66746;5797CD41;4212736363;FUNGICIDA;4212736363;27/01/2026;AGRICENTER GUATEMALA, S.A             ;KALESMAN 31.25 SC;DIMETHOMORPH+FLUPICOLIDE                 ;INTEROC CUSTER, S.A.                          ;ECUADOR                  ;0.1%;620;LITROS; $16,896.20 ; Q129,560.40 ;7.66802;Agrequima; Q583.02 ;;;;;
66747;EA9AB14D;1947549853;INSECTICIDA;1947549853;28/01/2026;ORGANISMO INTERNACIONAL REGIONAL DE SANIDAD AGROPECUARIA (OIRSA);FUMIXIN 57 GE;FOSFURO DE ALUMINIO;ORGANISMO INTERNACIONAL REGIONAL DE SANIDAD AGROPEQUARIA (OIRSA);CHINA;0.1%;3,000.00;KILOS; $2,100.00 ; Q16,102.84 ;7.66802;Agrequima; Q72.46 ;;;;;
66748;8C0E7951;992101018;FUNGICIDA;992101018;29/01/2026;ASERSI;BMN-022/GWN-12025 98.8 SL;EXTRACTO DE GOBERNADORA (LARREA TRIDENTATA)                    ;BIOAMIN S.A. DE C.V.              ;MEXICO  ;0.1%;2;LITROS; $157.00 ; Q1,203.88 ;7.66802;Agrequima; Q5.42 ;;;;;
66749;´089C8EEE;3185198220;INSECTICIDA;3185198220;29/01/2026;ASERSI;L´ECOMIX  5.4 EW         ;EXTRACTO DE AJO, ESTRACTO DE AJI, EUCALIPTO, CLAVO Y LIMONCILLO;ECOFLORA AGRO FORMULACIONES S.A.S.;COLOMBIA;0.1%;2;LITROS; $240.50 ; Q1,844.16 ;7.66802;Agrequima; Q8.30 ;;;;;
66750;799E9C4A;2773959860;ACARICIDA NEMATICIDA;2773959860;29/01/2026;ASERSI;ECOA-Z 36 EW             ;EXTRACTO DE AJO                                                ;ECOFLORA AGRO FORMULACIONES S.A.S.;COLOMBIA;0.1%;2;LITROS; $240.50 ; Q1,844.16 ;7.66802;Agrequima; Q8.30 ;;;;;
66751;736030A0;622283325;FUNGICIDA;622283325;30/01/2026;HIGIENE, PROTECCION Y MEDIO AMBIENTE, S. A.;PHOSAMINE 56 GE;FOSFURO DE ALUMINIO;UPL COSTA RICA, S.A.;INDIA     ;0.1%;2,513.66;KILOS ; $45,941.76 ; Q352,282.33 ;7.66802;Agrequima; Q1,585.27 ;;;;;
66752;4F53FFDB;3012643141;FUNGICIDA;3012643141;30/01/2026;SOLUFERT, S.A                              ;DITHANE 62 SC  ;MANCOZEB           ;UPL COSTA RICA, S.A.;COSTA RICA;0.1%;17,000.00;LITROS; $82,450.00 ; Q632,228.25 ;7.66802;Agrequima; Q2,845.03 ;;;;;
RDON-REVAI-12094-15.pdf;7D89C0D2;1470711315;FUNGICIDA;1470711315;28/01/2026;AGROFORTRESS, SOCIEDAD ANONIMA;LUXAZIM 50 SC;Carbendazim;TAHUAL AGRICOLA, S.A.;CHINA;0.1%;6,600.00;LITROS; $23,364.00 ; Q179,064.50 ;7.66412;Agrequima; Q805.79 ;;;;;
RDON-REVAI-12095-14.pdf;D109F8A4;294734667;FUNGICIDA;294734667;28/01/2026;AGROFORTRESS, SOCIEDAD ANONIMA;LUXAZIM 50 SC;Carbendazim;TAHUAL AGRICOLA, S.A.;CHINA;0.1%;8,000.00;LITROS; $28,320.00 ; Q217,047.88 ;7.66412;Agrequima; Q976.72 ;;;;;
RDON-REVAI-12056-54.pdf;173B3789;3674425446;MATERIA TÉCNICA FUNGICIDA;3674425446;27/01/2026;BAYER, SOCIEDAD ANONIMA;PROPINEB TK 83%;PROPINEB;BAYER AG;ALEMANIA;0.1%;39,900.00;KILOGRAMOS; $165,984.00 ; Q1,271,995.15 ;7.66336;Agrequima; Q5,723.98 ;;;;;
RDON-REVAI-12091-12.pdf;6F183297;2642102520;FUNGICIDA;2642102520;28/01/2026;AGROFORTRESS, SOCIEDAD ANONIMA;URGENTE 50 WG;Azoxystrobin;TAHUAL AGRICOLA, S.A.;CHINA;0.1%;200.00;KILOGRAMOS; $4,990.00 ; Q38,243.96 ;7.66412;Agrequima; Q172.10 ;;;;;
RDON-REVAI-12092-13.pdf;62AB1E5D;1779450392;HERBICIDA;1779450392;28/01/2026;AGROFORTRESS, SOCIEDAD ANONIMA;FORZA 60 WP;Metsulfuron-Methyl;TAHUAL AGRICOLA, S.A.;CHINA;0.1%;1,500.00;LITROS; $22,515.00 ; Q172,557.66 ;7.66412;Agrequima; Q776.51 ;;;;;
RDON-REVAI-12098-49.pdf;310201F8;2407353992;HERBICIDA;2407353992;28/01/2026;NEGOCIOS RELACIONADOS, SOCIEDAD ANONIMA;GUERRERO 35.6  SL;Glifosato;TAHUAL AGRICOLA, S.A.;CHINA;0.1%;8,064.00;LITROS; $20,563.20 ; Q157,583.20 ;7.66336;Agrequima; Q709.12 ;;;;;
RDON-REVAI-12097-18.pdf;0DC2FCF3;1636650940;FUNGICIDA;1636650940;28/01/2026;ARYSTA LIFESCIENCE DE GUATEMALA, SOCIEDAD ANONIMA;PYRUS 40 SC;Pyrimethanil;UPL COSTA RICA, S.A.;COSTA RICA;0.1%;5,060.00;LITROS; $25,300.00 ; Q193,988.26 ;7.66752;Agrequima; Q872.95 ;;;;;
RDON-REVAI-12096-47.pdf;41762C16;1758216537;FUNGICIDA;1758216537;28/01/2026;ARYSTA LIFESCIENCE DE GUATEMALA, SOCIEDAD ANONIMA;GOLDAZIM / CARBENDAZIM / INICIO/ CARBENDAFLOW  50 SC;Carbendazim;UPL COSTA RICA, S.A.;COSTA RICA;0.1%;3,000.00;LITROS; $15,180.00 ; Q116,392.95 ;7.66752;Agrequima; Q523.77 ;;;;;
RDON-REVAI-12102-07.pdf;8BB77C13;444944175;INSECTICIDA, NEMATICIDA;444944175;29/01/2026;TECNICA UNIVERSAL SOCIEDAD ANONIMA;COUNTER 10 GR;TERBUFOS;AMVAC LATAM S. DE R.L.;COSTA RICA;0.1%;231.00;KILOGRAMOS; $8,725.19 ; Q66,900.57 ;7.66752;Agrequima; Q301.05 ;;;;;
RDON-REVAI-12099-49.pdf;2FA9A451;366299791;HERBICIDA;366299791;28/01/2026;ARYSTA LIFESCIENCE DE GUATEMALA, SOCIEDAD ANONIMA;LIFELINE 28  SL;GlufosinateAmmonium;UPL MAURITIUS LIMITED;INDIA;0.1%;18,000.00;LITROS; $70,560.00 ; Q541,020.21 ;7.66752;Agrequima; Q2,434.59 ;;;;;
RDON-REVAI-11890-21.pdf;CEB00993;1188447634;FUNGICIDA, BACTERICIDA;1188447634;5/01/2026;TECNOLOGIA PARA LA AGRICULTURA, SOCIEDAD ANONIMA;BLUE SHIELD / NUCOP / COPERNICO / COBRE  AZUL / KUPRAZUL 40 WG;METALLICCOPPER;ALBAUGH MEXICO, S. DE R.L. DE C.V.;MEXICO;0.1%;3,163.20;KILOGRAMOS; $37,096.01 ; Q284,144.31 ;7.6597;Agrequima; Q1,278.65 ;;;;;
RDON-REVAI-11927-49.pdf;1CCEF6CF;1287143656;MATERIA TÉCNICA FUNGICIDA;1287143656;7/01/2026;DUWEST GUATEMALA SOCIEDAD ANONIMA;CLOROTALONIL TECNICO;Chlorothalonil;DUWEST INC;CHINA;0.1%;69,360.00;KILOGRAMOS; $296,167.20 ; Q2,270,068.28 ;7.66482;Agrequima; Q10,215.31 ;;;;;
RDON-REVAI-11976-28.pdf;6D128774;3502653774;HERBICIDA;3502653774;19/01/2026;AGROFORTRESS, SOCIEDAD ANONIMA;FORASTERO 35.6 SL;GLYPHOSATE;TAHUAL AGRICOLA, S.A.;CHINA;0.1%;17,000.00;LITROS; $34,340.00 ; Q263,116.51 ;7.6621;Agrequima; Q1,184.02 ;;;;;
RDON-REVAI-11991-36.pdf;8DB25A02;3465824901;FUNGICIDA;3465824901;20/01/2026;BAYER, SOCIEDAD ANONIMA;ALIETTE 80 WG;Fosetyl-Aluminio;BAYER AG;ESTADOS UNIDOS DE AMERICA;0.1%;12,000.00;KILOGRAMOS; $140,400.00 ; Q1,075,758.84 ;7.6621;Agrequima; Q4,840.91 ;;;;;
RDON-REVAI-11996-47.pdf;1FAFE760;3013952465;HERBICIDA;3013952465;21/01/2026;AGROFORTRESS, SOCIEDAD ANONIMA;ATAJO 15 SL;GLUFOSINATE-P;TAHUAL AGRICOLA, S.A.;CHINA;0.1%;7,200.00;LITROS; $16,560.00 ; Q126,986.55 ;7.66827;Agrequima; Q571.44 ;;;;;
RDON-REVAI-12000-58.pdf;11D1D241;3592569822;MATERIA TECNICA PARA FOMULAR FUNGICIDA-NEMATICIDA;3592569822;21/01/2026;BAYER, SOCIEDAD ANONIMA;FLUOPYRAM TECNICO;Fluopyram;BAYER AG;ALEMANIA;0.1%;2,000.00;KILOGRAMOS; $306,000.00 ; Q2,346,490.62 ;7.66827;Agrequima; Q10,559.21 ;;;;;
RDON-REVAI-12010-16.pdf;A09411D1;1397178539;FUNGICIDA;1397178539;23/01/2026;AGRO-CHILE, SOCIEDAD ANONIMA;SURANO / BINARE 50 SC;Difenoconazole, Pyrimethanil;ANASAC INTERNACIONAL CORPORATION, S.A.;CHINA;0.1%;13,000.00;LITROS; $130,000.00 ; Q996,842.60 ;7.66802;Agrequima; Q4,485.79 ;;;;;
RDON-REVAI-11933-27.pdf;BA37CB29;2225817055;HERBICIDA;2225817055;9/01/2026;AGROFORTRESS, SOCIEDAD ANONIMA;2,4-D 72 SL;2,4-D;TAHUAL AGRICOLA, S.A.;CHINA;0.1%;16,000.00;LITROS; $39,520.00 ; Q302,961.90 ;7.66604;Agrequima; Q1,363.33 ;;;;;
RDON-REVAI-12061-35.pdf;E40B9FFA;2905098079;HERBICIDA;2905098079;28/01/2026;AGROFORTRESS, SOCIEDAD ANONIMA;AGRESIVO  20 SL;Paraquat;TAHUAL AGRICOLA, S.A.;CHINA;0.1%;1,500.00;LITROS; $2,835.00 ; Q21,727.78 ;7.66412;Agrequima; Q97.78 ;;;;;
RDON-REVAI-11913-36.pdf;C7948930;3132378014;INSECTICIDA;3132378014;7/01/2026;AGROFORTRESS, SOCIEDAD ANONIMA;FIPRONIL / PIKUDO 20 SC;Fipronil;TAHUAL AGRICOLA, S.A.;CHINA;0.1%;3,000.00;LITROS; $54,030.00 ; Q414,001.63 ;7.66244;Agrequima; Q1,863.01 ;;;;;
RDON-REVAI-11959-13.pdf;2AA72A45;1774341101;DESINFECTANTE DE SUELO;1774341101;15/01/2026;INVERSIONES COMERCIALES E INDUSTRIALES, SOCIEDAD ANONIMA;VAPAM 51 GE;METAM-SODIUM;AMVAC LATAM S. DE R. L.;ESTADOS UNIDOS DE AMERICA;0.1%;14,976.00;LITROS; $26,657.28 ; Q204,333.12 ;7.66519;Agrequima; Q919.50 ;;;;;
RDON-REVAI-12060-35.pdf;FDE9A0D7;4133240935;HERBICIDA;4133240935;28/01/2026;AGROFORTRESS, SOCIEDAD ANONIMA;AGRESIVO  20 SL;Paraquat;TAHUAL AGRICOLA, S.A.;CHINA;0.1%;3,000.00;LITROS; $6,210.00 ; Q47,594.19 ;7.66412;Agrequima; Q214.17 ;;;;;
RDON-REVAI-12062-35.pdf;D0731D27;3157348313;FUNGICIDA;3157348313;28/01/2026;AGROFORTRESS, SOCIEDAD ANONIMA;AVALANCHA  50  SC;Boscalid;TAHUAL AGRICOLA, S.A.;CHINA;0.1%;600.00;LITROS; $20,106.00 ; Q154,094.80 ;7.66412;Agrequima; Q693.43 ;;;;;
RDON-REVAI-12063-36.pdf;A5A054BC;507792783;INSECTICIDA;507792783;28/01/2026;AGROFORTRESS, SOCIEDAD ANONIMA;FORAMIL 90 SP;Methomyl;TAHUAL AGRICOLA, S.A.;CHINA;0.1%;12,000.00;KILOGRAMOS; $136,680.00 ; Q1,047,531.92 ;7.66412;Agrequima; Q4,713.89 ;;;;;
RDON-REVAI-12064-05.pdf;8A8EDA8D;665143109;HERBICIDA;665143109;28/01/2026;AGROFORTRESS, SOCIEDAD ANONIMA;BLAZER 16 EW;Fluroxypyr, Picloram;TAHUAL AGRICOLA, S.A.;CHINA;0.1%;4,800.00;LITROS; $22,032.00 ; Q168,855.89 ;7.66412;Agrequima; Q759.85 ;;;;;
RDON-REVAI-12086-11.pdf;C53BDEED;3470150687;HERBICIDA;3470150687;28/01/2026;AGROFORTRESS, SOCIEDAD ANONIMA;ATAJO 15 SL;GLUFOSINATE-P;TAHUAL AGRICOLA, S.A.;CHINA;0.1%;4,000.00;LITROS; $11,400.00 ; Q87,370.97 ;7.66412;Agrequima; Q393.17 ;;;;;
RDON-REVAI-12088-42.pdf;65C70BC7;2767734005;HERBICIDA;2767734005;28/01/2026;AGROFORTRESS, SOCIEDAD ANONIMA;AMETRINA 50 SC;Ametryn;TAHUAL AGRICOLA, S.A.;CHINA;0.1%;7,000.00;LITROS; $21,840.00 ; Q167,384.38 ;7.66412;Agrequima; Q753.23 ;;;;;
RDON-REVAI-11962-55.pdf;F024C6E7;4000401502;INSECTICIDA;4000401502;19/01/2026;PROMOCIONES AGRICOLAS INDUSTRIALES Y COMERCIALES SOCIEDAD ANONIMA;PQZ  22 SC;PYRIFLUQUINAZON;AGRO TRADING CORPORATION, S.A.;JAPON;0.1%;593.60;LITROS; $71,574.97 ; Q548,414.58 ;7.6621;Agrequima; Q2,467.87 ;;;;;
RDON-REVAI-11900-05.pdf;09C62029;1520780969;MATERIA TÉCNICA FUNGICIDA;1520780969;7/01/2026;DUWEST GUATEMALA SOCIEDAD ANONIMA;CLOROTALONIL TECNICO;CHLOROTHALONIL;DUWEST INC;CHINA;0.1%;49,800.00;KILOGRAMOS; $208,164.00 ; Q1,595,044.16 ;7.66244;Agrequima; Q7,177.70 ;;;;;
RDON-REVAI-11941-55.pdf;419BFD0E;3514911173;HERBICIDA;3514911173;13/01/2026;NEGOCIOS RELACIONADOS, SOCIEDAD ANONIMA;PARAQUAT 20 SL;Paraquat;BESTENFELDEN CENTRO AMERICA, SOCIEDAD ANONIMA;CHINA;0.1%;9,258.00;LITROS; $21,837.26 ; Q167,342.20 ;7.66315;Agrequima; Q753.04 ;;;;;
RDON-REVAI-11980-24.pdf;94F503C1;1004096389;INSECTICIDA;1004096389;19/01/2026;AGROFORTRESS, SOCIEDAD ANONIMA;OPRESOR 50 SP;Thiocyclam(FormaÁcida)/ThiocyclamHidrogenOxalate50%;TAHUAL AGRICOLA, S.A.;CHINA;0.1%;500.00;KILOGRAMOS; $7,890.00 ; Q60,453.97 ;7.6621;Agrequima; Q272.04 ;;;;;
RDON-REVAI-11939-27.pdf;5A41695B;1762870779;HERBICIDA;1762870779;13/01/2026;ADAMA GUATEMALA, SOCIEDAD ANONIMA;ATRANEX 90 WG;ATRAZINE;TOP GENERIC AGROCHEMICALS TRADING LLC;ISRAEL;0.1%;15,260.00;KILOGRAMOS; $62,718.60 ; Q480,684.76 ;7.66415;Agrequima; Q2,163.08 ;;;;;
RDON-REVAI-11978-25.pdf;0618F5EF;1798522026;HERBICIDA;1798522026;19/01/2026;AGROFORTRESS, SOCIEDAD ANONIMA;HALOFOR 75 WG;HALOSULFURON-METHYL;TAHUAL AGRICOLA, S.A.;CHINA;0.1%;125.00;KILOGRAMOS; $7,243.75 ; Q55,502.34 ;7.6621;Agrequima; Q249.76 ;;;;;
RDON-REVAI-12101-36.pdf;9645B127;435178105;INSECTICIDA, NEMATICIDA;435178105;29/01/2026;TECNICA UNIVERSAL SOCIEDAD ANONIMA;MOCAP  10 GR;Ethoprophos;AMVAC LATAM S. DE R.L.;ESTADOS UNIDOS DE AMERICA;0.1%;6,945.00;KILOGRAMOS; $31,538.02 ; Q241,818.40 ;7.66752;Agrequima; Q1,088.18 ;;;;;
RDON-REVAI-11934-28.pdf;91B34FEC;2203206575;HERBICIDA;2203206575;9/01/2026;AGROFORTRESS, SOCIEDAD ANONIMA;2,4-D 72 SL;2,4-D;TAHUAL AGRICOLA, S.A.;CHINA;0.1%;16,000.00;LITROS; $39,520.00 ; Q302,961.90 ;7.66604;Agrequima; Q1,363.33 ;;;;;
RDON-REVAI-11995-46.pdf;E1616217;742673237;HERBICIDA;742673237;21/01/2026;EL COLONO AGROPECUARIO, SOCIEDAD ANONIMA;INQUIGRASS 35.6 SL;GLYPHOSATE;DISTRIBUIDORA INQUISA S.A.;COSTA RICA;0.1%;14,976.00;LITROS; $30,700.80 ; Q235,321.63 ;7.665;Agrequima; Q1,058.95 ;;;;;
RDON-REVAI-11922-08.pdf;29013809;3978381960;HERBICIDA;3978381960;7/01/2026;AGROFORTRESS, SOCIEDAD ANONIMA;PARAQUAT TECNICO;Paraquat;TAHUAL AGRICOLA, S.A.;CHINA;0.1%;11,531.00;LITROS; $23,638.55 ; Q181,128.97 ;7.66244;Agrequima; Q815.08 ;;;;;
RDON-REVAI-11898-38.pdf;44C18AE2;3744681269;MATERIA TÉCNICA FUNGICIDA;3744681269;7/01/2026;DUWEST GUATEMALA SOCIEDAD ANONIMA;CLOROTALONIL TECNICO;CHLOROTHALONIL;DUWEST INC;CHINA;0.1%;50,400.00;KILOGRAMOS; $210,672.00 ; Q1,614,261.56 ;7.66244;Agrequima; Q7,264.18 ;;;;;
RDON-REVAI-11923-08.pdf;1AC6E807;3086894124;FUNGICIDA;3086894124;7/01/2026;AGROFORTRESS, SOCIEDAD ANONIMA;STRONG 40 SC;Pirimetanil;TAHUAL AGRICOLA, S.A.;CHINA;0.1%;400.00;LITROS; $2,260.00 ; Q17,317.11 ;7.66244;Agrequima; Q77.93 ;;;;;
RDON-REVAI-11921-08.pdf;7D0A7D6D;1870283426;FUNGICIDA;1870283426;7/01/2026;AGROFORTRESS, SOCIEDAD ANONIMA;METALAXIL TECNICO;Metalaxyl;TAHUAL AGRICOLA, S.A.;CHINA;0.1%;10,000.00;KILOGRAMOS; $159,400.00 ; Q1,221,772.31 ;7.66482;Agrequima; Q5,497.98 ;;;;;
RDON-REVAI-11960-22.pdf;39824581;11159511;HERBICIDA;11159511;15/01/2026;ARYSTA LIFESCIENCE DE GUATEMALA, SOCIEDAD ANONIMA;LIFELINE 28  SL;GlufosinateAmmonium;UPL MAURITIUS LIMITED;INDIA;0.1%;18,000.00;LITROS; $70,560.00 ; Q540,889.68 ;7.66567;Agrequima; Q2,434.00 ;;;;;
RDON-REVAI-11892-53.pdf;BECCC305;187843796;FUNGICIDA;187843796;5/01/2026;ARYSTA LIFESCIENCE DE GUATEMALA, SOCIEDAD ANONIMA;UNILAX 72 WP;Mancozeb, Metalaxyl;UPL MAURITIUS LIMITED;INDIA;0.1%;3,500.00;KILOGRAMOS; $14,700.00 ; Q112,597.59 ;7.6597;Agrequima; Q506.69 ;;;;;
RDON-REVAI-11891-22.pdf;F8B2D34E;3754181322;FUNGICIDA;3754181322;5/01/2026;ARYSTA LIFESCIENCE DE GUATEMALA, SOCIEDAD ANONIMA;UNILAX 72 WP;Mancozeb, Metalaxyl;UPL MAURITIUS LIMITED;INDIA;0.1%;1,998.00;KILOGRAMOS; $9,990.00 ; Q76,520.40 ;7.6597;Agrequima; Q344.34 ;;;;;
RDON-REVAI-11958-13.pdf;538BC1CB;576671322;DESINFECTANTE DE SUELO;576671322;15/01/2026;INVERSIONES COMERCIALES E INDUSTRIALES, SOCIEDAD ANONIMA;VAPAM 51 GE;METAM-SODIUM;AMVAC LATAM S. DE R. L.;ESTADOS UNIDOS DE AMERICA;0.1%;14,976.00;LITROS; $26,657.28 ; Q204,333.12 ;7.66519;Agrequima; Q919.50 ;;;;;
RDON-REVAI-11986-56.pdf;D14EC2A3;658590801;FUNGICIDA;658590801;19/01/2026;EMPRESA CENTROAMERICANA DE SERVICIOS, S.A.;BELLKUTE 30 SC;IMINOCTADINETRIS(ALBESILATE);AGRO TRADING CORPORATION, S. A .;JAPON;0.1%;400.00;LITROS; $14,833.16 ; Q113,653.16 ;7.6621;Agrequima; Q511.44 ;;;;;
RDON-REVAI-12027-13.pdf;FBAD46BC;4026550873;INSECTICIDA, ACARICIDA;4026550873;23/01/2026;AGROFORTRESS, SOCIEDAD ANONIMA;BUPROFEZIN  TECNICO;Buprofezin;TAHUAL AGRICOLA, S.A.;CHINA;0.1%;1,377.00;KILOGRAMOS; $12,489.39 ; Q95,772.01 ;7.66827;Agrequima; Q430.97 ;;;;;
RDON-REVAI-11931-24.pdf;FF983ECD;3522121665;MATERIA TÉCNICA FUNGICIDA;3522121665;9/01/2026;BAYER, SOCIEDAD ANONIMA;PROPAMOCARB HYDROCHLORIDE TECNICO;PROPAMOCARBHYDROCLORIDE;BAYER AG;ALEMANIA;0.1%;55,045.87;LITROS; $1,069,200.00 ; Q8,196,177.13 ;7.66571;Agrequima; Q36,882.80 ;;;;;
RDON-REVAI-12032-15.pdf;D36BE65E;2031307225;HERBICIDA;2031307225;23/01/2026;AGROFORTRESS, SOCIEDAD ANONIMA;FORZA 60 WP;Metsulfuron-Methyl;TAHUAL AGRICOLA, S.A.;CHINA;0.1%;183.00;KILOGRAMOS; $2,389.98 ; Q18,326.41 ;7.66802;Agrequima; Q82.47 ;;;;;
RDON-REVAI-12076-11.pdf;6ED5EC59;2474199117;INSECTICIDA;2474199117;28/01/2026;AGROFORTRESS, SOCIEDAD ANONIMA;FORAMIL 21.6 SL;Methomyl;TAHUAL AGRICOLA, S.A.;CHINA;0.1%;4,000.00;LITROS; $19,240.00 ; Q147,457.67 ;7.66412;Agrequima; Q663.56 ;;;;;
RDON-REVAI-12077-10.pdf;8C632CE6;1677609896;INSECTICIDA;1677609896;28/01/2026;AGROFORTRESS, SOCIEDAD ANONIMA;OPRESOR 50 SP;Thiocyclam(FormaÁcida)/ThiocyclamHidrogenOxalate50%;TAHUAL AGRICOLA, S.A.;CHINA;0.1%;1,000.00;KILOGRAMOS; $15,000.00 ; Q114,961.80 ;7.66412;Agrequima; Q517.33 ;;;;;
RDON-REVAI-11918-36.pdf;431A147A;1116685804;HERBICIDA;1116685804;7/01/2026;AGROFORTRESS, SOCIEDAD ANONIMA;ATAJO 15 SL;GLUFOSINATE-P;TAHUAL AGRICOLA, S.A.;CHINA;0.1%;8,604.00;LITROS; $27,618.84 ; Q211,627.70 ;7.66244;Agrequima; Q952.32 ;;;;;
RDON-REVAI-11924-08.pdf;ABCAC6EF;1284328345;HERBICIDA;1284328345;7/01/2026;AGROFORTRESS, SOCIEDAD ANONIMA;CAMPEON 48 EC;Clomazone;TAHUAL AGRICOLA, S.A.;CHINA;0.1%;2,880.00;LITROS; $19,728.00 ; Q151,164.62 ;7.66244;Agrequima; Q680.24 ;;;;;
RDON-REVAI-11988-59.pdf;127D6DAE;1140409034;FUNGICIDA;1140409034;20/01/2026;DUWEST GUATEMALA SOCIEDAD ANONIMA;KOCIDE / KOCIDE ADVANCED 35 WG;COPPERHIDROXIDE/METALLICCOPPER35%;DUWEST INC;ESTADOS UNIDOS DE AMERICA;0.1%;4,000.00;KILOGRAMOS; $37,800.00 ; Q289,860.61 ;7.66827;Agrequima; Q1,304.37 ;;;;;
RDON-REVAI-12022-11.pdf;7D23F71A;1481721376;HERBICIDA;1481721376;23/01/2026;AGROFORTRESS, SOCIEDAD ANONIMA;AGRESIVO  20 SL;Paraquat;TAHUAL AGRICOLA, S.A.;CHINA;0.1%;10,872.00;LITROS; $24,679.44 ; Q189,248.61 ;7.66827;Agrequima; Q851.62 ;;;;;
RDON-REVAI-12035-16.pdf;B3973127;2637645173;FUNGICIDA;2637645173;23/01/2026;AGROFORTRESS, SOCIEDAD ANONIMA;CLOROTALONIL 72 SC;Chlorothalonil;TAHUAL AGRICOLA, S.A.;CHINA;0.1%;16,000.00;LITROS; $76,800.00 ; Q588,903.94 ;7.66802;Agrequima; Q2,650.07 ;;;;;
RDON-REVAI-12036-16.pdf;89CC8D0E;778847107;HERBICIDA;778847107;23/01/2026;BASF DE GUATEMALA  SOCIEDAD ANONIMA;BASTA 15 SL;GlufosinateAmmonium;BASF DE COSTA RICA, S.A.;ALEMANIA;0.1%;1,260.00;LITROS; $11,352.60 ; Q87,051.96 ;7.66802;Agrequima; Q391.73 ;;;;;
RDON-REVAI-11895-34.pdf;86354273;975389514;MATERIA TÉCNICA FUNGICIDA;975389514;6/01/2026;BAYER, SOCIEDAD ANONIMA;PROPINEB TK 83%;Propineb;BAYER AG;ALEMANIA;0.1%;39,900.00;KILOGRAMOS; $165,984.00 ; Q1,271,387.64 ;7.6597;Agrequima; Q5,721.24 ;;;;;
RDON-REVAI-11893-22.pdf;9D0932CF;3369486750;INSECTICIDA;3369486750;5/01/2026;MAXIAGRO, SOCIEDAD ANONIMA;JARDIMAX  0.003 GR;Fipronil;ZELLAG;ESPAÑA;0.1%;5,000.00;KILOGRAMOS; $16,000.00 ; Q122,555.20 ;7.6597;Agrequima; Q551.50 ;;;;;
RDON-REVAI-11896-10.pdf;F8616603;670059539;HERBICIDA;670059539;6/01/2026;QUIMICOS AGRICOLAS INSECTROL SOCIEDAD ANONIMA;GLUFOSINATO DE AMONIO  15  SL;GLUFOSINATEAMMONIUM;AGROHAO COMPANY LTD.;CHINA;0.1%;20,000.00;LITROS; $36,000.00 ; Q275,847.84 ;7.66244;Agrequima; Q1,241.32 ;;;;;
RDON-REVAI-12052-08.pdf;D469F54D;3144699878;MATERIA TÉCNICA HERBICIDA;3144699878;26/01/2026;BAYER, SOCIEDAD ANONIMA;GLYPHOSATE TECHNICAL;GLYPHOSATETC, GLYPHOSATETK;BAYER CROPSCIENCE LP;ESTADOS UNIDOS DE AMERICA;0.1%;40,000.00;KILOGRAMOS; $130,806.39 ; Q1,003,026.01 ;7.66802;Agrequima; Q4,513.62 ;;;;;
RDON-REVAI-12071-10.pdf;B4F3BAB6;1688422090;HERBICIDA;1688422090;28/01/2026;AGROFORTRESS, SOCIEDAD ANONIMA;HALOFOR 75 WG;HALOSULFURON-METHYL;TAHUAL AGRICOLA, S.A.;CHINA;0.1%;450.00;KILOGRAMOS; $28,413.00 ; Q217,760.64 ;7.66412;Agrequima; Q979.92 ;;;;;
RDON-REVAI-11917-36.pdf;4255CD4E;3988144955;FUNGICIDA;3988144955;7/01/2026;AGROFORTRESS, SOCIEDAD ANONIMA;VERTIGO 32.5 SC;Azoxystrobin, Difenoconazole;TAHUAL AGRICOLA, S.A.;CHINA;0.1%;600.00;LITROS; $6,426.00 ; Q49,238.84 ;7.66244;Agrequima; Q221.57 ;;;;;
RDON-REVAI-11914-36.pdf;EB35CCF5;2135048451;HERBICIDA;2135048451;7/01/2026;AGROFORTRESS, SOCIEDAD ANONIMA;TERBUTRINA 50 SC;Terbutryn;TAHUAL AGRICOLA, S.A.;CHINA;0.1%;6,000.00;LITROS; $23,580.00 ; Q180,680.34 ;7.66244;Agrequima; Q813.06 ;;;;;
RDON-REVAI-11930-25.pdf;EF596F47;2422885643;MATERIA TÉCNICA FUNGICIDA;2422885643;9/01/2026;BAYER, SOCIEDAD ANONIMA;PROPAMOCARB HYDROCHLORIDE TECNICO;PROPAMOCARBHYDROCLORIDE;BAYER AG;ALEMANIA;0.1%;73,394.50;LITROS; $1,425,600.00 ; Q10,928,236.18 ;7.66571;Agrequima; Q49,177.06 ;;;;;
RDON-REVAI-11929-26.pdf;4731C714;2342864186;INSECTICIDA;2342864186;9/01/2026;PROMOCIONES AGRICOLAS INDUSTRIALES Y COMERCIALES SOCIEDAD ANONIMA;SPINTOR GREEN  24 SC;Spinosad;AGRO TRADING CORPORATION, S.A.;ESTADOS UNIDOS DE AMERICA;0.1%;180.00;LITROS; $36,924.95 ; Q283,068.14 ;7.66604;Agrequima; Q1,273.81 ;;;;;
RDON-REVAI-11937-26.pdf;531F2048;2023049301;HERBICIDA;2023049301;9/01/2026;AGROFORTRESS, SOCIEDAD ANONIMA;2,4-D 72 SL;2,4-D;TAHUAL AGRICOLA, S.A.;CHINA;0.1%;16,000.00;LITROS; $39,520.00 ; Q302,961.90 ;7.66604;Agrequima; Q1,363.33 ;;;;;
RDON-REVAI-11950-50.pdf;77D887B0;610354388;HERBICIDA;610354388;14/01/2026;NEGOCIOS RELACIONADOS, SOCIEDAD ANONIMA;HEDOMINA 72 SL;2,4-D;BESTENFELDEN PANAMÁ S.A.;CHINA;0.1%;1,800.00;LITROS; $4,860.00 ; Q37,252.82 ;7.66519;Agrequima; Q167.64 ;;;;;
RDON-REVAI-11992-34.pdf;B65DBE34;2295679643;HERBICIDA;2295679643;20/01/2026;BAYER, SOCIEDAD ANONIMA;Sencor 48 SC;METRIBUZIN;BAYER AG;ESTADOS UNIDOS DE AMERICA;0.1%;1,000.00;LITROS; $13,970.00 ; Q107,039.54 ;7.6621;Agrequima; Q481.68 ;;;;;
RDON-REVAI-12019-41.pdf;7F0F55A6;1371096746;FUNGICIDA;1371096746;23/01/2026;AGROFORTRESS, SOCIEDAD ANONIMA;DUELO 40 WP;Myclobutanil;TAHUAL AGRICOLA, S.A.;CHINA;0.1%;119.00;KILOGRAMOS; $2,152.71 ; Q16,507.56 ;7.66827;Agrequima; Q74.28 ;;;;;
RDON-REVAI-12072-10.pdf;A282227F;2482981471;HERBICIDA;2482981471;28/01/2026;AGROFORTRESS, SOCIEDAD ANONIMA;FORZA 60 WP;Metsulfuron-Methyl;TAHUAL AGRICOLA, S.A.;CHINA;0.1%;3,000.00;KILOGRAMOS; $36,660.00 ; Q280,966.64 ;7.66412;Agrequima; Q1,264.35 ;;;;;
RDON-REVAI-12079-11.pdf;05A8926B;1061440889;INSECTICIDA;1061440889;28/01/2026;AGROFORTRESS, SOCIEDAD ANONIMA;CARDINAL  24  SC;Chlorfenapyr;TAHUAL AGRICOLA, S.A.;CHINA;0.1%;4,200.00;LITROS; $104,762.00 ; Q802,908.54 ;7.66412;Agrequima; Q3,613.09 ;;;;;
RDON-REVAI-11912-36.pdf;D9AE694B;119554259;REGULADOR DE CRECIMIENTO;119554259;7/01/2026;AGROFORTRESS, SOCIEDAD ANONIMA;ZUCKER 25  EC;Trinexapac-Ethyl;TAHUAL AGRICOLA, S.A.;CHINA;0.1%;3,000.00;LITROS; $38,580.00 ; Q295,616.94 ;7.66244;Agrequima; Q1,330.28 ;;;;;
RDON-REVAI-11942-29.pdf;CD98FC21;18735;INSECTICIDA;18735;13/01/2026;AGROFORTRESS, SOCIEDAD ANONIMA;FLUBENDIAMIDE TECNICO;Flubendiamide;TAHUAL AGRICOLA, S.A.;CHINA;0.1%;50.00;KILOGRAMOS; $8,768.00 ; Q67,190.50 ;7.66315;Agrequima; Q302.36 ;;;;;
RDON-REVAI-11955-40.pdf;25BDC711;3052882364;MATERIA TÉCNICA HERBICIDA;3052882364;15/01/2026;BAYER, SOCIEDAD ANONIMA;GLYPHOSATE TECHNICAL;GLYPHOSATETC, GLYPHOSATETK;BAYER CROPSCIENCE LP;ESTADOS UNIDOS DE AMERICA;0.1%;200,000.00;KILOGRAMOS; $654,031.95 ; Q5,013,593.10 ;7.66567;Agrequima; Q22,561.17 ;;;;;
RDON-REVAI-11981-26.pdf;B738EB87;2053391355;HERBICIDA;2053391355;19/01/2026;AGROFORTRESS, SOCIEDAD ANONIMA;MSMA 72 SL;MONOSODIUMMETHYLARSONATE;TAHUAL AGRICOLA, S.A.;MALASIA;0.1%;9,500.00;LITROS; $40,470.00 ; Q310,085.19 ;7.6621;Agrequima; Q1,395.38 ;;;;;
RDON-REVAI-11982-26.pdf;2964837B;121195647;FUNGICIDA;121195647;19/01/2026;AGROFORTRESS, SOCIEDAD ANONIMA;CLOROTALONIL 72 SC;Chlorothalonil;TAHUAL AGRICOLA, S.A.;CHINA;0.1%;8,316.00;LITROS; $42,910.56 ; Q328,785.00 ;7.6621;Agrequima; Q1,479.53 ;;;;;
RDON-REVAI-11990-39.pdf;F50F8697;4067771710;HERBICIDA;4067771710;20/01/2026;BAYER, SOCIEDAD ANONIMA;Sencor 48 SC;METRIBUZIN;BAYER AG;ESTADOS UNIDOS DE AMERICA;0.1%;6,000.00;LITROS; $83,820.00 ; Q642,237.22 ;7.6621;Agrequima; Q2,890.07 ;;;;;
RDON-REVAI-12017-39.pdf;72EDFC4A;4086907666;HERBICIDA;4086907666;23/01/2026;AGROFORTRESS, SOCIEDAD ANONIMA;CAMPEON 48 EC;Clomazone;TAHUAL AGRICOLA, S.A.;CHINA;0.1%;1,500.00;LITROS; $10,275.00 ; Q78,791.47 ;7.66827;Agrequima; Q354.56 ;;;;;
RDON-REVAI-12024-10.pdf;BF99391E;1784168735;FUNGICIDA;1784168735;23/01/2026;AGROFORTRESS, SOCIEDAD ANONIMA;DUELO 40 WP;Myclobutanil;TAHUAL AGRICOLA, S.A.;CHINA;0.1%;350.00;KILOGRAMOS; $4,861.50 ; Q37,279.29 ;7.66827;Agrequima; Q167.76 ;;;;;
RDON-REVAI-11993-44.pdf;BB691FED;2915845751;HERBICIDA;2915845751;21/01/2026;NEGOCIOS RELACIONADOS, SOCIEDAD ANONIMA;HEDOMINA 72 SL;2,4-D;BESTENFELDEN PANAMÁ S.A.;CHINA;0.1%;1,806.00;LITROS; $5,038.74 ; Q38,638.42 ;7.66827;Agrequima; Q173.87 ;;;;;
RDON-REVAI-11998-29.pdf;C41B472D;1296384881;MATERIA TÉCNICA INSECTICIDA;1296384881;21/01/2026;BAYER, SOCIEDAD ANONIMA;FLUPYRADIFURONE TECNICO;FLUPYRADIFURONE;BAYER AG;ALEMANIA;0.1%;1,500.00;KILOGRAMOS; $258,195.00 ; Q1,979,908.97 ;7.66827;Agrequima; Q8,909.59 ;;;;;
RDON-REVAI-12037-18.pdf;DEB8B99D;3673313084;FUNGICIDA;3673313084;23/01/2026;BASF DE GUATEMALA  SOCIEDAD ANONIMA;LONSELOR 30 SC;Fluxapyroxad;BASF DE COSTA RICA, S.A.;ESPAÑA;0.1%;420.00;LITROS; $14,569.80 ; Q111,721.52 ;7.66802;Agrequima; Q502.75 ;;;;;
RDON-REVAI-11945-28.pdf;DF7C8C2F;3939452278;HERBICIDA;3939452278;13/01/2026;AGROFORTRESS, SOCIEDAD ANONIMA;HALOFOR 75 WG;HALOSULFURON-METHYL;TAHUAL AGRICOLA, S.A.;CHINA;0.1%;1,500.00;KILOGRAMOS; $86,925.00 ; Q666,119.31 ;7.66315;Agrequima; Q2,997.54 ;;;;;
RDON-REVAI-11951-52.pdf;0D1A252C;2929412194;HERBICIDA;2929412194;14/01/2026;NEGOCIOS RELACIONADOS, SOCIEDAD ANONIMA;HEDOMINA 72 SL;2,4-D;BESTENFELDEN PANAMÁ S.A.;CHINA;0.1%;3,010.00;LITROS; $8,397.90 ; Q65,294.39 ;7.66519;Agrequima; Q293.82 ;;;;;
RDON-REVAI-11983-26.pdf;0CA219DA;2605532195;FUNGICIDA;2605532195;19/01/2026;AGROFORTRESS, SOCIEDAD ANONIMA;AZOXISTROBIN  TECNICO;Azoxystrobin;TAHUAL AGRICOLA, S.A.;CHINA;0.1%;750.00;KILOGRAMOS; $18,825.00 ; Q144,239.03 ;7.6621;Agrequima; Q649.08 ;;;;;
RDON-REVAI-12029-16.pdf;808D6E2D;4080288311;HERBICIDA;4080288311;23/01/2026;AGROFORTRESS, SOCIEDAD ANONIMA;ATAJO 15 SL;GLUFOSINATE-P;TAHUAL AGRICOLA, S.A.;CHINA;0.1%;960.00;LITROS; $2,928.00 ; Q22,451.96 ;7.66802;Agrequima; Q101.03 ;;;;;
RDON-REVAI-12085-10.pdf;ED08C985;1309822948;HERBICIDA;1309822948;28/01/2026;AGROFORTRESS, SOCIEDAD ANONIMA;ATAJO 15 SL;GLUFOSINATE-P;TAHUAL AGRICOLA, S.A.;CHINA;0.1%;6,000.00;LITROS; $18,420.00 ; Q141,173.09 ;7.66412;Agrequima; Q635.28 ;;;;;
RDON-REVAI-12087-42.pdf;A427B9E7;135480943;FUNGICIDA;135480943;28/01/2026;AGROFORTRESS, SOCIEDAD ANONIMA;AVALANCHA  50  SC;Boscalid;TAHUAL AGRICOLA, S.A.;CHINA;0.1%;200.00;LITROS; $6,702.00 ; Q51,364.93 ;7.66412;Agrequima; Q231.14 ;;;;;
RDON-REVAI-11944-25.pdf;97007B78;3005105399;HERBICIDA;3005105399;13/01/2026;AGROFORTRESS, SOCIEDAD ANONIMA;PARAQUAT  20 SL;Paraquat;TAHUAL AGRICOLA, S.A.;CHINA;0.1%;1,000.00;LITROS; $2,360.00 ; Q18,085.03 ;7.66315;Agrequima; Q81.38 ;;;;;
RDON-REVAI-12016-39.pdf;12BC3CB8;2242724317;FUNGICIDA;2242724317;23/01/2026;AGROFORTRESS, SOCIEDAD ANONIMA;PROPAMOCARB  72.2  SL;Propamocarb;TAHUAL AGRICOLA, S.A.;CHINA;0.1%;400.00;LITROS; $1,652.00 ; Q12,667.98 ;7.66827;Agrequima; Q57.01 ;;;;;
RDON-REVAI-12039-16.pdf;CC98E22A;172838002;FUNGICIDA;172838002;23/01/2026;BASF DE GUATEMALA  SOCIEDAD ANONIMA;ZAMPRO DM 52.5 SC;Ametoctradin, Dimethomorph;BASF DE COSTA RICA, S.A.;ESPAÑA;0.1%;180.00;LITROS; $8,641.80 ; Q66,265.50 ;7.66802;Agrequima; Q298.19 ;;;;;
RDON-REVAI-12078-11.pdf;5C7B6682;2660912147;FUNGICIDA;2660912147;28/01/2026;AGROFORTRESS, SOCIEDAD ANONIMA;Difenoconazole Tecnico;Difenoconazole;TAHUAL AGRICOLA, S.A.;CHINA;0.1%;1,000.00;KILOGRAMOS; $23,230.00 ; Q178,037.51 ;7.66412;Agrequima; Q801.17 ;;;;;
RDON-REVAI-12081-11.pdf;035B05B4;3549122428;INSECTICIDA;3549122428;28/01/2026;AGROFORTRESS, SOCIEDAD ANONIMA;K-ÑON 40 SC;Flubendiamide;TAHUAL AGRICOLA, S.A.;CHINA;0.1%;200.00;LITROS; $18,144.00 ; Q139,057.79 ;7.66412;Agrequima; Q625.76 ;;;;;
RDON-REVAI-12093-44.pdf;32EAB9BB;2234929072;FUNGICIDA;2234929072;28/01/2026;AGROFORTRESS, SOCIEDAD ANONIMA;LUXAZIM 50 SC;Carbendazim;TAHUAL AGRICOLA, S.A.;CHINA;0.1%;6,400.00;LITROS; $23,106.00 ; Q177,087.16 ;7.66412;Agrequima; Q796.89 ;;;;;
RDON-REVAI-11935-27.pdf;3E1A2463;2847297132;HERBICIDA;2847297132;9/01/2026;AGROFORTRESS, SOCIEDAD ANONIMA;2,4-D 72 SL;2,4-D;TAHUAL AGRICOLA, S.A.;CHINA;0.1%;16,000.00;LITROS; $39,520.00 ; Q302,961.90 ;7.66604;Agrequima; Q1,363.33 ;;;;;
RDON-REVAI-11936-29.pdf;BC1076E1;3931522076;HERBICIDA;3931522076;9/01/2026;AGROFORTRESS, SOCIEDAD ANONIMA;2,4-D 72 SL;2,4-D;TAHUAL AGRICOLA, S.A.;CHINA;0.1%;16,000.00;LITROS; $39,520.00 ; Q302,961.90 ;7.66604;Agrequima; Q1,363.33 ;;;;;
RDON-REVAI-11948-27.pdf;82551CAA;116539951;FUNGICIDA;116539951;13/01/2026;AGROFORTRESS, SOCIEDAD ANONIMA;FORZATE 72 WP;Cymoxanil, Mancozeb;TAHUAL AGRICOLA, S.A.;CHINA;0.1%;1,800.00;KILOGRAMOS; $9,198.00 ; Q70,485.65 ;7.66315;Agrequima; Q317.19 ;;;;;
RDON-REVAI-11952-08.pdf;DA6EDDED;3834462547;FUNGICIDA, ACARICIDA;3834462547;15/01/2026;TECNICA UNIVERSAL SOCIEDAD ANONIMA;COSAVET DF  80 WG;SULPHUR;SML LIMITED;INDIA;0.1%;19,000.00;KILOGRAMOS; $30,780.00 ; Q235,934.55 ;7.66519;Agrequima; Q1,061.71 ;;;;;
RDON-REVAI-11956-11.pdf;9267B284;1172653577;MATERIA TÉCNICA INSECTICIDA;1172653577;15/01/2026;BAYER, SOCIEDAD ANONIMA;IMIDACLOPRID TECNICO;IMIDACLOPRID;BAYER AG;ALEMANIA;0.1%;1,500.00;KILOGRAMOS; $127,800.00 ; Q979,672.63 ;7.66567;Agrequima; Q4,408.53 ;;;;;
RDON-REVAI-12018-39.pdf;BBC8EDB9;3672001534;INSECTICIDA;3672001534;23/01/2026;AGROFORTRESS, SOCIEDAD ANONIMA;DIAZINON TÉCNICO;Diazinon;TAHUAL AGRICOLA, S.A.;CHINA;0.1%;4,175.00;LITROS; $35,278.75 ; Q270,526.98 ;7.66827;Agrequima; Q1,217.37 ;;;;;
RDON-REVAI-11975-53.pdf;4CBC3077;238896733;FUNGICIDA;238896733;19/01/2026;MAXIAGRO, SOCIEDAD ANONIMA;Clomax Duo 69 WP;Dimetomorf, Mancozeb;ZELLAG;CHINA;0.1%;1,503.00;KILOGRAMOS; $16,232.40 ; Q124,374.27 ;7.6621;Agrequima; Q559.68 ;;;;;
RDON-REVAI-11938-29.pdf;6FEC47BC;3003598141;INSECTICIDA;3003598141;12/01/2026;PROMOCIONES AGRICOLAS INDUSTRIALES Y COMERCIALES SOCIEDAD ANONIMA;FIDATO  40 WG;Spinetoram, Sulfoxaflor;AGRO TRADING CORPORATION, S.A.;ESTADOS UNIDOS DE AMERICA;0.1%;180.00;KILOGRAMOS; $34,187.83 ; Q262,020.66 ;7.66415;Agrequima; Q1,179.09 ;;;;;
RDON-REVAI-11946-26.pdf;EC3AB1DA;892158908;HERBICIDA;892158908;13/01/2026;AGROFORTRESS, SOCIEDAD ANONIMA;FORASTERO 35.6 SL;GLYPHOSATE;TAHUAL AGRICOLA, S.A.;CHINA;0.1%;10,400.00;LITROS; $10,400.00 ; Q79,696.76 ;7.66315;Agrequima; Q358.64 ;;;;;
RDON-REVAI-11947-30.pdf;4B6C8DC5;1710837409;MATERIA TÉCNICA INSECTICIDA;1710837409;13/01/2026;AGROFORTRESS, SOCIEDAD ANONIMA;CLORPIRIFOS  TECNICO;Chlorpyrifos;TAHUAL AGRICOLA, S.A.;CHINA;0.1%;3,500.00;KILOGRAMOS; $22,050.00 ; Q168,972.46 ;7.66315;Agrequima; Q760.38 ;;;;;
RDON-REVAI-11949-47.pdf;266283FB;584140581;HERBICIDA;584140581;14/01/2026;ARYSTA LIFESCIENCE DE GUATEMALA, SOCIEDAD ANONIMA;FIST  45.6  CS;Pendimethalin;UPL MAURITIUS LIMITED;INDIA;0.1%;36,000.00;LITROS; $115,560.00 ; Q885,789.36 ;7.66519;Agrequima; Q3,986.05 ;;;;;
RDON-REVAI-11989-15.pdf;11B464C8;1761952673;HERBICIDA;1761952673;20/01/2026;NEGOCIOS RELACIONADOS, SOCIEDAD ANONIMA;HEDOMINA 72 SL;2,4-D;BESTENFELDEN PANAMÁ S.A.;CHINA;0.1%;8,604.00;LITROS; $23,230.80 ; Q178,068.50 ;7.66519;Agrequima; Q801.31 ;;;;;
RDON-REVAI-11985-26.pdf;71D45654;3418900712;MATERIA PRIMA INSECTICIDAS-NEMATICIDAS;3418900712;19/01/2026;AGROFORTRESS, SOCIEDAD ANONIMA;TERBUFOS TECNICO;Terbufos;TAHUAL AGRICOLA, S.A.;INDIA;0.1%;6,810.00;KILOGRAMOS; $51,006.90 ; Q390,819.97 ;7.6621;Agrequima; Q1,758.69 ;;;;;
RDON-REVAI-12021-10.pdf;C54FCFAD;3237171081;REGULADOR DE CRECIMIENTO;3237171081;23/01/2026;AGROFORTRESS, SOCIEDAD ANONIMA;ETHEPHON / OPTILUX 48 SL;Ethephon;TAHUAL AGRICOLA, S.A.;CHINA;0.1%;9,180.00;LITROS; $26,071.20 ; Q199,921.00 ;7.66827;Agrequima; Q899.64 ;;;;;
RDON-REVAI-11997-27.pdf;54FE279D;3119595873;MATERIA TÉCNICA INSECTICIDA;3119595873;21/01/2026;BAYER, SOCIEDAD ANONIMA;BETACIFLUTRINA TÉCNICA;BETA-CYFLUTHRIN;BAYER AG;INDIA;0.1%;900.00;KILOGRAMOS; $84,154.11 ; Q645,316.44 ;7.66827;Agrequima; Q2,903.92 ;;;;;
RDON-REVAI-12028-14.pdf;E4245E98;3271116413;FUNGICIDA;3271116413;23/01/2026;AGROFORTRESS, SOCIEDAD ANONIMA;FORAL  80 WG;FosetylAluminium;TAHUAL AGRICOLA, S.A.;CHINA;0.1%;1,800.00;KILOGRAMOS; $8,640.00 ; Q66,251.00 ;7.66794;Agrequima; Q298.13 ;;;;;
RDON-REVAI-11943-25.pdf;2475F2F1;1528187571;HERBICIDA;1528187571;13/01/2026;AGROFORTRESS, SOCIEDAD ANONIMA;PARAQUAT  20 SL;Paraquat;TAHUAL AGRICOLA, S.A.;CHINA;0.1%;4,800.00;LITROS; $10,224.00 ; Q78,348.05 ;7.66315;Agrequima; Q352.57 ;;;;;
RDON-REVAI-11954-39.pdf;57505180;2061781326;HERBICIDA;2061781326;15/01/2026;WESTRADE GUATEMALA SOCIEDAD ANONIMA;SANDEA / SEMPRA / PERMIT 75 WG;HALOSULFURONMETIL;DUWEST INC;ESTADOS UNIDOS DE AMERICA;0.1%;172.80;LITROS; $55,296.00 ; Q423,880.89 ;7.66567;Agrequima; Q1,907.46 ;;;;;
RDON-REVAI-11977-24.pdf;5DC5B9C7;439305798;MOLUSQUICIDA;439305798;19/01/2026;AGROFORTRESS, SOCIEDAD ANONIMA;MOLUX / FORSNAILS 6 GB;Metaldehyde;TAHUAL AGRICOLA, S.A.;CHINA;0.1%;8,300.00;KILOGRAMOS; $14,276.00 ; Q109,384.14 ;7.6621;Agrequima; Q492.23 ;;;;;
RDON-REVAI-11984-25.pdf;930FB24D;948455938;INSECTICIDA, ACARICIDA;948455938;19/01/2026;AGROFORTRESS, SOCIEDAD ANONIMA;BIFENTHRIN TECNICO;Bifenthrin;TAHUAL AGRICOLA, S.A.;CHINA;0.1%;525.00;KILOGRAMOS; $13,009.50 ; Q99,680.09 ;7.6621;Agrequima; Q448.56 ;;;;;
RDON-REVAI-11987-28.pdf;B44F0FF5;3010217599;FUNGICIDA;3010217599;19/01/2026;PROMOCIONES AGRICOLAS INDUSTRIALES Y COMERCIALES SOCIEDAD ANONIMA;TACHIGAREN  36  SL;HYMEXAZOL;AGRO TRADING CORPORATION, S.A.;JAPON;0.1%;1,000.00;LITROS; $43,944.00 ; Q336,703.32 ;7.6621;Agrequima; Q1,515.16 ;;;;;
RDON-REVAI-12020-10.pdf;338A8A73;1995983652;HERBICIDA;1995983652;23/01/2026;AGROFORTRESS, SOCIEDAD ANONIMA;SUPRESOR  70 WG;Imazapic;TAHUAL AGRICOLA, S.A.;CHINA;0.1%;75.00;KILOGRAMOS; $1,941.75 ; Q14,889.86 ;7.66827;Agrequima; Q67.00 ;;;;;
RDON-REVAI-12023-10.pdf;B77AF869;739001562;FUNGICIDA;739001562;23/01/2026;AGROFORTRESS, SOCIEDAD ANONIMA;PROPAMOCARB  72.2  SL;Propamocarb;TAHUAL AGRICOLA, S.A.;CHINA;0.1%;400.00;LITROS; $1,652.00 ; Q12,667.98 ;7.66827;Agrequima; Q57.01 ;;;;;
RDON-REVAI-12001-29.pdf;3ABA39E5;2319075686;MATERIA TECNICA PARA FOMULAR INSECTICIDA,ACARICIDA;2319075686;21/01/2026;BAYER, SOCIEDAD ANONIMA;Spiromesifen Tecnico;Spiromesifen;BAYER AG;ALEMANIA;0.1%;2,500.00;KILOGRAMOS; $484,875.00 ; Q3,718,152.42 ;7.66827;Agrequima; Q16,731.69 ;;;;;
RDON-REVAI-12003-27.pdf;046299A6;2149927335;FUNGICIDA;2149927335;22/01/2026;EL COLONO AGROPECUARIO, SOCIEDAD ANONIMA;BANAZEB 60 SC;MANCOZEB;DISTRIBUIDORA INQUISA S.A.;COSTA RICA;0.1%;18,000.00;LITROS; $72,000.00 ; Q552,091.68 ;7.66794;Agrequima; Q2,484.41 ;;;;;
RDON-REVAI-12013-49.pdf;5EC5725F;3243265598;HERBICIDA;3243265598;23/01/2026;NEGOCIOS RELACIONADOS, SOCIEDAD ANONIMA;GUERRERO 35.6  SL;Glifosato;TAHUAL AGRICOLA, S.A.;CHINA;0.1%;10,008.00;LITROS; $25,520.40 ; Q195,688.90 ;7.66794;Agrequima; Q880.60 ;;;;;
RDON-REVAI-12006-27.pdf;30FFFABE;2735556230;FUNGICIDA;2735556230;22/01/2026;EL COLONO AGROPECUARIO, SOCIEDAD ANONIMA;BANAZEB 43.5 SC;Mancozeb;DISTRIBUIDORA INQUISA S.A.;COSTA RICA;0.1%;3,240.00;LITROS; $8,748.00 ; Q67,079.14 ;7.66794;Agrequima; Q301.86 ;;;;;
RDON-REVAI-12005-59.pdf;3D683251;2429701357;FUNGICIDA;2429701357;22/01/2026;EL COLONO AGROPECUARIO, SOCIEDAD ANONIMA;BANAZEB 80 WP;Mancozeb;DISTRIBUIDORA INQUISA S.A.;COSTA RICA;0.1%;1,600.00;KILOGRAMOS; $7,728.00 ; Q59,257.84 ;7.66794;Agrequima; Q266.66 ;;;;;
RDON-REVAI-12004-27.pdf;3C3AD9CD;1392396794;FUNGICIDA, ACARICIDA;1392396794;22/01/2026;EL COLONO AGROPECUARIO, SOCIEDAD ANONIMA;BANAZUF 72 SC;Sulphur;DISTRIBUIDORA INQUISA S.A.;COSTA RICA;0.1%;9,272.00;LITROS; $19,934.80 ; Q152,858.85 ;7.66794;Agrequima; Q687.86 ;;;;;
RDON-REVAI-12014-27.pdf;ED5F7548;1444825976;INSECTICIDA;1444825976;23/01/2026;ADAMA GUATEMALA, SOCIEDAD ANONIMA;PYRINEX 48 EC;CHLORPYRIFOS;ADAMA CROP SOLUTIONS ACC, S.A;ISRAEL;0.1%;10,560.00;LITROS; $50,160.00 ; Q384,623.87 ;7.66794;Agrequima; Q1,730.81 ;;;;;
RDON-REVAI-12033-17.pdf;86EE555B;1303006166;FUNGICIDA;1303006166;23/01/2026;AGROFORTRESS, SOCIEDAD ANONIMA;LUXAZIM 50 SC;Carbendazim;TAHUAL AGRICOLA, S.A.;CHINA;0.1%;5,000.00;LITROS; $17,814.00 ; Q136,598.11 ;7.66802;Agrequima; Q614.69 ;;;;;
RDON-REVAI-12009-45.pdf;29AB250C;602360053;FUNGICIDA;602360053;23/01/2026;DUWEST GUATEMALA SOCIEDAD ANONIMA;ZORVEC  ENCANTIA 33 SE;Famoxadone, Oxathiapiprolin;DUWEST INC;ESTADOS UNIDOS DE AMERICA;0.1%;499.20;LITROS; $63,215.80 ; Q484,740.02 ;7.66802;Agrequima; Q2,181.33 ;;;;;
RDON-REVAI-12034-15.pdf;6BECDFE1;3312012296;INSECTICIDA;3312012296;23/01/2026;AGROFORTRESS, SOCIEDAD ANONIMA;CLOTIANIDIN TECNICO;Clothianidin;TAHUAL AGRICOLA, S.A.;CHINA;0.1%;68.00;KILOGRAMOS; $1,265.48 ; Q9,703.73 ;7.66802;Agrequima; Q43.67 ;;;;;
RDON-REVAI-12015-08.pdf;736A7BBB;2822259347;INSECTICIDA;2822259347;23/01/2026;PROMOCIONES AGRICOLAS INDUSTRIALES Y COMERCIALES SOCIEDAD ANONIMA;VILLANO 4.6 EC;ACETAMIPRID, LAMBDA-CYHALOTHRIN;AGRO TRADING CORPORATION, S.A.;INDIA;0.1%;3,000.00;LITROS; $9,577.88 ; Q73,443.38 ;7.66802;Agrequima; Q330.50 ;;;;;
RDON-REVAI-11999-28.pdf;46292EE1;3729803838;MATERIA TÉCNICA INSECTICIDA;3729803838;21/01/2026;BAYER, SOCIEDAD ANONIMA;DELTAMETRINA TECNICA;DELTAMETRINA;BAYER AG;INDIA;0.1%;1,500.00;KILOGRAMOS; $336,016.32 ; Q2,576,663.87 ;7.66827;Agrequima; Q11,594.99 ;;;;;
RDON-REVAI-12002-30.pdf;4C3BD02C;4150151205;MATERIA TÉCNICA FUNGICIDA;4150151205;21/01/2026;BAYER, SOCIEDAD ANONIMA;SPIROXAMINE TECNICO;Spiroxamine;BAYER AG;ALEMANIA;0.1%;18,000.00;LITROS; $155,179.80 ; Q1,189,960.60 ;7.66827;Agrequima; Q5,354.82 ;;;;;
RDON-REVAI-12007-09.pdf;F461AAE5;60506937;FUNGICIDA;60506937;23/01/2026;DUWEST GUATEMALA SOCIEDAD ANONIMA;CURZATE M 72 WP;Cymoxanil, Mancozeb;DUWEST INC;COLOMBIA;0.1%;14,000.00;KILOGRAMOS; $184,100.00 ; Q1,411,682.48 ;7.66802;Agrequima; Q6,352.57 ;;;;;
RDON-REVAI-12030-16.pdf;60095000;1720928534;FUNGICIDA;1720928534;23/01/2026;AGROFORTRESS, SOCIEDAD ANONIMA;CLOROTALONIL 72 SC;Chlorothalonil;TAHUAL AGRICOLA, S.A.;CHINA;0.1%;2,004.00;LITROS; $8,617.20 ; Q66,076.86 ;7.66802;Agrequima; Q297.35 ;;;;;
RDON-REVAI-12050-27.pdf;213C24AB;105530016;HERBICIDA;105530016;26/01/2026;BARILLAS,GALVEZ,,MANUEL,ANTONIO;HENGSTIER  16 SL;2,4-D, Picloram;AGROQUIMICA INDUSTRIAL RIMAC, S.A.;COSTA RICA;0.1%;640.00;LITROS; $1,664.00 ; Q12,753.10 ;7.66412;Agrequima; Q57.39 ;;;;;
RDON-REVAI-12049-56.pdf;40253021;163334289;HERBICIDA;163334289;26/01/2026;BARILLAS,GALVEZ,,MANUEL,ANTONIO;TIGERBULL   48  SL;Mcpa, Picloram, Triclopyr;AGROQUIMICA INDUSTRIAL RIMAC, S.A.;COSTA RICA;0.1%;1,280.00;LITROS; $11,520.00 ; Q88,290.66 ;7.66412;Agrequima; Q397.31 ;;;;;
RDON-REVAI-12048-25.pdf;44AA97D5;3271314242;HERBICIDA;3271314242;26/01/2026;BARILLAS,GALVEZ,,MANUEL,ANTONIO;BULLGRASS  30.4  SL;2,4-D, Picloram;AGROQUIMICA INDUSTRIAL RIMAC, S.A.;COSTA RICA;0.1%;900.00;LITROS; $3,420.00 ; Q26,211.29 ;7.66412;Agrequima; Q117.95 ;;;;;
RDON-REVAI-12047-55.pdf;CA0630C2;677858192;HERBICIDA;677858192;26/01/2026;BARILLAS,GALVEZ,,MANUEL,ANTONIO;SELLADOR 24  EC;Oxyfluorfen;AGROQUIMICA INDUSTRIAL RIMAC, S.A.;COSTA RICA;0.1%;48.00;LITROS; $540.00 ; Q4,138.62 ;7.66412;Agrequima; Q18.62 ;;;;;
RDON-REVAI-12046-26.pdf;23C88143;1452166019;HERBICIDA;1452166019;26/01/2026;BARILLAS,GALVEZ,,MANUEL,ANTONIO;FANTASMA 12.5 EC;Fluazifop-P-Butyl;AGROQUIMICA INDUSTRIAL RIMAC, S.A.;COSTA RICA;0.1%;1,920.00;LITROS; $18,240.00 ; Q139,793.55 ;7.66412;Agrequima; Q629.07 ;;;;;
RDON-REVAI-12045-55.pdf;81014CF5;1743602826;HERBICIDA;1743602826;26/01/2026;BARILLAS,GALVEZ,,MANUEL,ANTONIO;RIMAXATO 75 WG;Glifosato;AGROQUIMICA INDUSTRIAL RIMAC, S.A.;COSTA RICA;0.1%;700.00;KILOGRAMOS; $4,900.00 ; Q37,554.19 ;7.66412;Agrequima; Q168.99 ;;;;;
RDON-REVAI-12053-42.pdf;965F5035;870860269;FUNGICIDA;870860269;26/01/2026;INVERSIONES COMERCIALES E INDUSTRIALES, SOCIEDAD ANONIMA;SPROUTEX  38  WG;Boscalid, Piraclostrobin;AGROHAO COMPANY LIMITED;CHINA;0.1%;2,000.00;KILOGRAMOS; $60,000.00 ; Q460,081.20 ;7.66802;Agrequima; Q2,070.37 ;;;;;
RDON-REVAI-12100-25.pdf;EF78BB93;2989966850;FUNGICIDA;2989966850;28/01/2026;PRODUCTOS INTERNACIONALES S A;PROPAMOCARB HIDLORORURO 72.2 SL;PROPAMOCARBHIDROCLORURO;AGROHAO COMPANY LIMITED;CHINA;0.1%;6,000.00;LITROS; $48,900.00 ; Q374,966.18 ;7.66802;Agrequima; Q1,687.35 ;;;;;
RDON-REVAI-12080-10.pdf;821C4A2E;76500712;INSECTICIDA;76500712;28/01/2026;AGROFORTRESS, SOCIEDAD ANONIMA;RUBRIC 24 SC;Spiromesifen;TAHUAL AGRICOLA, S.A.;CHINA;0.1%;1,000.00;LITROS; $31,000.00 ; Q237,587.72 ;7.66412;Agrequima; Q1,069.14 ;;;;;
RDON-REVAI-11979-24.pdf;3F818B78;3252109536;HERBICIDA;3252109536;19/01/2026;AGROFORTRESS, SOCIEDAD ANONIMA;FORZA 60 WP;Metsulfuron-Methyl;TAHUAL AGRICOLA, S.A.;CHINA;0.1%;1,020.00;KILOGRAMOS; $13,453.80 ; Q103,084.36 ;7.6621;Agrequima; Q463.88 ;;;;;
RDON-REVAI-11994-44.pdf;EDAEC410;518867092;HERBICIDA;518867092;21/01/2026;NEGOCIOS RELACIONADOS, SOCIEDAD ANONIMA;HEDOMINA 72 SL;2,4-D;BESTENFELDEN PANAMÁ S.A.;CHINA;0.1%;5,400.00;LITROS; $14,508.00 ; Q111,251.26 ;7.66827;Agrequima; Q500.63 ;;;;;
RDON-REVAI-12044-26.pdf;A1998797;2139638479;HERBICIDA;2139638479;26/01/2026;BARILLAS,GALVEZ,,MANUEL,ANTONIO;RIMAXATO 35.6 SL;Glifosato;AGROQUIMICA INDUSTRIAL RIMAC, S.A.;COSTA RICA;0.1%;300.00;LITROS; $930.00 ; Q7,127.63 ;7.66412;Agrequima; Q32.07 ;;;;;
RDON-REVAI-12043-55.pdf;446FCC4F;1235832083;INSECTICIDA;1235832083;26/01/2026;BARILLAS,GALVEZ,,MANUEL,ANTONIO;RIMAC CIPERMETRINA 25 EC;Cipermetrina;AGROQUIMICA INDUSTRIAL RIMAC, S.A.;COSTA RICA;0.1%;872.00;LITROS; $5,134.40 ; Q39,350.66 ;7.66412;Agrequima; Q177.08 ;;;;;
RDON-REVAI-12042-25.pdf;5EC4032F;570836249;INSECTICIDA;570836249;26/01/2026;BARILLAS,GALVEZ,,MANUEL,ANTONIO;RIMPIRIFOS  48  EC;Clorpirifos;AGROQUIMICA INDUSTRIAL RIMAC, S.A.;COSTA RICA;0.1%;6,628.00;LITROS; $33,936.00 ; Q260,089.58 ;7.66412;Agrequima; Q1,170.40 ;;;;;
RDON-REVAI-12041-56.pdf;59FB7C88;4253830213;INSECTICIDA, NEMATICIDA;4253830213;26/01/2026;BARILLAS,GALVEZ,,MANUEL,ANTONIO;GREEN GO OXAMIL 10 GR;Oxamyl;AGROQUIMICA INDUSTRIAL RIMAC, S.A.;COSTA RICA;0.1%;750.00;KILOGRAMOS; $2,640.00 ; Q20,233.28 ;7.66412;Agrequima; Q91.05 ;;;;;
RDON-REVAI-12074-10.pdf;BC363F6D;1567637737;INSECTICIDA;1567637737;28/01/2026;AGROFORTRESS, SOCIEDAD ANONIMA;DIMETOATO / PREVIENE 40 EC;DIMETHOATE;TAHUAL AGRICOLA, S.A.;CHINA;0.1%;3,000.00;LITROS; $12,960.00 ; Q99,327.00 ;7.66412;Agrequima; Q446.97 ;;;;;
RDON-REVAI-12089-13.pdf;C3F81D88;163598120;HERBICIDA;163598120;28/01/2026;AGROFORTRESS, SOCIEDAD ANONIMA;AMETRINA 50 SC;Ametryn;TAHUAL AGRICOLA, S.A.;CHINA;0.1%;16,000.00;LITROS; $49,920.00 ; Q382,592.87 ;7.66412;Agrequima; Q1,721.67 ;;;;;
RDON-REVAI-12090-12.pdf;0CAB4F86;1872381821;FUNGICIDA;1872381821;28/01/2026;AGROFORTRESS, SOCIEDAD ANONIMA;URGENTE 50 WG;Azoxystrobin;TAHUAL AGRICOLA, S.A.;CHINA;0.1%;1,000.00;KILOGRAMOS; $20,740.00 ; Q158,953.85 ;7.66412;Agrequima; Q715.29 ;;;;;
RDON-REVAI-12070-10.pdf;32AB94FF;3231467890;HERBICIDA;3231467890;28/01/2026;AGROFORTRESS, SOCIEDAD ANONIMA;DIURON 80 SC;Diuron;BESTENFELDEN CENTRO AMERICA, SOCIEDAD ANONIMA;MALASIA;0.1%;4,000.00;LITROS; $22,640.00 ; Q173,515.68 ;7.66412;Agrequima; Q780.82 ;;;;;
RDON-REVAI-12051-36.pdf;945D37B6;1167542597;INSECTICIDA;1167542597;26/01/2026;DUWEST GUATEMALA SOCIEDAD ANONIMA;MARSHAL 25 DS;Carbosulfan;DUWEST INC;ESTADOS UNIDOS DE AMERICA;0.1%;2,000.00;KILOGRAMOS; $59,000.00 ; Q452,183.08 ;7.66412;Agrequima; Q2,034.82 ;;;;;
RDON-REVAI-12059-35.pdf;040DD303;184699731;FUNGICIDA;184699731;28/01/2026;AGROFORTRESS, SOCIEDAD ANONIMA;FORAL  80 WG;FosetylAluminium;TAHUAL AGRICOLA, S.A.;CHINA;0.1%;1,000.00;KILOGRAMOS; $4,800.00 ; Q36,787.78 ;7.66412;Agrequima; Q165.55 ;;;;;
RDON-REVAI-12073-11.pdf;60B79376;2884845886;INSECTICIDA;2884845886;28/01/2026;AGROFORTRESS, SOCIEDAD ANONIMA;DIAZINON TÉCNICO;Diazinon;TAHUAL AGRICOLA, S.A.;CHINA;0.1%;20,000.00;LITROS; $163,600.00 ; Q1,253,850.03 ;7.66412;Agrequima; Q5,642.33 ;;;;;
RDON-REVAI-11897-12.pdf;E0A8FE64;474106771;HERBICIDA;474106771;6/01/2026;QUIMICOS AGRICOLAS INSECTROL SOCIEDAD ANONIMA;GLIFOSATO 36 SL;GLYPHOSATE;AGROHAO COMPANY LTD.;CHINA;0.1%;20,000.00;LITROS; $40,800.00 ; Q312,627.55 ;7.66244;Agrequima; Q1,406.82 ;;;;;
RDON-REVAI-11957-11.pdf;EAC4CF1E;2302821045;HERBICIDA;2302821045;15/01/2026;BAYER, SOCIEDAD ANONIMA;ALION 50 SC;INDAZIFLAM;BAYER AG;ALEMANIA;0.1%;7,920.00;LITROS; $693,712.80 ; Q5,317,773.40 ;7.66567;Agrequima; Q23,929.98 ;;;;;
RDON-REVAI-12058-35.pdf;A1F9B59E;3667675523;INSECTICIDA;3667675523;28/01/2026;AGROFORTRESS, SOCIEDAD ANONIMA;DEFIENDE 60 FS;Imidacloprid, Thiodicarb;TAHUAL AGRICOLA, S.A.;CHINA;0.1%;8,000.00;LITROS; $170,400.00 ; Q1,305,966.05 ;7.66412;Agrequima; Q5,876.85 ;;;;;
RDON-REVAI-12066-43.pdf;34444213;1188580831;FUNGICIDA;1188580831;28/01/2026;AGROFORTRESS, SOCIEDAD ANONIMA;TEBUCONAZOLE TECNICO 95 %.;Tebuconazole;TAHUAL AGRICOLA, S.A.;CHINA;0.1%;2,000.00;KILOGRAMOS; $17,520.00 ; Q134,275.38 ;7.66412;Agrequima; Q604.24 ;;;;;
RDON-REVAI-12067-41.pdf;D42F0B04;3166455195;FUNGICIDA;3166455195;28/01/2026;AGROFORTRESS, SOCIEDAD ANONIMA;FORAXIL 72 WP;Mancozeb, Metalaxyl;TAHUAL AGRICOLA, S.A.;CHINA;0.1%;1,000.00;KILOGRAMOS; $5,050.00 ; Q38,703.81 ;7.66412;Agrequima; Q174.17 ;;;;;
RDON-REVAI-12068-10.pdf;FFD7F125;3519040783;FUNGICIDA;3519040783;28/01/2026;AGROFORTRESS, SOCIEDAD ANONIMA;FORZATE 72 WP;Cymoxanil, Mancozeb;TAHUAL AGRICOLA, S.A.;CHINA;0.1%;3,000.00;KILOGRAMOS; $14,160.00 ; Q108,523.94 ;7.66412;Agrequima; Q488.36 ;;;;;
RDON-REVAI-12069-10.pdf;AC247022;1296778479;HERBICIDA;1296778479;28/01/2026;AGROFORTRESS, SOCIEDAD ANONIMA;FORZA 60 WP;Metsulfuron-Methyl;TAHUAL AGRICOLA, S.A.;CHINA;0.1%;1,000.00;KILOGRAMOS; $18,000.00 ; Q137,954.16 ;7.66412;Agrequima; Q620.79 ;;;;;
RDON-REVAI-12057-36.pdf;B9630D3E;2917418177;ACARICIDA / FUNGICIDA;2917418177;28/01/2026;AGROFORTRESS, SOCIEDAD ANONIMA;COSAN / AZUFRE 80 WG;Sulphur;TAHUAL AGRICOLA, S.A.;CHILE;0.1%;14,000.00;KILOGRAMOS; $22,400.00 ; Q171,676.29 ;7.66412;Agrequima; Q772.54 ;;;;;
RDON-REVAI-12065-35.pdf;05A483BE;1588677329;INSECTICIDA;1588677329;28/01/2026;AGROFORTRESS, SOCIEDAD ANONIMA;LUFENURON TÉCNICO;Lufenuron;TAHUAL AGRICOLA, S.A.;CHINA;0.1%;1,000.00;KILOGRAMOS; $24,840.00 ; Q190,376.74 ;7.66412;Agrequima; Q856.70 ;;;;;
RDON-REVAI-11974-24.pdf;9C21B879;2117028903;INSECTICIDA;2117028903;19/01/2026;MAXIAGRO, SOCIEDAD ANONIMA;SISTEMAX DUO 31.5 EC;DIMETHOATE, LAMBDA-CYHALOTHRIN;RAINBOW AGROSCIENCES (CENTRAL AMERICA) CO., LTD.;CHINA;0.1%;1,296.00;LITROS; $7,348.32 ; Q56,316.50 ;7.66386;Agrequima; Q253.42 ;;;;;
RDON-REVAI-11973-54.pdf;6C9E0284;182210105;INSECTICIDA, ACARICIDA;182210105;19/01/2026;MAXIAGRO, SOCIEDAD ANONIMA;ABAMECTIN  1.8 EC;Abamectin;RAINBOW AGROSCIENCES (CENTRAL AMERICA) CO., LTD.;CHINA;0.1%;1,008.00;LITROS; $14,565.60 ; Q111,628.72 ;7.66386;Agrequima; Q502.33 ;;;;;
RDON-REVAI-11972-24.pdf;49F77C17;1998933452;INSECTICIDA;1998933452;19/01/2026;MAXIAGRO, SOCIEDAD ANONIMA;TRATAMAX 35 FS;Thiodicarb;RAINBOW AGROSCIENCES (CENTRAL AMERICA) CO., LTD.;CHINA;0.1%;1,008.00;LITROS; $15,271.20 ; Q117,036.34 ;7.66386;Agrequima; Q526.66 ;;;;;
RDON-REVAI-11971-52.pdf;D6663D36;1182943265;INSECTICIDA;1182943265;19/01/2026;MAXIAGRO, SOCIEDAD ANONIMA;CONDAMAX 55  EC;Chlorpyrifos, Cypermethrin;RAINBOW AGROSCIENCES (CENTRAL AMERICA) CO., LTD.;CHINA;0.1%;2,520.00;LITROS; $17,136.00 ; Q131,327.90 ;7.66386;Agrequima; Q590.98 ;;;;;
RDON-REVAI-11970-23.pdf;DF822BDA;961236218;INSECTICIDA;961236218;19/01/2026;MAXIAGRO, SOCIEDAD ANONIMA;MAXFOS  48 EC;Chlorpyrifos;RAINBOW AGROSCIENCES (CENTRAL AMERICA) CO., LTD.;CHINA;0.1%;1,152.00;LITROS; $6,808.32 ; Q52,178.01 ;7.66386;Agrequima; Q234.80 ;;;;;
RDON-REVAI-11969-53.pdf;2661F9E5;1704873897;HERBICIDA;1704873897;19/01/2026;MAXIAGRO, SOCIEDAD ANONIMA;PENDIMAX  50 EC;Pendimethalin;RAINBOW AGROSCIENCES (CENTRAL AMERICA) CO., LTD.;CHINA;0.1%;1,512.00;LITROS; $9,147.60 ; Q70,105.93 ;7.66386;Agrequima; Q315.48 ;;;;;
RDON-REVAI-11968-24.pdf;F61FF44F;4106045812;FUNGICIDA;4106045812;19/01/2026;MAXIAGRO, SOCIEDAD ANONIMA;K-BROZIM 50 SC;Carbendazim;RAINBOW AGROSCIENCES (CENTRAL AMERICA) CO., LTD.;CHINA;0.1%;1,584.00;LITROS; $7,492.32 ; Q57,420.09 ;7.66386;Agrequima; Q258.39 ;;;;;
RDON-REVAI-11916-37.pdf;0CBC4529;934758169;HERBICIDA;934758169;7/01/2026;AGROFORTRESS, SOCIEDAD ANONIMA;MUNDATUS 96 EC;S-METHOLACHLOR;TAHUAL AGRICOLA, S.A.;CHINA;0.1%;800.00;LITROS; $5,144.00 ; Q39,415.59 ;7.66244;Agrequima; Q177.37 ;;;;;
RDON-REVAI-11967-53.pdf;A4200B7E;3565046567;HERBICIDA;3565046567;19/01/2026;MAXIAGRO, SOCIEDAD ANONIMA;ATRAZINA 90 WG;Atrazine;RAINBOW AGROSCIENCES (CENTRAL AMERICA) CO., LTD.;CHINA;0.1%;2,400.00;KILOGRAMOS; $11,352.00 ; Q87,000.14 ;7.66386;Agrequima; Q391.50 ;;;;;
RDON-REVAI-11966-23.pdf;C739853E;1984515126;INSECTICIDA, ACARICIDA;1984515126;19/01/2026;MAXIAGRO, SOCIEDAD ANONIMA;ABAMECTIN  1.8 EC;Abamectin;RAINBOW AGROSCIENCES (CENTRAL AMERICA) CO., LTD.;CHINA;0.1%;408.00;LITROS; $6,201.60 ; Q47,528.19 ;7.66386;Agrequima; Q213.88 ;;;;;
RDON-REVAI-11965-53.pdf;2A883000;974211039;HERBICIDA;974211039;19/01/2026;MAXIAGRO, SOCIEDAD ANONIMA;ATRAZINA 80 WP;Atrazine;RAINBOW AGROSCIENCES (CENTRAL AMERICA) CO., LTD.;CHINA;0.1%;2,400.00;KILOGRAMOS; $9,960.00 ; Q76,332.05 ;7.66386;Agrequima; Q343.49 ;;;;;
RDON-REVAI-11964-23.pdf;9064280A;1218464446;HERBICIDA;1218464446;19/01/2026;MAXIAGRO, SOCIEDAD ANONIMA;DIURON 80 SC;Diuron;RAINBOW AGROSCIENCES (CENTRAL AMERICA) CO., LTD.;CHINA;0.1%;1,008.00;LITROS; $6,068.16 ; Q46,505.53 ;7.66386;Agrequima; Q209.27 ;;;;;
RDON-REVAI-11963-53.pdf;7463AA46;814826541;HERBICIDA;814826541;19/01/2026;MAXIAGRO, SOCIEDAD ANONIMA;HERMAX  XTRA   68 SG;GLYPHOSATE;RAINBOW AGROSCIENCES (CENTRAL AMERICA) CO., LTD.;CHINA;0.1%;400.00;KILOGRAMOS; $2,480.00 ; Q19,006.37 ;7.66386;Agrequima; Q85.53 ;;;;;
RDON-REVAI-12011-19.pdf;6BB226FD;2866365567;HERBICIDA;2866365567;23/01/2026;NEGOCIOS RELACIONADOS, SOCIEDAD ANONIMA;GUERRERO 35.6  SL;GLIFOSATO;TAHUAL AGRICOLA, S.A.;CHINA;0.1%;15,000.00;LITROS; $38,250.00 ; Q293,301.77 ;7.66802;Agrequima; Q1,319.86 ;;;;;
RDON-REVAI-11894-03.pdf;84509410;2910078884;FUMIGANTE;2910078884;6/01/2026;DUWEST GUATEMALA SOCIEDAD ANONIMA;GASTION 57 FT;AluminiumPhosphide;DUWEST INC;BRAZIL;0.1%;3,456.00;KILOGRAMOS; $133,647.40 ; Q1,024,065.18 ;7.66244;Agrequima; Q4,608.29 ;;;;;
RDON-REVAI-11909-36.pdf;F27C05E7;3032435019;HERBICIDA;3032435019;7/01/2026;AGROFORTRESS, SOCIEDAD ANONIMA;HEXACTO 75 WP;Hexazinone;TAHUAL AGRICOLA, S.A.;CHINA;0.1%;7,000.00;KILOGRAMOS; $84,280.00 ; Q645,790.44 ;7.66244;Agrequima; Q2,906.06 ;;;;;
RDON-REVAI-11940-56.pdf;E6A31E85;3165538473;HERBICIDA;3165538473;13/01/2026;AGROFORTRESS, SOCIEDAD ANONIMA;DIURON 80 SC;Diuron;TAHUAL AGRICOLA, S.A.;MALASIA;0.1%;15,000.00;LITROS; $75,900.00 ; Q581,633.08 ;7.66315;Agrequima; Q2,617.35 ;;;;;
RDON-REVAI-12075-11.pdf;0A193EA9;3390720480;INSECTICIDA;3390720480;28/01/2026;AGROFORTRESS, SOCIEDAD ANONIMA;DIMETOATO / PREVIENE 40 EC;DIMETHOATE;TAHUAL AGRICOLA, S.A.;CHINA;0.1%;8,000.00;LITROS; $34,560.00 ; Q264,871.99 ;7.66412;Agrequima; Q1,191.92 ;;;;;
RDON-REVAI-11953-06.pdf;EFA97500;3742124396;FUNGICIDA;3742124396;15/01/2026;WESTRADE GUATEMALA SOCIEDAD ANONIMA;KOCIDE  35 WG;COPPERHIDROXIDE/METALLICCOPPER35%;DUWEST INC;ESTADOS UNIDOS DE AMERICA;0.1%;1,000.00;LITROS; $9,450.00 ; Q72,440.58 ;7.66567;Agrequima; Q325.98 ;;;;;
RDON-REVAI-12008-12.pdf;1EED75A7;568213930;INSECTICIDA;568213930;23/01/2026;INVERSIONES COMERCIALES E INDUSTRIALES, SOCIEDAD ANONIMA;Dibrom 90 EC;Naled;AMVAC LATAM S. DE R. L.;ESTADOS UNIDOS DE AMERICA;0.1%;3,744.00;LITROS; $65,520.00 ; Q502,408.67 ;7.66802;Agrequima; Q2,259.09 ;;;;;
RDON-REVAI-12055-54.pdf;6F334C06;3784066640;MATERIA TÉCNICA INSECTICIDA;3784066640;27/01/2026;BAYER, SOCIEDAD ANONIMA;THIODICARB TÉCNICO;THIODICARB;BAYER AG;CHINA;0.1%;7,200.00;KILOGRAMOS; $269,784.00 ; Q2,068,709.11 ;7.66802;Agrequima; Q9,309.19 ;;;;;
RDON-REVAI-12040-18.pdf;20176F6B;3861794163;FUNGICIDA;3861794163;23/01/2026;ADAMA GUATEMALA, SOCIEDAD ANONIMA;MIRADOR 25 SC;AZOXYSTROBIN;ADAMA ANDINA B.V. SUCURSAL COLOMBIA;COLOMBIA;0.1%;432.00;LITROS; $7,872.74 ; Q60,368.33 ;7.66802;Agrequima; Q271.66 ;;;;;
RDON-REVAI-12026-13.pdf;5E56D9DB;846152027;INSECTICIDA;846152027;23/01/2026;AGROFORTRESS, SOCIEDAD ANONIMA;MARCIAL 35 DS;Carbosulfan;TAHUAL AGRICOLA, S.A.;CHINA;0.1%;1,119.00;KILOGRAMOS; $14,882.70 ; Q114,124.56 ;7.66827;Agrequima; Q513.56 ;;;;;
RDON-REVAI-12031-16.pdf;8059B199;3493480783;FUNGICIDA;3493480783;23/01/2026;AGROFORTRESS, SOCIEDAD ANONIMA;FORZATE 72 WP;Cymoxanil, Mancozeb;TAHUAL AGRICOLA, S.A.;CHINA;0.1%;7,475.00;KILOGRAMOS; $35,282.01 ; Q270,543.16 ;7.66802;Agrequima; Q1,217.44 ;;;;;
RDON-REVAI-12082-11.pdf;A5491CF4;805390069;INSECTICIDA;805390069;28/01/2026;AGROFORTRESS, SOCIEDAD ANONIMA;TEMPUS 50 WG;Clothianidin;TAHUAL AGRICOLA, S.A.;CHINA;0.1%;3,000.00;KILOGRAMOS; $34,110.00 ; Q261,423.13 ;7.66412;Agrequima; Q1,176.40 ;;;;;
RDON-REVAI-12084-10.pdf;C8165329;2999861728;INSECTICIDA;2999861728;28/01/2026;AGROFORTRESS, SOCIEDAD ANONIMA;INVICTO / KPAZ 70 WG;Imidacloprid;TAHUAL AGRICOLA, S.A.;CHINA;0.1%;1,150.00;KILOGRAMOS; $16,594.50 ; Q127,182.24 ;7.66412;Agrequima; Q572.32 ;;;;;
RDON-REVAI-11908-36.pdf;2796E332;1840269583;HERBICIDA;1840269583;7/01/2026;AGROFORTRESS, SOCIEDAD ANONIMA;HALOFOR 75 WG;HALOSULFURON-METHYL;TAHUAL AGRICOLA, S.A.;CHINA;0.1%;500.00;KILOGRAMOS; $28,975.00 ; Q222,019.20 ;7.66244;Agrequima; Q999.09 ;;;;;
RDON-REVAI-11925-08.pdf;D687A8BA;2437693496;HERBICIDA;2437693496;7/01/2026;AGROFORTRESS, SOCIEDAD ANONIMA;SUPRESOR  70 WG;Imazapic;TAHUAL AGRICOLA, S.A.;CHINA;0.1%;100.00;LITROS; $2,589.00 ; Q19,838.06 ;7.66244;Agrequima; Q89.27 ;;;;;
RDON-REVAI-12025-14.pdf;C7DC170F;2266252623;FUNGICIDA;2266252623;23/01/2026;AGROFORTRESS, SOCIEDAD ANONIMA;LUXAZIM 50 SC;Carbendazim;TAHUAL AGRICOLA, S.A.;CHINA;0.1%;4,916.00;LITROS; $17,845.08 ; Q136,840.89 ;7.66827;Agrequima; Q615.78 ;;;;;
RDON-REVAI-12012-48.pdf;EDD7B7AA;3077852082;HERBICIDA;3077852082;23/01/2026;NEGOCIOS RELACIONADOS, SOCIEDAD ANONIMA;GUERRERO 35.6  SL;GLIFOSATO;TAHUAL AGRICOLA, S.A.;CHINA;0.1%;14,010.00;LITROS; $34,243.50 ; Q262,577.10 ;7.66794;Agrequima; Q1,181.60 ;;;;;
RDON-REVAI-12083-11.pdf;DBABE41D;1181503306;INSECTICIDA;1181503306;28/01/2026;AGROFORTRESS, SOCIEDAD ANONIMA;OPRESOR 50 SP;Thiocyclam(FormaÁcida)/ThiocyclamHidrogenOxalate50%;TAHUAL AGRICOLA, S.A.;CHINA;0.1%;2,200.00;KILOGRAMOS; $33,000.00 ; Q252,915.96 ;7.66412;Agrequima; Q1,138.12 ;;;;;
RDON-REVAI-11915-36.pdf;74B45086;4000730669;REGULADOR DE CRECIMIENTO;4000730669;7/01/2026;AGROFORTRESS, SOCIEDAD ANONIMA;ETHEPHON / OPTILUX 48 SL;Ethephon;TAHUAL AGRICOLA, S.A.;CHINA;0.1%;3,100.00;LITROS; $9,207.00 ; Q70,548.09 ;7.66244;Agrequima; Q317.47 ;;;;;
RDON-REVAI-11920-36.pdf;3E064A36;1419527880;HERBICIDA;1419527880;7/01/2026;AGROFORTRESS, SOCIEDAD ANONIMA;KUMPEL 75  WG;Trifloxysulfuronsodium;TAHUAL AGRICOLA, S.A.;CHINA;0.1%;30.00;KILOGRAMOS; $3,977.70 ; Q30,478.89 ;7.66244;Agrequima; Q137.16 ;;;;;
RDON-REVAI-11907-04.pdf;51F958CA;1978615760;HERBICIDA;1978615760;7/01/2026;BARILLAS,GALVEZ,,MANUEL,ANTONIO;HENGSTIER  16 SL;2,4-D, Picloram;AGOQUIMICA INDUSTRIAL RIMAC, S.A.;COSTA RICA;0.1%;640.00;LITROS; $1,664.00 ; Q12,754.26 ;7.66482;Agrequima; Q57.39 ;;;;;
RDON-REVAI-11902-35.pdf;3CDF08C9;45632751;INSECTICIDA;45632751;7/01/2026;BARILLAS,GALVEZ,,MANUEL,ANTONIO;RIMAC CIPERMETRINA 25 EC;Cipermetrina;AGOQUIMICA INDUSTRIAL RIMAC, S.A.;COSTA RICA;0.1%;520.00;LITROS; $2,500.00 ; Q19,162.05 ;7.66482;Agrequima; Q86.23 ;;;;;
RDON-REVAI-11901-04.pdf;3EA73084;4069672508;INSECTICIDA;4069672508;7/01/2026;BARILLAS,GALVEZ,,MANUEL,ANTONIO;RIMPIRIFOS  48  EC;Clorpirifos;AGOQUIMICA INDUSTRIAL RIMAC, S.A.;COSTA RICA;0.1%;4,352.00;LITROS; $22,080.00 ; Q169,239.23 ;7.66482;Agrequima; Q761.58 ;;;;;
RDON-REVAI-11961-10.pdf;ACFABD4C;2595637985;FUNGICIDA;2595637985;16/01/2026;ADAMA GUATEMALA, SOCIEDAD ANONIMA;Bumper 25 EC;PROPICONAZOLE;ADAMA ANDINA B.V. SUCURSAL COLOMBIA;COLOMBIA;0.1%;800.00;LITROS; $9,655.21 ; Q74,013.65 ;7.66567;Agrequima; Q333.06 ;;;;;
RDON-REVAI-12054-24.pdf;B32261DD;3777383040;INSECTICIDA;3777383040;27/01/2026;AGROFORTRESS, SOCIEDAD ANONIMA;MARCIAL 35 DS;Carbosulfan;TAHUAL AGRICOLA, S.A.;CHINA;0.1%;2,000.00;KILOGRAMOS; $26,600.00 ; Q203,845.38 ;7.66336;Agrequima; Q917.30 ;;;;;
RDON-REVAI-12103-10.pdf;370CD1C1;2383825595;NEMATICIDA;2383825595;29/01/2026;TECNICA UNIVERSAL SOCIEDAD ANONIMA;NEMACUR 40 EC;Fenamiphos;AMVAC DE COSTA RICA S.R.L;GUATEMALA;0.1%;2,260.00;LITROS; $35,340.42 ; Q270,973.38 ;7.66752;Agrequima; Q1,219.38 ;;;;;
RDON-REVAI-11906-34.pdf;82462706;1091258481;HERBICIDA;1091258481;7/01/2026;BARILLAS,GALVEZ,,MANUEL,ANTONIO;TIGERBULL   48  SL;Mcpa, Picloram, Triclopyr;AGOQUIMICA INDUSTRIAL RIMAC, S.A.;COSTA RICA;0.1%;1,280.00;LITROS; $11,520.00 ; Q88,298.73 ;7.66482;Agrequima; Q397.34 ;;;;;
RDON-REVAI-11905-05.pdf;E3D55FBB;1832534225;HERBICIDA;1832534225;7/01/2026;BARILLAS,GALVEZ,,MANUEL,ANTONIO;ALIADO 60  WP;METSULFURONMETIL;AGOQUIMICA INDUSTRIAL RIMAC, S.A.;COSTA RICA;0.1%;24.00;KILOGRAMOS; $1,320.00 ; Q10,117.56 ;7.66482;Agrequima; Q45.53 ;;;;;
RDON-REVAI-11911-36.pdf;50B45ED5;1517699106;HERBICIDA;1517699106;7/01/2026;AGROFORTRESS, SOCIEDAD ANONIMA;AUDAZ 48 SC;Mesotrione;TAHUAL AGRICOLA, S.A.;CHINA;0.1%;1,320.00;LITROS; $11,484.00 ; Q87,995.46 ;7.66244;Agrequima; Q395.98 ;;;;;
RDON-REVAI-11904-34.pdf;2E9A9B12;4146744653;HERBICIDA;4146744653;7/01/2026;BARILLAS,GALVEZ,,MANUEL,ANTONIO;BULLGRASS  30.4  SL;2,4-D, Picloram;AGOQUIMICA INDUSTRIAL RIMAC, S.A.;COSTA RICA;0.1%;2,802.00;LITROS; $11,264.00 ; Q86,336.53 ;7.66482;Agrequima; Q388.51 ;;;;;
RDON-REVAI-11903-05.pdf;B9D17D53;2323333256;HERBICIDA;2323333256;7/01/2026;BARILLAS,GALVEZ,,MANUEL,ANTONIO;FANTASMA 12.5 EC;Fluazifop-P-Butyl;AGOQUIMICA INDUSTRIAL RIMAC, S.A.;COSTA RICA;0.1%;1,280.00;LITROS; $12,160.00 ; Q93,204.21 ;7.66482;Agrequima; Q419.42 ;;;;;
RDON-REVAI-11899-03.pdf;B3F50A8A;1705788044;INSECTICIDA;1705788044;7/01/2026;DUWEST GUATEMALA SOCIEDAD ANONIMA;DURO / RUDO ULTRA /DIURON 80 WG;DIURON;DUWEST INC;CHINA;0.1%;15,000.00;KILOGRAMOS; $74,700.00 ; Q572,562.05 ;7.66482;Agrequima; Q2,576.53 ;;;;;
RDON-REVAI-12038-16.pdf;B618E3D4;3376958541;FUNGICIDA;3376958541;23/01/2026;BASF DE GUATEMALA  SOCIEDAD ANONIMA;LONSELOR 30 SC;FLUXAPYROXAD;BASF DE COSTA RICA, S.A.;ESPAÑA;0.1%;420.00;LITROS; $14,569.80 ; Q111,721.52 ;7.66802;Agrequima; Q502.75 ;;;;;
RDON-REVAI-11932-25.pdf;4B6DA4B1;3535683789;MATERIA TÉCNICA FUNGICIDA;3535683789;9/01/2026;BAYER, SOCIEDAD ANONIMA;PROPAMOCARB HYDROCHLORIDE TECNICO;PROPAMOCARBHYDROCLORIDE;BAYER AG;ALEMANIA;0.1%;18,348.62;LITROS; $356,400.00 ; Q2,732,059.04 ;7.66571;Agrequima; Q12,294.27 ;;;;;
RDON-REVAI-11910-36.pdf;68BDCA33;3573827888;HERBICIDA;3573827888;7/01/2026;AGROFORTRESS, SOCIEDAD ANONIMA;HEXACTO 75 WP;Hexazinone;TAHUAL AGRICOLA, S.A.;CHINA;0.1%;1,160.00;KILOGRAMOS; $13,966.52 ; Q107,017.62 ;7.66244;Agrequima; Q481.58 ;;;;;
RDON-REVAI-11919-37.pdf;EF05F79F;1561084083;HERBICIDA;1561084083;7/01/2026;AGROFORTRESS, SOCIEDAD ANONIMA;FORZA 60 WP;Metsulfuron-Methyl;TAHUAL AGRICOLA, S.A.;CHINA;0.1%;75.00;KILOGRAMOS; $989.25 ; Q7,580.07 ;7.66244;Agrequima; Q34.11 ;;;;;
RDON-REVAI-11926-08.pdf;69A1BE37;4270148974;HERBICIDA;4270148974;7/01/2026;AGROFORTRESS, SOCIEDAD ANONIMA;DIURON 80 WG;Diuron;BESTENFELDEN CENTRO AMERICA, SOCIEDAD ANONIMA;CHINA;0.1%;16,000.00;KILOGRAMOS; $89,120.00 ; Q682,876.65 ;7.66244;Agrequima; Q3,072.94 ;;;;;
RDON-REVAI-11928-48.pdf;636F5F4F;4129114374;FUNGICIDA;4129114374;7/01/2026;DUWEST GUATEMALA SOCIEDAD ANONIMA;MANCOZEB TECNICO;Mancozeb;DUWEST INC;INDIA;0.1%;89,600.00;KILOGRAMOS; $264,320.00 ; Q2,025,965.22 ;7.66482;Agrequima; Q9,116.84 ;;;;;
RDON-REVAI-11886-28.pdf;2037DBEE;557269370;INSECTICIDA;557269370;8/01/2026;ADAMA GUATEMALA, SOCIEDAD ANONIMA;UBERTOP 25.5 DC;ACETAMIPRID, EMAMECTINBENZOATE;ADAMA ANDINA B.V. SUCURSAL COLOMBIA;COLOMBIA;0.1%;2,160.00;LITROS; $53,945.90 ; Q412,984.44 ;7.65553;Agrequima; Q1,858.43 ;;;;;
RDON-REVAI-11884-42.pdf;6E4B78C1;2948680632;FUNGICIDA;2948680632;8/01/2026;ADAMA GUATEMALA, SOCIEDAD ANONIMA;DIVINO 25 EC;DIFENOCONAZOLE;ADAMA ANDINA B.V. SUCURSAL COLOMBIA;COLOMBIA;0.1%;1,008.00;LITROS; $16,112.10 ; Q123,346.67 ;7.65553;Agrequima; Q555.06 ;;;;;
RDON-REVAI-11888-59.pdf;6C30CB1D;3882631303;FUNGICIDA;3882631303;8/01/2026;ADAMA GUATEMALA, SOCIEDAD ANONIMA;MIRADOR 25 SC;AZOXYSTROBIN;ADAMA ANDINA B.V. SUCURSAL COLOMBIA;COLOMBIA;0.1%;5,040.00;LITROS; $67,015.61 ; Q513,040.00 ;7.65553;Agrequima; Q2,308.68 ;;;;;
2488618123;.;2488618123;Insecticida;2488618123;30/01/2026;Disagro De Guatemala, Sociedad Anonima;Zarper  60 Fs;Imidacloprid, Thiodicarb;Incofe S.A.S.;China;0.1%;3864;Litros; $128,255.76 ; Q983,226.61 ;7.66614;Gremiagro; Q4,424.52 ;;;;;
1292650753;.;1292650753;Herbicida;1292650753;28/01/2026;Disagro De Guatemala, Sociedad Anonima;Glufosinato De  Amonio   Tecnico;Glufosinatodeamonio;Incofe S.A.S.;China;0.1%;20000;Kilogramos; $127,800.00 ; Q979,909.06 ;7.66752;Gremiagro; Q4,409.59 ;;;;;
500058702;.;500058702;Fungicida;500058702;28/01/2026;Disagro De Guatemala, Sociedad Anonima;Trunco / Carbendazim 50 Sc;Carbendazim;Incofe S.A.S.;China;0.1%;16000;Litros; $57,600.00 ; Q441,409.54 ;7.66336;Gremiagro; Q1,986.34 ;;;;;
2894351530;.;2894351530;Fungicida;2894351530;28/01/2026;Rainbow Agroindustria, S.A.;Clorotalonil / Dacomax 72 Sc;Clorotalonil;Rainbow Agrosciences (Central America) Co., Ltd.;China;0.1%;18400;Litros; $70,656.00 ; Q541,462.36 ;7.66336;Gremiagro; Q2,436.58 ;;;;;
100552480;.;100552480;Herbicida;100552480;27/01/2026;Bestenfelden Guatemala, Sociedad Anonima;Randall 35.6 Sl;Glifosato;Bestenfelden Centro America, Sociedad Anonima;China;0.1%;1636;Litros; $6,144.40 ; Q47,086.75 ;7.66336;Gremiagro; Q211.89 ;;;;;
667110398;.;667110398;Insecticida;667110398;27/01/2026;Rainbow Agroindustria, S.A.;Clomit  50 Wg;Clothianidin;Rainbow Agrosciences (Central America) Co., Ltd.;China;0.1%;800;Kilogramos; $6,136.00 ; Q47,022.38 ;7.66336;Gremiagro; Q211.60 ;;;;;
3615639150;.;3615639150;Fungicida;3615639150;27/01/2026;Rainbow Agroindustria, S.A.;Clorotalonil / Dacomax 72 Sc;Clorotalonil;Rainbow Agrosciences (Central America) Co., Ltd.;China;0.1%;4600;Litros; $17,664.00 ; Q135,365.59 ;7.66336;Gremiagro; Q609.15 ;;;;;
2504871038;.;2504871038;Fungicida;2504871038;27/01/2026;Rainbow Agroindustria, S.A.;Clorotalonil / Dacomax 72 Sc;Clorotalonil;Rainbow Agrosciences (Central America) Co., Ltd.;China;0.1%;3200;Litros; $13,120.00 ; Q100,543.28 ;7.66336;Gremiagro; Q452.44 ;;;;;
1231767140;.;1231767140;Fungicida;1231767140;27/01/2026;Rainbow Agroindustria, S.A.;Carbendazim  /  Derozim 50 Sc;Carbendazim;Rainbow Agrosciences (Central America) Co., Ltd.;China;0.1%;800;Litros; $3,328.00 ; Q25,503.66 ;7.66336;Gremiagro; Q114.77 ;;;;;
1573670127;.;1573670127;Herbicida;1573670127;27/01/2026;Rainbow Agroindustria, S.A.;Lektor 48 Sc;Mesotrione;Rainbow Agrosciences (Central America) Co., Ltd.;China;0.1%;2000;Litros; $14,020.00 ; Q107,440.31 ;7.66336;Gremiagro; Q483.48 ;;;;;
3307294523;.;3307294523;Materia Técnica Herbicida;3307294523;27/01/2026;Disagro De Guatemala, Sociedad Anonima;Paraquat Tecnico;Paraquat;Incofe S.A.S.;China;0.1%;19298.25;Litros; $60,940.00 ; Q467,005.16 ;7.66336;Gremiagro; Q2,101.52 ;;;;;
460275745;.;460275745;Herbicida;460275745;27/01/2026;Rainbow Agroindustria, S.A.;Dimaster 46.5 Sl;2,4-D, Dicamba;Rainbow Agrosciences (Central America) Co., Ltd.;China;0.1%;1600;Litros; $4,256.00 ; Q32,615.26 ;7.66336;Gremiagro; Q146.77 ;;;;;
2844739422;.;2844739422;Herbicida;2844739422;27/01/2026;Rainbow Agroindustria, S.A.;Glifosato /  Revolver 35.6 Sl;Glyphosate;Rainbow Agrosciences (Central America) Co., Ltd.;China;0.1%;8000;Litros; $15,920.00 ; Q122,000.69 ;7.66336;Gremiagro; Q549.00 ;;;;;
3394978058;.;3394978058;Herbicida;3394978058;26/01/2026;Bestenfelden Guatemala, Sociedad Anonima;Ametrina 50 Sc;Ametryn;Tahual Agricola, S.A.;China;0.1%;44000;Litros; $121,880.00 ; Q934,568.53 ;7.66802;Gremiagro; Q4,205.56 ;;;;;
1561675447;.;1561675447;Fungicida;1561675447;26/01/2026;Agrocentro Sociedad Anonima;Angular 38 Wg;Boscalid, Pyraclostrobin;Korsa Chemicals, S.A.;China;0.1%;400;Kilogramos; $10,728.00 ; Q82,265.20 ;7.665;Gremiagro; Q370.19 ;;;;;
1395281918;.;1395281918;Fungicida;1395281918;26/01/2026;Agrocentro Sociedad Anonima;Angular 38 Wg;Boscalid, Pyraclostrobin;Korsa Chemicals, S.A.;China;0.1%;200;Kilogramos; $5,038.00 ; Q38,632.74 ;7.665;Gremiagro; Q173.85 ;;;;;
2139377634;.;2139377634;Insecticida;2139377634;23/01/2026;Disagro De Guatemala, Sociedad Anonima;Kloister / Chlorfenapyr + Bifenthrin 10 Sc;Bifenthrin, Chlorfenapyr;Incofe S.A.S.;China;0.1%;8930;Litros; $89,302.20 ; Q684,771.06 ;7.66802;Gremiagro; Q3,081.47 ;;;;;
314198948;.;314198948;Herbicida;314198948;23/01/2026;Bestenfelden Guatemala, Sociedad Anonima;Ametrina 50 Sc;Ametryn;Tahual Agricola, S.A.;China;0.1%;44000;Litros; $121,880.00 ; Q934,568.53 ;7.66802;Gremiagro; Q4,205.56 ;;;;;
3437118813;.;3437118813;Fungicida;3437118813;23/01/2026;Rainbow Agrosciences (Guatemala) Sociedad Anonima;Milor 72 Wp;Mancozeb, Metalaxil;Rainbow Agrosciences (Central America) Co., Ltd.;China;0.1%;500;Kilogramos; $3,545.00 ; Q27,172.42 ;7.665;Gremiagro; Q122.28 ;;;;;
3866642425;.;3866642425;Herbicida;3866642425;23/01/2026;Agrocentro Sociedad Anonima;Dibromuro De Diquat Tecnico;Diquatdibromide;Korsa Chemicals, S.A.;China;0.1%;10560;Kilogramos; $27,772.80 ; Q212,969.33 ;7.665;Gremiagro; Q958.36 ;;;;;
2354530996;.;2354530996;Insecticida, Acaricida;2354530996;23/01/2026;Agrocentro Sociedad Anonima;Pitbul 28 Sc;Abamectin, Spirotetramat;Korsa Chemicals, S.A.;China;0.1%;1008;Litros; $40,219.20 ; Q308,411.68 ;7.665;Gremiagro; Q1,387.85 ;;;;;
2558280304;.;2558280304;Herbicida;2558280304;23/01/2026;Agrocentro Sociedad Anonima;Sabotaje 16 Ew;Fluroxypyr, Picloram;Korsa Chemicals, S.A.;China;0.1%;4600;Litros; $39,146.00 ; Q300,182.10 ;7.665;Gremiagro; Q1,350.82 ;;;;;
2908835022;.;2908835022;Insecticida;2908835022;23/01/2026;Agrocentro Sociedad Anonima;Germibien 35 Fs;Thiodicarb;Korsa Chemicals, S.A.;China;0.1%;5500;Litros; $86,075.00 ; Q660,046.34 ;7.665;Gremiagro; Q2,970.21 ;;;;;
2222083553;.;2222083553;Insecticida;2222083553;23/01/2026;Agrocentro Sociedad Anonima;Germibien 35 Fs;Thiodicarb;Korsa Chemicals, S.A.;China;0.1%;1008;Litros; $14,656.32 ; Q112,388.62 ;7.665;Gremiagro; Q505.75 ;;;;;
3156952781;.;3156952781;Herbicida;3156952781;23/01/2026;Agrocentro Sociedad Anonima;Condena Extra 55 Sc;Atrazine, Mesotrione;Korsa Chemicals, S.A.;China;0.1%;12000;Litros; $44,760.00 ; Q343,231.77 ;7.665;Gremiagro; Q1,544.54 ;;;;;
2987607440;.;2987607440;Materia Técnica Fungicida;2987607440;23/01/2026;Agrocentro Sociedad Anonima;Carbendazin Tecnico;Carbendazim;Korsa Chemicals, S.A.;China;0.1%;2200;Kilogramos; $13,442.00 ; Q103,076.89 ;7.665;Gremiagro; Q463.85 ;;;;;
126503528;.;126503528;Materia Técnica Herbicida;126503528;23/01/2026;Agrocentro Sociedad Anonima;Dicloruro De Paraquat 45 Tk;Paraquat;Korsa Chemicals, S.A.;China;0.1%;131564.61;Litros; $449,280.00 ; Q3,445,200.35 ;7.665;Gremiagro; Q15,503.40 ;;;;;
2817739113;.;2817739113;Materia Técnica Herbicida;2817739113;23/01/2026;Agrocentro Sociedad Anonima;Picloram Tecnico;Picloram;Korsa Chemicals, S.A.;China;0.1%;20000;Kilogramos; $246,800.00 ; Q1,892,529.04 ;7.665;Gremiagro; Q8,516.38 ;;;;;
2753972404;.;2753972404;Herbicida;2753972404;23/01/2026;Agrocentro Sociedad Anonima;Glufosinato De Amonio Tecnico;Glufosinatodeamonio;Korsa Chemicals, S.A.;China;0.1%;20000;Kilogramos; $135,200.00 ; Q1,036,750.10 ;7.665;Gremiagro; Q4,665.38 ;;;;;
1779908690;.;1779908690;Fungicida;1779908690;23/01/2026;Agrocentro Sociedad Anonima;Mancozeb Tecnico;Mancozeb;Agria, S.A.;Bulgaria;0.1%;24000;Kilogramos; $83,520.00 ; Q639,966.99 ;7.665;Gremiagro; Q2,879.85 ;;;;;
600264335;.;600264335;Insecticida;600264335;22/01/2026;Rainbow Agrosciences (Guatemala) Sociedad Anonima;Killigan 24 Sc;Chlorfenapyr;Rainbow Agrosciences (Central America) Co., Ltd.;China;0.1%;1008;Litros; $11,289.60 ; Q86,534.78 ;7.665;Gremiagro; Q389.41 ;;;;;
2887665883;.;2887665883;Insecticida;2887665883;22/01/2026;Rainbow Agrosciences (Guatemala) Sociedad Anonima;Killigan 24 Sc;Chlorfenapyr;Rainbow Agrosciences (Central America) Co., Ltd.;China;0.1%;576;Litros; $8,294.40 ; Q63,576.58 ;7.665;Gremiagro; Q286.09 ;;;;;
2786676370;.;2786676370;Herbicida;2786676370;22/01/2026;Rainbow Agrosciences (Guatemala) Sociedad Anonima;Cegar 15 Sl;Glufosinateammonium;Rainbow Agrosciences (Central America) Co., Ltd.;China;0.1%;16000;Litros; $34,880.00 ; Q267,355.20 ;7.665;Gremiagro; Q1,203.10 ;;;;;
2244495572;.;2244495572;Fungicida;2244495572;22/01/2026;Rainbow Agrosciences (Guatemala) Sociedad Anonima;Milor 72 Wp;Mancozeb, Metalaxil;Rainbow Agrosciences (Central America) Co., Ltd.;China;0.1%;1250;Kilogramos; $7,600.00 ; Q58,254.00 ;7.665;Gremiagro; Q262.14 ;;;;;
524111300;.;524111300;Herbicida;524111300;22/01/2026;Rainbow Agrosciences (Guatemala) Sociedad Anonima;Cegar Plus 32 Sc;Glufosinateammonium, Oxyfluorfen;Rainbow Agrosciences (Central America) Co., Ltd.;China;0.1%;1600;Litros; $9,600.00 ; Q73,584.00 ;7.665;Gremiagro; Q331.13 ;;;;;
1725122519;.;1725122519;Herbicida;1725122519;22/01/2026;Rainbow Agrosciences (Guatemala) Sociedad Anonima;Recorte 20 Ec;Fluroxipir;Rainbow Agrosciences (Central America) Co., Ltd.;China;0.1%;2000;Litros; $11,500.00 ; Q88,147.50 ;7.665;Gremiagro; Q396.66 ;;;;;
935741379;.;935741379;Herbicida;935741379;21/01/2026;Bestenfelden Guatemala, Sociedad Anonima;Ametrina 50 Sc;Ametryn;Tahual Agricola, S.A.;China;0.1%;16320;Litros; $48,960.00 ; Q375,438.50 ;7.665;Gremiagro; Q1,689.47 ;;;;;
2628210144;.;2628210144;Herbicida;2628210144;20/01/2026;Rainbow Agrosciences (Guatemala) Sociedad Anonima;Atrazina 90 Wg;Atrazine;Rainbow Agrosciences (Central America) Co., Ltd.;China;0.1%;17280;Kilogramos; $79,660.80 ; Q610,860.52 ;7.66827;Gremiagro; Q2,748.87 ;;;;;
1743339683;.;1743339683;Herbicida;1743339683;20/01/2026;Rainbow Agrosciences (Guatemala) Sociedad Anonima;Cegar Plus 32 Sc;Glufosinateammonium, Oxyfluorfen;Rainbow Agrosciences (Central America) Co., Ltd.;China;0.1%;576;Litros; $3,968.64 ; Q30,404.56 ;7.66315;Gremiagro; Q136.82 ;;;;;
2824553483;.;2824553483;Herbicida;2824553483;20/01/2026;Rainbow Agrosciences (Guatemala) Sociedad Anonima;Diupax 80 Sc;Diuron;Rainbow Agrosciences (Central America) Co., Ltd.;China;0.1%;576;Litros; $3,893.76 ; Q29,829.88 ;7.66315;Gremiagro; Q134.23 ;;;;;
803819190;.;803819190;Fungicida;803819190;20/01/2026;Rainbow Agrosciences (Guatemala) Sociedad Anonima;Acromorph 50 Wp;Dimethomorph;Rainbow Agrosciences (Central America) Co., Ltd.;China;0.1%;720;Kilogramos; $8,539.20 ; Q65,429.58 ;7.66315;Gremiagro; Q294.43 ;;;;;
3816637975;.;3816637975;Insecticida;3816637975;20/01/2026;Rainbow Agrosciences (Guatemala) Sociedad Anonima;Tratavin 35 Fs;Thiodicarb;Rainbow Agrosciences (Central America) Co., Ltd.;China;0.1%;576;Litros; $7,349.76 ; Q56,311.27 ;7.66315;Gremiagro; Q253.40 ;;;;;
4180365262;.;4180365262;Fungicida;4180365262;20/01/2026;Rainbow Agrosciences (Guatemala) Sociedad Anonima;Radar 68.75 Sc;Fluopicolide, Propamocarbhydrocloride;Rainbow Agrosciences (Central America) Co., Ltd.;China;0.1%;1008;Litros; $16,712.64 ; Q128,054.70 ;7.66315;Gremiagro; Q576.25 ;;;;;
1061703351;.;1061703351;Insecticida;1061703351;20/01/2026;Rainbow Agrosciences (Guatemala) Sociedad Anonima;Fiprogolg 20 Sc;Fipronil;Rainbow Agrosciences (Central America) Co., Ltd.;China;0.1%;576;Litros; $9,308.16 ; Q71,321.99 ;7.66315;Gremiagro; Q320.95 ;;;;;
1024544075;.;1024544075;Materia Técnica Herbicida;1024544075;20/01/2026;Disagro De Guatemala, Sociedad Anonima;Paraquat Tecnico;Paraquat;Incofe S.A.S.;China;0.1%;220000;Kilogramos; $508,200.00 ; Q3,894,773.65 ;7.66386;Gremiagro; Q17,526.48 ;;;;;
3078767586;.;3078767586;Materia Técnica Herbicida;3078767586;16/01/2026;Disagro De Guatemala, Sociedad Anonima;Paraquat Tecnico;Paraquat;Incofe S.A.S.;China;0.1%;132000;Kilogramos; $331,320.00 ; Q2,539,190.10 ;7.66386;Gremiagro; Q11,426.36 ;;;;;
1277906590;.;1277906590;Materia Técnica Herbicida;1277906590;16/01/2026;Disagro De Guatemala, Sociedad Anonima;Paraquat Tecnico;Paraquat;Incofe S.A.S.;China;0.1%;154000;Kilogramos; $354,200.00 ; Q2,714,539.21 ;7.66386;Gremiagro; Q12,215.43 ;;;;;
4067773406;.;4067773406;Herbicida;4067773406;15/01/2026;Agrocentro Sociedad Anonima;Puntivo 20 Sl;Glufosinate-Pammonium;Korsa Chemicals, S.A.;China;0.1%;8000;Litros; $28,160.00 ; Q215,794.30 ;7.66567;Gremiagro; Q971.07 ;;;;;
718161752;.;718161752;Herbicida;718161752;15/01/2026;Agrocentro Sociedad Anonima;Picloram Tecnico;Picloram;Korsa Chemicals, S.A.;China;0.1%;12000;Kilogramos; $138,240.00 ; Q1,059,255.71 ;7.66567;Gremiagro; Q4,766.65 ;;;;;
126306108;.;126306108;Herbicida;126306108;14/01/2026;Rainbow Agrosciences (Guatemala) Sociedad Anonima;Cegar 15 Sl;Glufosinateammonium;Rainbow Agrosciences (Central America) Co., Ltd.;China;0.1%;800;Litros; $1,616.00 ; Q12,382.50 ;7.66315;Gremiagro; Q55.72 ;;;;;
2644721954;.;2644721954;Fungicida;2644721954;14/01/2026;Rainbow Agrosciences (Guatemala) Sociedad Anonima;Radar 68.75 Sc;Fluopicolide, Propamocarbhydrocloride;Rainbow Agrosciences (Central America) Co., Ltd.;China;0.1%;576;Litros; $10,431.36 ; Q79,929.67 ;7.66315;Gremiagro; Q359.68 ;;;;;
3620293151;.;3620293151;Insecticida, Acaricida;3620293151;14/01/2026;Agrocentro Sociedad Anonima;Contego 24 Sc;Abamectin, Spiromesifen;Korsa Chemicals, S.A.;China;0.1%;1000;Litros; $24,770.00 ; Q189,798.64 ;7.66482;Gremiagro; Q854.09 ;;;;;
523259902;.;523259902;Herbicida;523259902;14/01/2026;Rainbow Agrosciences (Guatemala) Sociedad Anonima;Cegar 15 Sl;Glufosinateammonium;Rainbow Agrosciences (Central America) Co., Ltd.;China;0.1%;6006;Litros; $14,894.88 ; Q114,131.12 ;7.66315;Gremiagro; Q513.59 ;;;;;
3366144270;.;3366144270;Fungicida;3366144270;14/01/2026;Agrocentro Sociedad Anonima;Halcon Extra 28 Sc;Azoxystrobin, Cyproconazole;Korsa Chemicals, S.A.;China;0.1%;4000;Litros; $39,680.00 ; Q304,045.62 ;7.66482;Gremiagro; Q1,368.21 ;;;;;
3277407244;.;3277407244;Insecticida;3277407244;14/01/2026;Rainbow Agrosciences (Guatemala) Sociedad Anonima;Kaindor 70 Wg;Imidacloprid;Rainbow Agrosciences (Central America) Co., Ltd.;China;0.1%;360;Kilogramos; $5,205.60 ; Q39,887.60 ;7.66315;Gremiagro; Q179.49 ;;;;;
3428532783;.;3428532783;Insecticida;3428532783;14/01/2026;Agrocentro Sociedad Anonima;Fiador 35 Sc;Imidacloprid;Korsa Chemicals, S.A.;China;0.1%;2400;Litros; $16,896.00 ; Q129,464.59 ;7.66482;Gremiagro; Q582.59 ;;;;;
1736720875;.;1736720875;Herbicida;1736720875;14/01/2026;Rainbow Agrosciences (Guatemala) Sociedad Anonima;Profitol 75 Wg;Isoxaflutole;Rainbow Agrosciences (Central America) Co., Ltd.;China;0.1%;200;Kilogramos; $9,200.00 ; Q70,494.45 ;7.66315;Gremiagro; Q317.23 ;;;;;
355157742;.;355157742;Fungicida;355157742;14/01/2026;Agrocentro Sociedad Anonima;Atomik 32.5 Sc;Azoxystrobin, Flutriafol;Korsa Chemicals, S.A.;China;0.1%;6600;Litros; $63,096.00 ; Q483,469.31 ;7.66482;Gremiagro; Q2,175.61 ;;;;;
3716107454;.;3716107454;Insecticida;3716107454;14/01/2026;Agrocentro Sociedad Anonima;Snaiper 24.7 Sc;Lambdacyhalotrina, Thiamethoxam;Korsa Chemicals, S.A.;China;0.1%;5000;Litros; $28,350.00 ; Q217,230.17 ;7.66482;Gremiagro; Q977.54 ;;;;;
3995880916;.;3995880916;Herbicida;3995880916;14/01/2026;Agrocentro Sociedad Anonima;Nicozent 4 Od;Nicosulfuron;Korsa Chemicals, S.A.;China;0.1%;3000;Litros; $8,370.00 ; Q64,134.62 ;7.66482;Gremiagro; Q288.61 ;;;;;
2974105661;.;2974105661;Herbicida;2974105661;13/01/2026;Rainbow Agrosciences (Guatemala) Sociedad Anonima;Cegar 15 Sl;Glufosinateammonium;Rainbow Agrosciences (Central America) Co., Ltd.;China;0.1%;8064;Litros; $18,144.00 ; Q139,027.31 ;7.66315;Gremiagro; Q625.62 ;;139040.1936;12.8836;0.0579762;FEBRERO
635194910;.;635194910;Fungicida;635194910;13/01/2026;Rainbow Agrosciences (Guatemala) Sociedad Anonima;Tutela 10 Sl;Ciproconazole;Rainbow Agrosciences (Central America) Co., Ltd.;China;0.1%;1008;Litros; $6,320.16 ; Q48,427.85 ;7.66315;Gremiagro; Q217.93 ;;;;;
1141392592;.;1141392592;Materia Técnica Herbicida;1141392592;13/01/2026;Disagro De Guatemala, Sociedad Anonima;2,4-D Tecnico;2,4-D;Incofe S.A.S.;China;0.1%;338000;Kilogramos; $841,620.00 ; Q6,440,454.97 ;7.65245;Gremiagro; Q28,982.05 ;;;;;
2092057963;.;2092057963;Herbicida;2092057963;12/01/2026;Disagro De Guatemala, Sociedad Anonima;Agente 36 Sl;Glifosato;Incofe S.A.S.;China;0.1%;21600;Litros; $50,280.00 ; Q385,353.46 ;7.66415;Gremiagro; Q1,734.09 ;;;;;
1123239280;.;1123239280;Insecticida, Acaricida;1123239280;9/01/2026;Rainbow Agroindustria, S.A.;Abamectin /Abamectan / Trespass  1.8 Ec;Abamectin;Rainbow Agrosciences (Central America) Co., Ltd.;China;0.1%;804;Litros; $3,360.72 ; Q25,745.80 ;7.66244;Gremiagro; Q115.86 ;;;;;
1042499638;.;1042499638;Materia Técnica Herbicida;1042499638;8/01/2026;Agrocentro Sociedad Anonima;Dicloruro De Paraquat 45 Tk;Paraquat;Korsa Chemicals, S.A.;China;0.1%;87694.33;Litros; $293,529.60 ; Q2,249,152.95 ;7.66482;Gremiagro; Q10,121.19 ;;;;;
1318145527;.;1318145527;Materia Técnica Herbicida;1318145527;8/01/2026;Agrocentro Sociedad Anonima;Dicloruro De Paraquat 45 Tk;Paraquat;Korsa Chemicals, S.A.;China;0.1%;87586.63;Litros; $293,529.60 ; Q2,249,152.95 ;7.66482;Gremiagro; Q10,121.19 ;;;;;
3002485457;.;3002485457;Materia Técnica Herbicida;3002485457;8/01/2026;Agrocentro Sociedad Anonima;Dicloruro De Paraquat 45 Tk;Paraquat;Korsa Chemicals, S.A.;China;0.1%;87625.07;Litros; $293,529.60 ; Q2,249,152.95 ;7.66482;Gremiagro; Q10,121.19 ;;;;;
2796766674;.;2796766674;Materia Técnica Herbicida;2796766674;8/01/2026;Agrocentro Sociedad Anonima;Dicloruro De Paraquat 45 Tk;Paraquat;Korsa Chemicals, S.A.;China;0.1%;131414.53;Litros; $440,294.40 ; Q3,373,729.42 ;7.66482;Gremiagro; Q15,181.78 ;;;;;
2606711550;.;2606711550;Fungicida, Acaricida;2606711550;8/01/2026;Agrocentro Sociedad Anonima;Sulgran 80 Wg;Sulphur;Korsa Chemicals, S.A.;India;0.1%;19000;Kilogramos; $32,300.00 ; Q247,496.81 ;7.66482;Gremiagro; Q1,113.74 ;;;;;
898649601;.;898649601;Herbicida;898649601;8/01/2026;Agrocentro Sociedad Anonima;Kronex 80 Sc;Diuron;Korsa Chemicals, S.A.;Malasia;0.1%;16000;Litros; $72,960.00 ; Q559,051.62 ;7.66482;Gremiagro; Q2,515.73 ;;;;;
1704282680;.;1704282680;Herbicida;1704282680;8/01/2026;Bestenfelden Guatemala, Sociedad Anonima;Ametrina 50 Sc;Ametryn;Bestenfelden Panamá, S.A.;China;0.1%;16320;Litros; $45,206.40 ; Q346,498.92 ;7.66482;Gremiagro; Q1,559.25 ;;;;;
1616201879;.;1616201879;Herbicida;1616201879;7/01/2026;Bestenfelden Guatemala, Sociedad Anonima;Ametrina 50 Sc;Ametryn;Bestenfelden Panamá, S.A.;China;0.1%;16320;Litros; $45,206.40 ; Q346,498.92 ;7.66482;Gremiagro; Q1,559.25 ;;;;;
2137476139;.;2137476139;Insecticida;2137476139;6/01/2026;Rainbow Agroindustria, S.A.;Clorpirifos / Barrida / Pirifos 48 Ec;Chlorpyrifos;Rainbow Agrosciences (Central America) Co., Ltd.;China;0.1%;800;Litros; $3,856.00 ; Q29,546.37 ;7.66244;Gremiagro; Q132.96 ;;;;;
4175514269;.;4175514269;Insecticida, Acaricida;4175514269;6/01/2026;Rainbow Agroindustria, S.A.;Aplacador 10 Ec;Bifenthrin;Rainbow Agrosciences (Central America) Co., Ltd.;China;0.1%;240;Litros; $1,312.80 ; Q10,059.25 ;7.66244;Gremiagro; Q45.27 ;;;;;
2464827277;.;2464827277;Insecticida;2464827277;6/01/2026;Rainbow Agroindustria, S.A.;Kaindor 70 Wg;Imidacloprid;Rainbow Agrosciences (Central America) Co., Ltd.;China;0.1%;240;Kilogramos; $2,280.00 ; Q17,470.36 ;7.66244;Gremiagro; Q78.62 ;;;;;
639451826;.;639451826;Herbicida;639451826;6/01/2026;Rainbow Agroindustria, S.A.;Diquat 20 Sl;Diquat;Rainbow Agrosciences (Central America) Co., Ltd.;China;0.1%;4000;Litros; $10,720.00 ; Q82,141.36 ;7.66244;Gremiagro; Q369.64 ;;;;;
995315029;.;995315029;Herbicida;995315029;6/01/2026;Rainbow Agroindustria, S.A.;Oxigol  24  Ec;Oxyfluorfen;Rainbow Agrosciences (Central America) Co., Ltd.;China;0.1%;1600;Litros; $10,160.00 ; Q77,850.39 ;7.66244;Gremiagro; Q350.33 ;;;;;
1073038882;.;1073038882;Herbicida;1073038882;6/01/2026;Rainbow Agroindustria, S.A.;Spartanex / Pendipax   50 Ec;Pendimethalin;Rainbow Agrosciences (Central America) Co., Ltd.;China;0.1%;6400;Litros; $29,952.00 ; Q229,505.40 ;7.66244;Gremiagro; Q1,032.77 ;;;;;
1001013790;.;1001013790;Herbicida;1001013790;6/01/2026;Rainbow Agroindustria, S.A.;Profitol Super 80 Wg;Imazapic, Isoxaflutole;Rainbow Agrosciences (Central America) Co., Ltd.;China;0.1%;200;Kilogramos; $7,298.00 ; Q55,920.49 ;7.66244;Gremiagro; Q251.64 ;;;;;
953896079;.;953896079;Herbicida;953896079;5/01/2026;Disagro De Guatemala, Sociedad Anonima;2,4-D + Picloram / Pastizal 30.4 Sl;2,4-D, Picloram;Incofe S.A.S.;China;0.1%;33298;Litros; $78,049.50 ; Q597,793.61 ;7.6597;Gremiagro; Q2,690.07 ;;;;;
3977858225;.;3977858225;I.A. para Formular Herbicidas;3977858225;21/01/2026;Agrocentro, Sociedad Anonima;2,4 -D Técnico 98%;2,4 -D;Korsa Chemicals, S.A.;China;0.1%;100000;Kilogramos; $260,000.00 ; Q1,992,603.60 ;7.66386;Gremiagro; Q8,966.72 ;;;;;
1028605810;.;1028605810;I.A. para Formular Herbicidas;1028605810;21/01/2026;Agrocentro, Sociedad Anonima;2,4 -D Técnico 98%;2,4 -D;Korsa Chemicals, S.A.;China;0.1%;40000;Kilogramos; $104,000.00 ; Q797,041.44 ;7.66386;Gremiagro; Q3,586.69 ;;;;;
2949858517;.;2949858517;I.A. para Formular Herbicidas;2949858517;29/01/2026;Agrocentro, Sociedad Anonima;2,4 -D Técnico;2,4 -D;Korsa Chemicals, S.A.;China;0.1%;24000;Kilogramos; $58,080.00 ; Q445,358.60 ;7.66802;Gremiagro; Q2,004.11 ;;;;;
66753;7D4845D8;4092609794;INSECTICIDA           ;4092609794;2/02/2026;EMPAQUES Y DISTRIBUCION DE PRODUCTOS, S.A;TRIGARD  75  WP;CIROMAZINA ;GOWAN CROP PROTECTION LIMITED;CHINA                    ;0.1%;152;KILOS; $56,612.40 ; Q433,998.58 ;7.66614;Agrequima; Q1,952.99 ;;;;;
66754;90301BAB;4019407024;INSECTICIDA-NEMATICIDA;4019407024;2/02/2026;INSUMOS MODERNOS, S.A                    ;MOCAP  15  GR  ;ETHOPROPHOS;AMVAC LATAM S. DE R.L.       ;ESTADOS UNIDOS DE AMERICA;0.1%;6,000.00;KILOS; $24,300.00 ; Q186,287.20 ;7.66614;Agrequima; Q838.29 ;;;;;
66755;17BF29F3;4270277234;FUNGICIDA;4270277234;3/02/2026;SOLUFERT, S.A        ;DITHANE 62 SC    ;MANCOZEB;UPL COSTA RICA, S.A. ;COSTA RICA;0.1%;17,000.00;LITROS; $82,450.00 ; Q632,073.24 ;7.66614;Agrequima; Q2,844.33 ;;;;;
66756;173E9BF7;1298025868;FUNGICIDA;1298025868;3/02/2026;BANANERA TEPEYAC, S.A;VONDOZEB   62  SC;MANCOZEB;ULP COSTA RICA, S.A. ;COSTA RICA;0.1%;17,000.00;LITROS; $88,400.00 ; Q677,686.78 ;7.66614;Agrequima; Q3,049.59 ;;;;;
66757;99978BB7;777800650;FUNGICIDA;777800650;3/02/2026;BANANERA TEPEYAC, S.A;VONDOZEB   62  SC;MANCOZEB;UPL COSTA RICA, S.A.A;COSTA RICA;0.1%;17,000.00;LITROS; $88,400.00 ; Q677,686.78 ;7.66614;Agrequima; Q3,049.59 ;;;;;
66758;0138A423;4056760933;INSECTICIDA, ACARICIDA;4056760933;4/02/2026;SERVICIOS PARA EL AGRO;TERCO LIQUIDO 81.2 EC;ACEITE MINERAL PARAFINICO;LABORATORIOS QUIMICOS INDUSTRIALES, S.A (LAQUINSA);COSTA RICA;0.1%;2,800.00;LITROS; $11,225.55 ; Q86,056.64 ;7.66614;Agrequima; Q387.25 ;;;;;
66759;5BA471BF;666649429;MATERIA TÉCNICA INSECTICIDA;666649429;5/02/2026;OLEFINAS, S.A.;BUPROFEZIN  TC;BUPROFEZIN;PETROCHEM LIMITED CORP.;JAPON;0.1%;8,000.00;KILOS; $264,000.00 ; Q2,023,860.96 ;7.66614;Agrequima; Q9,107.37 ;;;;;
66760;94EA6C3C;2988066495;HERBICIDA  ;2988066495;6/02/2026;AGRO INSUMOS, S.A.;ECLEON 25 SL        ;FOMESAFEN+FLUAZIFOP-P-BUTYL ;SYNGENTA CROP PROTECTION AG;MEXICO ;0.1%;360;LITROS; $7,378.20 ; Q56,562.31 ;7.66614;Agrequima; Q254.53 ;;;;;
66762;F4B95EB4;3176941396;HERBICIDA  ;3176941396;6/02/2026;AGRO INSUMOS, S.A.;FUSILADE   12.5   EC;FLUAZIFOP-P-BUTYL           ;SYNGENTA CROP PROTECTION AG;MEXICO ;0.1%;930;LITROS; $16,090.57 ; Q123,352.56 ;7.66614;Agrequima; Q555.09 ;;;;;
66761;4A83B791;1945321676;INSECTICIDA;1945321676;6/02/2026;AGRO INSUMOS, S.A.;DENIM FIT 45 WG     ;EMAMECTIN BENZOATE+LUFENURON;SYNGENTA CROP PROTECTION AG;AUSTRIA;0.1%;304.5;KILOS ; $26,814.71 ; Q205,565.32 ;7.66614;Agrequima; Q925.04 ;;;;;
66763;195EFF54;1506297312;ACARICIDA, INSECTICIDA;1506297312;9/02/2026;CORPORACION AGRILIFE, S. A.;VERTIMOR 1.8 EC;ABAMECTINA;AGRIMOR IL LTD;ISRAEL;0.1%;720;LITROS; $22,320.00 ; Q171,132.13 ;7.66721;Agrequima; Q770.09 ;;;;;
66765;16006F9C;2173387982;FUNGICIDA;2173387982;10/02/2026;BAYER S.A.           ;BIXAFEN SC 200   ;BIXAFEN                     ;BAYER AG            ;ALEMANIA  ;0.1%;248.25;LITROS; $248.25 ; Q1,903.38 ;7.66721;Agrequima; Q8.57 ;;;;;
66766;1B0E94EE;4172303449;FUNGICIDA;4172303449;10/02/2026;BANANERA TEPEYAC, S.A;VONDOZEB   62  SC;MANCOZEB                    ;UPL COSTA RICA, S.A.;COSTA RICA;0.1%;17,000.00;LITROS; $88,400.00 ; Q677,781.36 ;7.66721;Agrequima; Q3,050.02 ;;;;;
66767;F610B1B5;2774944205;INSECTICIDA;2774944205;12/02/2026;HENDRIX  AND DAIL GUATEMALA, S.A.                          ;EXALT 6 SC             ;SPINETORAM                     ;ZOLI HENDRIX AND DAIL DE HONDURAS, S.A. DE C.V.;ESTADOS UNIDOS DE AMERICA;0.1%;300;LITROS; $32,094.00 ; Q246,071.44 ;7.66721;Agrequima; Q1,107.32 ;;;;;
66768;8A04D83C;1818772991;FUNGICIDA;1818772991;12/02/2026;PROMOCIONES AGRICOLAS INDUSTRIALES Y COMERCIALES, S.A      ;VIRTUOSA               ;STRPTOMYCES GRISEOFUSCUS       ;STREPTOMYCES GRISEFUSCUS                       ;BELGICA                  ;0.1%;5;LITROS; $209.28 ; Q1,604.59 ;7.66721;Agrequima; Q7.22 ;;;;;
66769;FDA5B34B;1694385365;FUNGICIDA;1694385365;12/02/2026;INVERSIONES COMERCIALES AGRICOLAS Y PECUARIAS EL EXITO, S.A;ROOTSHIELD T-22 1.15 WP;TRICHODERMA HARZIANUM CEPA T-22;BIOWORKS INC.                                  ;ESTADOS UNIDOS DE AMERICA;0.1%;90.91;KILOS ; $5,247.65 ; Q40,234.83 ;7.66721;Agrequima; Q181.06 ;;;;;
66770;881D096F;596332157;INSECTICIDA;596332157;12/02/2026;PRODUCTOS AGRICOLAS DE ORIENTE, S.A.                       ;TARGET  24   SC        ;SULFOXAFLOR                    ;ZOLI HENDRIX AND DAIL DE HONDURAS S.A. DE C.V. ;ESTADOS UNIDOS DE AMERICA;0.1%;357;LITROS; $54,264.00 ; Q416,053.48 ;7.66721;Agrequima; Q1,872.24 ;;;;;
66771;CCD25A9E;3711127142;INSECTICIDA;3711127142;12/02/2026;PRODUCTOS AGRICOLAS DE ORIENTE, S.A.                       ;EXALT 6 SC             ;SPINETORAM                     ;ZOLI HENDRIX AND DAIL DE HONDURAS S.A. DE C.V. ;ESTADOS UNIDOS DE AMERICA;0.1%;356;LITROS; $46,992.00 ; Q360,297.53 ;7.66721;Agrequima; Q1,621.34 ;;;;;
66772;FEFDA338;2703770638;ACARICIDA, INSECTICIDA, NEMATICIDA;2703770638;13/02/2026;AGRICENTER GUATEMALA, S.A;THIMET  10  GR;FORATO;AMVAC LATAM S. DE R.L.;COSTA RICA;0.1%;19,500.00;KILOS; $49,140.00 ; Q376,766.70 ;7.66721;Agrequima; Q1,695.45 ;;;;;
66773;739BE22F;3635692664;ACARICIDA, INSECTICIDA, NEMATICIDA;3635692664;13/02/2026;AGRICENTER GUATEMALA, S.A;THIMET  10  GR;FORATO;AMVAC LATAM S. DE R.L.;COSTA RICA;0.1%;8,400.00;KILOS; $21,504.00 ; Q164,875.68 ;7.66721;Agrequima; Q741.94 ;;;;;
66774;B5B56BBD;1259685306;FUNGICIDA  ;1259685306;18/02/2026;AGRO INSUMOS, S.A.       ;AMISTAR XTRA / PRIORI XTRA  28 SC;CYPROCONAZOL, AZOXISTROBINA     ;SYNGENTA CROP PROTECTION AG;COLOMBIA                 ;0.1%;12;LITROS; $329.55 ; Q2,525.30 ;7.66287;Agrequima; Q11.36 ;;;;;
66775;2BD8D097;2209565015;INSECTICIDA;2209565015;18/02/2026;AGRO INSUMOS, S.A.       ;ENGEO/ CONQUEST 24.7 SC          ;TIAMETOXAM, LAMBDA- CYHALOTHRIN ;SYNGENTA CROP PROTECTION AG;ESTADOS UNIDOS DE AMERICA;0.1%;633.6;LITROS; $18,121.39 ; Q138,861.86 ;7.66287;Agrequima; Q624.88 ;;;;;
66776;16AD7C32;542591562;INSECTICIDA;542591562;18/02/2026;AGRO INSUMOS, S.A.       ;PEGASUS  50  SC                  ;DIAFENTIURON                    ;SYNGENTA CROP PROTECTION AG;COLOMBIA                 ;0.1%;297.6;LITROS; $10,889.29 ; Q83,443.21 ;7.66287;Agrequima; Q375.49 ;;;;;
66777;B8401008;1825981563;INSECTICIDA;1825981563;18/02/2026;AGRO INSUMOS, S.A.       ;ENGEO / CONQUEST  24.7  SC       ;THIAMETHOXAM, LAMBDA CYHALOTRINA;SYNGENTA CRO PROTECTION AG ;ESTADOS UNIDOS DE AMERICA;0.1%;528;LITROS; $11,011.41 ; Q84,379.00 ;7.66287;Agrequima; Q379.71 ;;;;;
66778;C0DC553A;362824458;FUNGICIDA;362824458;18/02/2026;AGRO INSUMOS, S.A.       ;INSPIRE  GOLD  33.83  EW         ;CYPRODINIL, DIFECONAZOLE        ;SYNGENTA CROP PROTECTION AG;ESTADOS UNIDOS DE AMERICA;0.1%;1,608.00;LITROS; $34,482.79 ; Q264,237.14 ;7.66287;Agrequima; Q1,189.07 ;;;;;
66779;231429BC;1153582705;FUNGICIDA;1153582705;18/02/2026;AGRO INSUMOS, S.A.       ;BRAVO  72  SC                    ;CLOROTALONIL                    ;SYNGENTA CROP PROTECTION AG;COLOMBIA                 ;0.1%;17,592.00;LITROS; $140,311.94 ; Q1,075,192.16 ;7.66287;Agrequima; Q4,838.36 ;;;;;
66780;C4FE916F;410993298;FUNGICIDA  ;410993298;18/02/2026;AGRO INSUMOS, S.A.       ;BRAVO  72  SC                    ;CLOROTALONIL                    ;SYNGENTA CROP PROTECTION AG;COLOMBIA                 ;0.1%;8,640.00;KILOS ; $68,911.73 ; Q528,061.63 ;7.66287;Agrequima; Q2,376.28 ;;;;;
66781;E6D27D14;1202406725;INSECTICIDA;1202406725;18/02/2026;OLEFINAS, S.A.           ;PYRIPROXYFEN TECHNICAL           ;PYRIPROXIFEN                    ;PETROCHEM LIMITED CORP.    ;JAPON                    ;0.1%;3,000.00;KILOS ; $945,000.00 ; Q7,241,412.15 ;7.66287;Agrequima; Q32,586.35 ;;;;;
66782;5C55DAB8;1635536608;NEMATICIDA;1635536608;18/02/2026;AGRICENTER GUATEMALA, S.A;NEMACUR  10  GR                  ;FENAMIPHOS                      ;AMVAC DE COSTA RICA, S.R.L.;GUATEMALA                ;0.1%;13,200.00;KILOS ; $51,612.00 ; Q395,496.05 ;7.66287;Agrequima; Q1,779.73 ;;;;;
66783;65EEEC5E;2095206354;FUNGICIDA;2095206354;19/02/2026;BANANERA TEPEYAC, S.A ;VONDOZEB   62  SC ;MANCOZEB                                 ;UPL COSTA RICA, S.A                         ;COSTA RICA;0.1%;17,000.00;LITROS; $88,400.00 ; Q677,397.71 ;7.66287;Agrequima; Q3,048.29 ;;;;;
66784;51165CFF;2649901252;HERBICIDA;2649901252;19/02/2026;ASERSI                ;CUADRILLA 40 SL   ;2,4-D + PICLORAM                         ;POLAQUIMIA, S.A. DE C.V.                    ;MEXICO    ;0.1%;3;LITROS; $110.05 ; Q843.30 ;7.66287;Agrequima; Q3.79 ;;;;;
66785;C1AF252B;4089136325;HERBICIDA;4089136325;19/02/2026;ASERSI                ;CORNADA 24 EC     ;PICLORAM + 2,4 - D + CARFENTRAZONE ETHEYL;POLAQUIMIA, S.A. DE C.V.                    ;MEXICO    ;0.1%;5;LITROS; $110.05 ; Q843.30 ;7.66287;Agrequima; Q3.79 ;;;;;
66786;CAF8F575;1261980411;FIMIGANTE;1261980411;19/02/2026;CLASSIC GUATEMALA, S.A;TRI-LONE 113.74 GE;113.74;ZOLI HENDRIX & DAIL DE HONDURAS S.A. DE C.V.;HONDURAS  ;0.1%;50,018.77;LITROS; $367,638.00 ; Q2,817,162.20 ;7.66287;Agrequima; Q12,677.23 ;;;;;
66787;8C37A6E6;2826194125;INSECTICIDA           ;2826194125;20/02/2026;AGRO INSUMOS, S.A.;ENGEO/ CONQUEST 24.7 SC   ;TIAMETOXAM, LAMBDA- CYHALOTHRIN ;SYNGENTA CROP PROTECTION AG;ESTADOS UNIDOS DE AMERICA;0.1%;1,200.00;LITROS; $25,025.94 ; Q191,770.52 ;7.66287;Agrequima; Q862.97 ;;;;;
66788;115F7DC0;1993097622;FUNGICIDA;1993097622;20/02/2026;AGRO INSUMOS, S.A.                                 ;BRAVONIL 72 SC                       ;CLOROTALONIL                              ;SYNGENTA CROP PROTECTION AG                     ;COLOMBIA                 ;0.1%;4,056.00;LITROS; $35,030.13 ; Q268,431.33 ;7.66287;Agrequima; Q1,207.94 ;;;;;
66789;371DF385;3923592057;FUNGICIDA;3923592057;20/02/2026;AGRO INSUMOS, S.A.                                 ;FOLIO GOLD / RIDOMIL GOLD BRAVO 44 SC;METALAXIL-M, CLOROTALONIL                 ;SYNGENTA CROP PROTECTION AG                     ;COLOMBIA                 ;0.1%;2,988.00;LITROS; $36,133.05 ; Q276,882.86 ;7.66287;Agrequima; Q1,245.97 ;;;;;
66790;3196AFB0;2686208267;FUNGICIDA;2686208267;20/02/2026;AGRO INSUMOS, S.A.                                 ;REVUS  OPTI  44  SC                  ;CLOROTALONIL, MANDIPROPAMID               ;SYNGENTA CROP PROTECTION AG                     ;COLOMBIA                 ;0.1%;4,368.00;LITROS; $78,529.02 ; Q601,757.67 ;7.66287;Agrequima; Q2,707.91 ;;;;;
66791;AC93F0B0;2631483541;FUNGICIDA;2631483541;20/02/2026;AGRO INSUMOS, S.A.                                 ;AMISTAR  50  WG                      ;AZOXISTROBINA                             ;SYNGENTA CROP PROTECTION AG                     ;ESTADOS UNIDOS DE AMERICA;0.1%;976.8;KILOS ; $77,096.47 ; Q590,780.23 ;7.66287;Agrequima; Q2,658.51 ;;;;;
66792;5A7B8967;1456229303;FUNGICIDA             ;1456229303;20/02/2026;AGRO INSUMOS, S.A.                                 ;AMISTAR  50  WG                      ;AZOXISTROBINA                             ;SYNGENTA CROP PROTECTION AG                     ;ESTADOS UNIDOS DE AMERICA;0.1%;834;KILOS ; $41,494.87 ; Q317,969.79 ;7.66287;Agrequima; Q1,430.86 ;;;;;
66793;97649572;1523271779;FUNGICIDA             ;1523271779;20/02/2026;AGRO INSUMOS, S.A.                                 ;QUADRIS OPTI/ AMISTAR OPTI 66 SC     ;CLOROTALONILO, AZOXISTROBINA              ;SYNGENTA CROP PROTECTION AG                     ;ESTADOS UNIDOS DE AMERICA;0.1%;456;LITROS; $9,440.33 ; Q72,340.02 ;7.66287;Agrequima; Q325.53 ;;;;;
66794;93DE559D;966607944;FUNGICIDA             ;966607944;20/02/2026;AGRO INSUMOS, S.A.                                 ;QUADRIS OPTI/ AMISTAR OPTI 66 SC     ;CLOROTALONILO, AZOXISTROBINA              ;SYNGENTA CROP PROTECTION AG                     ;ESTADOS UNIDOS DE AMERICA;0.1%;1,152.00;LITROS; $22,116.16 ; Q169,473.26 ;7.66287;Agrequima; Q762.63 ;;;;;
66795;57898D28;1124552333;FUNGICIDA             ;1124552333;20/02/2026;AGRO INSUMOS, S.A.                                 ;AMISTAR TOP 32.5 SC                  ;AZOXISTROBINA, DIFENOCONAZOLE             ;SYNGENTA CROP PROTECTION AG                     ;COLOMBIA                 ;0.1%;480;LITROS; $41,222.62 ; Q315,883.58 ;7.66287;Agrequima; Q1,421.48 ;;;;;
66796;6A2C5885;3101706870;FUNGICIDA             ;3101706870;20/02/2026;AGRO INSUMOS, S.A.                                 ;GRADUATE 47.79 SC                    ;FLUDIOXONIL, AZOXYSTROBIN                 ;SYNGENTA CROP PROTECTION AG                     ;ESTADOS UNIDOS DE AMERICA;0.1%;96;LITROS; $6,038.15 ; Q46,269.56 ;7.66287;Agrequima; Q208.21 ;;;;;
66797;D4217A86;501828625;INSECTICIDA;501828625;20/02/2026;AGRO INSUMOS, S.A.;ENGEO / CONQUEST  24.7  SC;THIAMETHOXAM, LAMBDA CYHALOTRINA;SYNGENTA CROP PROTECTION AG;ESTADOS UNIDOS DE AMERICA;0.1%;1,152.00;LITROS; $24,024.90 ; Q184,099.69 ;7.66287;Agrequima; Q828.45 ;;;;;
66798;05FEB47C;2137608083;INSECTICIDA;2137608083;20/02/2026;AGRO INSUMOS, S.A.                                 ;KARATE  ZEON 5 CS                    ;LAMBDA CYHALOTRINA                        ;SYNGENTA CROP PROTECTION AG                     ;BELGICA                  ;0.1%;480;LITROS; $5,131.18 ; Q39,319.57 ;7.66287;Agrequima; Q176.94 ;;;;;
66799;64E4BD76;3349234793;INSECTICIDA;3349234793;20/02/2026;AGRO INSUMOS, S.A.                                 ;ENGEO / CONQUEST  24.7  SC           ;THIAMETHOXAM, LAMBDA CYHALOTRINA          ;SYNGENTA CROP PROTECTION AG                     ;ESTADOS UNIDOS DE AMERICA;0.1%;384;LITROS; $10,982.66 ; Q84,158.70 ;7.66287;Agrequima; Q378.71 ;;;;;
66800;0695829E;1036469148;INSECTICIDA-FUNGICIDA;1036469148;20/02/2026;AGRO INSUMOS, S.A.                                 ;FORTENZA MAXX 38.25 FS               ;THIAMETHOXAM+CYANTRANILIPROLE, FLUDIOXOMIL;SYNGENTA CROP PROTECTION AG                     ;ESTADOS UNIDOS DE AMERICA;0.1%;348;LITROS; $16,797.94 ; Q128,720.43 ;7.66287;Agrequima; Q579.24 ;;;;;
66801;65C88B2C;134758429;HERBICIDA             ;134758429;20/02/2026;AGRO INSUMOS, S.A.                                 ;DUAL  GOLD  96  EC                   ;S-METOLACHLOR                             ;SYNGENTA CROP PROTECTION AG                     ;COLOMBIA                 ;0.1%;216;LITROS; $1,883.08 ; Q14,429.80 ;7.66287;Agrequima; Q64.93 ;;;;;
66802;2DCCA6DB;518081814;FUNGICIDA             ;518081814;20/02/2026;AGRO INSUMOS, S.A.                                 ;RIDOMIL GOLD MZ 68 WP                ;METALAXIL-M, MANCOZEB                     ;SYNGENTA CROP PROTECTION AG                     ;COLOMBIA                 ;0.1%;4,050.00;KILOS ; $41,030.04 ; Q314,407.86 ;7.66287;Agrequima; Q1,414.84 ;;;;;
66803;DDE0A973;3261678315;FUNGICIDA             ;3261678315;20/02/2026;AGRO INSUMOS, S.A.                                 ;RIDOMIL GOLD MZ 68 WP                ;METALAXIL-M, MANCOZEB                     ;SYNGENTA CROP PROTECTION AG                     ;COLOMBIA                 ;0.1%;4,155.00;KILOS ; $42,093.79 ; Q322,559.24 ;7.66287;Agrequima; Q1,451.52 ;;;;;
66804;353311D5;3518515290;FUNGICIDA             ;3518515290;20/02/2026;AGRO INSUMOS, S.A.                                 ;REFLECT   12.5  EC                   ;ISOPYRAZAM                                ;SYNGENTA CROP PROTECTION AG                     ;COREA                    ;0.1%;2,540.00;LITROS; $54,985.46 ; Q421,346.43 ;7.66287;Agrequima; Q1,896.06 ;;;;;
66805;989D5F2D;239946683;INSECTICIDA;239946683;20/02/2026;AGRO INSUMOS, S.A.;ENGEO / CONQUEST  24.7  SC;THIAMETHOXAM, LAMBDA CYHALOTRINA;SYNGENTA CROP PROTECTION AG;ESTADOS UNIDOS DE AMERICA;0.1%;1,003.20;LITROS; $28,692.19 ; Q219,864.52 ;7.66287;Agrequima; Q989.39 ;;;;;
66806;75AB5178;1876119403;INSECTICIDA;1876119403;20/02/2026;AGRO INSUMOS, S.A.                                 ;CURYOM   55  EC                      ;LUFENURON, PROFENOFOS                     ;SYNGENTA CROP PROTECTION AG                     ;COLOMBIA                 ;0.1%;6,996.00;LITROS; $177,902.68 ; Q1,363,245.11 ;7.66287;Agrequima; Q6,134.60 ;;;;;
66807;12A8A44E;47925657;FUNGICIDA;47925657;20/02/2026;AGRO INSUMOS, S.A.                                 ;ALTO/RESTRANA 10 SL                  ;CYPROZONAZOLE                             ;SYNGENTA CROP PROTECTION AG                     ;COLOMBIA                 ;0.1%;639;LITROS; $11,916.80 ; Q91,316.89 ;7.66287;Agrequima; Q410.93 ;;;;;
66808;8DE9C207;3765128478;FUNGICIDA             ;3765128478;20/02/2026;AGRO INSUMOS, S.A.                                 ;ALTO/RESTRANA 10 SL                  ;CYPROZONAZOLE                             ;SYNGENTA CROP PROTECTION AG                     ;COLOMBIA                 ;0.1%;7,200.00;LITROS; $122,710.14 ; Q940,311.85 ;7.66287;Agrequima; Q4,231.40 ;;;;;
66809;CCBD387D;264913766;FUNGICIDA;264913766;20/02/2026;AGRO INSUMOS, S.A.                                 ;ALTO/RESTRANA 10 SL                  ;CYPROZONAZOLE                             ;SYNGENTA CROP PROTECTION AG                     ;COLOMBIA                 ;0.1%;3,504.00;LITROS; $59,718.93 ; Q457,618.40 ;7.66287;Agrequima; Q2,059.28 ;;;;;
66810;77190B96;1651392776;INSECTICIDA;1651392776;20/02/2026;AGRO INSUMOS, S.A.                                 ;ACTARA  25  WG                       ;THIAMETHOXAM                              ;SYNGENTA CROP PROTECTION AG                     ;ESTADOS UNIDOS DE AMERICA;0.1%;31.5;KILOS ; $4,568.47 ; Q35,007.59 ;7.66287;Agrequima; Q157.53 ;;;;;
66811;A43A83A3;465979122;FUNGICIDA             ;465979122;20/02/2026;SOLUFERT, S.A                                      ;DITHANE 62 SC                        ;MANCOZEB                                  ;UPL COSTA RICA, S.A                             ;COSTA RICA               ;0.1%;17,000.00;LITROS; $82,450.00 ; Q631,803.63 ;7.66287;Agrequima; Q2,843.12 ;;;;;
66812;2A60453D;2639482785;HERBICIDA;2639482785;20/02/2026;INSUMOS AGROQUIMICOS Y PECUARIOS DE GUATEMALA, S.A.;ARBU - STOP 24 SL                    ;PICLORAM                                  ;RAINBOW AGROSCIENCES (CENTRAL AMERICA) CO., LTD.;CHINA                    ;0.1%;8,000.00;LITROS; $46,800.00 ; Q358,622.32 ;7.66287;Agrequima; Q1,613.80 ;;;;;
66813;57CB498E;4106898963;HERBICIDA;4106898963;20/02/2026;INSUMOS AGROQUIMICOS Y PECUARIOS DE GUATEMALA, S.A.;FRIZON 36 SL                         ;FENOXI+PIRIDINA                           ;RAINBOW AGROSCIENCES (CENTRAL AMERICA) CO., LTD.;CHINA                    ;0.1%;600;LITROS; $4,332.00 ; Q33,195.55 ;7.66287;Agrequima; Q149.38 ;;;;;
66814;6B2A1C21;2133281242;INSECTICIDA;2133281242;20/02/2026;INSUMOS AGROQUIMICOS Y PECUARIOS DE GUATEMALA, S.A.;BALLESTA 48 EC                       ;CHLORPYRIFOS                              ;RAINBOW AGROSCIENCES (CENTRAL AMERICA) CO., LTD.;CHINA                    ;0.1%;600;LITROS; $3,222.00 ; Q24,689.77 ;7.66287;Agrequima; Q111.10 ;;;;;
66815;D23C5A71;2138654027;HERBICIDA;2138654027;20/02/2026;INSUMOS AGROQUIMICOS Y PECUARIOS DE GUATEMALA, S.A.;INSU-AMINA 72 SL                     ;2,4-D                                     ;RAINBOW AGROSCIENCES (CENTRAL AMERICA) CO., LTD.;CHINA                    ;0.1%;8,000.00;LITROS; $18,240.00 ; Q139,770.75 ;7.66287;Agrequima; Q628.97 ;;;;;
66816;1CB0F39D;2331330777;FUNGICIDA  ;2331330777;20/02/2026;ASERSI            ;DOMARK 10 EC              ;TETRACONAZOLE                   ;R&D CENTER RENATO UGO      ;ITALIA                   ;0.1%;10;LITROS; $390.18 ; Q2,989.90 ;7.66287;Agrequima; Q13.45 ;;;;;
66817;80AC73EF;3439805156;FUNGICIDA;3439805156;23/02/2026;ASERSI     ;EMINENT EXCELL 18 SC;TETRACOMAZOLE+AZOXYSTROBIN;ISAGRO, S.P.A.                   ;ITALIA;0.1%;10;LITROS; $390.18 ; Q2,990.14 ;7.66349;Agrequima; Q13.46 ;;;;;
66818;F377E8F7;1907508787;FUNGICIDA;1907508787;23/02/2026;TRIBO, S.A.;DIFECO 25 EC        ;DIFENOCONAZOLE            ;NINGBO YINWEI CHEMICALS CO., LTD ;CHINA ;0.1%;1,008.00;LITROS; $6,804.00 ; Q52,142.39 ;7.66349;Agrequima; Q234.64 ;;;;;
66819;F3BBE5C3;911887995;FUNGICIDA;911887995;23/02/2026;TRIBO, S.A.;SPRINT 40 WP        ;MYCLOBUTANIL              ;NINGBO YIHWEI CHEMICALS CO., LTD.;CHINA ;0.1%;1,000.00;KILOS ; $12,790.00 ; Q98,016.04 ;7.66349;Agrequima; Q441.07 ;;;;;
66820;B1F128D0;239223931;HERBICIDA;239223931;23/02/2026;TRIBO, S.A.;ATRAZINA 80 WP      ;ATRAZINA                  ;NINGBO YIHWEI CHEMICALS CO., LTD.;CHINA ;0.1%;9,000.00;KILOS ; $38,160.00 ; Q292,438.78 ;7.66349;Agrequima; Q1,315.97 ;;;;;
66821;B7632ED4;3206169288;FUNGICIDA;3206169288;24/02/2026;INVERSIONES COMERCIALES AGRICOLAS Y PECUARIAS EL EXITO, S.A;T-22/ROOTSHIELD T-22 1.15 WP;TRICHODERMA HARZIANUM CEPA T-22;BIOWORKS INC          ;ESTADOS UNIDOS DE AMERICA;0.1%;272.4;KILOS; $12,865.72 ; Q98,596.32 ;7.66349;Agrequima; Q443.68 ;;;;;
66822;D65692B0;1507020274;INSECTICIDA/ACARICIDA/NEMATICIDA;1507020274;24/02/2026;AGRICENTER GUATEMALA, S.A                                  ;THIMET  10  GR              ;FORATO                         ;AMVAC LATAM S. DE R.L.;COSTA RICA               ;0.1%;12,480.00;KILOS; $38,064.00 ; Q291,703.08 ;7.66349;Agrequima; Q1,312.66 ;;;;;
66823;6A5A399E;936394850;HERBICIDA;936394850;25/02/2026;SEMILLAS E INSUMOS AGROPECUARIOS, S.A;COMBATRAN XT 22.5 ME;FLUROXIPIR, 2,4-D, AMINOPYRALID;CORTEVA AGRISCIENCE DE COLOMBIA S.A.S;COLOMBIA;0.1%;11,400.00;LITROS; $57,652.31 ; Q441,817.90 ;7.66349;Agrequima; Q1,988.18 ;;;;;
66824;0E158818;288377608;HERBICIDA;288377608;26/02/2026;AGRO INSUMOS, S.A.                         ;A23913A        ;BYCICLOPYRONE+TEBUTHIURON;SYNGENTA PROTECCION DE CULTIVOS LTDA;BRASIL;0.1%;3;LITROS; $455.41 ; Q3,490.03 ;7.66349;Agrequima; Q15.71 ;;;;;
66825;74839266;72041012;FUMIGANTE;72041012;26/02/2026;HIGIENE, PROTECCION Y MEDIO AMBIENTE, S. A.;MAGNAPHOS 56 GE;FOSFINA                  ;UPL COSTA RICA, S.A.                ;INDIA ;0.1%;84.24;KILOS ; $3,160.68 ; Q24,221.84 ;7.66349;Agrequima; Q109.00 ;;;;;
66826;B1EDF910;990596587;FUMIGANTE;990596587;26/02/2026;HIGIENE, PROTECCION Y MEDIO AMBIENTE, S. A.;PHOSAMINE 56 GE;FOSFURO DE ALUMINIO      ;UPL COSTA RICA S.A.                 ;INDIA ;0.1%;2,985.98;KILOS ; $54,354.86 ; Q416,547.93 ;7.66349;Agrequima; Q1,874.47 ;;;;;
66827;8CF9B450;2087995394;FUMIGANTE;2087995394;26/02/2026;HIGIENE, PROTECCION Y MEDIO AMBIENTE, S. A.;PHOSAMINE 56 GE;FOSFURO DE ALUMINIO      ;UPL COSTA RICA, S.A.                ;INDIA ;0.1%;1,680.00;KILOS ; $23,583.84 ; Q180,734.52 ;7.66349;Agrequima; Q813.31 ;;;;;
66828;86F503B7;316559089;FUNGICIDA;316559089;27/02/2026;AGRO INSUMOS, S.A.                  ;MERTECT  50  SC      ;TIABENDAZOL                   ;SYNGENTA CROP PROTECTION AG                    ;COLOMBIA                 ;0.1%;3,740.00;LITROS; $87,083.60 ; Q667,364.30 ;7.66349;Agrequima; Q3,003.14 ;;;;;
66829;70FB4056;4151657411;INSECTICIDA;4151657411;27/02/2026;AGRO INSUMOS, S.A.                  ;INCIPIO 20 SC        ;ISOCYCLOSERAM                 ;SYNGENTA CROP PROTECTION AG                    ;INGLATERRA               ;0.1%;182.4;LITROS; $19,189.23 ; Q147,056.47 ;7.66349;Agrequima; Q661.75 ;;;;;
66830;EEFD6990;2897822133;INSECTICIDA;2897822133;27/02/2026;AGRO INSUMOS, S.A.                  ;INCIPIO 20 SC        ;ISOCYCLOSERAM                 ;SYNGENTA CROP PROTECTION AG                    ;INGLATERRA               ;0.1%;432;LITROS; $45,448.18 ; Q348,291.67 ;7.66349;Agrequima; Q1,567.31 ;;;;;
66831;AAAECFC6;3947119566;INSECTICIDA;3947119566;27/02/2026;AGRO INSUMOS, S.A.                  ;INCIPIO 20 SC        ;ISOCYCLOSERAM                 ;SYNGENTA CROP PROTECTION AG                    ;INGLATERRA               ;0.1%;888;LITROS; $90,045.34 ; Q690,061.56 ;7.66349;Agrequima; Q3,105.28 ;;;;;
66832;9A668DE1;1241465959;FUNGICIDA;1241465959;27/02/2026;AGRO INSUMOS, S.A.                  ;SICO  25  EC         ;DIFECONAZOLE                  ;SYNGENTA CROP PROTECTION AG                    ;COLOMBIA                 ;0.1%;4,500.00;LITROS; $55,926.74 ; Q428,594.01 ;7.66349;Agrequima; Q1,928.67 ;;;;;
66833;267D55CE;2257145080;FUNGICIDA;2257145080;27/02/2026;AGRO INSUMOS, S.A.                  ;RIDOMIL GOLD MZ 68 WP;METALAXIL-M, MANCOZEB         ;SYNGENTA CROP PROTECTION AG                    ;COLOMBIA                 ;0.1%;1,792.00;KILOS ; $23,892.47 ; Q183,099.70 ;7.66349;Agrequima; Q823.95 ;;;;;
66834;A3A510E5;815811159;INSECTICIDA           ;815811159;27/02/2026;AGRO INSUMOS, S.A.                  ;ELESTAL NEO 54 WG    ;KETOENOL+NEONICOTINOIDE       ;SYNGENTA CROP PROTECTION, S.A.                 ;COREA                    ;0.1%;1,008.00;KILOS ; $67,376.14 ; Q516,336.38 ;7.66349;Agrequima; Q2,323.51 ;;;;;
66835;483703B1;1494633120;INSECTICIDA-NEMATICIDA;1494633120;27/02/2026;AGRO INSUMOS, S.A.                  ;SOLVIGO  10.8  SC    ;ABAMECTINA, THIAMETHOXAM      ;SYNGENTA CROP PROTECTION AG                    ;ESTADOS UNIDOS DE AMERICA;0.1%;504;LITROS; $17,432.28 ; Q133,592.10 ;7.66349;Agrequima; Q601.16 ;;;;;
66836;8E2FD032;1555451682;HERBICIDA;1555451682;27/02/2026;AGRO INSUMOS, S.A.                  ;FUSILADE   12.5   EC ;FLUAZIFOP-P-BUTYL             ;SYNGENTA CROP PROTECTION AG                    ;MEXICO                   ;0.1%;1,800.00;LITROS; $21,125.16 ; Q161,892.45 ;7.66349;Agrequima; Q728.52 ;;;;;
66837;835ED528;705381735;INSECTICIDA;705381735;27/02/2026;AGRO INSUMOS, S.A.                  ;DENIM FIT 45 WG      ;EMAMECTIN BENZOATE+LUFENURON  ;SYNGENTA CROP PROTECTION AG                    ;AUSTRIA                  ;0.1%;288;KILOS ; $25,361.69 ; Q194,359.06 ;7.66349;Agrequima; Q874.62 ;;;;;
66838;3E9114F3;361058056;INSECTICIDA;361058056;27/02/2026;AGRO INSUMOS, S.A.                  ;MINECTO DUO 40 WG    ;THIAMETHOXAM, CYANTRANILIPROLE;SYNGENTA CROP PROTECTION AG                    ;ESTADOS UNIDOS DE AMERICA;0.1%;540;KILOS ; $62,930.34 ; Q482,266.03 ;7.66349;Agrequima; Q2,170.20 ;;;;;
66839;53428894;2119516178;INSECTICIDA           ;2119516178;27/02/2026;AGRO INSUMOS, S.A.                  ;MINECTO DUO 40 WG    ;THIAMETHOXAM, CYANTRANILIPROLE;SYNGENTA CROP PROTECTION AG                    ;ESTADOS UNIDOS DE AMERICA;0.1%;384;KILOS ; $48,857.37 ; Q374,417.97 ;7.66349;Agrequima; Q1,684.88 ;;;;;
66840;86FDF2D6;2364097297;HERBICIDA;2364097297;27/02/2026;AGRO INSUMOS, S.A.                  ;ELUMIS 10.5 OD       ;MESOTRIONE+NICOSULFURON       ;SYNGENTA CROP PROTECTION AG                    ;FRANCIA                  ;0.1%;576;LITROS; $7,005.30 ; Q53,685.05 ;7.66349;Agrequima; Q241.58 ;;;;;
66841;B3A37ED6;3419098099;INSECTICIDA           ;3419098099;27/02/2026;PRODUCTOS AGRICOLAS DE ORIENTE, S.A.;EXALT 6 SC           ;SPINETORAM                    ;ZOLI HENDRIX AND DAIL DE HONDURAS. S.A. DE C.V.;ESTADOS UNIDOS DE AMERICA;0.1%;356;LITROS; $46,992.00 ; Q360,122.72 ;7.66349;Agrequima; Q1,620.55 ;;;;;
RDON-REVAI-12128-16.pdf;85652F43;495471116;FUNGICIDA;495471116;12/02/2026;DUWEST GUATEMALA SOCIEDAD ANONIMA;MANCOZEB TECNICO;Mancozeb;DUWEST INC;INDIA;0.1%;44,800.00;KILOGRAMOS; $150,080.00 ; Q1,150,373.71 ;7.66507;Agrequima; Q5,176.68 ;;;;;
RDON-REVAI-12131-20.pdf;4C362D36;663834434;INSECTICIDA;663834434;12/02/2026;PROMOCIONES AGRICOLAS INDUSTRIALES Y COMERCIALES SOCIEDAD ANONIMA;FIDATO  40 WG;SPINETORAM, SULFOXAFLOR;AGRO TRADING CORPORATION, S.A.;ESTADOS UNIDOS DE AMERICA;0.1%;180.00;KILOGRAMOS; $32,640.63 ; Q250,192.71 ;7.66507;Agrequima; Q1,125.87 ;;;;;
RDON-REVAI-12174-07.pdf;EE26684F;2036026828;INSECTICIDA;2036026828;18/02/2026;DUWEST GUATEMALA SOCIEDAD ANONIMA;FURY PLUS 15 EC;Bifenthrin, ZETA-CYPERMETHRIN;DUWEST INC;ESTADOS UNIDOS DE AMERICA;0.1%;800.00;LITROS; $21,280.00 ; Q163,100.35 ;7.66449;Agrequima; Q733.95 ;;;;;
RDON-REVAI-12155-17.pdf;66046500;1674790143;ACARICIDA;1674790143;16/02/2026;PROMOCIONES AGRICOLAS INDUSTRIALES Y COMERCIALES SOCIEDAD ANONIMA;SANMITE 20 WP;PYRIDABEN;AGRO TRADING CORPORATION, S.A.;JAPON;0.1%;800.00;KILOGRAMOS; $21,723.49 ; Q166,467.10 ;7.663;Agrequima; Q749.10 ;;;;;
RDON-REVAI-12187-11.pdf;2DA2A4FB;3905637019;FUNGICIDA;3905637019;23/02/2026;EL COLONO AGROPECUARIO, SOCIEDAD ANONIMA;BANAZEB 60 SC;Mancozeb;DISTRIBUIDORA INQUISA S.A.;COSTA RICA;0.1%;18,000.00;LITROS; $72,000.00 ; Q551,831.04 ;7.66432;Agrequima; Q2,483.24 ;;;;;
RDON-REVAI-12105-10.pdf;201BE476;993937900;INSECTICIDA;993937900;2/02/2026;INVERSIONES COMERCIALES E INDUSTRIALES, SOCIEDAD ANONIMA;Dibrom 90 EC;Naled;AMVAC LATAM S. DE R. L.;ESTADOS UNIDOS DE AMERICA;0.1%;6,656.00;LITROS; $99,840.00 ; Q765,387.42 ;7.66614;Agrequima; Q3,444.24 ;;;;;
RDON-REVAI-12104-41.pdf;97795B6A;1309494199;DESINFECTANTE DE SUELO;1309494199;2/02/2026;INVERSIONES COMERCIALES E INDUSTRIALES, SOCIEDAD ANONIMA;VAPAM 51 GE;METAM-SODIUM;AMVAC LATAM S. DE R. L.;ESTADOS UNIDOS DE AMERICA;0.1%;7,488.00;LITROS; $13,328.64 ; Q102,179.22 ;7.66614;Agrequima; Q459.81 ;;;;;
RDON-REVAI-12109-59.pdf;C20EB127;2740732273;FUNGICIDA;2740732273;4/02/2026;INVERSIONES COMERCIALES E INDUSTRIALES, SOCIEDAD ANONIMA;DICLOZELL  60 SC;Chlorothalonil, Dimetomorf;ZELLAG AG;CHINA;0.1%;2,400.00;LITROS; $20,856.00 ; Q159,881.68 ;7.66598;Agrequima; Q719.47 ;;;;;
RDON-REVAI-12133-49.pdf;C946B75E;4086124130;INSECTICIDA;4086124130;12/02/2026;PROMOCIONES AGRICOLAS INDUSTRIALES Y COMERCIALES SOCIEDAD ANONIMA;EXALT 6 SC;SPINETORAM;AGRO TRADING CORPORATION, S.A.;COLOMBIA;0.1%;478.00;LITROS; $56,132.34 ; Q430,258.32 ;7.66507;Agrequima; Q1,936.16 ;;;;;
RDON-REVAI-12196-53.pdf;BD6E8FEA;4079373650;MATERIA TÉCNICA FUNGICIDA;4079373650;25/02/2026;BAYER, SOCIEDAD ANONIMA;FLUOPICOLIDE TÉCNICO;FLUOPICOLIDE;BAYER AG;SUIZA;0.1%;7,500.00;KILOGRAMOS; $1,359,150.00 ; Q10,416,987.71 ;7.66434;Agrequima; Q46,876.44 ;;;;;
RDON-REVAI-12117-47.pdf;AE13AFD2;2736670391;INSECTICIDA;2736670391;6/02/2026;BAYER, SOCIEDAD ANONIMA;Movento 15 OD;Spirotetramat;BAYER AG;COLOMBIA;0.1%;10,000.00;LITROS; $473,400.00 ; Q3,629,657.21 ;7.66721;Agrequima; Q16,333.46 ;;;;;
RDON-REVAI-12116-46.pdf;03073E3E;1578059070;FUNGICIDA;1578059070;6/02/2026;BAYER, SOCIEDAD ANONIMA;TRIVIA 72,7 WP;Fluopicolide, Propineb;BAYER AG;COLOMBIA;0.1%;6,825.00;KILOGRAMOS; $99,235.50 ; Q760,859.42 ;7.66721;Agrequima; Q3,423.87 ;;;;;
RDON-REVAI-12145-50.pdf;E5BA0802;2849522135;HERBICIDA;2849522135;16/02/2026;MAXIAGRO, SOCIEDAD ANONIMA;ATRAZINA 80 WP;ATRAZINE;RAINBOW AGROSCIENCES (CENTRAL AMERICA) CO., LTD.;CHINA;0.1%;2,600.00;KILOGRAMOS; $10,790.00 ; Q82,706.11 ;7.66507;Agrequima; Q372.18 ;;;;;
RDON-REVAI-12144-21.pdf;19308A4E;783829254;HERBICIDA;783829254;16/02/2026;MAXIAGRO, SOCIEDAD ANONIMA;PARAQUAT 20 SL;PARAQUAT;RAINBOW AGROSCIENCES (CENTRAL AMERICA) CO., LTD.;CHINA;0.1%;4,032.00;LITROS; $10,967.04 ; Q84,039.00 ;7.66287;Agrequima; Q378.18 ;;;;;
RDON-REVAI-12143-49.pdf;54402A71;1653952258;INSECTICIDA;1653952258;16/02/2026;MAXIAGRO, SOCIEDAD ANONIMA;SISTEMAX  40  EC;DIMETOATO;RAINBOW AGROSCIENCES (CENTRAL AMERICA) CO., LTD.;CHINA;0.1%;1,008.00;LITROS; $4,566.24 ; Q34,990.50 ;7.66287;Agrequima; Q157.46 ;;;;;
RDON-REVAI-12142-19.pdf;98C85B13;3840755160;HERBICIDA;3840755160;16/02/2026;MAXIAGRO, SOCIEDAD ANONIMA;RUSTMAX  15 SL;GLUFOSINATEAMMONIUM;RAINBOW AGROSCIENCES (CENTRAL AMERICA) CO., LTD.;CHINA;0.1%;4,000.00;LITROS; $9,400.00 ; Q72,051.66 ;7.66507;Agrequima; Q324.23 ;;;;;
RDON-REVAI-12141-51.pdf;461060C8;1818839243;HERBICIDA;1818839243;16/02/2026;MAXIAGRO, SOCIEDAD ANONIMA;ATRAZINA 90 WG;ATRAZINE;RAINBOW AGROSCIENCES (CENTRAL AMERICA) CO., LTD.;CHINA;0.1%;2,600.00;KILOGRAMOS; $12,298.00 ; Q94,265.03 ;7.66507;Agrequima; Q424.19 ;;;;;
RDON-REVAI-12140-21.pdf;D83927ED;1645233185;FUNGICIDA;1645233185;16/02/2026;MAXIAGRO, SOCIEDAD ANONIMA;CLOROTALONIL 72 SC;CHLOROTHALONIL;RAINBOW AGROSCIENCES (CENTRAL AMERICA) CO., LTD.;CHINA;0.1%;1,008.00;LITROS; $4,989.60 ; Q38,245.63 ;7.66507;Agrequima; Q172.11 ;;;;;
RDON-REVAI-12120-32.pdf;9A882959;1909932300;HERBICIDA;1909932300;9/02/2026;ARYSTA LIFESCIENCE DE GUATEMALA, SOCIEDAD ANONIMA;FIST  45.6  CS;Pendimethalin;UPL MAURITIUS LIMITED;INDIA;0.1%;18,000.00;LITROS; $55,980.00 ; Q429,029.04 ;7.66397;Agrequima; Q1,930.63 ;;;;;
RDON-REVAI-12121-10.pdf;F95BF51C;1393575955;HERBICIDA;1393575955;10/02/2026;AGROFORTRESS, SOCIEDAD ANONIMA;HEXACTO 75 WP;Hexazinone;TAHUAL AGRICOLA, S.A.;CHINA;0.1%;10,000.00;KILOGRAMOS; $113,500.00 ; Q869,849.24 ;7.66387;Agrequima; Q3,914.32 ;;;;;
RDON-REVAI-12139-50.pdf;0D4EE1D7;2150386781;FUNGICIDA;2150386781;16/02/2026;MAXIAGRO, SOCIEDAD ANONIMA;MAXAZO XTRA 28 SC;AZOXYSTROBIN, CYPROCONAZOLE;RAINBOW AGROSCIENCES (CENTRAL AMERICA) CO., LTD.;CHINA;0.1%;1,152.00;LITROS; $19,641.60 ; Q150,554.24 ;7.66507;Agrequima; Q677.49 ;;;;;
RDON-REVAI-12138-21.pdf;BBA080EF;2901100899;FUNGICIDA;2901100899;16/02/2026;MAXIAGRO, SOCIEDAD ANONIMA;MAXBELL 38 WG;BOSCALID, PYRACLOSTROBIN;RAINBOW AGROSCIENCES (CENTRAL AMERICA) CO., LTD.;CHINA;0.1%;240.00;KILOGRAMOS; $9,052.80 ; Q69,390.35 ;7.66507;Agrequima; Q312.26 ;;;;;
RDON-REVAI-12137-52.pdf;197D83A9;1265058946;FUNGICIDA;1265058946;16/02/2026;MAXIAGRO, SOCIEDAD ANONIMA;MAXBELL 38 WG;BOSCALID, PYRACLOSTROBIN;RAINBOW AGROSCIENCES (CENTRAL AMERICA) CO., LTD.;CHINA;0.1%;240.00;KILOGRAMOS; $8,839.20 ; Q67,734.79 ;7.663;Agrequima; Q304.81 ;;;;;
RDON-REVAI-12130-17.pdf;EC616CA4;1174423763;FUNGICIDA, BACTERICIDA;1174423763;12/02/2026;DUWEST GUATEMALA SOCIEDAD ANONIMA;BLUE SHIELD / NUCOP / COPERNICO  20 WG;METALLICCOPPER;DUWEST INC;MEXICO;0.1%;840.00;KILOGRAMOS; $11,104.80 ; Q85,119.07 ;7.66507;Agrequima; Q383.04 ;;;;;
RDON-REVAI-12122-38.pdf;36503F35;211501359;HERBICIDA;211501359;10/02/2026;NEGOCIOS RELACIONADOS, SOCIEDAD ANONIMA;HEDOMINA 72 SL;2,4-D;TAHUAL AGRICOLA, S.A.;CHINA;0.1%;11,824.00;LITROS; $32,856.00 ; Q251,804.11 ;7.66387;Agrequima; Q1,133.12 ;;;;;
RDON-REVAI-12132-48.pdf;0FA901D4;3656338916;INSECTICIDA;3656338916;12/02/2026;PROMOCIONES AGRICOLAS INDUSTRIALES Y COMERCIALES SOCIEDAD ANONIMA;PQZ  22 SC;PYRIFLUQUINAZON;AGRO TRADING CORPORATION, S.A.;JAPON;0.1%;1,200.00;LITROS; $144,492.49 ; Q1,107,545.05 ;7.66507;Agrequima; Q4,983.95 ;;;;;
RDON-REVAI-12134-21.pdf;882435BB;4273227812;INSECTICIDA;4273227812;12/02/2026;PROMOCIONES AGRICOLAS INDUSTRIALES Y COMERCIALES SOCIEDAD ANONIMA;SPINTOR GREEN  24 SC;Spinosad;AGRO TRADING CORPORATION, S.A.;ESTADOS UNIDOS DE AMERICA;0.1%;115.20;LITROS; $26,511.07 ; Q203,209.21 ;7.66507;Agrequima; Q914.44 ;;;;;
RDON-REVAI-12151-11.pdf;630B0877;4035264743;FUNGICIDA;4035264743;16/02/2026;BAYER, SOCIEDAD ANONIMA;FLUXOSTROBIN  TECNICO  96.5%;FLUOXASTROBIN;BAYER AG;ALEMANIA;0.1%;3,000.00;KILOGRAMOS; $414,900.00 ; Q3,179,324.76 ;7.66287;Agrequima; Q14,306.96 ;;;;;
RDON-REVAI-12154-12.pdf;0501B2CF;1758217681;MATERIA TÉCNICA FUNGICIDA;1758217681;16/02/2026;BAYER, SOCIEDAD ANONIMA;PYRIMETHANIL TECNICO;PYRIMETHANIL;BAYER AG;ALEMANIA;0.1%;9,000.00;KILOGRAMOS; $110,700.00 ; Q848,279.71 ;7.66287;Agrequima; Q3,817.26 ;;;;;
RDON-REVAI-12160-29.pdf;9D3D92C0;3167373363;HERBICIDA;3167373363;17/02/2026;GLOBAL AGROINSUMOS DE GUATEMALA SOCIEDAD ANONIMA;ATRAZINA  80 WP;Atrazine;TAHUAL AGRICOLA, S.A.;CHINA;0.1%;6,720.00;KILOGRAMOS; $29,232.00 ; Q224,004.82 ;7.663;Agrequima; Q1,008.02 ;;;;;
RDON-REVAI-12156-17.pdf;EEB98F2D;139609561;FUNGICIDA;139609561;16/02/2026;PROMOCIONES AGRICOLAS INDUSTRIALES Y COMERCIALES SOCIEDAD ANONIMA;DRON 31 SL;Fosfitodepotasio, Metalaxil;AGRO TRADING CORPORATION, S.A.;INDIA;0.1%;800.00;LITROS; $2,973.17 ; Q22,783.40 ;7.663;Agrequima; Q102.53 ;;;;;
RDON-REVAI-12126-52.pdf;285DA1C7;587090232;FUNGICIDA;587090232;11/02/2026;DUWEST GUATEMALA SOCIEDAD ANONIMA;CURZATE M 72 WP;Cymoxanil, Mancozeb;DUWEST INC;COLOMBIA;0.1%;11,000.00;KILOGRAMOS; $146,080.00 ; Q1,119,630.16 ;7.6645;Agrequima; Q5,038.34 ;;;;;
RDON-REVAI-12150-11.pdf;2D37B0DB;3218296734;MATERIA TECNICA PARA FOMULAR FUNGICIDA-NEMATICIDA;3218296734;16/02/2026;BAYER, SOCIEDAD ANONIMA;FLUOPYRAM TECNICO;FLUOPYRAM;BAYER AG;ALEMANIA;0.1%;1,600.00;KILOGRAMOS; $244,800.00 ; Q1,876,409.14 ;7.66507;Agrequima; Q8,443.84 ;;;;;
RDON-REVAI-12135-23.pdf;04D976C0;3830861457;HERBICIDA;3830861457;13/02/2026;GLOBAL AGROINSUMOS DE GUATEMALA SOCIEDAD ANONIMA;2.4-D 72 SL;2,4-D;TAHUAL AGRICOLA, S.A.;CHINA;0.1%;16,002.00;LITROS; $39,524.94 ; Q302,874.48 ;7.66287;Agrequima; Q1,362.94 ;;;;;
RDON-REVAI-12136-21.pdf;C93199FA;1641433211;HERBICIDA;1641433211;13/02/2026;GLOBAL AGROINSUMOS DE GUATEMALA SOCIEDAD ANONIMA;ATRAZINA  80 WP;Atrazine;TAHUAL AGRICOLA, S.A.;CHINA;0.1%;6,720.00;KILOGRAMOS; $29,232.00 ; Q224,001.02 ;7.66287;Agrequima; Q1,008.00 ;;;;;
RDON-REVAI-12159-29.pdf;A9A39697;1473003654;HERBICIDA;1473003654;17/02/2026;GLOBAL AGROINSUMOS DE GUATEMALA SOCIEDAD ANONIMA;ATRAZINA  80 WP;Atrazine;TAHUAL AGRICOLA, S.A.;CHINA;0.1%;6,560.00;KILOGRAMOS; $28,536.00 ; Q218,671.37 ;7.663;Agrequima; Q984.02 ;;;;;
RDON-REVAI-12146-42.pdf;E5A7ACE5;57429264;FUNGICIDA;57429264;16/02/2026;ARYSTA LIFESCIENCE DE GUATEMALA, SOCIEDAD ANONIMA;PYRUS 40 SC;Pyrimethanil;UPL COSTA RICA, S.A.;COSTA RICA;0.1%;580.00;LITROS; $2,795.60 ; Q21,422.68 ;7.663;Agrequima; Q96.40 ;;;;;
RDON-REVAI-12111-36.pdf;B7297D12;2748795682;FUNGICIDA;2748795682;4/02/2026;EL COLONO AGROPECUARIO, SOCIEDAD ANONIMA;BANAZEB 60 SC;Mancozeb;DISTRIBUIDORA INQUISA S.A.;COSTA RICA;0.1%;18,000.00;LITROS; $72,000.00 ; Q552,008.16 ;7.66678;Agrequima; Q2,484.04 ;;;;;
RDON-REVAI-12157-00.pdf;7.7431E+87;3120319748;HERBICIDA;3120319748;17/02/2026;NEGOCIOS RELACIONADOS, SOCIEDAD ANONIMA;HEDOMINA 72 SL;2,4-D;TAHUAL AGRICOLA, S.A.;CHINA;0.1%;1,000.00;LITROS; $3,250.00 ; Q24,904.75 ;7.663;Agrequima; Q112.07 ;;;;;
RDON-REVAI-12195-04.pdf;7D9E0A30;3462876383;HERBICIDA;3462876383;25/02/2026;GLOBAL AGROINSUMOS DE GUATEMALA SOCIEDAD ANONIMA;ATRAZINA 90 WG;Atrazine;TAHUAL AGRICOLA, S.A.;CHINA;0.1%;6,720.00;KILOGRAMOS; $29,232.00 ; Q224,048.37 ;7.66449;Agrequima; Q1,008.22 ;;;;;
RDON-REVAI-12181-41.pdf;F61A1729;3102296504;HERBICIDA;3102296504;18/02/2026;GLOBAL AGROINSUMOS DE GUATEMALA SOCIEDAD ANONIMA;ATRAZINA 90 WG;Atrazine;TAHUAL AGRICOLA, S.A.;CHINA;0.1%;6,720.00;KILOGRAMOS; $29,232.00 ; Q224,048.37 ;7.66449;Agrequima; Q1,008.22 ;;;;;
RDON-REVAI-12180-41.pdf;175E2C5A;4150018883;HERBICIDA;4150018883;18/02/2026;GLOBAL AGROINSUMOS DE GUATEMALA SOCIEDAD ANONIMA;ATRAZINA 90 WG;Atrazine;TAHUAL AGRICOLA, S.A.;CHINA;0.1%;6,560.00;KILOGRAMOS; $28,536.00 ; Q218,713.89 ;7.66449;Agrequima; Q984.21 ;;;;;
RDON-REVAI-12158-28.pdf;2119508B;854279673;INSECTICIDA, NEMATICIDA;854279673;17/02/2026;DUWEST GUATEMALA SOCIEDAD ANONIMA;VYDATE 24 SL;Oxamyl;DUWEST INC;ESTADOS UNIDOS DE AMERICA;0.1%;14,400.00;LITROS; $229,392.00 ; Q1,758,837.93 ;7.66739;Agrequima; Q7,914.77 ;;;;;
RDON-REVAI-12170-19.pdf;4976D2EF;2322549921;FUNGICIDA;2322549921;17/02/2026;BAYER, SOCIEDAD ANONIMA;NATIVO / CONSIST FULL 75 WG;Tebuconazol, Trifloxystrobin;BAYER AG;ALEMANIA;0.1%;5,400.00;KILOGRAMOS; $176,634.00 ; Q1,354,321.77 ;7.66739;Agrequima; Q6,094.45 ;;;;;
RDON-REVAI-12175-38.pdf;0A7E9E7E;1705593533;INSECTICIDA;1705593533;18/02/2026;DUWEST GUATEMALA SOCIEDAD ANONIMA;MARSHAL 25 DS;Carbosulfan;DUWEST INC;ESTADOS UNIDOS DE AMERICA;0.1%;2,200.00;KILOGRAMOS; $64,900.00 ; Q497,425.40 ;7.66449;Agrequima; Q2,238.41 ;;;;;
RDON-REVAI-12176-08.pdf;C1FA0FA2;3154528738;INSECTICIDA;3154528738;18/02/2026;DUWEST GUATEMALA SOCIEDAD ANONIMA;VERIMARK 20 SC;Cyantraniliprole;DUWEST INC;ESTADOS UNIDOS DE AMERICA;0.1%;400.00;LITROS; $91,816.00 ; Q703,722.81 ;7.66449;Agrequima; Q3,166.75 ;;;;;
RDON-REVAI-12182-09.pdf;6114792D;681395040;INSECTICIDA, ACARICIDA;681395040;20/02/2026;EMPRESA CENTROAMERICANA DE SERVICIOS, S.A.;MILBEKNOCK 0.93 EC;Milbemectin;AGRO TRADING CORPORATION, S. A .;JAPON;0.1%;190.00;LITROS; $9,791.20 ; Q75,034.76 ;7.66349;Agrequima; Q337.66 ;;;;;
RDON-REVAI-12183-08.pdf;57A04FC3;2992523786;INSECTICIDA;2992523786;20/02/2026;EMPRESA CENTROAMERICANA DE SERVICIOS, S.A.;KORCEL 40 WG;Acetamiprid, Fipronil;AGRO TRADING CORPORATION, S. A .;INDIA;0.1%;300.00;KILOGRAMOS; $5,241.19 ; Q40,165.81 ;7.66349;Agrequima; Q180.75 ;;;;;
RDON-REVAI-12186-09.pdf;6AFAC152;2971553284;INSECTICIDA;2971553284;20/02/2026;EMPRESA CENTROAMERICANA DE SERVICIOS, S.A.;APPLAUD 25 SC;Buprofezin;AGRO TRADING CORPORATION, S. A .;JAPON;0.1%;540.00;LITROS; $10,337.39 ; Q79,220.48 ;7.66349;Agrequima; Q356.49 ;;;;;
RDON-REVAI-12189-07.pdf;C3DDF89F;3865526900;FUMIGANTE AL SUELO;3865526900;24/02/2026;GLOBAL AGROINSUMOS DE GUATEMALA SOCIEDAD ANONIMA;METAM SODIO 51 SL;METAM-SODIUM;BESTENFELDEN PANAMA, S.A.;CHINA;0.1%;16,800.00;LITROS; $19,824.00 ; Q151,937.48 ;7.66432;Agrequima; Q683.72 ;;;;;
RDON-REVAI-12185-07.pdf;444646D1;1583761425;FUNGICIDA;1583761425;20/02/2026;EMPRESA CENTROAMERICANA DE SERVICIOS, S.A.;LEIMAY 20 SC;Amisulbrom;AGRO TRADING CORPORATION, S. A .;JAPON;0.1%;400.00;LITROS; $17,385.13 ; Q133,230.77 ;7.66349;Agrequima; Q599.54 ;;;;;
RDON-REVAI-12184-38.pdf;4831C983;3602137254;FUNGICIDA;3602137254;20/02/2026;GLOBAL AGROINSUMOS DE GUATEMALA SOCIEDAD ANONIMA;CARBENDAZIM 50 SC;Carbendazim;TAHUAL AGRICOLA, S.A.;CHINA;0.1%;15,000.00;LITROS; $66,720.00 ; Q511,308.05 ;7.66349;Agrequima; Q2,300.89 ;;;;;
RDON-REVAI-12190-55.pdf;53A29BA6;1322667404;INSECTICIDA;1322667404;24/02/2026;BAYER, SOCIEDAD ANONIMA;Movento 15 OD;Spirotetramat;BAYER AG;COLOMBIA;0.1%;20,000.00;LITROS; $946,800.00 ; Q7,256,597.11 ;7.66434;Agrequima; Q32,654.69 ;;;;;
RDON-REVAI-12199-52.pdf;39D42D93;2900247396;MATERIA TECNICA PARA FOMULAR FUNGICIDA-NEMATICIDA;2900247396;25/02/2026;BAYER, SOCIEDAD ANONIMA;FLUOPYRAM TECNICO;FLUOPYRAM;BAYER AG;ALEMANIA;0.1%;4,400.00;KILOGRAMOS; $673,200.00 ; Q5,159,633.69 ;7.66434;Agrequima; Q23,218.35 ;;;;;
RDON-REVAI-12191-54.pdf;C9A45762;3333899440;REGULADOR DE CRECIMIENTO;3333899440;24/02/2026;BAYER, SOCIEDAD ANONIMA;ETHREL 48SL;Ethephon;BAYER AG;COLOMBIA;0.1%;2,400.00;LITROS; $26,352.00 ; Q201,970.69 ;7.66434;Agrequima; Q908.87 ;;;;;
RDON-REVAI-12201-25.pdf;36FF8CE5;544950655;FUNGICIDA;544950655;25/02/2026;EL COLONO AGROPECUARIO, SOCIEDAD ANONIMA;BANAZEB 60 SC;Mancozeb;DISTRIBUIDORA INQUISA S.A.;COSTA RICA;0.1%;18,000.00;LITROS; $72,000.00 ; Q551,957.04 ;7.66607;Agrequima; Q2,483.81 ;;;;;
RDON-REVAI-12205-34.pdf;D4A6DAFB;478170911;HERBICIDA;478170911;26/02/2026;DUWEST GUATEMALA SOCIEDAD ANONIMA;GALANT PLUS 10.4 EC;Haloxifop-Metil;DUWEST INC;COLOMBIA;0.1%;615.00;LITROS; $11,113.05 ; Q85,181.08 ;7.66496;Agrequima; Q383.31 ;;;;;
RDON-REVAI-12192-53.pdf;190AB7D5;967263841;INSECTICIDA;967263841;24/02/2026;BAYER, SOCIEDAD ANONIMA;CERTERO DUO 48 SC;THIODICARB, TRIFLUMURON;BAYER AG;COLOMBIA;0.1%;5,760.00;LITROS; $111,110.40 ; Q851,587.88 ;7.66434;Agrequima; Q3,832.15 ;;;;;
RDON-REVAI-12209-31.pdf;3E9CB7E2;318719315;FUNGICIDA;318719315;27/02/2026;ADAMA GUATEMALA, SOCIEDAD ANONIMA;ODEON / CLOROTAL 72 SC;Chlorothalonil;ADAMA CELSIUS B.V., CURACAO BRANCH;ISRAEL;0.1%;16,000.00;LITROS; $57,445.24 ; Q440,315.47 ;7.66496;Agrequima; Q1,981.42 ;;;;;
RDON-REVAI-12210-32.pdf;228B6F5F;109791563;INSECTICIDA;109791563;27/02/2026;EL COLONO AGROPECUARIO, SOCIEDAD ANONIMA;ARAGON 20 SC;Spirotetramat;INTEROC CUSTER, S.A;ECUADOR;0.1%;750.00;LITROS; $22,500.00 ; Q172,457.10 ;7.66476;Agrequima; Q776.06 ;;;;;
RDON-REVAI-12110-05.pdf;4D035C8D;4046868418;FUNGICIDA;4046868418;4/02/2026;BAYER, SOCIEDAD ANONIMA;Previcur Energy 84 SL;FOSETYL-ALUMINIO, PROPAMOCARB;BAYER AG;ALEMANIA;0.1%;20,000.00;LITROS; $348,200.00 ; Q2,669,294.24 ;7.66598;Agrequima; Q12,011.82 ;;;;;
RDON-REVAI-12107-42.pdf;6AA1644B;323373577;INSECTICIDA, NEMATICIDA;323373577;3/02/2026;DUWEST GUATEMALA SOCIEDAD ANONIMA;VYDATE 24 SL;Oxamyl;DUWEST INC;ESTADOS UNIDOS DE AMERICA;0.1%;3,200.00;LITROS; $49,504.00 ; Q379,496.67 ;7.66598;Agrequima; Q1,707.74 ;;;;;
RDON-REVAI-12106-43.pdf;A2F6F902;632571839;FUNGICIDA;632571839;2/02/2026;DUWEST GUATEMALA SOCIEDAD ANONIMA;CLOROTALONIL TECNICO;CHLOROTHALONIL;DUWEST INC;CHINA;0.1%;100,000.00;KILOGRAMOS; $410,000.00 ; Q3,141,936.60 ;7.66326;Agrequima; Q14,138.71 ;;;;;
RDON-REVAI-12108-46.pdf;C505C481;2270578460;HERBICIDA;2270578460;3/02/2026;NEGOCIOS RELACIONADOS, SOCIEDAD ANONIMA;ILUSTRE 4 SC;Nicosulfuron;TAHUAL AGRICOLA, S.A.;CHINA;0.1%;10,200.00;LITROS; $36,924.00 ; Q283,058.65 ;7.66598;Agrequima; Q1,273.76 ;;;;;
RDON-REVAI-12114-46.pdf;33D9AF1F;3629728587;HERBICIDA;3629728587;6/02/2026;NEGOCIOS RELACIONADOS, SOCIEDAD ANONIMA;ILUSTRE 4 SC;Nicosulfuron;TAHUAL AGRICOLA, S.A.;CHINA;0.1%;10,200.00;LITROS; $37,434.00 ; Q287,014.34 ;7.66721;Agrequima; Q1,291.56 ;;;;;
RDON-REVAI-12123-21.pdf;2211D63E;1322861307;HERBICIDA;1322861307;11/02/2026;NEGOCIOS RELACIONADOS, SOCIEDAD ANONIMA;HEDOMINA 72 SL;2,4-D;TAHUAL AGRICOLA, S.A.;CHINA;0.1%;6,000.00;LITROS; $17,040.00 ; Q130,592.34 ;7.66387;Agrequima; Q587.67 ;;;;;
RDON-REVAI-12124-21.pdf;3EC2B372;665144614;HERBICIDA;665144614;11/02/2026;NEGOCIOS RELACIONADOS, SOCIEDAD ANONIMA;HEDOMINA 72 SL;2,4-D;TAHUAL AGRICOLA, S.A.;CHINA;0.1%;6,000.00;LITROS; $17,040.00 ; Q130,592.34 ;7.66387;Agrequima; Q587.67 ;;;;;
RDON-REVAI-12127-17.pdf;7EE4F102;2772584648;MATERIA TÉCNICA FUNGICIDA;2772584648;12/02/2026;DUWEST GUATEMALA SOCIEDAD ANONIMA;CLOROTALONIL TECNICO;CHLOROTHALONIL;DUWEST INC;CHINA;0.1%;45,000.00;KILOGRAMOS; $192,150.00 ; Q1,472,843.20 ;7.66507;Agrequima; Q6,627.79 ;;;;;
RDON-REVAI-12149-11.pdf;80F3D516;1839743386;HERBICIDA  TÉCNICO;1839743386;16/02/2026;BAYER, SOCIEDAD ANONIMA;GLIFOSATO SAL DE POTASIO TECNICO;GLYPHOSATEPOTASSIUMSALT;BAYER CROPSCIENCE LP;ESTADOS UNIDOS DE AMERICA;0.1%;80,022.00;KILOGRAMOS; $232,875.40 ; Q1,785,006.24 ;7.66507;Agrequima; Q8,032.53 ;;;;;
RDON-REVAI-12152-12.pdf;1121BE31;1001473126;MATERIA TÉCNICA FUNGICIDA;1001473126;16/02/2026;BAYER, SOCIEDAD ANONIMA;SPIROXAMINE TECNICO;SPIROXAMINE;BAYER AG;ALEMANIA;0.1%;18,000.00;LITROS; $155,179.80 ; Q1,189,122.63 ;7.66287;Agrequima; Q5,351.05 ;;;;;
RDON-REVAI-12161-28.pdf;ED7E8759;689720691;HERBICIDA;689720691;17/02/2026;GLOBAL AGROINSUMOS DE GUATEMALA SOCIEDAD ANONIMA;GLIFOSATO 35.6 SL;GLYPHOSATE;TAHUAL AGRICOLA, S.A.;CHINA;0.1%;15,008.00;LITROS; $34,078.80 ; Q261,145.84 ;7.663;Agrequima; Q1,175.16 ;;;;;
RDON-REVAI-12147-14.pdf;C49FDFBB;4154739410;HERBICIDA;4154739410;16/02/2026;ARYSTA LIFESCIENCE DE GUATEMALA, SOCIEDAD ANONIMA;FASCINATE 15 SL;GlufosinateAmmonium;UPL COSTA RICA, S.A.;COSTA RICA;0.1%;10,000.00;LITROS; $26,600.00 ; Q203,835.80 ;7.663;Agrequima; Q917.26 ;;;;;
RDON-REVAI-12171-35.pdf;9249C5CC;3174452999;HERBICIDA;3174452999;18/02/2026;GLOBAL AGROINSUMOS DE GUATEMALA SOCIEDAD ANONIMA;PARAQUAT  20  SL;Paraquat;TAHUAL AGRICOLA, S.A.;CHINA;0.1%;14,000.00;LITROS; $33,670.00 ; Q258,161.02 ;7.66739;Agrequima; Q1,161.72 ;;;;;
RDON-REVAI-12172-35.pdf;2E43C9CC;253315231;HERBICIDA;253315231;18/02/2026;GLOBAL AGROINSUMOS DE GUATEMALA SOCIEDAD ANONIMA;PARAQUAT  20  SL;Paraquat;TAHUAL AGRICOLA, S.A.;CHINA;0.1%;2,000.00;LITROS; $4,380.00 ; Q33,583.17 ;7.66739;Agrequima; Q151.12 ;;;;;
RDON-REVAI-12177-10.pdf;308D6ECC;1200899317;INSECTICIDA;1200899317;18/02/2026;DUWEST GUATEMALA SOCIEDAD ANONIMA;AVAUNT 15 EC;Indoxacarb;DUWEST INC;ESTADOS UNIDOS DE AMERICA;0.1%;800.00;LITROS; $69,424.00 ; Q532,099.55 ;7.66449;Agrequima; Q2,394.45 ;;;;;
RDON-REVAI-12178-09.pdf;ED20B463;1917798716;INSECTICIDA;1917798716;18/02/2026;DUWEST GUATEMALA SOCIEDAD ANONIMA;PREZA  10 OD;Cyantraniliprole;DUWEST INC;ESTADOS UNIDOS DE AMERICA;0.1%;800.00;LITROS; $86,304.00 ; Q661,476.14 ;7.66449;Agrequima; Q2,976.64 ;;;;;
RDON-REVAI-12179-41.pdf;6DE1D39B;2114865436;HERBICIDA;2114865436;18/02/2026;DUWEST GUATEMALA SOCIEDAD ANONIMA;COMMAND  36 CS;Clomazone;DUWEST INC;ESTADOS UNIDOS DE AMERICA;0.1%;7,492.32;LITROS; $119,782.00 ; Q918,067.94 ;7.66449;Agrequima; Q4,131.31 ;;;;;
RDON-REVAI-12203-05.pdf;B87BA7A1;3238085541;HERBICIDA;3238085541;26/02/2026;DUWEST GUATEMALA SOCIEDAD ANONIMA;TORDON XT  26 SL;2,4-D, Aminopyralid;DUWEST INC;COLOMBIA;0.1%;4,199.00;LITROS; $26,495.69 ; Q203,088.40 ;7.66496;Agrequima; Q913.90 ;;;;;
RDON-REVAI-12202-34.pdf;3A99B1CE;2756005301;HERBICIDA;2756005301;26/02/2026;DUWEST GUATEMALA SOCIEDAD ANONIMA;TORDON XT  26 SL;2,4-D, Aminopyralid;DUWEST INC;COLOMBIA;0.1%;600.00;LITROS; $4,104.00 ; Q31,457.00 ;7.66496;Agrequima; Q141.56 ;;;;;
RDON-REVAI-12206-03.pdf;AF2D1F91;1150111134;FUNGICIDA;1150111134;26/02/2026;DUWEST GUATEMALA SOCIEDAD ANONIMA;ZORVEC  ENCANTIA 33 SE;Famoxadone, Oxathiapiprolin;DUWEST INC;ESTADOS UNIDOS DE AMERICA;0.1%;480.00;LITROS; $49,027.20 ; Q375,791.53 ;7.66496;Agrequima; Q1,691.06 ;;;;;
RDON-REVAI-12153-12.pdf;A05C9D15;2936621109;MATERIA TÉCNICA FUNGICIDA;2936621109;16/02/2026;BAYER, SOCIEDAD ANONIMA;PYRIMETHANIL TECNICO;PYRIMETHANIL;BAYER AG;ALEMANIA;0.1%;9,000.00;KILOGRAMOS; $110,700.00 ; Q848,279.71 ;7.66287;Agrequima; Q3,817.26 ;;;;;
RDON-REVAI-12188-39.pdf;94012AE2;900681622;FUMIGANTE AL SUELO;900681622;24/02/2026;GLOBAL AGROINSUMOS DE GUATEMALA SOCIEDAD ANONIMA;METAM SODIO 51 SL;METAM-SODIUM;BESTENFELDEN PANAMA, S.A.;CHINA;0.1%;16,800.00;LITROS; $19,824.00 ; Q151,937.48 ;7.66432;Agrequima; Q683.72 ;;;;;
RDON-REVAI-12197-51.pdf;575D23CF;1891124230;MATERIA TÉCNICA FUNGICIDA;1891124230;25/02/2026;BAYER, SOCIEDAD ANONIMA;PROPINEB TK 83%;PROPINEB;BAYER AG;ALEMANIA;0.1%;19,950.00;KILOGRAMOS; $82,992.00 ; Q636,078.91 ;7.66434;Agrequima; Q2,862.36 ;;;;;
RDON-REVAI-12112-07.pdf;ABEEED25;3010153493;INSECTICIDA;3010153493;5/02/2026;DUWEST GUATEMALA SOCIEDAD ANONIMA;METHOMYL TECNICO  96%;Methomyl;DUWEST INC;CHINA;0.1%;4,000.00;KILOGRAMOS; $83,720.00 ; Q641,771.57 ;7.66569;Agrequima; Q2,887.97 ;;;;;
RDON-REVAI-12113-44.pdf;25F3DD1F;2144028015;HERBICIDA;2144028015;6/02/2026;PROMOCIONES AGRICOLAS INDUSTRIALES Y COMERCIALES SOCIEDAD ANONIMA;PRIMAGRAM  GOLD  66 SC;ATRAZINE, S-METOLACHLOR;DIAGRI, S. A. DE C. V.;ESTADOS UNIDOS DE AMERICA;0.1%;6,005.00;LITROS; $60,769.68 ; Q464,400.46 ;7.66721;Agrequima; Q2,089.80 ;;;;;
RDON-REVAI-12115-17.pdf;C534A8E7;2482260528;FUNGICIDA;2482260528;6/02/2026;BAYER, SOCIEDAD ANONIMA;TRIVIA 72,7 WP;FLUOPICOLIDE, PROPINEB;BAYER AG;COLOMBIA;0.1%;6,825.00;KILOGRAMOS; $99,235.50 ; Q760,859.42 ;7.66721;Agrequima; Q3,423.87 ;;;;;
RDON-REVAI-12118-49.pdf;73EC6ABE;797134558;INSECTICIDA;797134558;6/02/2026;BAYER, SOCIEDAD ANONIMA;Movento 15 OD;Spirotetramat;BAYER AG;COLOMBIA;0.1%;10,000.00;LITROS; $473,400.00 ; Q3,629,657.21 ;7.66721;Agrequima; Q16,333.46 ;;;;;
RDON-REVAI-12193-54.pdf;3539CBE9;2404337130;INSECTICIDA;2404337130;24/02/2026;BAYER, SOCIEDAD ANONIMA;CERTERO DUO 48 SC;Thiodicarb, Triflumuron;BAYER AG;COLOMBIA;0.1%;4,320.00;LITROS; $83,332.80 ; Q638,690.91 ;7.66434;Agrequima; Q2,874.11 ;;;;;
RDON-REVAI-12119-32.pdf;64D2FF7A;1782202636;FUNGICIDA, ACARICIDA;1782202636;9/02/2026;ARYSTA LIFESCIENCE DE GUATEMALA, SOCIEDAD ANONIMA;AZUPLUS  80  WG;Sulphur;UPL MAURITIUS LIMITED;INDIA;0.1%;60,000.00;KILOGRAMOS; $56,400.00 ; Q432,247.91 ;7.66397;Agrequima; Q1,945.12 ;;;;;
RDON-REVAI-12125-24.pdf;7423AFCA;1343049699;HERBICIDA;1343049699;11/02/2026;NEGOCIOS RELACIONADOS, SOCIEDAD ANONIMA;HEDOMINA 72 SL;2,4-D;TAHUAL AGRICOLA, S.A.;CHINA;0.1%;1,000.00;LITROS; $3,050.00 ; Q23,374.80 ;7.66387;Agrequima; Q105.19 ;;;;;
RDON-REVAI-12148-12.pdf;630DA069;2472692814;INSECTICIDA;2472692814;16/02/2026;PROMOCIONES AGRICOLAS INDUSTRIALES Y COMERCIALES SOCIEDAD ANONIMA;STARKLE 20 SG;Dinotefuran;AGRO TRADING CORPORATION, S.A.;JAPON;0.1%;640.00;KILOGRAMOS; $48,676.91 ; Q373,011.16 ;7.663;Agrequima; Q1,678.55 ;;;;;
RDON-REVAI-12194-23.pdf;666DAE4E;1888963572;INSECTICIDA;1888963572;24/02/2026;BAYER, SOCIEDAD ANONIMA;MURALLA DELTA 19 OD;Deltametrina, Imidacloprid;BAYER AG;COLOMBIA;0.1%;12,000.00;LITROS; $216,960.00 ; Q1,662,855.21 ;7.66434;Agrequima; Q7,482.85 ;;;;;
RDON-REVAI-12208-39.pdf;84709147;2936685323;MATERIA TECNICA PARA FOMULAR FUNGICIDA-NEMATICIDA;2936685323;26/02/2026;BAYER, SOCIEDAD ANONIMA;FLUOPYRAM TECNICO;FLUOPYRAM;BAYER AG;ESTADOS UNIDOS DE AMERICA;0.1%;5,600.00;KILOGRAMOS; $856,800.00 ; Q6,567,337.73 ;7.66496;Agrequima; Q29,553.02 ;;;;;
RDON-REVAI-12207-36.pdf;3161D8A8;1797734665;FUNGICIDA;1797734665;26/02/2026;DUWEST GUATEMALA SOCIEDAD ANONIMA;ZORVEC  ENCANTIA 33 SE;Famoxadone, Oxathiapiprolin;DUWEST INC;ESTADOS UNIDOS DE AMERICA;0.1%;1,238.40;LITROS; $155,852.64 ; Q1,194,604.25 ;7.66496;Agrequima; Q5,375.72 ;;;;;
RDON-REVAI-12129-16.pdf;A4A72D5F;1212696122;FUNGICIDA, BACTERICIDA;1212696122;12/02/2026;DUWEST GUATEMALA SOCIEDAD ANONIMA;BLUE SHIELD / NUCOP / COPERNICO  20 WG;METALLICCOPPER;DUWEST INC;MEXICO;0.1%;840.00;GRAMOS; $11,104.80 ; Q85,119.07 ;7.66507;Agrequima; Q383.04 ;;;;;
RDON-REVAI-12169-03.pdf;3087A8C6;3891678784;FUNGICIDA;3891678784;17/02/2026;MAXIAGRO, SOCIEDAD ANONIMA;MANCOZEB   80 WP;MANCOZEB;RAINBOW AGROSCIENCES (CENTRAL AMERICA) CO., LTD.;CHINA;0.1%;3,000.00;KILOGRAMOS; $13,740.00 ; Q105,287.83 ;7.66287;Agrequima; Q473.80 ;;;;;
RDON-REVAI-12168-33.pdf;F39858DA;696405519;FUNGICIDA;696405519;17/02/2026;MAXIAGRO, SOCIEDAD ANONIMA;MANCOZEB   80 WP;Mancozeb;RAINBOW AGROSCIENCES (CENTRAL AMERICA) CO., LTD.;CHINA;0.1%;5,500.00;KILOGRAMOS; $22,605.00 ; Q173,219.18 ;7.66287;Agrequima; Q779.49 ;;;;;
RDON-REVAI-12167-03.pdf;8D2075A4;282673482;FUNGICIDA;282673482;17/02/2026;MAXIAGRO, SOCIEDAD ANONIMA;IMU'L 10 SL;Ciproconazole;RAINBOW AGROSCIENCES (CENTRAL AMERICA) CO., LTD.;CHINA;0.1%;432.00;LITROS; $4,860.00 ; Q37,241.55 ;7.66287;Agrequima; Q167.59 ;;;;;
RDON-REVAI-12166-33.pdf;6903E6F2;3246017704;FUNGICIDA;3246017704;17/02/2026;MAXIAGRO, SOCIEDAD ANONIMA;IMU'L 10 SL;CIPROCONAZOLE;RAINBOW AGROSCIENCES (CENTRAL AMERICA) CO., LTD.;CHINA;0.1%;1,584.00;LITROS; $16,125.12 ; Q123,564.70 ;7.66287;Agrequima; Q556.04 ;;;;;
RDON-REVAI-12165-03.pdf;3F2A0145;4237053907;FUNGICIDA;4237053907;17/02/2026;MAXIAGRO, SOCIEDAD ANONIMA;MANCOZEB   80 WP;MANCOZEB;RAINBOW AGROSCIENCES (CENTRAL AMERICA) CO., LTD.;CHINA;0.1%;3,000.00;KILOGRAMOS; $13,620.00 ; Q104,368.29 ;7.66287;Agrequima; Q469.66 ;;;;;
RDON-REVAI-12164-33.pdf;6BF45061;171395346;HERBICIDA;171395346;17/02/2026;MAXIAGRO, SOCIEDAD ANONIMA;LUJO MAX 18 EC;Clethodim, Fomesafen;RAINBOW AGROSCIENCES (CENTRAL AMERICA) CO., LTD.;CHINA;0.1%;1,008.00;LITROS; $10,503.36 ; Q80,485.88 ;7.66287;Agrequima; Q362.19 ;;;;;
RDON-REVAI-12163-02.pdf;FDF49711;2592099706;FUNGICIDA;2592099706;17/02/2026;MAXIAGRO, SOCIEDAD ANONIMA;REGMAX  25  EC;Piraclostrobin;RAINBOW AGROSCIENCES (CENTRAL AMERICA) CO., LTD.;CHINA;0.1%;576.00;LITROS; $16,744.32 ; Q128,311.72 ;7.663;Agrequima; Q577.40 ;;;;;
RDON-REVAI-12162-33.pdf;52E34293;755778333;FUNGICIDA;755778333;17/02/2026;MAXIAGRO, SOCIEDAD ANONIMA;K-BROZIM 50 SC;Carbendazim;RAINBOW AGROSCIENCES (CENTRAL AMERICA) CO., LTD.;CHINA;0.1%;432.00;LITROS; $2,445.12 ; Q18,736.64 ;7.66287;Agrequima; Q84.31 ;;;;;
RDON-REVAI-12173-36.pdf;2113DFBF;310395059;INSECTICIDA;310395059;18/02/2026;DUWEST GUATEMALA SOCIEDAD ANONIMA;FURY PLUS 15 EC;Bifenthrin, ZETA-CYPERMETHRIN;DUWEST INC;ESTADOS UNIDOS DE AMERICA;0.1%;1,600.00;LITROS; $42,560.00 ; Q326,200.69 ;7.66449;Agrequima; Q1,467.90 ;;;;;
RDON-REVAI-12211-10.pdf;DA8CB0EB;2786675952;MATERIA TÉCNICA INSECTICIDA;2786675952;27/02/2026;ARYSTA LIFESCIENCE DE GUATEMALA, SOCIEDAD ANONIMA;CIPERMETRINA TECNICA;Cypermethrin;UPL COSTA RICA, S.A.;INDIA;0.1%;3,000.00;LITROS; $31,860.00 ; Q244,199.25 ;7.66476;Agrequima; Q1,098.90 ;;;;;
RDON-REVAI-12200-22.pdf;B32029BE;497174695;HERBICIDA;497174695;25/02/2026;BAYER, SOCIEDAD ANONIMA;ALION 50 SC;INDAZIFLAM;BAYER S.A.;ALEMANIA;0.1%;500.00;MILILITROS; $111.22 ; Q852.50 ;7.66432;Agrequima; Q3.84 ;;;;;
RDON-REVAI-12198-52.pdf;4E2D6E04;2981317602;MATERIA TÉCNICA FUNGICIDA;2981317602;25/02/2026;BAYER, SOCIEDAD ANONIMA;PROPINEB TK 83%;PROPINEB;BAYER AG;ALEMANIA;0.1%;19,950.00;KILOGRAMOS; $82,992.00 ; Q636,078.91 ;7.66434;Agrequima; Q2,862.36 ;;;;;
RDON-REVAI-12204-34.pdf;6C4D8ED0;4075179767;HERBICIDA;4075179767;26/02/2026;DUWEST GUATEMALA SOCIEDAD ANONIMA;TORDON XT  26 SL;2,4-D, Aminopyralid;DUWEST INC;COLOMBIA;0.1%;1,190.00;LITROS; $2,216.80 ; Q16,991.68 ;7.66496;Agrequima; Q76.46 ;;;;;
2962966439;.;2962966439;Fungicida;2962966439;26/02/2026;Disagro De Guatemala, Sociedad Anonima;Slatun / Propamocarb Clorhidrato +  Fluopicolide  68.75 Sc;Fluopicolide, Propamocarbclorhidrato;Incofe S.A.S.;China;0.1%;10000;Litros; $136,400.00 ; Q1,045,500.54 ;7.66496;Gremiagro; Q4,704.75 ;;;;;
1847675849;.;1847675849;Fungicida;1847675849;25/02/2026;Rainbow Agrosciences (Guatemala) Sociedad Anonima;Epoxiconazol + Carbendazim / Fungicar Xtra 25 Sc;Carbendazin, Epoxiconazole;Rainbow Agrosciences (Central America) Co., Ltd.;China;0.1%;576;Litros; $6,814.08 ; Q52,225.43 ;7.66434;Gremiagro; Q235.01 ;;;;;
2466072945;.;2466072945;Herbicida;2466072945;25/02/2026;Rainbow Agrosciences (Guatemala) Sociedad Anonima;Acromorph Ct 60 Sc;Chlorothalonil, Dimethomorph;Rainbow Agrosciences (Central America) Co., Ltd.;China;0.1%;1008;Litros; $8,830.08 ; Q67,676.74 ;7.66434;Gremiagro; Q304.55 ;;;;;
1922649226;.;1922649226;Herbicida;1922649226;25/02/2026;Rainbow Agrosciences (Guatemala) Sociedad Anonima;Oxigol 24 Ec;Oxyfluorfen;Rainbow Agrosciences (Central America) Co., Ltd.;China;0.1%;800;Litros; $6,240.00 ; Q47,825.48 ;7.66434;Gremiagro; Q215.21 ;;;;;
186206719;.;186206719;Herbicida;186206719;25/02/2026;Rainbow Agrosciences (Guatemala) Sociedad Anonima;Cegar Plus / Lenkor 32 Sc;Glufosinateammonium, Oxyfluorfen;Rainbow Agrosciences (Central America) Co., Ltd.;China;0.1%;800;Litros; $5,000.00 ; Q38,321.70 ;7.66434;Gremiagro; Q172.45 ;;;;;
3966848290;.;3966848290;Herbicida;3966848290;25/02/2026;Rainbow Agrosciences (Guatemala) Sociedad Anonima;Cegar Plus / Lenkor 32 Sc;Glufosinateammonium, Oxyfluorfen;Rainbow Agrosciences (Central America) Co., Ltd.;China;0.1%;576;Litros; $3,893.76 ; Q29,843.10 ;7.66434;Gremiagro; Q134.29 ;;;;;
2542092933;.;2542092933;Herbicida;2542092933;25/02/2026;Rainbow Agrosciences (Guatemala) Sociedad Anonima;Paraquat / Terraquat / Lavax 20 Sl;Paraquat;Rainbow Agrosciences (Central America) Co., Ltd.;China;0.1%;4800;Litros; $9,936.00 ; Q76,152.88 ;7.66434;Gremiagro; Q342.69 ;;;;;
2008826590;.;2008826590;Herbicida;2008826590;24/02/2026;Bestenfelden Guatemala, Sociedad Anonima;Diuron 80 Sc;Diuron;Tahual Agricola, S.A.;Malasia;0.1%;15000;Litros; $72,750.00 ; Q557,579.28 ;7.66434;Gremiagro; Q2,509.11 ;;;;;
2136621145;.;2136621145;Herbicida;2136621145;24/02/2026;Bestenfelden Guatemala, Sociedad Anonima;Diuron 80 Sc;Diuron;Tahual Agricola, S.A.;Malasia;0.1%;15000;Litros; $72,750.00 ; Q557,579.28 ;7.66434;Gremiagro; Q2,509.11 ;;;;;
1079397289;.;1079397289;Fungicida;1079397289;23/02/2026;Disagro De Guatemala, Sociedad Anonima;Arko 80 Wp;Mancozeb;Global Fertilizer Trading Company Limited;India;0.1%;43300;Kilogramos; $156,746.00 ; Q1,201,221.40 ;7.66349;Gremiagro; Q5,405.50 ;;;;;
3243132219;.;3243132219;Herbicida;3243132219;20/02/2026;Rainbow Agrosciences (Guatemala) Sociedad Anonima;Atrazina 90 Wg;Atrazine;Rainbow Agrosciences (Central America) Co., Ltd.;China;0.1%;17280;Kilogramos; $80,179.20 ; Q614,452.50 ;7.66349;Gremiagro; Q2,765.04 ;;;;;
2182827254;.;2182827254;Fungicida;2182827254;20/02/2026;Disagro De Guatemala, Sociedad Anonima;Actineb 18.7 Wg;Dimethomorph, Pyraclostrobin;Incofe S.A.S.;China;0.1%;2400;Kilogramos; $17,280.00 ; Q131,411.56 ;7.663;Gremiagro; Q591.35 ;;;;;
3733999225;.;3733999225;Insecticida;3733999225;20/02/2026;Rainbow Agrosciences (Guatemala) Sociedad Anonima;Kaindor Plus 30 Sc;Bifenthrin, Imidacloprid;Rainbow Agrosciences (Central America) Co., Ltd.;China;0.1%;576;Litros; $5,927.04 ; Q45,421.81 ;7.66349;Gremiagro; Q204.40 ;;;;;
2154316509;.;2154316509;Herbicida;2154316509;20/02/2026;Rainbow Agrosciences (Guatemala) Sociedad Anonima;Legatus Mixx 30 Od;Atrazina, Mesotrione, Nicosulfuron;Rainbow Agrosciences (Central America) Co., Ltd.;China;0.1%;1008;Litros; $8,376.48 ; Q64,193.07 ;7.66349;Gremiagro; Q288.87 ;;;;;
3233892373;.;3233892373;Herbicida;3233892373;20/02/2026;Rainbow Agrosciences (Guatemala) Sociedad Anonima;Diquat 20 Sl;Diquat;Rainbow Agrosciences (Central America) Co., Ltd.;China;0.1%;800;Litros; $2,472.00 ; Q18,944.15 ;7.66349;Gremiagro; Q85.25 ;;;;;
681657429;.;681657429;Herbicida;681657429;20/02/2026;Rainbow Agrosciences (Guatemala) Sociedad Anonima;Atrapax Plus / Legatus 88 Wg;Atrazine, Mesotrione;Rainbow Agrosciences (Central America) Co., Ltd.;China;0.1%;800;Kilogramos; $5,760.00 ; Q44,141.70 ;7.66349;Gremiagro; Q198.64 ;;;;;
3470149963;.;3470149963;Herbicida;3470149963;20/02/2026;Rainbow Agrosciences (Guatemala) Sociedad Anonima;Glifosato / Revolver 35,6 Sl;Glyphosate;Rainbow Agrosciences (Central America) Co., Ltd.;China;0.1%;16000;Litros; $31,520.00 ; Q241,553.20 ;7.66349;Gremiagro; Q1,086.99 ;;;;;
139018544;.;139018544;Fungicida;139018544;20/02/2026;Rainbow Agrosciences (Guatemala) Sociedad Anonima;Bosbel/Patrimony 38 Wg;Boscalid, Pyraclostrobin;Rainbow Agrosciences (Central America) Co., Ltd.;China;0.1%;180;Kilogramos; $6,768.00 ; Q51,866.50 ;7.66349;Gremiagro; Q233.40 ;;;;;
1915438955;.;1915438955;Fungicida;1915438955;20/02/2026;Rainbow Agrosciences (Guatemala) Sociedad Anonima;Sigilo 25 Ec;Difenoconazole;Rainbow Agrosciences (Central America) Co., Ltd.;China;0.1%;576;Litros; $10,425.60 ; Q79,896.48 ;7.66349;Gremiagro; Q359.53 ;;;;;
393498395;.;393498395;Fungicida;393498395;20/02/2026;Rainbow Agrosciences (Guatemala) Sociedad Anonima;Tutela 10 Sl;Ciproconazole;Rainbow Agrosciences (Central America) Co., Ltd.;China;0.1%;1008;Litros; $6,310.08 ; Q48,357.23 ;7.66349;Gremiagro; Q217.61 ;;;;;
3595781942;.;3595781942;Fungicida;3595781942;20/02/2026;Rainbow Agrosciences (Guatemala) Sociedad Anonima;Aztrostar 50 Wg;Azoxystrobin;Rainbow Agrosciences (Central America) Co., Ltd.;China;0.1%;120;Kilogramos; $3,702.00 ; Q28,370.24 ;7.66349;Gremiagro; Q127.67 ;;;;;
2036285771;.;2036285771;Materia Técnica Herbicida;2036285771;19/02/2026;Agrocentro Sociedad Anonima;Glifosato Tecnico;Glyphosate;Korsa Chemicals, S.A.;China;0.1%;75600;Kilogramos; $324,324.00 ; Q2,486,141.30 ;7.66561;Gremiagro; Q11,187.64 ;;;;;
1552894283;.;1552894283;Herbicida;1552894283;19/02/2026;Agrocentro Sociedad Anonima;Picloram Tecnico;Picloram;Korsa Chemicals, S.A.;China;0.1%;20000;Kilogramos; $239,400.00 ; Q1,834,878.91 ;7.66561;Gremiagro; Q8,256.96 ;;;;;
837568957;.;837568957;Materia Técnica Fungicida;837568957;19/02/2026;Agrocentro Sociedad Anonima;Clorotalonil 98% Tc;Chlorothalonil;Korsa Chemicals, S.A.;China;0.1%;16000;Kilogramos; $69,600.00 ; Q533,448.50 ;7.66561;Gremiagro; Q2,400.52 ;;;;;
3083682818;.;3083682818;Materia Técnica Fungicida;3083682818;19/02/2026;Agrocentro Sociedad Anonima;Clorotalonil 98% Tc;Chlorothalonil;Korsa Chemicals, S.A.;China;0.1%;52000;Kilogramos; $226,200.00 ; Q1,733,707.64 ;7.66561;Gremiagro; Q7,801.68 ;;;;;
3181793276;.;3181793276;Fungicida;3181793276;19/02/2026;Agrocentro Sociedad Anonima;Mancozeb Tecnico;Mancozeb;Upl Costa Rica S.A.;India;0.1%;72000;Kilogramos; $288,000.00 ; Q2,207,373.12 ;7.66561;Gremiagro; Q9,933.18 ;;;;;
2738965927;.;2738965927;Fungicida;2738965927;19/02/2026;Agrocentro Sociedad Anonima;Mancozeb Tecnico;Mancozeb;Upl Costa Rica S.A.;India;0.1%;48000;Kilogramos; $192,000.00 ; Q1,471,582.08 ;7.66561;Gremiagro; Q6,622.12 ;;;;;
3798355207;.;3798355207;Fungicida;3798355207;19/02/2026;Rainbow Agroindustria, S.A.;Candido 88 Ol;Fenpropimorph;Rainbow Agrosciences (Central America) Co., Ltd.;China;0.1%;2800;Litros; $40,852.00 ; Q313,109.75 ;7.66449;Gremiagro; Q1,408.99 ;;;;;
900549880;.;900549880;Fungicida;900549880;19/02/2026;Rainbow Agroindustria, S.A.;Candido 88 Ol;Fenpropimorph;Rainbow Agrosciences (Central America) Co., Ltd.;China;0.1%;800;Litros; $12,088.00 ; Q92,648.36 ;7.66449;Gremiagro; Q416.92 ;;;;;
2225555700;.;2225555700;Insecticida;2225555700;19/02/2026;Rainbow Agroindustria, S.A.;Podium Xtra 35 Wg;Chlorantraniliprole;Rainbow Agrosciences (Central America) Co., Ltd.;China;0.1%;300;Kilogramos; $4,143.00 ; Q31,753.98 ;7.66449;Gremiagro; Q142.89 ;;;;;
3383247064;.;3383247064;Herbicida;3383247064;19/02/2026;Rainbow Agroindustria, S.A.;Diquat 20 Sl;Diquat;Rainbow Agrosciences (Central America) Co., Ltd.;China;0.1%;8000;Litros; $19,200.00 ; Q147,158.21 ;7.66449;Gremiagro; Q662.21 ;;;;;
3934798144;.;3934798144;Herbicida;3934798144;19/02/2026;Rainbow Agroindustria, S.A.;Oxigol 24 Ec;Oxyfluorfen;Rainbow Agrosciences (Central America) Co., Ltd.;China;0.1%;3000;Litros; $18,090.00 ; Q138,650.62 ;7.66449;Gremiagro; Q623.93 ;;;;;
2064468438;.;2064468438;Herbicida;2064468438;19/02/2026;Rainbow Agroindustria, S.A.;Cleverix 70 Wg;Imazapic;Rainbow Agrosciences (Central America) Co., Ltd.;China;0.1%;800;Kilogramos; $18,816.00 ; Q144,215.04 ;7.66449;Gremiagro; Q648.97 ;;;;;
2658879740;.;2658879740;Herbicida;2658879740;19/02/2026;Rainbow Agroindustria, S.A.;Profitol 75 Wg;Isoxaflutole;Rainbow Agrosciences (Central America) Co., Ltd.;China;0.1%;500;Kilogramos; $16,990.00 ; Q130,219.69 ;7.66449;Gremiagro; Q585.99 ;;;;;
2086816421;.;2086816421;Herbicida;2086816421;19/02/2026;Rainbow Agroindustria, S.A.;Hexapax 75 Wg;Hexazinone;Rainbow Agrosciences (Central America) Co., Ltd.;China;0.1%;1000;Kilogramos; $11,790.00 ; Q90,364.34 ;7.66449;Gremiagro; Q406.64 ;;;;;
10178558;.;10178558;Herbicida;10178558;19/02/2026;Rainbow Agroindustria, S.A.;Diupax 80 Wg;Diuron;Rainbow Agrosciences (Central America) Co., Ltd.;China;0.1%;500;Kilogramos; $2,600.00 ; Q19,927.67 ;7.66449;Gremiagro; Q89.67 ;;;;;
3992735238;.;3992735238;Herbicida;3992735238;19/02/2026;Rainbow Agroindustria, S.A.;Dimaster 46,5 Sl;2,4-D, Dicamba;Rainbow Agrosciences (Central America) Co., Ltd.;China;0.1%;4000;Litros; $9,320.00 ; Q71,433.05 ;7.66449;Gremiagro; Q321.45 ;;;;;
2403028277;.;2403028277;Herbicida;2403028277;19/02/2026;Rainbow Agroindustria, S.A.;Dimaxine 72 Sl;2,4-D;Rainbow Agrosciences (Central America) Co., Ltd.;China;0.1%;800;Litros; $1,696.00 ; Q12,998.98 ;7.66449;Gremiagro; Q58.50 ;;;;;
2437369273;.;2437369273;Insecticida;2437369273;17/02/2026;Disagro De Guatemala, Sociedad Anonima;Volpix 30 Od;Pymetrozine, Spirotetramat;Incofe S.A.S.;China;0.1%;2560;Litros; $65,433.60 ; Q501,417.68 ;7.663;Gremiagro; Q2,256.38 ;;;;;
2937146524;.;2937146524;Insecticida;2937146524;17/02/2026;Disagro De Guatemala, Sociedad Anonima;Volpix 30 Od;Pymetrozine, Spirotetramat;Incofe S.A.S.;China;0.1%;5160;Litros; $122,395.20 ; Q937,914.42 ;7.663;Gremiagro; Q4,220.61 ;;;;;
2810595667;.;2810595667;Insecticida;2810595667;17/02/2026;Disagro De Guatemala, Sociedad Anonima;Korzy 15 Sc;Chlorantraniliprole, Lambda-Cyhalothrin;Incofe S.A.S.;China;0.1%;600;Litros; $10,068.00 ; Q77,151.08 ;7.663;Gremiagro; Q347.18 ;;;;;
1669677548;.;1669677548;Insecticida;1669677548;17/02/2026;Disagro De Guatemala, Sociedad Anonima;Korzy 15 Sc;Chlorantraniliprole, Lambda-Cyhalothrin;Incofe S.A.S.;China;0.1%;400;Litros; $6,120.00 ; Q46,897.56 ;7.663;Gremiagro; Q211.04 ;;;;;
1242384805;.;1242384805;Fungicida;1242384805;16/02/2026;Disagro De Guatemala, Sociedad Anonima;Cydome 30 Sc;Difenoconazole, Pyraclostrobin;Incofe S.A.S.;China;0.1%;1000;Litros; $9,050.00 ; Q69,350.15 ;7.663;Gremiagro; Q312.08 ;;;;;
3779021109;.;3779021109;Fungicida;3779021109;16/02/2026;Disagro De Guatemala, Sociedad Anonima;Cydome 30 Sc;Difenoconazole, Pyraclostrobin;Incofe S.A.S.;China;0.1%;1450;Litros; $15,964.50 ; Q122,335.96 ;7.663;Gremiagro; Q550.51 ;;;;;
183389822;.;183389822;Fungicida;183389822;16/02/2026;Disagro De Guatemala, Sociedad Anonima;Cydome 30 Sc;Difenoconazole, Pyraclostrobin;Incofe S.A.S.;China;0.1%;1300;Litros; $12,428.00 ; Q95,235.76 ;7.663;Gremiagro; Q428.56 ;;;;;
3509667739;.;3509667739;Fungicida;3509667739;16/02/2026;Disagro De Guatemala, Sociedad Anonima;Actineb 18.7 Wg;Dimethomorph, Pyraclostrobin;Incofe S.A.S.;China;0.1%;1561.5;Kilogramos; $13,678.74 ; Q104,820.18 ;7.663;Gremiagro; Q471.69 ;;;;;
1985037399;.;1985037399;Herbicida;1985037399;16/02/2026;Bestenfelden Guatemala, Sociedad Anonima;2,4-D 72 Sl;2,4-D;Bestenfelden Panamá, S.A.;China;0.1%;9000;Litros; $19,260.00 ; Q147,641.19 ;7.66387;Gremiagro; Q664.39 ;;;;;
3785510276;.;3785510276;Herbicida;3785510276;16/02/2026;Bestenfelden Guatemala, Sociedad Anonima;Randall 35.6 Sl;Glifosato;Bestenfelden Panamá, S.A.;China;0.1%;25000;Litros; $43,500.00 ; Q333,457.52 ;7.66387;Gremiagro; Q1,500.56 ;;;;;
3686551506;.;3686551506;Biocida;3686551506;13/02/2026;Disagro De Guatemala, Sociedad Anonima;Basamid   97 Mg;Dazomet;Incofe S.A.S.;China;0.1%;16000;Kilogramos; $121,760.00 ; Q933,298.92 ;7.66507;Gremiagro; Q4,199.85 ;;;;;
3009038499;.;3009038499;Herbicida;3009038499;11/02/2026;Rainbow Agrosciences (Guatemala) Sociedad Anonima;Paraquat / Terraquat / Lavax 20 Sl;Paraquat;Rainbow Agrosciences (Central America) Co., Ltd.;China;0.1%;11200;Litros; $23,184.00 ; Q177,693.77 ;7.6645;Gremiagro; Q799.62 ;;;;;
1308969653;.;1308969653;Herbicida;1308969653;11/02/2026;Rainbow Agrosciences (Guatemala) Sociedad Anonima;Paraquat / Terraquat / Lavax 20 Sl;Paraquat;Rainbow Agrosciences (Central America) Co., Ltd.;China;0.1%;4320;Litros; $9,633.60 ; Q73,836.73 ;7.6645;Gremiagro; Q332.27 ;;;;;
3624619190;.;3624619190;Herbicida;3624619190;11/02/2026;Rainbow Agrosciences (Guatemala) Sociedad Anonima;Paraquat / Terraquat / Lavax 20 Sl;Paraquat;Rainbow Agrosciences (Central America) Co., Ltd.;China;0.1%;11520;Litros; $25,689.60 ; Q196,897.94 ;7.6645;Gremiagro; Q886.04 ;;;;;
3238413114;.;3238413114;Herbicida;3238413114;11/02/2026;Rainbow Agrosciences (Guatemala) Sociedad Anonima;Paraquat / Terraquat / Lavax 20 Sl;Paraquat;Rainbow Agrosciences (Central America) Co., Ltd.;China;0.1%;10080;Litros; $23,184.00 ; Q177,693.77 ;7.6645;Gremiagro; Q799.62 ;;;;;
3754246291;.;3754246291;Herbicida;3754246291;11/02/2026;Rainbow Agrosciences (Guatemala) Sociedad Anonima;Paraquat / Terraquat / Lavax 20 Sl;Paraquat;Rainbow Agrosciences (Central America) Co., Ltd.;China;0.1%;10080;Litros; $24,393.60 ; Q186,964.75 ;7.6645;Gremiagro; Q841.34 ;;;;;
591679477;.;591679477;Herbicida;591679477;11/02/2026;Rainbow Agrosciences (Guatemala) Sociedad Anonima;Paraquat / Terraquat / Lavax 20 Sl;Paraquat;Rainbow Agrosciences (Central America) Co., Ltd.;China;0.1%;10080;Litros; $25,300.80 ; Q193,917.98 ;7.6645;Gremiagro; Q872.63 ;;;;;
3623307981;.;3623307981;Materia Técnica Herbicida;3623307981;11/02/2026;Disagro De Guatemala, Sociedad Anonima;Paraquat Tecnico;Paraquat;Incofe S.A.S.;China;0.1%;96491.23;Litros; $276,100.00 ; Q2,115,994.51 ;7.6645;Gremiagro; Q9,521.98 ;;;;;
3441577332;.;3441577332;Materia Técnica Herbicida;3441577332;11/02/2026;Disagro De Guatemala, Sociedad Anonima;Paraquat Tecnico;Paraquat;Incofe S.A.S.;China;0.1%;192982.46;Litros; $552,200.00 ; Q4,231,989.01 ;7.66387;Gremiagro; Q19,043.95 ;;;;;
3814739748;.;3814739748;Herbicida;3814739748;10/02/2026;Agrocentro Sociedad Anonima;Palanka 72 Sl;2,4-D;Korsa Chemicals, S.A.;China;0.1%;10368;Litros; $24,261.12 ; Q186,015.10 ;7.66397;Gremiagro; Q837.07 ;;;;;
2785035346;.;2785035346;Herbicida;2785035346;10/02/2026;Agrocentro Sociedad Anonima;Palanka 72 Sl;2,4-D;Korsa Chemicals, S.A.;China;0.1%;4690;Litros; $11,865.70 ; Q90,976.81 ;7.66397;Gremiagro; Q409.40 ;;;;;
716719854;.;716719854;Herbicida;716719854;10/02/2026;Agrocentro Sociedad Anonima;Palanka 72 Sl;2,4-D;Korsa Chemicals, S.A.;China;0.1%;3600;Litros; $11,952.00 ; Q91,638.49 ;7.66397;Gremiagro; Q412.37 ;;;;;
3395964590;.;3395964590;Herbicida;3395964590;10/02/2026;Agrocentro Sociedad Anonima;Eskobiyol 60 Wg;Metsulfuron-Methyl;Korsa Chemicals, S.A.;China;0.1%;1100;Kilogramos; $17,072.00 ; Q130,868.66 ;7.66397;Gremiagro; Q588.91 ;;;;;
488721240;.;488721240;Herbicida;488721240;10/02/2026;Agrocentro Sociedad Anonima;Eskobiyol 60 Wg;Metsulfuron-Methyl;Korsa Chemicals, S.A.;China;0.1%;5500;Kilogramos; $69,520.00 ; Q532,918.77 ;7.66397;Gremiagro; Q2,398.13 ;;;;;
2329299917;.;2329299917;Fungicida;2329299917;10/02/2026;Agrocentro Sociedad Anonima;Arpia 72 Wp;Cymoxanil, Mancozeb;Korsa Chemicals, S.A.;China;0.1%;5000;Kilogramos; $28,650.00 ; Q219,622.02 ;7.66397;Gremiagro; Q988.30 ;;;;;
2015054162;.;2015054162;Materia Técnica Fungicida;2015054162;10/02/2026;Agrocentro Sociedad Anonima;Clorotalonil 98% Tc;Chlorothalonil;Korsa Chemicals, S.A.;China;0.1%;7000;Kilogramos; $30,450.00 ; Q233,420.26 ;7.66397;Gremiagro; Q1,050.39 ;;;;;
3650112218;.;3650112218;Fungicida;3650112218;10/02/2026;Agrocentro Sociedad Anonima;Fungitane 80 Wp;Mancozeb;Korsa Chemicals, S.A.;Bulgaria;0.1%;6700;Kilogramos; $29,480.00 ; Q225,984.54 ;7.66397;Gremiagro; Q1,016.93 ;;;;;
2418559562;.;2418559562;Fungicida;2418559562;10/02/2026;Agrocentro Sociedad Anonima;Mancozeb Tecnico;Mancozeb;Korsa Chemicals, S.A.;Bulgaria;0.1%;48000;Kilogramos; $169,440.00 ; Q1,298,874.51 ;7.66397;Gremiagro; Q5,844.94 ;;;;;
2162118394;.;2162118394;Fungicida;2162118394;10/02/2026;Agrocentro Sociedad Anonima;Mancozeb Tecnico;Mancozeb;Korsa Chemicals, S.A.;Bulgaria;0.1%;48000;Kilogramos; $169,440.00 ; Q1,298,874.51 ;7.66397;Gremiagro; Q5,844.94 ;;;;;
2672708152;.;2672708152;Fungicida;2672708152;10/02/2026;Agrocentro Sociedad Anonima;Mancozeb Tecnico;Mancozeb;Korsa Chemicals, S.A.;Bulgaria;0.1%;48000;Kilogramos; $169,440.00 ; Q1,298,874.51 ;7.66397;Gremiagro; Q5,844.94 ;;;;;
3048424565;.;3048424565;Herbicida;3048424565;9/02/2026;Bestenfelden Guatemala, Sociedad Anonima;Diuron 80 Sc;Diuron;Tahual Agricola, S.A.;Malasia;0.1%;15000;Litros; $72,000.00 ; Q552,039.12 ;7.66721;Gremiagro; Q2,484.18 ;;;;;
4081995722;.;4081995722;Materia Técnica Fungicida;4081995722;9/02/2026;Agrocentro Sociedad Anonima;Clorotalonil 98 % Tc;Chlorothalonil;Korsa Chemicals, S.A.;China;0.1%;52000;Kilogramos; $226,200.00 ; Q1,733,979.08 ;7.66721;Gremiagro; Q7,802.91 ;;;;;
3145616414;.;3145616414;Fungicida;3145616414;9/02/2026;Disagro De Guatemala, Sociedad Anonima;Arko 80 Wp;Mancozeb;Global Fertilizer Trading Company Limited;India;0.1%;80400;Kilogramos; $291,048.00 ; Q2,231,526.14 ;7.66721;Gremiagro; Q10,041.87 ;;;;;
3505342533;.;3505342533;Materia Técnica Herbicida;3505342533;9/02/2026;Agrocentro Sociedad Anonima;Dicloruro De Paraquat 45 Tk;Paraquat;Korsa Chemicals, S.A.;China;0.1%;131633.99;Litros; $449,280.00 ; Q3,444,041.20 ;7.66721;Gremiagro; Q15,498.19 ;;;;;
1235503071;.;1235503071;Materia Técnica Herbicida;1235503071;9/02/2026;Agrocentro Sociedad Anonima;Dicloruro De Paraquat 45 Tk;Paraquat;Korsa Chemicals, S.A.;China;0.1%;131587.73;Litros; $449,280.00 ; Q3,444,041.20 ;7.66721;Gremiagro; Q15,498.19 ;;;;;
2514505466;.;2514505466;Insecticida;2514505466;9/02/2026;Agrocentro Sociedad Anonima;Mamut 50 Sg;Emamectinbenzoate;Korsa Chemicals, S.A.;China;0.1%;1400;Kilogramos; $13,790.00 ; Q105,709.87 ;7.66721;Gremiagro; Q475.69 ;;;;;
246301112;.;246301112;Herbicida;246301112;9/02/2026;Agrocentro Sociedad Anonima;Kronex 80 Sc;Diuron;Korsa Chemicals, S.A.;Malasia;0.1%;16000;Litros; $73,760.00 ; Q565,421.29 ;7.66721;Gremiagro; Q2,544.40 ;;;;;
3716435059;.;3716435059;Herbicida;3716435059;9/02/2026;Agrocentro Sociedad Anonima;Kronex 80 Sc;Diuron;Korsa Chemicals, S.A.;Malasia;0.1%;16000;Litros; $73,760.00 ; Q565,421.29 ;7.66721;Gremiagro; Q2,544.40 ;;;;;
1285442543;.;1285442543;Materia Técnica Herbicida;1285442543;9/02/2026;Agrocentro Sociedad Anonima;Dicloruro De Paraquat 45 Tk;Paraquat;Korsa Chemicals, S.A.;China;0.1%;131472.21;Litros; $449,280.00 ; Q3,445,200.35 ;7.66721;Gremiagro; Q15,503.40 ;;;;;
1305562409;.;1305562409;Herbicida;1305562409;6/02/2026;Bestenfelden Guatemala, Sociedad Anonima;Diuron 80 Sc;Diuron;Tahual Agricola, S.A.;Malasia;0.1%;15000;Litros; $72,000.00 ; Q552,039.12 ;7.66721;Gremiagro; Q2,484.18 ;;;;;
1211318603;.;1211318603;Fungicida;1211318603;6/02/2026;Disagro De Guatemala, Sociedad Anonima;Azoxystrobin + Flutriafol / Tandem  40 Sc;Azoxystrobin, Flutriafol;Incofe S.A.S.;China;0.1%;800;Litros; $10,400.00 ; Q79,723.18 ;7.66721;Gremiagro; Q358.75 ;;;;;
1240154455;.;1240154455;Fungicida;1240154455;6/02/2026;Disagro De Guatemala, Sociedad Anonima;Azoxystrobin + Flutriafol / Tandem  40 Sc;Azoxystrobin, Flutriafol;Incofe S.A.S.;China;0.1%;1800;Litros; $22,140.00 ; Q169,718.38 ;7.66721;Gremiagro; Q763.73 ;;;;;
2487829576;.;2487829576;Fungicida;2487829576;6/02/2026;Disagro De Guatemala, Sociedad Anonima;Azoxystrobin + Flutriafol / Tandem  40 Sc;Azoxystrobin, Flutriafol;Incofe S.A.S.;China;0.1%;1450;Litros; $18,937.00 ; Q145,165.17 ;7.66721;Gremiagro; Q653.24 ;;;;;
1573210376;.;1573210376;Fungicida;1573210376;6/02/2026;Disagro De Guatemala, Sociedad Anonima;Azoxystrobin + Flutriafol / Tandem  40 Sc;Azoxystrobin, Flutriafol;Incofe S.A.S.;China;0.1%;2490;Litros; $31,174.80 ; Q238,976.35 ;7.66721;Gremiagro; Q1,075.39 ;;;;;
625624317;.;625624317;Fungicida;625624317;6/02/2026;Disagro De Guatemala, Sociedad Anonima;Azoxystrobin + Cyproconazole / Rumba 28 Sc;Azoxystrobin, Cyproconazole;Incofe S.A.S.;China;0.1%;650;Litros; $6,168.50 ; Q47,285.81 ;7.66721;Gremiagro; Q212.79 ;;;;;
3454682860;.;3454682860;Fungicida;3454682860;6/02/2026;Disagro De Guatemala, Sociedad Anonima;Rumba 28Sc 1Lrumba 28Sc 1L;Azoxystrobin, Cyproconazole;Incofe S.A.S.;China;0.1%;3300;Litros; $28,446.00 ; Q218,058.22 ;7.66721;Gremiagro; Q981.26 ;;;;;
1592609928;.;1592609928;Materia Técnica Insecticida;1592609928;6/02/2026;Agrocentro Sociedad Anonima;Lambda Cihalotrina Tecnica 95%;Lambdacihalotrina;Korsa Chemicals, S.A.;China;0.1%;1500;Kilogramos; $46,200.00 ; Q354,154.88 ;7.66721;Gremiagro; Q1,593.70 ;;;;;
3599845615;.;3599845615;Materia Técnica Fungicida;3599845615;6/02/2026;Agrocentro Sociedad Anonima;Clorotalonil 98% Tc;Chlorothalonil;Korsa Chemicals, S.A.;China;0.1%;1000;Kilogramos; $4,350.00 ; Q33,345.75 ;7.66721;Gremiagro; Q150.06 ;;;;;
543769155;.;543769155;Herbicida;543769155;6/02/2026;Agrocentro Sociedad Anonima;Condena Extra 55 Sc;Atrazine, Mesotrione;Korsa Chemicals, S.A.;China;0.1%;20000;Litros; $74,600.00 ; Q571,941.79 ;7.66721;Gremiagro; Q2,573.74 ;;;;;
3031124781;.;3031124781;Herbicida;3031124781;6/02/2026;Agrocentro Sociedad Anonima;Nicozent 4 Od;Nicosulfuron;Korsa Chemicals, S.A.;China;0.1%;16000;Litros; $44,640.00 ; Q342,245.06 ;7.66721;Gremiagro; Q1,540.10 ;;;;;
3656991867;.;3656991867;Insecticida;3656991867;5/02/2026;Rainbow Agrosciences (Guatemala) Sociedad Anonima;Cyperius / Cipermetrina 25 Ec;Cypermethrin;Rainbow Agrosciences (Central America) Co., Ltd.;India;0.1%;840;Litros; $5,367.60 ; Q41,152.21 ;7.66678;Gremiagro; Q185.18 ;;;;;
782911363;.;782911363;Insecticida;782911363;5/02/2026;Rainbow Agrosciences (Guatemala) Sociedad Anonima;Cyperius / Cipermetrina 25 Ec;Cypermethrin;Rainbow Agrosciences (Central America) Co., Ltd.;India;0.1%;384;Litros; $2,784.00 ; Q21,344.32 ;7.66678;Gremiagro; Q96.05 ;;;;;
3483649188;.;3483649188;Herbicida;3483649188;5/02/2026;Rainbow Agrosciences (Guatemala) Sociedad Anonima;Triatleta 30 Ew;Aminopiralid, Picloram, Triclopyr;Rainbow Agrosciences (Central America) Co., Ltd.;China;0.1%;1440;Litros; $12,153.60 ; Q93,178.98 ;7.66678;Gremiagro; Q419.31 ;;;;;
1388135684;.;1388135684;Herbicida;1388135684;5/02/2026;Rainbow Agrosciences (Guatemala) Sociedad Anonima;Oxigol 24 Ec;Oxyfluorfen;Rainbow Agrosciences (Central America) Co., Ltd.;China;0.1%;576;Litros; $4,677.12 ; Q35,858.45 ;7.66678;Gremiagro; Q161.36 ;;;;;
1130512656;.;1130512656;Herbicida;1130512656;5/02/2026;Rainbow Agrosciences (Guatemala) Sociedad Anonima;Torban 30,4 Sl;2,4-D, Picloram;Rainbow Agrosciences (Central America) Co., Ltd.;China;0.1%;17640;Litros; $48,333.60 ; Q370,563.08 ;7.66678;Gremiagro; Q1,667.53 ;;;;;
2581417243;.;2581417243;Herbicida;2581417243;5/02/2026;Rainbow Agrosciences (Guatemala) Sociedad Anonima;Triatleta 30 Ew;Aminopiralid, Picloram, Triclopyr;Rainbow Agrosciences (Central America) Co., Ltd.;China;0.1%;2400;Litros; $21,024.00 ; Q161,186.38 ;7.66678;Gremiagro; Q725.34 ;;;;;
320293021;.;320293021;Herbicida;320293021;5/02/2026;Rainbow Agrosciences (Guatemala) Sociedad Anonima;Spartanex / Pendipax 50 Ec;Pendimethalin;Rainbow Agrosciences (Central America) Co., Ltd.;China;0.1%;1728;Litros; $9,521.28 ; Q72,997.56 ;7.66678;Gremiagro; Q328.49 ;;;;;
1511212634;.;1511212634;Herbicida;1511212634;5/02/2026;Rainbow Agrosciences (Guatemala) Sociedad Anonima;Torban 30,4 Sl;2,4-D, Picloram;Rainbow Agrosciences (Central America) Co., Ltd.;China;0.1%;576;Litros; $2,200.32 ; Q16,869.37 ;7.66678;Gremiagro; Q75.91 ;;;;;
1266894810;.;1266894810;Herbicida;1266894810;5/02/2026;Rainbow Agrosciences (Guatemala) Sociedad Anonima;2,4-D / Dimaxine 72 Sl;2,4-D;Rainbow Agrosciences (Central America) Co., Ltd.;China;0.1%;15012;Litros; $35,428.32 ; Q271,621.14 ;7.66678;Gremiagro; Q1,222.30 ;;;;;
2583579795;.;2583579795;Herbicida;2583579795;5/02/2026;Agrocentro Sociedad Anonima;Glifosato Tecnico;Glifosato;Korsa Chemicals, S.A.;China;0.1%;100000;Kilogramos; $432,000.00 ; Q3,311,703.36 ;7.66678;Gremiagro; Q14,902.67 ;;;;;
3939715654;.;3939715654;Herbicida;3939715654;5/02/2026;Agrocentro Sociedad Anonima;Glifosato Tecnico;Glifosato;Korsa Chemicals, S.A.;China;0.1%;100000;Kilogramos; $432,000.00 ; Q3,312,048.96 ;7.66678;Gremiagro; Q14,904.22 ;;;;;
2000048052;.;2000048052;Insecticida;2000048052;4/02/2026;Rainbow Agrosciences (Guatemala) Sociedad Anonima;Cyperius / Cipermetrina 25 Ec;Cypermethrin;Rainbow Agrosciences (Central America) Co., Ltd.;India;0.1%;800;Litros; $4,320.00 ; Q33,117.03 ;7.66598;Gremiagro; Q149.03 ;;;;;
68569904;.;68569904;Fungicida;68569904;4/02/2026;Rainbow Agrosciences (Guatemala) Sociedad Anonima;Captan 80 Wg;Captan;Rainbow Agrosciences (Central America) Co., Ltd.;China;0.1%;1080;Kilogramos; $6,771.60 ; Q51,910.95 ;7.66598;Gremiagro; Q233.60 ;;;;;
2255637753;.;2255637753;Fungicida;2255637753;4/02/2026;Rainbow Agrosciences (Guatemala) Sociedad Anonima;Aztrostar 50 Wg;Azoxystrobin;Rainbow Agrosciences (Central America) Co., Ltd.;China;0.1%;720;Kilogramos; $12,434.40 ; Q95,321.86 ;7.66598;Gremiagro; Q428.95 ;;;;;
553208029;.;553208029;Insecticida;553208029;4/02/2026;Rainbow Agrosciences (Guatemala) Sociedad Anonima;Bunker 24.7 Sc;Lambda-Cyhalothrin, Thiamethoxam;Rainbow Agrosciences (Central America) Co., Ltd.;China;0.1%;800;Litros; $4,976.00 ; Q38,145.92 ;7.66598;Gremiagro; Q171.66 ;;;;;
3880012816;.;3880012816;Fungicida;3880012816;4/02/2026;Rainbow Agrosciences (Guatemala) Sociedad Anonima;Tutela 10 Sl;Ciproconazole;Rainbow Agrosciences (Central America) Co., Ltd.;China;0.1%;576;Litros; $4,279.68 ; Q32,807.94 ;7.66598;Gremiagro; Q147.64 ;;;;;
1288587589;.;1288587589;Fungicida;1288587589;4/02/2026;Rainbow Agrosciences (Guatemala) Sociedad Anonima;Aztrostar Xtra 28 Sc;Azoxistrobin, Ciproconazol;Rainbow Agrosciences (Central America) Co., Ltd.;China;0.1%;576;Litros; $6,382.08 ; Q48,924.90 ;7.66598;Gremiagro; Q220.16 ;;;;;
3462678469;.;3462678469;Fungicida;3462678469;4/02/2026;Rainbow Agroindustria, S.A.;Clorotalonil / Dacomax 72 Sc;Clorotalonil;Rainbow Agrosciences (Central America) Co., Ltd.;China;0.1%;1600;Litros; $6,704.00 ; Q51,392.73 ;7.66598;Gremiagro; Q231.27 ;;;;;
374359043;.;374359043;Fungicida;374359043;4/02/2026;Rainbow Agrosciences (Guatemala) Sociedad Anonima;Milor 72 Wp;Mancozeb, Metalaxil;Rainbow Agrosciences (Central America) Co., Ltd.;China;0.1%;2000;Kilogramos; $12,100.00 ; Q92,758.36 ;7.66598;Gremiagro; Q417.41 ;;;;;
1988969320;.;1988969320;Fungicida;1988969320;4/02/2026;Rainbow Agrosciences (Guatemala) Sociedad Anonima;Epoxiconazol + Carbendazim / Fungicar Xtra 25 Sc;Carbendazin, Epoxiconazole;Rainbow Agrosciences (Central America) Co., Ltd.;China;0.1%;576;Litros; $5,114.88 ; Q39,210.57 ;7.66598;Gremiagro; Q176.45 ;;;;;
4042476113;.;4042476113;Fungicida;4042476113;4/02/2026;Rainbow Agrosciences (Guatemala) Sociedad Anonima;Tutela 10 Sl;Ciproconazole;Rainbow Agrosciences (Central America) Co., Ltd.;China;0.1%;1008;Litros; $6,289.92 ; Q48,218.40 ;7.66598;Gremiagro; Q216.98 ;;;;;
2687649244;.;2687649244;Herbicida;2687649244;4/02/2026;Rainbow Agrosciences (Guatemala) Sociedad Anonima;Torban 30,4 Sl;2,4-D, Picloram;Rainbow Agrosciences (Central America) Co., Ltd.;China;0.1%;2002;Litros; $6,266.26 ; Q48,041.25 ;7.66614;Gremiagro; Q216.19 ;;;;;
2792574874;.;2792574874;Fungicida;2792574874;4/02/2026;Rainbow Agrosciences (Guatemala) Sociedad Anonima;Acromorph Mz 69 Wp;Dimethomorph, Mancozeb;Rainbow Agrosciences (Central America) Co., Ltd.;China;0.1%;720;Kilogramos; $7,293.60 ; Q55,912.59 ;7.66598;Gremiagro; Q251.61 ;;;;;
3071624104;.;3071624104;Fungicida;3071624104;4/02/2026;Rainbow Agrosciences (Guatemala) Sociedad Anonima;Milor 72 Wp;Mancozeb, Metalaxil;Rainbow Agrosciences (Central America) Co., Ltd.;China;0.1%;1080;Kilogramos; $7,268.40 ; Q55,719.41 ;7.66598;Gremiagro; Q250.74 ;;;;;
4161487613;.;4161487613;Herbicida;4161487613;4/02/2026;Rainbow Agrosciences (Guatemala) Sociedad Anonima;Recorte 20 Ec;Fluroxipir;Rainbow Agrosciences (Central America) Co., Ltd.;China;0.1%;576;Litros; $4,331.52 ; Q33,205.35 ;7.66598;Gremiagro; Q149.42 ;;;;;
1318473647;.;1318473647;Herbicida;1318473647;4/02/2026;Rainbow Agrosciences (Guatemala) Sociedad Anonima;Diupax 80 Wg;Diuron;Rainbow Agrosciences (Central America) Co., Ltd.;China;0.1%;800;Kilogramos; $4,520.00 ; Q34,650.23 ;7.66598;Gremiagro; Q155.93 ;;;;;
3734193248;.;3734193248;Herbicida;3734193248;4/02/2026;Rainbow Agrosciences (Guatemala) Sociedad Anonima;2,4-D / Dimaxine 72 Sl;2,4-D;Rainbow Agrosciences (Central America) Co., Ltd.;China;0.1%;16000;Litros; $36,320.00 ; Q278,428.39 ;7.66598;Gremiagro; Q1,252.93 ;;;;;
3070379392;.;3070379392;Fungicida;3070379392;4/02/2026;Rainbow Agrosciences (Guatemala) Sociedad Anonima;Aztrostar Xtra 28 Sc;Azoxistrobin, Ciproconazol;Rainbow Agrosciences (Central America) Co., Ltd.;China;0.1%;2016;Litros; $19,938.24 ; Q152,846.15 ;7.66598;Gremiagro; Q687.81 ;;;;;
1919962435;.;1919962435;Herbicida;1919962435;4/02/2026;Rainbow Agrosciences (Guatemala) Sociedad Anonima;Paraquat / Terraquat / Lavax 20 Sl;Paraquat;Rainbow Agrosciences (Central America) Co., Ltd.;China;0.1%;8000;Litros; $15,760.00 ; Q120,815.84 ;7.66598;Gremiagro; Q543.67 ;;;;;
2970110877;.;2970110877;Fungicida;2970110877;4/02/2026;Rainbow Agroindustria, S.A.;Aztrostar Top 32.5 Sc;Azoxistrobin, Difenoconazole;Rainbow Agrosciences (Central America) Co., Ltd.;China;0.1%;240;Litros; $1,968.00 ; Q15,086.65 ;7.66598;Gremiagro; Q67.89 ;;;;;
3957802544;.;3957802544;Fungicida;3957802544;4/02/2026;Rainbow Agroindustria, S.A.;Bosbel 38  Wg;Boscalid, Pyraclostrobin;Rainbow Agrosciences (Central America) Co., Ltd.;China;0.1%;500;Kilogramos; $9,520.00 ; Q72,980.13 ;7.66598;Gremiagro; Q328.41 ;;;;;
3885189940;.;3885189940;Herbicida;3885189940;4/02/2026;Bestenfelden Guatemala, Sociedad Anonima;Ametrina 50 Sc;Ametryn;Tahual Agricola, S.A.;China;0.1%;16320;Litros; $45,206.40 ; Q346,551.36 ;7.66598;Gremiagro; Q1,559.48 ;;;;;
2063945670;.;2063945670;Herbicida;2063945670;4/02/2026;Bestenfelden Guatemala, Sociedad Anonima;Ametrina 50 Sc;Ametryn;Tahual Agricola, S.A.;China;0.1%;16320;Litros; $45,206.40 ; Q346,551.36 ;7.66598;Gremiagro; Q1,559.48 ;;;;;
2525908718;.;2525908718;Herbicida;2525908718;3/02/2026;Rainbow Agrosciences (Guatemala) Sociedad Anonima;Triatleta 30 Ew;Aminopiralid, Picloram, Triclopyr;Rainbow Agrosciences (Central America) Co., Ltd.;China;0.1%;1806;Litros; $15,549.66 ; Q119,205.87 ;7.66614;Gremiagro; Q536.43 ;;;;;
2588362901;.;2588362901;Herbicida;2588362901;2/02/2026;Rainbow Agrosciences (Guatemala) Sociedad Anonima;2,4-D / Dimaxine 72 Sl;2,4-D;Rainbow Agrosciences (Central America) Co., Ltd.;China;0.1%;3456;Litros; $9,607.68 ; Q73,653.82 ;7.66614;Gremiagro; Q331.44 ;;;;;
982663592;.;982663592;Herbicida;982663592;2/02/2026;Rainbow Agrosciences (Guatemala) Sociedad Anonima;Glifosato / Revolver 35,6 Sl;Glyphosate;Rainbow Agrosciences (Central America) Co., Ltd.;China;0.1%;3600;Litros; $8,460.00 ; Q64,855.54 ;7.66614;Gremiagro; Q291.85 ;;;;;
1419070527;.;1419070527;Herbicida;1419070527;2/02/2026;Rainbow Agrosciences (Guatemala) Sociedad Anonima;Glifosato / Revolver 35,6 Sl;Glyphosate;Rainbow Agrosciences (Central America) Co., Ltd.;China;0.1%;3612;Litros; $8,885.52 ; Q68,117.64 ;7.66614;Gremiagro; Q306.53 ;;;;;
78859375;.;78859375;Herbicida;78859375;2/02/2026;Rainbow Agrosciences (Guatemala) Sociedad Anonima;Atrazina 80 Wp;Atrazine;Rainbow Agrosciences (Central America) Co., Ltd.;China;0.1%;13440;Kilogramos; $56,044.80 ; Q429,647.28 ;7.66614;Gremiagro; Q1,933.41 ;;;;;
2858044482;.;2858044482;I.A. Formular Herbicida;2858044482;24/02/2026;Agrocentro, Sociedad Anonima;2, 4-D Técnico 98%;2,4 -D;Korsa Chemicals, S.A.;China;0.1%; 80,000.00 ;Kilogramos; $202,400.00 ; Q1,550,964.89 ;7.66287;Gremiagro; Q6,979.34 ;;;;;
66842;CF146399;1139229678;INSECTICIDA;1139229678;3/03/2026;OLEFINAS, S.A.;BIFENTHRIN TECNICO 96%;BIFENTHRIN;PETROCHEM LIMITED CORP.;CHINA;0.1%;1,200.00;KILOS; $422,214.00 ; Q3,236,168.98 ;7.66476;Agrequima; Q14,562.76 ;;;;;
66843;69B043F5;3894168493;ACARICIDA, INSECTICIDA, NEMATICIDA;3894168493;4/03/2026;AGRICENTER GUATEMALA, S.A;THIMET  10  GR;FORATO;AMVAC LATAM S. DE R.L.;COSTA RICA;0.1%;12,480.00;KILOS; $38,064.00 ; Q291,751.42 ;7.66476;Agrequima; Q1,312.88 ;;;;;
66844;70E7B7B4;3077980512;FUNGICIDA  ;3077980512;5/03/2026;SOLUFERT, S.A                    ;DITHANE 62 SC          ;MANCOZEB            ;UPL COSTA RICA, S.A.                           ;COSTA RICA               ;0.1%;17,000.00;LITROS; $82,450.00 ; Q631,959.46 ;7.66476;Agrequima; Q2,843.82 ;;;;;
66845;CBE9A1B2;356664223;HERBICIDA;356664223;5/03/2026;GREENLIFE                        ;GLUFOX 20 SL           ;GLUFOSINATE AMMONIUM;NINGBO YIHWEI CHEMICALS CO., LTD               ;CHINA                    ;0.1%;16,000.00;LITROS; $32,640.00 ; Q250,177.77 ;7.66476;Agrequima; Q1,125.80 ;;;;;
66846;FD239F4E;3525003751;RODENTICIDA;3525003751;5/03/2026;LA CORNETA, S.A.                 ;RODITOP BLOQUE 0.005 BB;BRODIFACOUMA        ;ZAPI SpA                                       ;ITALIA                   ;0.1%;338;KILOS ; $5,045.53 ; Q38,672.78 ;7.66476;Agrequima; Q174.03 ;;;;;
66847;DB738DF0;3237560710;INSECTICIDA;3237560710;5/03/2026;HENDRIX  AND DAIL GUATEMALA, S.A.;EXALT 6 SC             ;SPINETORAM          ;ZOLI HENDRIX AND DAIL DE HONDURAS, S.A. DE C.V.;ESTADOS UNIDOS DE AMERICA;0.1%;500;LITROS; $53,490.00 ; Q409,988.01 ;7.66476;Agrequima; Q1,844.95 ;;;;;
66848;AB32FA98;2436189718;FUMIGANTE;2436189718;5/03/2026;HENDRIX  AND DAIL GUATEMALA, S.A.;TRI - LONE 113,74 GE   ;1,3 DICHLOROPROPENE ;ZOLI HENDRIX AND DAIL DE HONDURAS S.A. DE C.V. ;HONDURAS                 ;0.1%;2,043.90;LITROS; $11,813.74 ; Q90,549.48 ;7.66476;Agrequima; Q407.47 ;;;;;
66849;03E7F656;2991211232;INSECTICIDA;2991211232;10/03/2026;EXPORTADORA ATLANTICO, S.A./ GUATEMALA;EXALT 6 SC      ;SPINETORAM;ZOLI HENDRIX AND DAIL DE HONDURAS S.A. DE C.V.;ESTADOS UNIDOS DE AMERICA;0.1%;200;LITROS; $27,800.00 ; Q213,023.34 ;7.66271;Agrequima; Q958.61 ;;;;;
66850;2B049727;3830793138;FUNGICIDA  ;3830793138;10/03/2026;BANANERA TEPEYAC, S.A                 ;VONDOZEB  62  SC;MANCOZEB  ;UPL COSTA RICA, S.A.                          ;COSTA RICA               ;0.1%;17,000.00;LITROS; $88,400.00 ; Q677,383.56 ;7.66271;Agrequima; Q3,048.23 ;;;;;
66851;DFFB7354;3344516690;MATERIA TÉCNICA INSECTICIDA;3344516690;10/03/2026;OLEFINAS, S.A.                        ;BUPROFEZIN  TC  ;BUPROFEZIN;PETROCHEM LIMITED CORP.                       ;JAPON                    ;0.1%;8,000.00;KILOS ; $264,000.00 ; Q2,022,955.44 ;7.66271;Agrequima; Q9,103.30 ;;;;;
66852;92F84ED1;2810201805;INSECTICIDA           ;2810201805;11/03/2026;AGRICENTER GUATEMALA, S.A;PLEO 50 EC     ;PYRIDALYL                                                ;SUMITOMO CHEMICAL CHILE, S.A ;JAPON                    ;0.1%;600;LITROS; $63,000.00 ; Q482,750.73 ;7.66271;Agrequima; Q2,172.38 ;;;;;
66853;69F8B37D;385828131;INSECTICIDA;385828131;11/03/2026;AGRICENTER GUATEMALA, S.A;PLEO 50 EC     ;PYRIDALYL                                                ;SUMITOMO CHEMICAL CHILE, S.A.;JAPON                    ;0.1%;800;LITROS; $84,000.00 ; Q643,667.64 ;7.66271;Agrequima; Q2,896.50 ;;;;;
66854;E5624D6E;1155615620;INSECTICIDA           ;1155615620;11/03/2026;AGRICENTER GUATEMALA, S.A;DIPEL 6.4 WG   ;BACILLUS THURINGIENSIS SUB-ESPECIE KURSTAKI CEPA ABTS-351;SUMITOMO CHEMICAL CHILE, S.A.;ESTADOS UNIDOS DE AMERICA;0.1%;1,752.00;KILOS ; $27,506.40 ; Q210,773.57 ;7.66271;Agrequima; Q948.48 ;;;;;
66855;BD09430F;2016297796;INSECTICIDA           ;2016297796;11/03/2026;AGRICENTER GUATEMALA, S.A;XENTARI 10.3 WG;BACILLUS THURINGIENSIS SUBESP. AIZAWAI                   ;SUMITOMO CHEMICAL CHILE, S.A.;ESTADOS UNIDOS DE AMERICA;0.1%;3,024.00;KILOS ; $62,899.20 ; Q481,978.33 ;7.66271;Agrequima; Q2,168.90 ;;;;;
66856;F52A4EA2;249646130;INSECTICIDA;249646130;12/03/2026;PROMOCIONES AGRICOLAS INDUSTRIALES Y COMERCIALES, S.A;FLOMETOQUIN 10 SC;FLOMETOQUIN;NIPPON KAYAKU CO., LTD         ;JAPON   ;0.1%;10;LITROS; $400.00 ; Q3,065.08 ;7.66271;Agrequima; Q13.79 ;;;;;
66857;DD97616E;875708595;HERBICIDA  ;875708595;12/03/2026;INSUMOS AGROQUIMICOS Y PECUARIOS DE GUATEMALA, S.A.  ;GLIFOSATO 36 SL  ;GLIFOSATO  ;ARCADIA TRADE & INVESTIMENT INC;BULGARIA;0.1%;9,360.00;LITROS; $18,576.80 ; Q142,348.63 ;7.66271;Agrequima; Q640.57 ;;;;;
66858;2726F829;512707736;HERBICIDA;512707736;12/03/2026;INSUMOS AGROQUIMICOS Y PECUARIOS DE GUATEMALA, S.A.  ;REBELDE 36 SL    ;GLIFOSATO  ;ARCADIA TRADE & INVESTMENT INC ;BULGARIA;0.1%;10,650.00;LITROS; $22,738.50 ; Q174,238.53 ;7.66271;Agrequima; Q784.07 ;;;;;
66859;BA86BF00;2425965133;HERBICIDA;2425965133;13/03/2026;AGRO INSUMOS, S.A.                         ;TOUCHDOWN FORTE 50 SL ;GLIFOSATO                   ;SYNGENTA CROP PROTECTION AG            ;COLOMBIA                 ;0.1%;10,000.00;LITROS; $44,486.40 ; Q340,886.38 ;7.66271;Agrequima; Q1,533.99 ;;;;;
66860;E10E5D1F;791234969;NEMATICIDA-FUNGICIDA;791234969;13/03/2026;AGRO INSUMOS, S.A.                         ;VANIVA 45 SC          ;CYCLOBUTRIFLURAN            ;SYNGENTA CROP PROTECTION AG            ;COLOMBIA                 ;0.1%;105.6;LITROS; $31,557.20 ; Q241,813.67 ;7.66271;Agrequima; Q1,088.16 ;;;;;
66861;8573F25A;1999260381;FUNGICIDA           ;1999260381;13/03/2026;AGRO INSUMOS, S.A.                         ;RIDOMIL GOLD MZ 68 WP ;METALAXIL-M, MANCOZEB       ;SYNGENTA CROP PROTECTION AG            ;COLOMBIA                 ;0.1%;2,002.00;KILOS ; $20,287.08 ; Q155,454.01 ;7.66271;Agrequima; Q699.54 ;;;;;
66862;68CB9406;2257012165;INSECTICIDA;2257012165;13/03/2026;AGRO INSUMOS, S.A.                         ;PEGASUS  50  SC       ;DIAFENTIURON                ;SYNGENTA CROP PROTECTION AG            ;COLOMBIA                 ;0.1%;756;LITROS; $16,012.25 ; Q122,697.23 ;7.66271;Agrequima; Q552.14 ;;;;;
66863;D439B091;2848868900;FUNGICIDA           ;2848868900;13/03/2026;AGRO INSUMOS, S.A.                         ;REFLECT  12.5  EC     ;ISOPYRAZAM                  ;SYNGENTA CROP PROTECTION AG            ;COREA                    ;0.1%;1,600.00;LITROS; $34,636.51 ; Q265,409.53 ;7.66271;Agrequima; Q1,194.34 ;;;;;
66864;BFBB2518;4179968097;FUNGICIDA           ;4179968097;13/03/2026;AGRO INSUMOS, S.A.                         ;SEEKER  75  EC        ;FENPROPIDIN                 ;SYNGENTA CROP PROTECTION AG            ;COLOMBIA                 ;0.1%;2,200.00;LITROS; $26,022.55 ; Q199,403.25 ;7.66271;Agrequima; Q897.31 ;;;;;
66865;6F031CA9;2981381196;FUNGICIDA;2981381196;13/03/2026;AGRO INSUMOS, S.A.                         ;RIDOMIL GOLD MZ 68 WP ;METALAXIL-M, MANCOZEB       ;SYNGENTA CROP PROTECTION AG            ;COLOMBIA                 ;0.1%;16;KILOS ; $213.33 ; Q1,634.69 ;7.66271;Agrequima; Q7.36 ;;;;;
66866;1BAE8442;2465481947;FUNGICIDA           ;2465481947;13/03/2026;AGRO INSUMOS, S.A.                         ;ALTO/RESTRANA 10 SL   ;CYPROZONAZOLE               ;SYNGENTA CRO PROTECTION AG             ;COLOMBIA                 ;0.1%;1,224.00;LITROS; $22,826.55 ; Q174,913.23 ;7.66271;Agrequima; Q787.11 ;;;;;
66867;9A33F6CE;4200419044;FUNGICIDA           ;4200419044;13/03/2026;AGRO INSUMOS, S.A.                         ;MERTECT  50  SC       ;TIABENDAZOL                 ;SYNGENTA CROP PROTECTION AG            ;COLOMBIA                 ;0.1%;460.8;LITROS; $23,207.71 ; Q177,833.95 ;7.66271;Agrequima; Q800.25 ;;;;;
66868;76082E8A;2356691316;FUNGICIDA           ;2356691316;13/03/2026;AGRO INSUMOS, S.A.                         ;GRADUATE 47.79 SC     ;FLUDIOXONIL, AZOXYSTROBIN   ;SYNGENTA CROP PROTECTION AG            ;ESTADOS UNIDOS DE AMERICA;0.1%;12;LITROS; $754.77 ; Q5,783.58 ;7.66271;Agrequima; Q26.03 ;;;;;
66869;A8DF9DDD;2796700386;FUNGICIDA           ;2796700386;13/03/2026;AGRO INSUMOS, S.A.                         ;BRAVO  72  SC         ;CLOROTALONIL                ;SYNGENTA CROP PROTECTION AG            ;COLOMBIA                 ;0.1%;7,904.00;LITROS; $30,502.09 ; Q233,728.67 ;7.66271;Agrequima; Q1,051.78 ;;;;;
66870;35414F3A;3152826292;FUNGICIDA           ;3152826292;13/03/2026;BAYER S.A.                                 ;DAGONIS SC 125        ;FLUXAPYROXAD + DIFENOCONAZOL;BAYER AG                               ;ALEMANIA                 ;0.1%;0.02;LITROS; $71.73 ; Q549.65 ;7.66271;Agrequima; Q2.47 ;;;;;
66871;E66FB6D9;2159298679;INSECTICIDA;2159298679;13/03/2026;AGRICENTER GUATEMALA, S.A                  ;THIMET  TÉCNICO       ;FORATO                      ;AMVAC DE COSTA RICA, S.R.L.            ;ESTADOS UNIDOS DE AMERICA;0.1%;14,616.00;LITROS; $158,607.90 ; Q1,215,366.34 ;7.66271;Agrequima; Q5,469.15 ;;;;;
66872;53588029;3067104408;INSECTICIDA         ;3067104408;13/03/2026;AGRICENTER GUATEMALA, S.A                  ;THIMET  TÉCNICO       ;FORATO                      ;AMVAC DE COSTA RICA, S.R.L.            ;ESTADOS UNIDOS DE AMERICA;0.1%;14,616.00;LITROS; $150,891.84 ; Q1,156,240.41 ;7.66271;Agrequima; Q5,203.08 ;;;;;
66873;5DF66BB5;2053916174;FUNGICIDA           ;2053916174;13/03/2026;HIGIENE, PROTECCION Y MEDIO AMBIENTE, S. A.;PHOSAMINE 56 GE       ;FOSFURO DE ALUMINIO         ;UPL COSTA RICA S.A.                    ;INDIA                    ;0.1%;1,479.60;KILOS ; $21,393.84 ; Q163,934.79 ;7.66271;Agrequima; Q737.71 ;;;;;
66874;AD2F6BBE;1879327662;FUMIGANTE           ;1879327662;13/03/2026;HIGIENE, PROTECCION Y MEDIO AMBIENTE, S. A.;PHOSAMINE 56 GE       ;FOSFURO DE ALUMINIO         ;UPL COSTA RICA, S.A.                   ;INDIA                    ;0.1%;2,125.44;KILOS ; $39,757.13 ; Q304,647.36 ;7.66271;Agrequima; Q1,370.91 ;;;;;
66875;B1B51B9E;2541175856;FUNGICIDA;2541175856;13/03/2026;SEMILLAS E INSUMOS AGROPECUARIOS, S.A      ;MANZATE 80 WP         ;MANCOZEB                    ;ULP COSTA RICA, S.A.                   ;INDIA                    ;0.1%;6,000.00;KILOS ; $25,800.00 ; Q197,697.92 ;7.66271;Agrequima; Q889.64 ;;;;;
66876;4729F0E5;1639861574;FUNGICIDA/ACARICIDA;1639861574;13/03/2026;INDUPARTS, S.A.                            ;SULTRON 72.5 SC       ;AZUFRE                      ;GRUPO BIOQUIMICO MEXICANO, S.A. DE C.V.;MEXICO                   ;0.1%;13,800.00;LITROS; $38,640.00 ; Q296,087.11 ;7.66271;Agrequima; Q1,332.39 ;;;;;
66877;D9C4D640;3780792104;FUNGICIDA;3780792104;13/03/2026;BANANERA TEPEYAC, S.A;VONDOZEB  62  SC;MANCOZEB;UPL COSTA RICA, S.A;COSTA RICA;0.1%;17,000.00;LITROS; $88,400.00 ; Q677,383.56 ;7.66271;Agrequima; Q3,048.23 ;;;;;
66878;787F8929;3447144999;INSECTICIDA;3447144999;13/03/2026;AGRO CHILE, S.A;BENUC 50 WG;FLONICAMID;ZHEJIANG LONGYOU EAST ANASAC CROP SCIENCE;CHINA;0.1%;10;KILOS; $1,500.00 ; Q11,494.07 ;7.66271;Agrequima; Q51.72 ;;;;;
66879;757435BC;1984708614;INSECTICIDA;1984708614;18/03/2026;AGRO CHILE, S.A          ;ESPINETORAM 250 WG;SPINETORAMO;ZHEJIANG LONGYOU EAST ANASAC CROP SCIENCE CO., LTD;CHINA     ;0.1%;4.2;KILOS ; $647.60 ; Q4,959.41 ;7.65814;Agrequima; Q22.32 ;;;;;
66880;CD91E70D;1711032934;ACARICIDA, INSECTICIDA, NEMATICIDA;1711032934;18/03/2026;AGRICENTER GUATEMALA, S.A;THIMET  10  GR    ;FORATO     ;AMVAC LATAM S. DE R.L.                            ;COSTA RICA;0.1%;20,010.00;KILOS ; $50,425.20 ; Q386,163.24 ;7.65814;Agrequima; Q1,737.73 ;;;;;
66881;25B212FD;3233301308;FUNGICIDA;3233301308;18/03/2026;GREENLIFE                ;CROTONOX  50  SC  ;CARBENDAZIM;NINGBO YIHWEI CHEMICALS CO., LTD.                 ;CHINA     ;0.1%;16,000.00;LITROS; $63,200.00 ; Q483,994.45 ;7.65814;Agrequima; Q2,177.98 ;;;;;
66882;1B51766B;1956334815;INSECTICIDA;1956334815;19/03/2026;NEOAGRUM GUATEMALA, S.A.;VICTERIA 0.64 SC     ;HELICOVERPA ARMIGERA NUCLEOPOLYHEDROVIRUS;NEOAGRUM S.A.C ;PERU    ;0.1%;100;LITROS; $3,769.89 ; Q28,870.35 ;7.65814;Agrequima; Q129.92 ;;;;;
66883;E47A7439;2439727998;FUNGICIDA;2439727998;19/03/2026;NEOAGRUM GUATEMALA, S.A.;STRACTA ORIGANUM 5 SL;EXTRACTO DE OREGANO                      ;NEOAGRUM S.A.C ;PERU    ;0.1%;100;LITROS; $3,769.89 ; Q28,870.35 ;7.65814;Agrequima; Q129.92 ;;;;;
66885;57D6DA37;3603581827;INSECTICIDA;3603581827;19/03/2026;NEOAGRUM GUATEMALA, S.A.;STRACTA OHMAX        ;EXTRACTO DE ORTIGA+ACEITE DE RICINO      ;NEOAGRUM S.A.C.;PERU    ;0.1%;100;LITROS; $3,769.89 ; Q28,870.35 ;7.65814;Agrequima; Q129.92 ;;;;;
66886;B03DC7CC;2400863779;INSECTICIDA;2400863779;19/03/2026;NEOAGRUM GUATEMALA, S.A.;STRACTA   EUCALIPTUS ;ACEITE DE EUCLIPTO                       ;NEOAGRUM S.A.C.;PERU    ;0.1%;100;LITROS; $3,769.89 ; Q28,870.35 ;7.65814;Agrequima; Q129.92 ;;;;;
66887;F1954FE7;816926683;FUNGICIDA;816926683;20/03/2026;CORTEVA AGRISCIENCES GUATEMALA, S.A;VERPIXO  10 SC;FLORYLPICOXAMID;CORTEVA AGRISCIENCE LLC;ESTADOS UNIDOS DE AMERICA;0.1%;4;LITROS; $246.18 ; Q1,885.28 ;7.65814;Agrequima; Q8.48 ;;;;;
66888;032C4016;1784630925;HERBICIDA;1784630925;23/03/2026;CORTEVA AGRISCIENCES GUATEMALA, S.A;A4R-1-4                           ;AMINOPYRALID+DICLOSULAM         ;CORTEVA AGRISCIENCE LLC;ESTADOS UNIDOS DE AMERICA;0.1%;1.5;LITROS; $35.08 ; Q268.49 ;7.65366;Agrequima; Q1.21 ;;;;;
66889;8B3F052A;348474545;INSECTICIDA;348474545;23/03/2026;CORTEVA AGRISCIENCES GUATEMALA, S.A;ANZ-1-1 (KQ5205)                  ;BENTIOFULMIN                    ;CORTEVA AGRISCIENCE LLC;ESTADOS UNIDOS DE AMERICA;0.1%;1;LITROS; $18.21 ; Q139.37 ;7.65366;Agrequima; Q0.63 ;;;;;
66890;C558ADFC;4214114040;NEMATICIDA;4214114040;23/03/2026;CORTEVA AGRISCIENCES GUATEMALA, S.A;SALIBRO REKLEMEL ACTIVE NEMATICIDE;FLUAZAINDOLIZINE                ;CORTEVA AGRISCIENCE LLC;ESTADOS UNIDOS DE AMERICA;0.1%;3;LITROS; $457.91 ; Q3,504.69 ;7.65366;Agrequima; Q15.77 ;;;;;
66891;A6A6787A;1283933178;INSECTICIDA;1283933178;23/03/2026;CORTEVA AGRISCIENCES GUATEMALA, S.A;S7M-24-55                         ;CHLORATRANILIPROLE              ;CORTEVA AGRISCIENCE LLC;ESTADOS UNIDOS DE AMERICA;0.1%;0.5;LITROS; $32.00 ; Q244.92 ;7.65366;Agrequima; Q1.10 ;;;;;
66892;32B586A9;3227862296;INSECTICIDA;3227862296;23/03/2026;CORTEVA AGRISCIENCES GUATEMALA, S.A;T9F-1-1 (GF-4863)                 ;AMINOPYRALID+AMINOCYCLOPYRACHLOR;CORTEVA AGRISCIENCE LLE;ESTADOS UNIDOS DE AMERICA;0.1%;2;LITROS; $24.64 ; Q188.59 ;7.65366;Agrequima; Q0.85 ;;;;;
66894;9C548B35;1974422172;INSECTICIDA;1974422172;23/03/2026;CORTEVA AGRISCIENCES GUATEMALA, S.A;Y7U-28-62                         ;SULFOXIMINE                     ;CORTEVA AGRISCIENCE LLC;ESTADOS UNIDOS DE AMERICA;0.1%;2;LITROS; $76.82 ; Q587.95 ;7.65366;Agrequima; Q2.65 ;;;;;
66895;8DA72700;991841049;INSECTICIDA;991841049;23/03/2026;CORTEVA AGRISCIENCES GUATEMALA, S.A;Y7U-29-290                        ;SULFOXIMINE                     ;CORTEVA AGRISCIENCE LLC;ESTADOS UNIDOS DE AMERICA;0.1%;2;LITROS; $41.60 ; Q318.39 ;7.65366;Agrequima; Q1.43 ;;;;;
66896;04A2964E;4134224803;FUNGICIDA;4134224803;23/03/2026;SOLUFERT, S.A                      ;DITHANE 62 SC                     ;MANCOZEB                        ;UPL COSTA RICA, S.A.   ;COSTA RICA               ;0.1%;15,000.00;LITROS; $88,500.00 ; Q677,348.91 ;7.65366;Agrequima; Q3,048.07 ;;;;;
66897;CFEFFAB5;584205921;FUNGICIDA              ;584205921;24/03/2026;BANANERA TEPEYAC, S.A;VONDOZEB  62  SC;MANCOZEB                              ;UPL COSTA RICA, S.A ;COSTA RICA               ;0.1%;17,000.00;LITROS; $88,400.00 ; Q676,583.54 ;7.65366;Agrequima; Q3,044.63 ;;;;;
66898;9E803667;2366589949;INSECTICIDA - FUNGICIDA;2366589949;24/03/2026;BIOEXPORT S. A.      ;PROUD 3 5.6 SL  ;ACEITE DE TOMILLO (THYMUS VULGARIS L.);BIO HUMA NETICS  INC;ESTADOS UNIDOS DE AMERICA;0.1%;200;LITROS; $3,397.50 ; Q26,003.31 ;7.65366;Agrequima; Q117.01 ;;;;;
66899;9B92B171;1714308437;FUNGICIDA              ;1714308437;24/03/2026;BIOEXPORT S. A.      ;PROMAX  3.5  SL ;ACEITE DE TOMILLO (THYMUS VULGARIS L) ;BIO HUMA NETICS INC ;ESTADOS UNIDOS DE AMERICA;0.1%;200;LITROS; $3,811.50 ; Q29,171.93 ;7.65366;Agrequima; Q131.27 ;;;;;
66900;961C8CCD;4279911703;FUNGICIDA ,INSECTICIDA          ;4279911703;25/03/2026;AGRO INSUMOS, S.A.;FORTENZA MAXX 38.25 FS;THIAMETHOXAM+CYANTRANILIPROLE, FLUDIOXOMIL          ;SYNGENTA CROP PROTECTION AG ;ESTADOS UNIDOS DE AMERICA;0.1%;480;LITROS; $23,169.58 ; Q177,332.09 ;7.65366;Agrequima; Q797.99 ;;;;;
66901;CEA7B5EC;280970535;FUNGICIDA             ;280970535;25/03/2026;AGRO INSUMOS, S.A.;SCORE 25 EC           ;DIFENOCONAZOLE                                      ;SYNGENTA CROP PROTECTION AG ;COLOMBIA                 ;0.1%;345.6;LITROS; $10,070.58 ; Q77,076.80 ;7.65366;Agrequima; Q346.85 ;;;;;
66902;4BC335D9;3163705255;FUNGICIDA             ;3163705255;25/03/2026;AGRO INSUMOS, S.A.;SEEKER  75  EC        ;FENPROPIDIN                                         ;SYNGENTA CROP PROTECTION AG ;COLOMBIA                 ;0.1%;1,600.00;LITROS; $18,535.15 ; Q141,861.74 ;7.65366;Agrequima; Q638.38 ;;;;;
66903;111B1A5D;469123933;FUNGICIDA             ;469123933;25/03/2026;AGRO INSUMOS, S.A.;MERTECT  50  SC       ;TIABENDAZOL                                         ;SYNGENTA CROP PROTECTION AG ;COLOMBIA                 ;0.1%;7,000.00;LITROS; $162,990.70 ; Q1,247,475.40 ;7.65366;Agrequima; Q5,613.64 ;;;;;
66904;A11CC701;3896070076;FUNGICIDA             ;3896070076;25/03/2026;AGRO INSUMOS, S.A.;GRADUATE 47.79 SC     ;FLUDIOXONIL, AZOXYSTROBIN                           ;SYNGENTA CROP PROTECTION AG ;ESTADOS UNIDOS DE AMERICA;0.1%;276;LITROS; $17,359.68 ; Q132,865.09 ;7.65366;Agrequima; Q597.89 ;;;;;
66905;75CB553B;4253502879;INSECTICIDA;4253502879;25/03/2026;AGRO INSUMOS, S.A.;INCIPIO 20 SC         ;ISOCYCLOSERAM                                       ;SYNGENTA CROP PROTECTION AG ;INGLATERRA               ;0.1%;36;LITROS; $3,650.49 ; Q27,939.61 ;7.65366;Agrequima; Q125.73 ;;;;;
66906;A423341D;3787279366;FUNGICIDA             ;3787279366;25/03/2026;AGRO INSUMOS, S.A.;ALTO/RESTRANA 10 SL   ;CYPROZONAZOLE                                       ;SYNGENTA CROP PROTECTION AG ;COLOMBIA                 ;0.1%;678;LITROS; $12,644.12 ; Q96,773.80 ;7.65366;Agrequima; Q435.48 ;;;;;
66907;7A77EA30;1768049028;FUNGICIDA             ;1768049028;25/03/2026;AGRO INSUMOS, S.A.;BRAVONIL 72 SC        ;CLOROTALONIL                                        ;SYNGENTA CROP PROTECTION AG ;COLOMBIA                 ;0.1%;3,600.00;LITROS; $14,661.13 ; Q112,211.30 ;7.65366;Agrequima; Q504.95 ;;;;;
66908;B45A283E;155076634;FUNGICIDA             ;155076634;25/03/2026;AGRO INSUMOS, S.A.;SEEKER  75  EC        ;FENPROPIDIN                                         ;SYNGENTA CROP PROTECTION AG ;COLOMBIA                 ;0.1%;144;LITROS; $1,912.61 ; Q14,638.47 ;7.65366;Agrequima; Q65.87 ;;;;;
66909;FBE911DA;4103489996;FUNGICIDA             ;4103489996;25/03/2026;AGRO INSUMOS, S.A.;UNIFORM 44.54 SE      ;AZOXISTROBIN, METALAXIL-M                           ;SYNGENTA CROP PROTECTION AG ;ESTADOS UNIDOS DE AMERICA;0.1%;9.6;LITROS; $416.74 ; Q3,189.59 ;7.65366;Agrequima; Q14.35 ;;;;;
66910;281CE4F7;987645815;FUNGICIDA             ;987645815;25/03/2026;AGRO INSUMOS, S.A.;ORONDIS ULTRA 28  SC  ;MANDIPROPAMID, OXATHIAPIPROLIN                      ;SYNGENTA CROP PROTECTION AG ;ESTADOS UNIDOS DE AMERICA;0.1%;1,020.00;LITROS; $71,195.41 ; Q544,905.46 ;7.65366;Agrequima; Q2,452.07 ;;;;;
66911;B104380B;1892634513;FUNGICIDA             ;1892634513;25/03/2026;ASERSI            ;ELIM SP               ;SULFATO DE COBRE PENTAHIDRATADO                     ;CERADIS CROP PROTECTION B.V.;COLOMBIA                 ;0.1%;4;KILOS ; $188.00 ; Q1,438.89 ;7.65366;Agrequima; Q6.47 ;;;;;
66912;9836C807;3560394644;FUNGICIDA;3560394644;25/03/2026;ASERSI            ;MUSACARE 620 SP       ;SULFATO DE COBRE PENTAHIDRATADO & FOSFITO DE POTASIO;CERADIS CROP PROTECTION B.V.;COLOMBIA                 ;0.1%;4;KILOS ; $188.00 ; Q1,438.89 ;7.65366;Agrequima; Q6.47 ;;;;;
66913;6E8AC45A;1699692777;FUNGICIDA;1699692777;25/03/2026;ASERSI            ;CERASULFUR SC         ;AZUFRE ORGANICO                                     ;CERADIS CROP PROTECTION B.V.;COLOMBIA                 ;0.1%;4;KILOS ; $180.00 ; Q1,377.66 ;7.65366;Agrequima; Q6.20 ;;;;;
66914;8D8012FF;4247471730;FUNGICIDA;4247471730;25/03/2026;AGRO INSUMOS, S.A.;SYN553944/SYN553945/SYN553946 WP (33/33/33);CURTOBACTERIUM SALICIS, PSEUDOMONAS SILIGNI, SPHINGOBLIUM;SYNGENTA CROP PROTECTION AG;ESTADOS UNIDOS DE AMERICA;0.1%;0.18;KILOS; $126.87 ; Q971.02 ;7.65366;Agrequima; Q4.37 ;;;;;
66915;385BA667;2792374694;INSECTICIDA-ACARICIDA;2792374694;26/03/2026;ONCHEMIST. S.A        ;ACARIOUT 35 EC        ;PROPYLENE GLYCOL MONOLAURATE;QUIMADH, S. DE R.L.                        ;ARGENTINA;0.1%;1,000.00;LITROS; $13,057.81 ; Q99,940.04 ;7.65366;Agrequima; Q449.73 ;;;;;
66916;1605D749;1460357096;INSECTICIDA          ;1460357096;26/03/2026;OLEFINAS, S.A.        ;BIFENTHRIN TECNICO 96%;BIFENTHRIN                  ;PETROCHEM LIMITED CORP.                    ;CHINA    ;0.1%;1,200.00;KILOS ; $422,214.10 ; Q3,231,483.17 ;7.65366;Agrequima; Q14,541.67 ;;;;;
66917;6183890F;3506651237;FUMIGANTE            ;3506651237;26/03/2026;CLASSIC GUATEMALA, S.A;TRI-LONE 113.74 GE    ;113.74;ZOLI HENDRIX & DAIL DE HONDURAS S.A. DE C.V;HONDURAS ;0.1%;50,048.77;LITROS; $367,638.00 ; Q2,813,776.26 ;7.65366;Agrequima; Q12,661.99 ;;;;;
66918;EC864EE2;2725724372;FUNGICIDA;2725724372;27/03/2026;FORESTAL RIO BLANCO, S.A.;PQ-80  11 SL;COPPER - 8 QUINOLINOLATE;ISK BIOCIDES INC;ESTADOS UNIDOS DE AMERICA;0.1%;14,308.00;LITROS; $166,155.40 ; Q1,271,696.94 ;7.65366;Agrequima; Q5,722.64 ;;;;;
66919;C21D8730;3706867126;HERBICIDA;3706867126;30/03/2026;ESPORANGIO, S.A.        ;EMDYQUAT 20 SL ;DICLORURO DE PARAQUAT;SINOCHEM INTERNATIONAL CROP CARE (OVERSEAS) PTE LTD;CHINA   ;0.1%;19,360.00;LITROS; $48,012.80 ; Q367,323.37 ;7.65053;Agrequima; Q1,652.96 ;;;;;
66920;BA91D6F7;2773238819;FUNGICIDA;2773238819;30/03/2026;NEOAGRUM GUATEMALA, S.A.;SUBTIKIND 20 EC;BACILLUS SUBTILIS    ;BIOCONTROL                                         ;COLOMBIA;0.1%;100;LITROS; $857.00 ; Q6,556.50 ;7.65053;Agrequima; Q29.50 ;;;;;
66921;096B639A;3032564040;HERBICIDA;3032564040;31/03/2026;AGRO INSUMOS, S.A.;DUAL  GOLD  96  EC               ;S-METOLACHLOR                         ;SYNGENTA CROP PROTECTION AG ;COLOMBIA                 ;0.1%;216;LITROS; $1,883.08 ; Q14,406.56 ;7.65053;Agrequima; Q64.83 ;;;;;
66922;8C4874EB;1982742962;FUNGICIDA;1982742962;31/03/2026;AGRO INSUMOS, S.A.;SICO  25  EC                     ;DIFECONAZOLE                          ;SYNGENTA CROP PROTECATION AG;COLOMBIA                 ;0.1%;2,808.00;LITROS; $34,441.59 ; Q263,496.42 ;7.65053;Agrequima; Q1,185.73 ;;;;;
66923;CD2C588D;352735227;FUNGICIDA;352735227;31/03/2026;AGRO INSUMOS, S.A.;AMISTAR XTRA / PRIORI XTRA  28 SC;CYPROCONAZOL, AZOXISTROBINA           ;SYNGENTA CROP PROTECTION AG ;COLOMBIA                 ;0.1%;2,796.00;LITROS; $57,230.43 ; Q437,843.12 ;7.65053;Agrequima; Q1,970.29 ;;;;;
66924;9AA87C0F;118770779;FUNGICIDA;118770779;31/03/2026;AGRO INSUMOS, S.A.;AMISTAR XTRA / PRIORI XTRA  28 SC;CYPROCONAZOL, AZOXISTROBINA           ;SYNGENTA CROP PROTECTION AG ;COLOMBIA                 ;0.1%;6,000.00;LITROS; $122,812.08 ; Q939,577.50 ;7.65053;Agrequima; Q4,228.10 ;;;;;
66925;AD39218B;2691450618;FUNGICIDA            ;2691450618;31/03/2026;AGRO INSUMOS, S.A.;UNIFORM 44.54 SE                 ;AZOXISTROBIN, METALAXIL-M             ;SYNGENTA CROP PROTECTION AG ;ESTADOS UNIDOS DE AMERICA;0.1%;158.4;LITROS; $6,876.32 ; Q52,607.49 ;7.65053;Agrequima; Q236.73 ;;;;;
66926;8B0960FB;1150699850;HERBICIDA;1150699850;31/03/2026;AGRO INSUMOS, S.A.;DUAL  GOLD  96  EC               ;S-METOLACHLOR                         ;SYNGENTA CROP PROTECTIONA AG;COLOMBIA                 ;0.1%;1,344.00;LITROS; $11,716.91 ; Q89,640.57 ;7.65053;Agrequima; Q403.38 ;;;;;
66927;6F48F6B0;330057231;FUNGICIDA            ;330057231;31/03/2026;AGRO INSUMOS, S.A.;ALTO/RESTRANA 10 SL              ;CYPROZONAZOLE                         ;SYNGENTA CROP PROTECTION AG ;COLOMBIA                 ;0.1%;5,208.00;LITROS; $88,760.33 ; Q679,063.57 ;7.65053;Agrequima; Q3,055.79 ;;;;;
66928;D163053A;1623607453;INSECTICIDA;1623607453;31/03/2026;AGRO INSUMOS, S.A.;INCIPIO 20 SC;ISOCYCLOSERAM;SYNGENTA CROP PROTECTION AG;INGLATERRA;0.1%;1,908.00;LITROS; $193,475.80 ; Q1,480,192.41 ;7.65053;Agrequima; Q6,660.87 ;;;;;
66929;3BBE99DC;2532918562;FUNGICIDA;2532918562;31/03/2026;AGRO INSUMOS, S.A.;SICO  25  EC                     ;DIFECONAZOLE                          ;SYNGENTA CROP PROTECTION AG ;COLOMBIA                 ;0.1%;2,000.00;LITROS; $24,856.33 ; Q190,164.10 ;7.65053;Agrequima; Q855.74 ;;;;;
66930;65D9900D;3689891020;FUNGICIDA;3689891020;31/03/2026;AGRO INSUMOS, S.A.;UNIFORM 44.54 SE                 ;AZOXISTROBIN, METALAXIL-M             ;SYNGENTA CROP PROTECTION AG ;ESTADOS UNIDOS DE AMERICA;0.1%;588;LITROS; $19,309.62 ; Q147,728.83 ;7.65053;Agrequima; Q664.78 ;;;;;
66931;0068959D;1213350273;FUNGICIDA;1213350273;31/03/2026;AGRO INSUMOS, S.A.;AMISTAR  50  WG                  ;AZOXISTROBINA                         ;SYNGENTA CROP PROTECTION AG ;ESTADOS UNIDOS DE AMERICA;0.1%;212;KILOS ; $11,485.27 ; Q87,868.40 ;7.65053;Agrequima; Q395.41 ;;;;;
66932;0504B7BD;2169718512;FUNGICIDA            ;2169718512;31/03/2026;AGRO INSUMOS, S.A.;AMISTAR  50  WG                  ;AZOXISTROBINA                         ;SYNGENTA CROP PROTECTION AG ;ESTADOS UNIDOS DE AMERICA;0.1%;139.2;KILOS ; $10,986.72 ; Q84,054.23 ;7.65053;Agrequima; Q378.24 ;;;;;
66933;953FA88E;3587261297;INSECTICIDA;3587261297;31/03/2026;AGRO INSUMOS, S.A.;PROCLAIM  OPTI  5  WG            ;EMAMECTIN BENZOATO                    ;SYNGENTA CROP PROTECTION AG ;AUSTRIA                  ;0.1%;390;KILOS ; $18,991.79 ; Q145,297.26 ;7.65053;Agrequima; Q653.84 ;;;;;
66934;1E45582D;3966517990;FUNGICIDA            ;3966517990;31/03/2026;AGRO INSUMOS, S.A.;RIDOMIL GOLD MZ 68 WP            ;METALAXIL-M, MANCOZEB                 ;SYNGENTA CROP PROTECTION AG ;COLOMBIA                 ;0.1%;568;KILOS ; $7,573.06 ; Q57,937.92 ;7.65053;Agrequima; Q260.72 ;;;;;
66935;F1F00A64;1237928191;INSECTICIDA;1237928191;31/03/2026;AGRO INSUMOS, S.A.;CURYOM   55  EC                  ;LUFENURON, PROFENOFOS                 ;SYNGENTA CROP PROTECTION AG ;COLOMBIA                 ;0.1%;3,897.60;LITROS; $72,885.00 ; Q557,608.88 ;7.65053;Agrequima; Q2,509.24 ;;;;;
66936;9EBEF8E4;3098100648;FUNGICIDA            ;3098100648;31/03/2026;AGRO INSUMOS, S.A.;ALTO/RESTRANA 10 SL              ;CYPROZONAZOLE                         ;SYNGENTA CROP PROTECTION AG ;COLOMBIA                 ;0.1%;516;LITROS; $8,794.23 ; Q67,280.52 ;7.65053;Agrequima; Q302.76 ;;;;;
66937;35456A2D;1607421046;INSECTICIDA;1607421046;31/03/2026;AGRO INSUMOS, S.A.;KARATE  ZEON 5 CS                ;LAMBDA CYHALOTRINA                    ;SYNGENTA CROP PROTECTION AG ;BELGICA                  ;0.1%;252;LITROS; $2,693.87 ; Q20,609.53 ;7.65053;Agrequima; Q92.74 ;;;;;
66938;815EBD6D;3351660596;FUNGICIDA;3351660596;31/03/2026;AGRO INSUMOS, S.A.;REFLECT   12.5  EC               ;ISOPYRAZAM                            ;SYNGENTA CROP PROTECTION AG ;COREA                    ;0.1%;60;LITROS; $1,298.87 ; Q9,937.04 ;7.65053;Agrequima; Q44.72 ;;;;;
66939;22069DF8;767312153;FUNGICIDA            ;767312153;31/03/2026;AGRO INSUMOS, S.A.;QUADRIS OPTI/ AMISTAR OPTI 66 SC ;CLOROTALONILO, AZOXISTROBINA          ;SYNGENTA CROP PROTECTION AG ;ESTADOS UNIDOS DE AMERICA;0.1%;480;LITROS; $9,937.19 ; Q76,024.77 ;7.65053;Agrequima; Q342.11 ;;;;;
66940;58612FFC;642007915;INSECTICIDA;642007915;31/03/2026;AGRO INSUMOS, S.A.;AMPLIGO  15  SC                  ;CLORANTRANILIPROLE, LAMBDA CIHALOTRINA;SYNGENTA CROP PROTECTION AG ;FRANCIA                  ;0.1%;444;LITROS; $27,199.81 ; Q208,092.96 ;7.65053;Agrequima; Q936.42 ;;;;;
66941;D6E97005;2283161858;FUNGICIDA            ;2283161858;31/03/2026;AGRO INSUMOS, S.A.;SEEKER  75  EC                   ;FENPROPIDIN                           ;SYNGENTA CROP PROTECTION AG ;COLOMBIA                 ;0.1%;540;LITROS; $7,172.29 ; Q54,871.82 ;7.65053;Agrequima; Q246.92 ;;;;;
66942;4B261504;2281589386;INSECTICIDA;2281589386;31/03/2026;AGRO INSUMOS, S.A.;PEGASUS  50  SC                  ;DIAFENTIURON                          ;SYNGENTA CROP PROTECTION AG ;COLOMBIA                 ;0.1%;480;LITROS; $10,166.51 ; Q77,779.19 ;7.65053;Agrequima; Q350.01 ;;;;;
66943;3BDBC061;3152169997;FUNGICIDA            ;3152169997;31/03/2026;AGRO INSUMOS, S.A.;SCORE 25 EC                      ;DIFENOCONAZOLE                        ;SYNGENTA CROP PROTECTION AG ;COLOMBIA                 ;0.1%;684;LITROS; $13,131.47 ; Q100,462.71 ;7.65053;Agrequima; Q452.08 ;;;;;
66944;DEB2AC11;1424246085;FUNGICIDA            ;1424246085;31/03/2026;AGRO INSUMOS, S.A.;ORONDIS ULTRA 28  SC             ;MANDIPROPAMID, OXATHIAPIPROLIN        ;SYNGENTA CROP PROTECTION AG ;ESTADOS UNIDOS DE AMERICA;0.1%;60;LITROS; $4,187.97 ; Q32,040.19 ;7.65053;Agrequima; Q144.18 ;;;;;
66945;A2CEBEE5;3113369678;INSECTICIDA-ACARICIDA          ;3113369678;31/03/2026;AGRO INSUMOS, S.A.;VERTIMEC/AGRIMEC/ASTALEC 1.8 EC  ;ABAMECTINA                            ;SYNGENTA CROP PROTECTION AG ;ESTADOS UNIDOS DE AMERICA;0.1%;62.4;LITROS; $4,720.21 ; Q36,112.11 ;7.65053;Agrequima; Q162.50 ;;;;;
66946;DB378550;2321891659;FUNGICIDA            ;2321891659;31/03/2026;AGRO INSUMOS, S.A.;CARIAL FLEX 43 WG                ;CYMOXANIL, MANDIPROPAMID              ;SYNGENTA CROP PROTECTION AG ;FRANCIA                  ;0.1%;536;KILOS ; $16,811.94 ; Q128,620.25 ;7.65053;Agrequima; Q578.79 ;;;;;
66947;B569ACDA;2567652624;INSECTICIDA;2567652624;31/03/2026;AGRO INSUMOS, S.A.;MATCH 5 EC                       ;LUFENURON                             ;SYNGENTA CROP PROTEACTION AG;COLOMBIA                 ;0.1%;156;LITROS; $1,639.09 ; Q12,539.91 ;7.65053;Agrequima; Q56.43 ;;;;;
RDON-REVAI-12301-13.pdf;C63787F0;105859820;HERBICIDA;105859820;13/03/2026;FERTICA GUATEMALA, SOCIEDAD ANONIMA.;GAUTAZ 4 SC;Nicosulfuron;JEBAGRO GMBH;CHINA;0.1%;3,600.00;LITROS; $11,772.00 ; Q90,179.41 ;7.6605;Agrequima; Q405.81 ;;;;;
RDON-REVAI-12300-45.pdf;14154E52;4271391589;HERBICIDA;4271391589;13/03/2026;FERTICA GUATEMALA, SOCIEDAD ANONIMA.;BUFALO  30.41 SL;2,4-D, Picloram;JEBAGRO GMBH;CHINA;0.1%;8,460.00;LITROS; $20,219.40 ; Q154,890.71 ;7.6605;Agrequima; Q697.01 ;;;;;
RDON-REVAI-12217-48.pdf;46D50378;3859366799;HERBICIDA;3859366799;3/03/2026;AGROFORTRESS, SOCIEDAD ANONIMA;DIURON 80 WG;Diuron;TAHUAL AGRICOLA, S.A.;CHINA;0.1%;425.00;KILOGRAMOS; $2,146.25 ; Q16,449.55 ;7.66432;Agrequima; Q74.02 ;;;;;
RDON-REVAI-12283-09.pdf;4E03708C;761482995;FUNGICIDA;761482995;9/03/2026;DUWEST GUATEMALA SOCIEDAD ANONIMA;MANCOZEB TECNICO;Mancozeb;DUWEST INC;INDIA;0.1%;89,600.00;KILOGRAMOS; $302,848.00 ; Q2,319,524.95 ;7.65904;Agrequima; Q10,437.86 ;;;;;
RDON-REVAI-12285-45.pdf;B06795A0;3835579428;INSECTICIDA;3835579428;10/03/2026;PROMOCIONES AGRICOLAS INDUSTRIALES Y COMERCIALES SOCIEDAD ANONIMA;RUBICON 24.7 SC;LAMBDACIHALOTRINA, TIAMETOXAM;AGRO TRADING CORPORATION, S.A.;INDIA;0.1%;360.00;LITROS; $3,966.15 ; Q30,375.04 ;7.65857;Agrequima; Q136.69 ;;;;;
RDON-REVAI-12291-53.pdf;B78AA5D3;190989446;MATERIA TÉCNICA INSECTICIDA;190989446;11/03/2026;BAYER, SOCIEDAD ANONIMA;THIACLOPRID TÉCNICO;Thiacloprid;BAYER AG;ALEMANIA;0.1%;1,000.00;KILOGRAMOS; $122,520.00 ; Q938,328.00 ;7.65857;Agrequima; Q4,222.48 ;;;;;
RDON-REVAI-12222-59.pdf;688729B5;3620619853;FUNGICIDA;3620619853;3/03/2026;AGROFORTRESS, SOCIEDAD ANONIMA;FORAXIL 72 WP;Mancozeb, Metalaxyl;TAHUAL AGRICOLA, S.A.;CHINA;0.1%;5,000.00;KILOGRAMOS; $25,250.00 ; Q193,524.08 ;7.66432;Agrequima; Q870.86 ;;;;;
RDON-REVAI-12232-31.pdf;6A83840C;1519602128;HERBICIDA;1519602128;3/03/2026;AGROFORTRESS, SOCIEDAD ANONIMA;TRIAL  50  SC;Terbutryn;BESTENFELDEN CENTRO AMERICA, SOCIEDAD ANONIMA;CHINA;0.1%;4,000.00;LITROS; $18,600.00 ; Q142,556.72 ;7.66434;Agrequima; Q641.51 ;;;;;
RDON-REVAI-12225-59.pdf;37F24D10;2135048556;INSECTICIDA;2135048556;3/03/2026;AGROFORTRESS, SOCIEDAD ANONIMA;INVICTO / KPAZ 70 WG;Imidacloprid;TAHUAL AGRICOLA, S.A.;CHINA;0.1%;200.00;KILOGRAMOS; $2,902.00 ; Q22,241.91 ;7.66434;Agrequima; Q100.09 ;;;;;
RDON-REVAI-12226-29.pdf;EC4657C0;3295567;HERBICIDA;3295567;3/03/2026;AGROFORTRESS, SOCIEDAD ANONIMA;AGRESIVO  20 SL;Paraquat;TAHUAL AGRICOLA, S.A.;CHINA;0.1%;11,004.00;LITROS; $22,998.36 ; Q176,267.25 ;7.66434;Agrequima; Q793.20 ;;;;;
RDON-REVAI-12227-00.pdf;44B94C03;3667871835;FUNGICIDA;3667871835;3/03/2026;AGROFORTRESS, SOCIEDAD ANONIMA;CLOROTALONIL 72 SC;Chlorothalonil;TAHUAL AGRICOLA, S.A.;CHINA;0.1%;16,000.00;LITROS; $64,640.00 ; Q495,422.94 ;7.66434;Agrequima; Q2,229.40 ;;;;;
RDON-REVAI-12213-48.pdf;E97BD25E;4237905749;HERBICIDA;4237905749;2/03/2026;SEMILLAS E INSUMOS AGROPECUARIOS, SOCIEDAD ANONIMA;ATRAZINA  90  WG;Atrazina;AGROHAO COMPANY LTD;CHINA;0.1%;16,380.00;KILOGRAMOS; $68,796.00 ; Q527,318.59 ;7.66496;Agrequima; Q2,372.93 ;;;;;
RDON-REVAI-12214-25.pdf;0A4D79CD;3180283710;MATERIA TÉCNICA FUNGICIDA;3180283710;3/03/2026;DUWEST GUATEMALA SOCIEDAD ANONIMA;CLOROTALONIL TECNICO;CHLOROTHALONIL;DUWEST INC;CHINA;0.1%;45,000.00;KILOGRAMOS; $193,500.00 ; Q1,483,332.30 ;7.6658;Agrequima; Q6,675.00 ;;;;;
RDON-REVAI-12215-20.pdf;A46B8899;1754418519;MATERIA TÉCNICA FUNGICIDA;1754418519;3/03/2026;DUWEST GUATEMALA SOCIEDAD ANONIMA;CLOROTALONIL TECNICO;CHLOROTHALONIL;DUWEST INC;CHINA;0.1%;22,500.00;KILOGRAMOS; $96,750.00 ; Q741,666.15 ;7.6658;Agrequima; Q3,337.50 ;;;;;
RDON-REVAI-12216-51.pdf;F966F00D;3729539897;MATERIA TÉCNICA FUNGICIDA;3729539897;3/03/2026;DUWEST GUATEMALA SOCIEDAD ANONIMA;CLOROTALONIL TECNICO;CHLOROTHALONIL;DUWEST INC;CHINA;0.1%;67,500.00;KILOGRAMOS; $290,250.00 ; Q2,224,998.45 ;7.6658;Agrequima; Q10,012.49 ;;;;;
RDON-REVAI-12233-31.pdf;40DA34F5;3203877376;INSECTICIDA, NEMATICIDA;3203877376;3/03/2026;TECNOLOGIA AGROCOMERCIAL, SOCIEDAD ANONIMA;NEMATEC  24 SL;Oxamyl;AGROQUIMICA INDUSTRIAL RIMAC, S.A.;COSTA RICA;0.1%;2,000.00;LITROS; $17,168.00 ; Q131,606.45 ;7.6658;Agrequima; Q592.23 ;;;;;
RDON-REVAI-12253-21.pdf;884C3845;1813529438;MATERIA TÉCNICA FUNGICIDA;1813529438;6/03/2026;BAYER, SOCIEDAD ANONIMA;PROPAMOCARB HYDROCHLORIDE TECNICO;PropamocarbHydrocloride;BAYER AG;ALEMANIA;0.1%;18,348.62;LITROS; $356,400.00 ; Q2,731,143.10 ;7.66314;Agrequima; Q12,290.14 ;;;;;
RDON-REVAI-12254-22.pdf;7943BBC0;675366045;MATERIA TÉCNICA FUNGICIDA;675366045;6/03/2026;BAYER, SOCIEDAD ANONIMA;PROPAMOCARB HYDROCHLORIDE TECNICO;PropamocarbHydrocloride;BAYER AG;ALEMANIA;0.1%;18,348.62;LITROS; $356,400.00 ; Q2,731,143.10 ;7.66314;Agrequima; Q12,290.14 ;;;;;
RDON-REVAI-12257-22.pdf;D6593703;198395735;MATERIA TÉCNICA FUNGICIDA;198395735;6/03/2026;BAYER, SOCIEDAD ANONIMA;PROPAMOCARB HYDROCHLORIDE TECNICO;PropamocarbHydrocloride;BAYER AG;ALEMANIA;0.1%;9,174.31;LITROS; $178,200.00 ; Q1,365,571.55 ;7.66314;Agrequima; Q6,145.07 ;;;;;
RDON-REVAI-12274-30.pdf;0F11B900;3100003507;FUNGICIDA;3100003507;9/03/2026;BASF DE GUATEMALA  SOCIEDAD ANONIMA;LONSELOR 30 SC;Fluxapyroxad;BASF DE COSTA RICA, S.A.;ESPAÑA;0.1%;1,260.00;LITROS; $43,709.40 ; Q334,951.25 ;7.66314;Agrequima; Q1,507.28 ;;;;;
RDON-REVAI-12275-30.pdf;78D1E334;2110997645;FUNGICIDA;2110997645;9/03/2026;BASF DE GUATEMALA  SOCIEDAD ANONIMA;Opus 12.5 SC;Epoxiconazole;BASF DE COSTA RICA, S.A.;ESPAÑA;0.1%;2,730.00;LITROS; $34,206.90 ; Q262,132.26 ;7.66314;Agrequima; Q1,179.60 ;;;;;
RDON-REVAI-12251-55.pdf;4CA75143;1871793343;HERBICIDA;1871793343;4/03/2026;SEMILLAS E INSUMOS AGROPECUARIOS, SOCIEDAD ANONIMA;ATRAZINA  90  WG;Atrazina;AGROHAO COMPANY LTD;CHINA;0.1%;16,380.00;KILOGRAMOS; $68,796.00 ; Q527,214.02 ;7.66344;Agrequima; Q2,372.46 ;;;;;
RDON-REVAI-12272-30.pdf;42F5971C;2592228554;FUNGICIDA;2592228554;9/03/2026;BASF DE GUATEMALA  SOCIEDAD ANONIMA;FORUM 15 DC;Dimethomorph;BASF DE COSTA RICA, S.A.;FRANCIA;0.1%;390.00;LITROS; $12,624.30 ; Q96,741.78 ;7.66314;Agrequima; Q435.34 ;;;;;
RDON-REVAI-12273-30.pdf;B06323F6;2760920905;FUNGICIDA, ACARICIDA;2760920905;9/03/2026;BASF DE GUATEMALA  SOCIEDAD ANONIMA;KUMULUS 80 WG;SULPHUR;BASF DE COSTA RICA, S.A.;ALEMANIA;0.1%;2,380.00;KILOGRAMOS; $8,258.60 ; Q63,286.81 ;7.66314;Agrequima; Q284.79 ;;;;;
RDON-REVAI-12276-00.pdf;41228557;2590657198;FUNGICIDA;2590657198;9/03/2026;BASF DE GUATEMALA  SOCIEDAD ANONIMA;LONSELOR 30 SC;Fluxapyroxad;BASF DE COSTA RICA, S.A.;ESPAÑA;0.1%;630.00;LITROS; $21,854.70 ; Q167,475.63 ;7.66314;Agrequima; Q753.64 ;;;;;
RDON-REVAI-12277-00.pdf;6C77663E;3300871421;FUNGICIDA;3300871421;9/03/2026;BASF DE GUATEMALA  SOCIEDAD ANONIMA;CABRIO TEAM / GUELUZ 18.7 WG;DIMETHOMORPH, PYRACLOSTROBIN;BASF DE COSTA RICA, S.A.;ALEMANIA;0.1%;967.50;KILOGRAMOS; $31,840.43 ; Q243,997.67 ;7.66314;Agrequima; Q1,097.99 ;;;;;
RDON-REVAI-12258-58.pdf;51B9096C;3456386210;HERBICIDA;3456386210;6/03/2026;NEGOCIOS RELACIONADOS, SOCIEDAD ANONIMA;GUERRERO 35.6  SL;Glifosato;TAHUAL AGRICOLA, S.A.;CHINA;0.1%;10,936.00;LITROS; $27,886.80 ; Q213,688.46 ;7.66271;Agrequima; Q961.60 ;;;;;
RDON-REVAI-12280-00.pdf;026C4E1C;2255965130;INSECTICIDA;2255965130;9/03/2026;BASF DE GUATEMALA  SOCIEDAD ANONIMA;VERSYS 10 DC;AFIDOPYROPEN;BASF DE COSTA RICA, S.A.;ESTADOS UNIDOS DE AMERICA;0.1%;1,136.00;LITROS; $124,766.88 ; Q956,052.42 ;7.66271;Agrequima; Q4,302.24 ;;;;;
RDON-REVAI-12278-00.pdf;E3A529A6;3833809380;RODENTICIDA;3833809380;9/03/2026;BASF DE GUATEMALA  SOCIEDAD ANONIMA;STORM 0.005 BB;Flocoumafen;BASF DE COSTA RICA, S.A.;REINO UNIDO;0.1%;600.00;KILOGRAMOS; $3,306.00 ; Q25,332.92 ;7.66271;Agrequima; Q114.00 ;;;;;
RDON-REVAI-12279-02.pdf;2C9C852E;969493607;RODENTICIDA;969493607;9/03/2026;BASF DE GUATEMALA  SOCIEDAD ANONIMA;STORM 0.005 BB;Flocoumafen;BASF DE COSTA RICA, S.A.;REINO UNIDO;0.1%;2,500.00;KILOGRAMOS; $13,650.00 ; Q104,595.99 ;7.66271;Agrequima; Q470.68 ;;;;;
RDON-REVAI-12282-06.pdf;60D1005C;1416839287;HERBICIDA;1416839287;9/03/2026;AGROFORTRESS, SOCIEDAD ANONIMA;ATAJO 15 SL;GLUFOSINATE-P;TAHUAL AGRICOLA, S.A.;CHINA;0.1%;1,200.00;LITROS; $3,060.00 ; Q23,436.66 ;7.65904;Agrequima; Q105.46 ;;;;;
RDON-REVAI-12266-06.pdf;5AAD1187;3342355703;INSECTICIDA;3342355703;9/03/2026;DUWEST GUATEMALA SOCIEDAD ANONIMA;Mirex-S 0,3 GB;Sulfluramida;DUWEST INC;BRAZIL;0.1%;12,000.00;KILOGRAMOS; $58,500.00 ; Q441,160.70 ;7.65904;Agrequima; Q1,985.22 ;;;;;
RDON-REVAI-12265-36.pdf;D1A738B2;3475261594;INSECTICIDA;3475261594;9/03/2026;DUWEST GUATEMALA SOCIEDAD ANONIMA;Mirex-S 0,3 GB;Sulfluramida;DUWEST INC;BRAZIL;0.1%;12,000.00;KILOGRAMOS; $58,500.00 ; Q441,160.70 ;7.65904;Agrequima; Q1,985.22 ;;;;;
RDON-REVAI-12267-40.pdf;88A6C4EF;536363234;FUNGICIDA;536363234;9/03/2026;DUWEST GUATEMALA SOCIEDAD ANONIMA;INDOZEB 80 WP;MANCOZEB;DUWEST INC;INDIA;0.1%;22,400.00;KILOGRAMOS; $72,800.00 ; Q557,578.11 ;7.65904;Agrequima; Q2,509.10 ;;;;;
RDON-REVAI-12289-53.pdf;431EC377;1950040865;MATERIA TÉCNICA FUNGICIDA;1950040865;11/03/2026;BAYER, SOCIEDAD ANONIMA;Tebuconazole / Folicur Tecnico;Tebuconazole;BAYER AG;ESTADOS UNIDOS DE AMERICA;0.1%;3,000.00;KILOGRAMOS; $140,400.00 ; Q1,075,263.23 ;7.65857;Agrequima; Q4,838.68 ;;;;;
RDON-REVAI-12290-54.pdf;38FAA5B2;2073575632;MATERIA TECNICA PARA FOMULAR FUNGICIDA-NEMATICIDA;2073575632;11/03/2026;BAYER, SOCIEDAD ANONIMA;FLUOPYRAM TECNICO;FLUOPYRAM;BAYER AG;ESTADOS UNIDOS DE AMERICA;0.1%;3,200.00;KILOGRAMOS; $489,600.00 ; Q3,749,635.87 ;7.65857;Agrequima; Q16,873.36 ;;;;;
RDON-REVAI-12295-08.pdf;F96FF9ED;2075019926;FUNGICIDA;2075019926;11/03/2026;BAYER, SOCIEDAD ANONIMA;NATIVO / CONSIST FULL 75 WG;Tebuconazol, Trifloxystrobin;BAYER AG;ALEMANIA;0.1%;13,500.00;KILOGRAMOS; $441,585.00 ; Q3,382,845.79 ;7.66069;Agrequima; Q15,222.81 ;;;;;
RDON-REVAI-12286-12.pdf;C5EA080F;1722239447;MATERIA TECNICA PARA FOMULAR INSECTICIDA,ACARICIDA;1722239447;10/03/2026;PROMOCIONES AGRICOLAS INDUSTRIALES Y COMERCIALES SOCIEDAD ANONIMA;Cipermetrina Tecnica;Cypermethrin;AGRO TRADING CORPORATION, S.A.;INDIA;0.1%;2,160.00;KILOGRAMOS; $16,282.51 ; Q124,700.74 ;7.65857;Agrequima; Q561.15 ;;;;;
RDON-REVAI-12292-56.pdf;F8C12F44;1635274626;MATERIA TÉCNICA INSECTICIDA;1635274626;11/03/2026;BAYER, SOCIEDAD ANONIMA;THIACLOPRID TÉCNICO;THIACLOPRID;BAYER AG;ALEMANIA;0.1%;2,500.00;KILOGRAMOS; $306,300.00 ; Q2,345,819.99 ;7.65857;Agrequima; Q10,556.19 ;;;;;
RDON-REVAI-12287-12.pdf;469FFEC8;3617541457;MATERIA TECNICA PARA FOMULAR INSECTICIDA,ACARICIDA;3617541457;10/03/2026;PROMOCIONES AGRICOLAS INDUSTRIALES Y COMERCIALES SOCIEDAD ANONIMA;Permetrina Técnica;PERMETHRIN;AGRO TRADING CORPORATION, S.A.;INDIA;0.1%;2,880.00;KILOGRAMOS; $25,505.50 ; Q195,335.66 ;7.65857;Agrequima; Q879.01 ;;;;;
RDON-REVAI-12296-11.pdf;35921A5A;3084534451;INSECTICIDA;3084534451;11/03/2026;PROMOCIONES AGRICOLAS INDUSTRIALES Y COMERCIALES SOCIEDAD ANONIMA;EVISECT 33.4  SP;THIOCYCLAM;AGRO TRADING CORPORATION, S.A.;JAPON;0.1%;480.00;KILOGRAMOS; $21,306.76 ; Q163,224.48 ;7.66069;Agrequima; Q734.51 ;;;;;
RDON-REVAI-12299-39.pdf;5FED99D7;3136505147;INSECTICIDA;3136505147;12/03/2026;PROMOCIONES AGRICOLAS INDUSTRIALES Y COMERCIALES SOCIEDAD ANONIMA;VILLANO 4.6 EC;Acetamiprid, Lambda-Cyhalothrin;AGRO TRADING CORPORATION, S.A.;INDIA;0.1%;3,000.00;LITROS; $8,300.55 ; Q63,586.36 ;7.6605;Agrequima; Q286.14 ;;;;;
RDON-REVAI-12294-02.pdf;2DA785FB;3490858974;INSECTICIDA;3490858974;11/03/2026;MARKETING ARM GUATEMALA SOCIEDAD ANONIMA;BENZOTIN 5.7 EC;Emamectinbenzoate;MARKETING ARM PANAMA;CHINA;0.1%;1,125.00;LITROS; $61,482.64 ; Q470,999.45 ;7.66069;Agrequima; Q2,119.50 ;;;;;
RDON-REVAI-12297-51.pdf;DA207CEA;2840151485;FUNGICIDA;2840151485;12/03/2026;ARYSTA LIFESCIENCE DE GUATEMALA, SOCIEDAD ANONIMA;MANCOZEB 80 WP;Mancozeb;UPL MAURITIUS LIMITED;INDIA;0.1%;12,800.00;KILOGRAMOS; $33,536.00 ; Q256,902.53 ;7.6605;Agrequima; Q1,156.06 ;;;;;
RDON-REVAI-12298-49.pdf;B0BA0FA5;2213367475;FUNGICIDA;2213367475;12/03/2026;ARYSTA LIFESCIENCE DE GUATEMALA, SOCIEDAD ANONIMA;MANCOZEB 80 WP;Mancozeb;UPL MAURITIUS LIMITED;INDIA;0.1%;12,800.00;KILOGRAMOS; $33,536.00 ; Q256,902.53 ;7.6605;Agrequima; Q1,156.06 ;;;;;
RDON-REVAI-12288-55.pdf;F2859F79;812925120;INSECTICIDA;812925120;11/03/2026;DUWEST GUATEMALA SOCIEDAD ANONIMA;BELEAF  50 SG;Flonicamid;DUWEST INC;JAPON;0.1%;302.40;KILOGRAMOS; $47,656.16 ; Q365,079.07 ;7.66069;Agrequima; Q1,642.86 ;;;;;
RDON-REVAI-12302-57.pdf;88CCB374;1927956076;FUNGICIDA;1927956076;16/03/2026;GLOBAL AGROINSUMOS DE GUATEMALA SOCIEDAD ANONIMA;FOSETIL ALUMINIO 80 WG;FosetylAluminium;TAHUAL AGRICOLA, S.A.;CHINA;0.1%;1,150.00;KILOGRAMOS; $5,405.00 ; Q41,392.25 ;7.65814;Agrequima; Q186.27 ;;;;;
RDON-REVAI-12252-56.pdf;C5B8F1D8;1421626703;HERBICIDA;1421626703;5/03/2026;BAYER, SOCIEDAD ANONIMA;ADENGO 46.5 SC;CYPROSULFAMIDE, ISOXAFLUTOLE, THIENCARBAZONE-METHYL;BAYER AG;FRANCIA;0.1%;720.00;LITROS; $51,789.60 ; Q396,870.96 ;7.66314;Agrequima; Q1,785.92 ;;;;;
RDON-REVAI-12218-54.pdf;3C2569CE;3252899147;FUNGICIDA;3252899147;3/03/2026;AGROFORTRESS, SOCIEDAD ANONIMA;TBZ 50 SC;Thiabendazole;TAHUAL AGRICOLA, S.A.;CHINA;0.1%;870.00;LITROS; $23,376.90 ; Q179,168.04 ;7.66432;Agrequima; Q806.26 ;;;;;
RDON-REVAI-12220-58.pdf;B9ECBD76;3321644898;REGULADOR DE CRECIMIENTO;3321644898;3/03/2026;AGROFORTRESS, SOCIEDAD ANONIMA;ZUCKER 25  EC;Trinexapac-Ethyl;TAHUAL AGRICOLA, S.A.;CHINA;0.1%;4,000.00;LITROS; $48,880.00 ; Q374,631.96 ;7.66432;Agrequima; Q1,685.84 ;;;;;
RDON-REVAI-12224-02.pdf;56FE1B22;2796441112;HERBICIDA;2796441112;3/03/2026;AGROFORTRESS, SOCIEDAD ANONIMA;AGRESIVO  20 SL;Paraquat;TAHUAL AGRICOLA, S.A.;CHINA;0.1%;11,004.00;LITROS; $22,998.36 ; Q176,266.79 ;7.66432;Agrequima; Q793.20 ;;;;;
RDON-REVAI-12228-59.pdf;4F576C7B;3023522828;INSECTICIDA;3023522828;3/03/2026;AGROFORTRESS, SOCIEDAD ANONIMA;DEFIENDE PLUS 54 FS;Clothianidin, Thiodicarb;TAHUAL AGRICOLA, S.A.;CHINA;0.1%;1,800.00;LITROS; $36,826.00 ; Q282,246.98 ;7.66434;Agrequima; Q1,270.11 ;;;;;
RDON-REVAI-12246-14.pdf;97264C53;283855605;HERBICIDA;283855605;3/03/2026;BARILLAS,GALVEZ,,MANUEL,ANTONIO;TIGERBULL   48  SL;MCPA, PICLORAM, TRICLOPYR;AGROQUIMICA INDUSTRIAL RIMAC, S.A.;COSTA RICA;0.1%;1,380.00;LITROS; $12,516.00 ; Q95,945.15 ;7.6658;Agrequima; Q431.75 ;;;;;
RDON-REVAI-12245-43.pdf;108C59C1;2986296268;HERBICIDA;2986296268;3/03/2026;BARILLAS,GALVEZ,,MANUEL,ANTONIO;BULLGRASS  30.4  SL;2,4-D, Picloram;AGROQUIMICA INDUSTRIAL RIMAC, S.A.;COSTA RICA;0.1%;2,116.00;LITROS; $8,284.00 ; Q63,503.49 ;7.6658;Agrequima; Q285.77 ;;;;;
RDON-REVAI-12244-14.pdf;0A3DE31A;2185187048;HERBICIDA;2185187048;3/03/2026;BARILLAS,GALVEZ,,MANUEL,ANTONIO;HA 72  SL;2,4-D;AGROQUIMICA INDUSTRIAL RIMAC, S.A.;COSTA RICA;0.1%;1,558.00;LITROS; $5,595.56 ; Q42,894.44 ;7.6658;Agrequima; Q193.02 ;;;;;
RDON-REVAI-12243-43.pdf;11BE4905;3546825436;HERBICIDA;3546825436;3/03/2026;BARILLAS,GALVEZ,,MANUEL,ANTONIO;FANTASMA 12.5 EC;FLUAZIFOP-P-BUTYL;AGROQUIMICA INDUSTRIAL RIMAC, S.A.;COSTA RICA;0.1%;640.00;LITROS; $6,080.00 ; Q46,608.06 ;7.6658;Agrequima; Q209.74 ;;;;;
RDON-REVAI-12242-13.pdf;37E3E93D;3103870755;HERBICIDA;3103870755;3/03/2026;BARILLAS,GALVEZ,,MANUEL,ANTONIO;RIMAXONE 20  SL;Paraquat;AGROQUIMICA INDUSTRIAL RIMAC, S.A.;COSTA RICA;0.1%;608.00;LITROS; $1,793.60 ; Q13,749.38 ;7.6658;Agrequima; Q61.87 ;;;;;
RDON-REVAI-12241-44.pdf;E005F56E;3657844913;HERBICIDA;3657844913;3/03/2026;BARILLAS,GALVEZ,,MANUEL,ANTONIO;GREEN  GO  PARAQUAT  20  SL;Paraquat;AGROQUIMICA INDUSTRIAL RIMAC, S.A.;COSTA RICA;0.1%;800.00;LITROS; $1,760.00 ; Q13,491.81 ;7.6658;Agrequima; Q60.71 ;;;;;
RDON-REVAI-12240-13.pdf;2FC19870;684933830;HERBICIDA;684933830;3/03/2026;BARILLAS,GALVEZ,,MANUEL,ANTONIO;RIMAXATO 75 WG;Glifosato;AGROQUIMICA INDUSTRIAL RIMAC, S.A.;COSTA RICA;0.1%;200.00;KILOGRAMOS; $1,400.00 ; Q10,732.12 ;7.6658;Agrequima; Q48.29 ;;;;;
RDON-REVAI-12239-45.pdf;DDBCA711;15026807;HERBICIDA;15026807;3/03/2026;BARILLAS,GALVEZ,,MANUEL,ANTONIO;RIMAXATO 35.6 SL;Glifosato;AGROQUIMICA INDUSTRIAL RIMAC, S.A.;COSTA RICA;0.1%;120.00;LITROS; $511.20 ; Q3,918.76 ;7.6658;Agrequima; Q17.63 ;;;;;
RDON-REVAI-12212-48.pdf;854BE1AB;2077446033;HERBICIDA;2077446033;2/03/2026;ARYSTA LIFESCIENCE DE GUATEMALA, SOCIEDAD ANONIMA;FIST  45.6  CS;Pendimethalin;UPL MAURITIUS LIMITED;INDIA;0.1%;18,000.00;LITROS; $55,980.00 ; Q428,886.85 ;7.66143;Agrequima; Q1,929.99 ;;;;;
RDON-REVAI-12248-52.pdf;0C0FE7BF;2038122741;HERBICIDA;2038122741;4/03/2026;BAYER, SOCIEDAD ANONIMA;Merlin Total 60 SC;Indaziflam, Isoxaflutole;BAYER AG;ALEMANIA;0.1%;2,000.00;LITROS; $186,600.00 ; Q1,430,438.28 ;7.6658;Agrequima; Q6,436.97 ;;;;;
RDON-REVAI-12249-53.pdf;00A5DC33;599539809;HERBICIDA;599539809;4/03/2026;BAYER, SOCIEDAD ANONIMA;Merlin Total 60 SC;Indaziflam, Isoxaflutole;BAYER AG;ALEMANIA;0.1%;1,440.00;LITROS; $119,808.00 ; Q918,424.17 ;7.6658;Agrequima; Q4,132.91 ;;;;;
RDON-REVAI-12238-14.pdf;4171CE59;4290465700;HERBICIDA;4290465700;3/03/2026;BARILLAS,GALVEZ,,MANUEL,ANTONIO;TRIGGER 48 EC;Triclopir;AGROQUIMICA INDUSTRIAL RIMAC, S.A.;COSTA RICA;0.1%;500.00;LITROS; $5,000.00 ; Q38,329.00 ;7.6658;Agrequima; Q172.48 ;;;;;
RDON-REVAI-12237-43.pdf;F160B837;3733735580;INSECTICIDA;3733735580;3/03/2026;BARILLAS,GALVEZ,,MANUEL,ANTONIO;RIMPIRIFOS  48  EC;Clorpirifos;AGROQUIMICA INDUSTRIAL RIMAC, S.A.;COSTA RICA;0.1%;6,452.00;LITROS; $33,812.00 ; Q259,196.03 ;7.6658;Agrequima; Q1,166.38 ;;;;;
RDON-REVAI-12236-14.pdf;4B61BB76;3806284145;INSECTICIDA, NEMATICIDA;3806284145;3/03/2026;BARILLAS,GALVEZ,,MANUEL,ANTONIO;GREEN GO OXAMIL 10 GR;Oxamyl;AGROQUIMICA INDUSTRIAL RIMAC, S.A.;COSTA RICA;0.1%;450.00;KILOGRAMOS; $2,340.00 ; Q17,937.97 ;7.6658;Agrequima; Q80.72 ;;;;;
RDON-REVAI-12250-53.pdf;93196C8B;2646559251;HERBICIDA;2646559251;4/03/2026;AGROFORTRESS, SOCIEDAD ANONIMA;NICOFOR / ILUSTRE 4 SC;Nicosulfuron;TAHUAL AGRICOLA, S.A.;CHINA;0.1%;3,000.00;LITROS; $11,940.00 ; Q91,501.47 ;7.66344;Agrequima; Q411.76 ;;;;;
RDON-REVAI-12219-00.pdf;D9602476;1582907434;FUNGICIDA;1582907434;3/03/2026;AGROFORTRESS, SOCIEDAD ANONIMA;TBZ 50 SC;Thiabendazole;TAHUAL AGRICOLA, S.A.;CHINA;0.1%;660.00;LITROS; $17,734.20 ; Q135,920.58 ;7.66432;Agrequima; Q611.64 ;;;;;
RDON-REVAI-12221-58.pdf;D6C5845B;2304592401;FUNGICIDA;2304592401;3/03/2026;AGROFORTRESS, SOCIEDAD ANONIMA;FORAXIL 72 WP;Mancozeb, Metalaxyl;TAHUAL AGRICOLA, S.A.;CHINA;0.1%;2,000.00;KILOGRAMOS; $10,100.00 ; Q77,409.63 ;7.66432;Agrequima; Q348.34 ;;;;;
RDON-REVAI-12223-59.pdf;2F7D250F;2930132002;INSECTICIDA;2930132002;3/03/2026;AGROFORTRESS, SOCIEDAD ANONIMA;TEMPUS 50 WG;Clothianidin;TAHUAL AGRICOLA, S.A.;CHINA;0.1%;750.00;KILOGRAMOS; $8,527.50 ; Q65,357.49 ;7.66432;Agrequima; Q294.11 ;;;;;
RDON-REVAI-12247-23.pdf;EC792607;184438308;INSECTICIDA;184438308;4/03/2026;ARYSTA LIFESCIENCE DE GUATEMALA, SOCIEDAD ANONIMA;SHENZI 20 SC;Chlorantraniliprole;UPL COSTA RICA, S.A.;ESTADOS UNIDOS DE AMERICA;0.1%;800.00;LITROS; $94,512.00 ; Q724,287.04 ;7.66344;Agrequima; Q3,259.29 ;;;;;
RDON-REVAI-12255-22.pdf;CD479E25;2891861283;MATERIA TÉCNICA FUNGICIDA;2891861283;6/03/2026;BAYER, SOCIEDAD ANONIMA;PROPAMOCARB HYDROCHLORIDE TECNICO;PropamocarbHydrocloride;BAYER AG;ALEMANIA;0.1%;18,348.62;LITROS; $356,400.00 ; Q2,731,143.10 ;7.66314;Agrequima; Q12,290.14 ;;;;;
RDON-REVAI-12256-22.pdf;DEFF80A2;2224508354;MATERIA TÉCNICA FUNGICIDA;2224508354;6/03/2026;BAYER, SOCIEDAD ANONIMA;PROPAMOCARB HYDROCHLORIDE TECNICO;PropamocarbHydrocloride;BAYER AG;ALEMANIA;0.1%;9,174.31;LITROS; $178,200.00 ; Q1,365,571.55 ;7.66314;Agrequima; Q6,145.07 ;;;;;
RDON-REVAI-12268-00.pdf;6AF2C768;909527477;MATERIA TÉCNICA INSECTICIDA;909527477;9/03/2026;BAYER, SOCIEDAD ANONIMA;FLUPYRADIFURONE TECNICO;Flupyradifurone;BAYER AG;ALEMANIA;0.1%;5,500.00;KILOGRAMOS; $946,715.00 ; Q7,254,809.59 ;7.66314;Agrequima; Q32,646.64 ;;;;;
RDON-REVAI-12271-00.pdf;4A3386F8;1456820111;FUNGICIDA;1456820111;9/03/2026;BASF DE GUATEMALA  SOCIEDAD ANONIMA;CYCOSIN 50 SC;Thiophanate-Methyl;BASF DE COSTA RICA, S.A.;COSTA RICA;0.1%;1,310.00;LITROS; $24,549.40 ; Q188,125.49 ;7.66314;Agrequima; Q846.56 ;;;;;
RDON-REVAI-12235-12.pdf;402EAF7E;3124251950;HERBICIDA;3124251950;3/03/2026;AGROFORTRESS, SOCIEDAD ANONIMA;ATRAZINA  90 WG;Atrazine;BESTENFELDEN CENTRO AMERICA, SOCIEDAD ANONIMA;CHINA;0.1%;500.00;KILOGRAMOS; $2,010.00 ; Q15,405.32 ;7.66434;Agrequima; Q69.32 ;;;;;
RDON-REVAI-12234-45.pdf;B5580BB0;721702263;HERBICIDA;721702263;3/03/2026;AGROFORTRESS, SOCIEDAD ANONIMA;DIURON 80 WG;Diuron;BESTENFELDEN CENTRO AMERICA, SOCIEDAD ANONIMA;CHINA;0.1%;3,000.00;KILOGRAMOS; $16,140.00 ; Q123,702.45 ;7.66434;Agrequima; Q556.66 ;;;;;
RDON-REVAI-12229-59.pdf;EEF17F71;2108375556;FUNGICIDA;2108375556;3/03/2026;AGROFORTRESS, SOCIEDAD ANONIMA;AVALANCHA  50  SC;Boscalid;TAHUAL AGRICOLA, S.A.;CHINA;0.1%;1,200.00;LITROS; $40,212.00 ; Q308,198.44 ;7.66434;Agrequima; Q1,386.89 ;;;;;
RDON-REVAI-12230-59.pdf;EB6994DC;990921255;FUNGICIDA;990921255;3/03/2026;AGROFORTRESS, SOCIEDAD ANONIMA;URGENTE 50 WG;Azoxystrobin;TAHUAL AGRICOLA, S.A.;CHINA;0.1%;500.00;KILOGRAMOS; $10,370.00 ; Q79,479.21 ;7.66434;Agrequima; Q357.66 ;;;;;
RDON-REVAI-12231-34.pdf;581432D7;1031750009;FUNGICIDA;1031750009;3/03/2026;AGROFORTRESS, SOCIEDAD ANONIMA;FORAL  80 WG;FosetylAluminium;TAHUAL AGRICOLA, S.A.;CHINA;0.1%;3,400.00;KILOGRAMOS; $17,566.00 ; Q134,631.80 ;7.66434;Agrequima; Q605.84 ;;;;;
RDON-REVAI-12259-57.pdf;37F90E2E;2661697708;HERBICIDA;2661697708;6/03/2026;NEGOCIOS RELACIONADOS, SOCIEDAD ANONIMA;GUERRERO 35.6  SL;Glifosato;TAHUAL AGRICOLA, S.A.;CHINA;0.1%;13,242.00;LITROS; $30,654.50 ; Q234,896.54 ;7.66271;Agrequima; Q1,057.03 ;;;;;
RDON-REVAI-12260-57.pdf;E91FCDD5;2641707648;HERBICIDA;2641707648;6/03/2026;NEGOCIOS RELACIONADOS, SOCIEDAD ANONIMA;ILUSTRE 4 SC;Nicosulfuron;TAHUAL AGRICOLA, S.A.;CHINA;0.1%;2,000.00;LITROS; $7,800.00 ; Q59,769.14 ;7.66271;Agrequima; Q268.96 ;;;;;
RDON-REVAI-12261-58.pdf;84E23192;2056995921;HERBICIDA;2056995921;6/03/2026;NEGOCIOS RELACIONADOS, SOCIEDAD ANONIMA;PARAQUAT 20 SL;Paraquat;TAHUAL AGRICOLA, S.A.;CHINA;0.1%;7,000.00;LITROS; $16,870.00 ; Q129,269.92 ;7.66271;Agrequima; Q581.71 ;;;;;
RDON-REVAI-12262-00.pdf;5DE20CB3;3581299671;HERBICIDA;3581299671;6/03/2026;NEGOCIOS RELACIONADOS, SOCIEDAD ANONIMA;SUPERXONE 20 SL;PARAQUAT;TAHUAL AGRICOLA, S.A.;CHINA;0.1%;4,510.00;LITROS; $10,247.70 ; Q78,525.15 ;7.66271;Agrequima; Q353.36 ;;;;;
RDON-REVAI-12263-58.pdf;E3ADD9A2;507921044;HERBICIDA;507921044;6/03/2026;NEGOCIOS RELACIONADOS, SOCIEDAD ANONIMA;ZPRIM 90 WG;Atrazine;TAHUAL AGRICOLA, S.A.;CHINA;0.1%;6,000.00;KILOGRAMOS; $26,100.00 ; Q199,996.73 ;7.66271;Agrequima; Q899.99 ;;;;;
RDON-REVAI-12293-49.pdf;52F8B7FA;131154210;HERBICIDA;131154210;11/03/2026;NEGOCIOS RELACIONADOS, SOCIEDAD ANONIMA;HEDOMINA 72 SL;2,4-D;TAHUAL AGRICOLA, S.A.;CHINA;0.1%;5,000.00;LITROS; $15,290.00 ; Q117,162.84 ;7.66271;Agrequima; Q527.23 ;;;;;
RDON-REVAI-12281-00.pdf;6CADBD9F;2491107557;HERBICIDA;2491107557;9/03/2026;BASF DE GUATEMALA  SOCIEDAD ANONIMA;BASTA 15 SL;GlufosinateAmmonium;BASF DE COSTA RICA, S.A.;ALEMANIA;0.1%;5,000.00;LITROS; $45,050.00 ; Q345,205.09 ;7.66271;Agrequima; Q1,553.42 ;;;;;
RDON-REVAI-12269-00.pdf;99515A99;4131079843;MATERIA TECNICA PARA FOMULAR INSECTICIDA,ACARICIDA;4131079843;9/03/2026;BAYER, SOCIEDAD ANONIMA;Spiromesifen Tecnico;SPIROMESIFEN;BAYER AG;ALEMANIA;0.1%;11,000.00;KILOGRAMOS; $2,133,450.00 ; Q16,348,008.65 ;7.66271;Agrequima; Q73,566.04 ;;;;;
RDON-REVAI-12270-00.pdf;4E75851E;446646868;MATERIA TÉCNICA INSECTICIDA;446646868;9/03/2026;BAYER, SOCIEDAD ANONIMA;THIODICARB TÉCNICO;THIODICARB;BAYER AG;CHINA;0.1%;5,200.00;KILOGRAMOS; $292,968.00 ; Q2,244,928.82 ;7.66271;Agrequima; Q10,102.18 ;;;;;
RDON-REVAI-12264-55.pdf;222099C4;4159324491;INSECTICIDA;4159324491;9/03/2026;PROMOCIONES AGRICOLAS INDUSTRIALES Y COMERCIALES SOCIEDAD ANONIMA;PQZ  22 SC;Pyrifluquinazon;AGRO TRADING CORPORATION, S.A.;JAPON;0.1%;180.00;LITROS; $22,154.66 ; Q169,683.43 ;7.65904;Agrequima; Q763.58 ;;;;;
RDON-REVAI-12284-06.pdf;66FED6BD;3463204481;DESINFECTANTE DE SUELO;3463204481;10/03/2026;INVERSIONES COMERCIALES E INDUSTRIALES, SOCIEDAD ANONIMA;VAPAM 51 GE;METAM-SODIUM;AMVAC LATAM S. DE R. L.;ESTADOS UNIDOS DE AMERICA;0.1%;14,976.00;LITROS; $26,657.28 ; Q204,169.17 ;7.65904;Agrequima; Q918.76 ;;;;;
RDON-REVAI-12330-30.pdf;E1E11871;2607894398;FUNGICIDA;2607894398;20/03/2026;EMPRESA CENTROAMERICANA DE SERVICIOS, S.A.;BELLKUTE 30 SC;IminoctadineTris(Albesilate);AGRO TRADING CORPORATION, S. A .;JAPON;0.1%;600.00;LITROS; $22,253.81 ; Q170,323.10 ;7.65366;Agrequima; Q766.45 ;;;;;
RDON-REVAI-12353-58.pdf;45D3FA5F;1561742281;HERBICIDA;1561742281;30/03/2026;FERTICA GUATEMALA, SOCIEDAD ANONIMA.;Comander 35.6 SL;GLYPHOSATE;FERTILIZANTES DE C.A. (EL SALVADOR), S.A.;CHINA;0.1%;4,060.00;LITROS; $8,972.60 ; Q68,599.83 ;7.64548;Agrequima; Q308.70 ;;;;;
RDON-REVAI-12352-28.pdf;15C8468D;3208988106;HERBICIDA;3208988106;30/03/2026;FERTICA GUATEMALA, SOCIEDAD ANONIMA.;Comander 35.6 SL;GLYPHOSATE;FERTILIZANTES DE C.A. (EL SALVADOR), S.A.;CHINA;0.1%;16,000.00;LITROS; $32,640.00 ; Q249,548.47 ;7.64548;Agrequima; Q1,122.97 ;;;;;
RDON-REVAI-12351-59.pdf;D8F17648;2569750798;HERBICIDA;2569750798;30/03/2026;FERTICA GUATEMALA, SOCIEDAD ANONIMA.;Comander 35.6 SL;GLYPHOSATE;FERTILIZANTES DE C.A. (EL SALVADOR), S.A.;CHINA;0.1%;21,000.00;LITROS; $41,160.00 ; Q314,687.96 ;7.64548;Agrequima; Q1,416.10 ;;;;;
RDON-REVAI-12317-36.pdf;EB7CC6FC/936CBA09;4065871619/816926683;FUNGICIDA;4065871619/816926683;17/03/2026;BASF DE GUATEMALA  SOCIEDAD ANONIMA;Cumora 50 SC;BOSCALID;BASF DE COSTA RICA, S.A.;ESPAÑA;0.1%;1,050.00;LITROS; $40,855.50 ; Q312,660.60 ;7.65284;Agrequima; Q1,406.97 ;;;;;
RDON-REVAI-12318-35.pdf;3F205EBB;1866940589;FUNGICIDA;1866940589;17/03/2026;BASF DE GUATEMALA  SOCIEDAD ANONIMA;Cumora 50 SC;BOSCALID;BASF DE COSTA RICA, S.A.;ESPAÑA;0.1%;860.00;LITROS; $45,889.60 ; Q351,185.77 ;7.65284;Agrequima; Q1,580.34 ;;;;;
RDON-REVAI-12324-23.pdf;A0E82B2A;2650555348;MATERIA TÉCNICA INSECTICIDA;2650555348;18/03/2026;BAYER, SOCIEDAD ANONIMA;TETRANILIPROLE 90 TC;Tetraniliprole;BAYER AG;ALEMANIA;0.1%;600.00;KILOGRAMOS; $221,562.00 ; Q1,695,421.23 ;7.65213;Agrequima; Q7,629.40 ;;;;;
RDON-REVAI-12331-07.pdf;082EE758;1592150774;FUNGICIDA;1592150774;23/03/2026;AGROFORTRESS, SOCIEDAD ANONIMA;CLOROTALONIL 72 SC;Chlorothalonil;TAHUAL AGRICOLA, S.A.;CHINA;0.1%;12,000.00;LITROS; $57,782.40 ; Q442,246.84 ;7.65366;Agrequima; Q1,990.11 ;;;;;
RDON-REVAI-12307-08.pdf;7DFCB5DB;2106738665;INSECTICIDA;2106738665;16/03/2026;EL COLONO AGROPECUARIO, SOCIEDAD ANONIMA;RAIZATE 24 SL;Oxamyl;DISTRIBUIDORA INQUISA S.A.;COSTA RICA;0.1%;640.00;LITROS; $3,545.60 ; Q27,133.91 ;7.65284;Agrequima; Q122.10 ;;;;;
RDON-REVAI-12306-38.pdf;25EDA9AE;3327938472;INSECTICIDA;3327938472;16/03/2026;EL COLONO AGROPECUARIO, SOCIEDAD ANONIMA;RAIZATE 24 SL;Oxamyl;DISTRIBUIDORA INQUISA S.A.;COSTA RICA;0.1%;100.00;LITROS; $640.00 ; Q4,897.82 ;7.65284;Agrequima; Q22.04 ;;;;;
RDON-REVAI-12305-08.pdf;A6EEF1AA;227494132;FUNGICIDA, ACARICIDA;227494132;16/03/2026;EL COLONO AGROPECUARIO, SOCIEDAD ANONIMA;BANAZUF 72 SC;Sulphur;DISTRIBUIDORA INQUISA S.A.;COSTA RICA;0.1%;3,230.00;LITROS; $7,429.00 ; Q56,852.95 ;7.65284;Agrequima; Q255.84 ;;;;;
RDON-REVAI-12344-56.pdf;3E00AF08;2759148529;MATERIA TÉCNICA FUNGICIDA;2759148529;25/03/2026;BAYER, SOCIEDAD ANONIMA;TRIFLOXYSTROBIN TÉCNICO;TRIFLOXYSTROBIN;BAYER AG;SUIZA;0.1%;4,000.00;KILOGRAMOS; $321,440.00 ; Q2,457,935.96 ;7.64664;Agrequima; Q11,060.71 ;;;;;
RDON-REVAI-12323-20.pdf;AB3F2852;2167623233;MATERIA TÉCNICA INSECTICIDA;2167623233;18/03/2026;BAYER, SOCIEDAD ANONIMA;TETRANILIPROLE 90 TC;TETRANILIPROLE;BAYER AG;ALEMANIA;0.1%;1,200.00;KILOGRAMOS; $443,124.00 ; Q3,390,842.45 ;7.65213;Agrequima; Q15,258.79 ;;;;;
RDON-REVAI-12350-48.pdf;F24C8C9D;3717352993;INSECTICIDA, NEMATICIDA;3717352993;27/03/2026;DUWEST GUATEMALA SOCIEDAD ANONIMA;VYDATE 24 SL;Oxamyl;DUWEST INC;ESTADOS UNIDOS DE AMERICA;0.1%;4,800.00;LITROS; $76,464.00 ; Q584,990.13 ;7.65053;Agrequima; Q2,632.46 ;;;;;
RDON-REVAI-12329-31.pdf;3B950AE7;4228729358;HERBICIDA;4228729358;19/03/2026;AGROFORTRESS, SOCIEDAD ANONIMA;ATAJO 15 SL;GLUFOSINATE-P;TAHUAL AGRICOLA, S.A.;CHINA;0.1%;1,600.00;LITROS; $4,646.56 ; Q35,566.86 ;7.65445;Agrequima; Q160.05 ;;;;;
RDON-REVAI-12336-32.pdf;65078F3A;523717899;ACIDIFICANTE DE AGUA / DISPERSANTE / HUMECTANTE / REGULADOR DE PH / SURFACTANTE;523717899;24/03/2026;INVERSIONES COMERCIALES E INDUSTRIALES, SOCIEDAD ANONIMA;SURFARE 56 SL;ACIDOFOSFORICO, ALCOHOLGRASOETOXILADO, POLIDIMETILSILOXANO;COSMOCEL;MEXICO;0.1%;225.00;LITROS; $2,213.77 ; Q16,945.19 ;7.65445;Agrequima; Q76.25 ;;;;;
RDON-REVAI-12335-59.pdf;9F2FD2CC;2736997450;ACIDIFICANTE DE AGUA / DISPERSANTE / HUMECTANTE / REGULADOR DE PH / SURFACTANTE;2736997450;24/03/2026;INVERSIONES COMERCIALES E INDUSTRIALES, SOCIEDAD ANONIMA;SURFARE 56 SL;AcidoFosforico, AlcoholGrasoEtoxilado, Polidimetilsiloxano;COSMOCEL;MEXICO;0.1%;1,008.00;LITROS; $9,968.81 ; Q76,305.76 ;7.65445;Agrequima; Q343.38 ;;;;;
RDON-REVAI-12332-56.pdf;4F00FED6;2782613338;FUNGICIDA;2782613338;23/03/2026;ARYSTA LIFESCIENCE DE GUATEMALA, SOCIEDAD ANONIMA;BUSTER 72  WP;Cymoxanil, Mancozeb;UPL MAURITIUS LIMITED;INDIA;0.1%;11,200.00;KILOGRAMOS; $75,152.00 ; Q574,815.85 ;7.64871;Agrequima; Q2,586.67 ;;;;;
RDON-REVAI-12315-31.pdf;F102A5ED;287788888;FUNGICIDA;287788888;17/03/2026;ARYSTA LIFESCIENCE DE GUATEMALA, SOCIEDAD ANONIMA;MANZATE 80 WP;Mancozeb;UPL MAURITIUS LIMITED;INDIA;0.1%;12,000.00;KILOGRAMOS; $34,800.00 ; Q266,294.12 ;7.65213;Agrequima; Q1,198.32 ;;;;;
RDON-REVAI-12322-52.pdf;DA5DB996;2683454032;FUNGICIDA;2683454032;18/03/2026;EL COLONO AGROPECUARIO, SOCIEDAD ANONIMA;BANAZEB 80 WP;Mancozeb;COROMANDEL INTERNATIONAL LIMITED;INDIA;0.1%;25,200.00;KILOGRAMOS; $76,104.00 ; Q582,398.80 ;7.65267;Agrequima; Q2,620.79 ;;;;;
RDON-REVAI-12316-18.pdf;397BABA1;678379664;INSECTICIDA;678379664;17/03/2026;PROMOCIONES AGRICOLAS INDUSTRIALES Y COMERCIALES SOCIEDAD ANONIMA;CLORPIRIFOS TECNICO 97%.;Chlorpyrifos;AGRO TRADING CORPORATION, S.A.;CHINA;0.1%;6,000.00;KILOGRAMOS; $37,253.25 ; Q285,066.71 ;7.65213;Agrequima; Q1,282.80 ;;;;;
RDON-REVAI-12327-31.pdf;4B2729DA;2635940431;HERBICIDA;2635940431;19/03/2026;AGROFORTRESS, SOCIEDAD ANONIMA;ATAJO 15 SL;GLUFOSINATE-P;TAHUAL AGRICOLA, S.A.;CHINA;0.1%;6,000.00;LITROS; $16,080.00 ; Q123,083.56 ;7.65445;Agrequima; Q553.88 ;;;;;
RDON-REVAI-12342-15.pdf;4DFC2C8F;1748322598;FUNGICIDA;1748322598;25/03/2026;DUWEST GUATEMALA SOCIEDAD ANONIMA;INDOZEB 80 WP;Mancozeb;DUWEST INC;INDIA;0.1%;22,400.00;KILOGRAMOS; $72,800.00 ; Q556,855.21 ;7.64911;Agrequima; Q2,505.85 ;;;;;
RDON-REVAI-12345-40.pdf;A34C19D3;279531011;INSECTICIDA;279531011;26/03/2026;ADAMA GUATEMALA, SOCIEDAD ANONIMA;PLETHORA 32 SC;INDOXACARB, NOVALURON;IIN850215MIA;ISRAEL;0.1%;276.00;LITROS; $14,628.00 ; Q111,891.18 ;7.64911;Agrequima; Q503.51 ;;;;;
RDON-REVAI-12325-20.pdf;0C858E4E;1297565758;MATERIA TÉCNICA FUNGICIDA;1297565758;18/03/2026;BAYER, SOCIEDAD ANONIMA;PROPINEB TK 83%;PROPINEB;BAYER AG;ALEMANIA;0.1%;19,950.00;KILOGRAMOS; $82,992.00 ; Q635,065.57 ;7.65213;Agrequima; Q2,857.80 ;;;;;
RDON-REVAI-12309-07.pdf;13CC27DE;1775979288;FUNGICIDA;1775979288;16/03/2026;EL COLONO AGROPECUARIO, SOCIEDAD ANONIMA;BANAZEB 43.5 SC;Mancozeb;DISTRIBUIDORA INQUISA S.A.;COSTA RICA;0.1%;4,256.00;LITROS; $13,406.40 ; Q102,597.03 ;7.65284;Agrequima; Q461.69 ;;;;;
RDON-REVAI-12308-37.pdf;74C1BD38;2818590577;FUNGICIDA;2818590577;16/03/2026;EL COLONO AGROPECUARIO, SOCIEDAD ANONIMA;BANAZEB 43.5 SC;Mancozeb;DISTRIBUIDORA INQUISA S.A.;COSTA RICA;0.1%;5,280.00;LITROS; $16,632.00 ; Q127,282.03 ;7.65284;Agrequima; Q572.77 ;;;;;
RDON-REVAI-12349-20.pdf;05AC9051;3272689624;FUNGICIDA;3272689624;27/03/2026;DUWEST GUATEMALA SOCIEDAD ANONIMA;CURZATE M 72 WP;CYMOXANIL, MANCOZEB;DUWEST INC;COLOMBIA;0.1%;14,000.00;KILOGRAMOS; $185,920.00 ; Q1,422,386.54 ;7.65053;Agrequima; Q6,400.74 ;;;;;
RDON-REVAI-12343-56.pdf;394474AA;1312902025;MATERIA TÉCNICA FUNGICIDA;1312902025;25/03/2026;BAYER, SOCIEDAD ANONIMA;PROPINEB TK 83%;PROPINEB;BAYER AG;ALEMANIA;0.1%;39,900.00;KILOGRAMOS; $165,984.00 ; Q1,269,219.89 ;7.64664;Agrequima; Q5,711.49 ;;;;;
RDON-REVAI-12346-55.pdf;FE44E21D;100880111;INSECTICIDA;100880111;26/03/2026;ADAMA GUATEMALA, SOCIEDAD ANONIMA;Rimon 10 EC;NOVALURON;IIN850215MIA;ISRAEL;0.1%;200.00;LITROS; $4,800.00 ; Q36,715.73 ;7.64911;Agrequima; Q165.22 ;;;;;
RDON-REVAI-12320-47.pdf;9BE78C6F;2712748707;DESINFECTANTE DE SUELO;2712748707;18/03/2026;INVERSIONES COMERCIALES E INDUSTRIALES, SOCIEDAD ANONIMA;VAPAM 51 GE;METAM-SODIUM;AMVAC LATAM S. DE R. L.;ESTADOS UNIDOS DE AMERICA;0.1%;14,976.00;LITROS; $26,657.28 ; Q203,984.97 ;7.65213;Agrequima; Q917.93 ;;;;;
RDON-REVAI-12333-43.pdf;0B1B8644;1159808772;FUNGICIDA;1159808772;23/03/2026;BASF DE GUATEMALA  SOCIEDAD ANONIMA;Cumora 50 SC;Boscalid;BASF DE COSTA RICA, S.A.;ESPAÑA;0.1%;1,050.00;LITROS; $40,855.50 ; Q312,491.87 ;7.64871;Agrequima; Q1,406.21 ;;;;;
RDON-REVAI-12347-54.pdf;48EE2259;2576632261;FUNGICIDA;2576632261;26/03/2026;ADAMA GUATEMALA, SOCIEDAD ANONIMA;ODEON / CLOROTAL 72 SC;Chlorothalonil;ADAMA CELSIUS B.V., CURACAO BRANCH;ISRAEL;0.1%;16,000.00;LITROS; $57,445.24 ; Q439,404.96 ;7.64911;Agrequima; Q1,977.32 ;;;;;
RDON-REVAI-12337-39.pdf;85EC8B86;631063868;HERBICIDA;631063868;24/03/2026;ADAMA GUATEMALA, SOCIEDAD ANONIMA;AFALON / LINUREX  50 WP;LINURON;IIN850215MIA;ISRAEL;0.1%;3,000.00;KILOGRAMOS; $33,600.00 ; Q256,927.10 ;7.64664;Agrequima; Q1,156.17 ;;;;;
RDON-REVAI-12313-32.pdf;95D136E4;361648080;HERBICIDA;361648080;17/03/2026;DUWEST GUATEMALA SOCIEDAD ANONIMA;TORDON XT  26 SL;2,4-D, Aminopyralid;DUWEST INC;COLOMBIA;0.1%;1,260.00;LITROS; $8,618.40 ; Q65,949.12 ;7.65213;Agrequima; Q296.77 ;;;;;
RDON-REVAI-12312-03.pdf;7B428DAE;1109737976;HERBICIDA;1109737976;17/03/2026;DUWEST GUATEMALA SOCIEDAD ANONIMA;TORDON XT  26 SL;2,4-D, Aminopyralid;DUWEST INC;COLOMBIA;0.1%;2,800.00;LITROS; $16,688.00 ; Q127,698.75 ;7.65213;Agrequima; Q574.64 ;;;;;
RDON-REVAI-12311-32.pdf;1F568E7B;730484302;HERBICIDA;730484302;17/03/2026;DUWEST GUATEMALA SOCIEDAD ANONIMA;TORDON XT  26 SL;2,4-D, Aminopyralid;DUWEST INC;COLOMBIA;0.1%;2,185.00;LITROS; $13,787.35 ; Q105,502.59 ;7.65213;Agrequima; Q474.76 ;;;;;
RDON-REVAI-12310-04.pdf;D025BCE9;863717966;HERBICIDA;863717966;17/03/2026;DUWEST GUATEMALA SOCIEDAD ANONIMA;TORDON XT  26 SL;2,4-D, Aminopyralid;DUWEST INC;COLOMBIA;0.1%;2,030.00;LITROS; $13,235.60 ; Q101,280.53 ;7.65213;Agrequima; Q455.76 ;;;;;
RDON-REVAI-12321-51.pdf;200240FE;2651275704;HERBICIDA;2651275704;18/03/2026;DUWEST GUATEMALA SOCIEDAD ANONIMA;ROUNDUP 35,6 SL;GLYPHOSATE;DUWEST INC;COLOMBIA;0.1%;25,600.00;LITROS; $92,160.00 ; Q705,270.07 ;7.65267;Agrequima; Q3,173.72 ;;;;;
RDON-REVAI-12304-36.pdf;D0FC9280;349589125;INSECTICIDA;349589125;16/03/2026;DUWEST GUATEMALA SOCIEDAD ANONIMA;PREZA  10 OD;CYANTRANILIPROLE;DUWEST INC;ESTADOS UNIDOS DE AMERICA;0.1%;800.00;LITROS; $86,304.00 ; Q660,470.70 ;7.65284;Agrequima; Q2,972.12 ;;;;;
RDON-REVAI-12303-36.pdf;9881B75B;502550238;INSECTICIDA;502550238;16/03/2026;DUWEST GUATEMALA SOCIEDAD ANONIMA;CORAGEN 20 SC;Chlorantraniliprole;DUWEST INC;ESTADOS UNIDOS DE AMERICA;0.1%;800.00;LITROS; $106,128.00 ; Q812,180.60 ;7.65284;Agrequima; Q3,654.81 ;;;;;
RDON-REVAI-12328-31.pdf;3CA60A22;1367950840;HERBICIDA;1367950840;19/03/2026;AGROFORTRESS, SOCIEDAD ANONIMA;ATAJO 15 SL;GLUFOSINATE-P;TAHUAL AGRICOLA, S.A.;CHINA;0.1%;13,000.00;LITROS; $4,080.21 ; Q31,231.76 ;7.65445;Agrequima; Q140.54 ;;;;;
RDON-REVAI-12319-49.pdf;1E86546E;162614868;DESINFECTANTE DE SUELO;162614868;18/03/2026;INVERSIONES COMERCIALES E INDUSTRIALES, SOCIEDAD ANONIMA;VAPAM 51 GE;METAM-SODIUM;AMVAC LATAM S. DE R. L.;ESTADOS UNIDOS DE AMERICA;0.1%;14,976.00;LITROS; $26,657.28 ; Q203,984.97 ;7.65213;Agrequima; Q917.93 ;;;;;
RDON-REVAI-12326-25.pdf;E3640DAB;2320584278;FUNGICIDA;2320584278;19/03/2026;ADAMA GUATEMALA, SOCIEDAD ANONIMA;ODEON / CLOROTAL 72 SC;CHLOROTHALONIL;ADAMA CELSIUS B.V., CURACAO BRANCH;ISRAEL;0.1%;16,000.00;LITROS; $57,445.24 ; Q439,711.72 ;7.65445;Agrequima; Q1,978.70 ;;;;;
RDON-REVAI-12356-27.pdf;2E0FC32E;3218951213;INSECTICIDA;3218951213;30/03/2026;AGRO-CHILE, SOCIEDAD ANONIMA;MAGNETO 45 SC;FIPRONIL, IMIDACLOPRID;ANASAC INTERNACIONAL CORPORATION, S.A.;CHILE;0.1%;2,268.00;LITROS; $44,475.48 ; Q340,036.39 ;7.64548;Agrequima; Q1,530.16 ;;;;;
RDON-REVAI-12355-58.pdf;608541D7;2360035155;FUNGICIDA;2360035155;30/03/2026;AGRO-CHILE, SOCIEDAD ANONIMA;Imperio 32.50 SC;AZOXYSTROBIN, TEBUCONAZOLE;ANASAC INTERNACIONAL CORPORATION, S.A.;CHILE;0.1%;1,512.00;LITROS; $19,656.00 ; Q150,279.55 ;7.64548;Agrequima; Q676.26 ;;;;;
RDON-REVAI-12354-28.pdf;44DBF21F;4260251635;FUNGICIDA;4260251635;30/03/2026;AGRO-CHILE, SOCIEDAD ANONIMA;Imperio 32.50 SC;Azoxystrobin, Tebuconazole;ANASAC INTERNACIONAL CORPORATION, S.A.;CHILE;0.1%;290.75;LITROS; $4,215.88 ; Q32,232.43 ;7.64548;Agrequima; Q145.05 ;;;;;
RDON-REVAI-12348-27.pdf;0708ABFA;3561046941;FUNGICIDA;3561046941;26/03/2026;ADAMA GUATEMALA, SOCIEDAD ANONIMA;FOLPAN 48 SC;Folpet;ADAMA MAKHTESHIM LTD;ISRAEL;0.1%;8,000.00;LITROS; $28,000.00 ; Q214,233.60 ;7.6512;Agrequima; Q964.05 ;;;;;
RDON-REVAI-12341-17.pdf;1331C808;1592807177;FUNGICIDA;1592807177;25/03/2026;DUWEST GUATEMALA SOCIEDAD ANONIMA;MANCOZEB TECNICO;Mancozeb;DUWEST INC;INDIA;0.1%;44,800.00;KILOGRAMOS; $151,424.00 ; Q1,158,258.83 ;7.64911;Agrequima; Q5,212.16 ;;;;;
RDON-REVAI-12314-06.pdf;9B072EA0;1922384761;INSECTICIDA;1922384761;17/03/2026;DUWEST GUATEMALA SOCIEDAD ANONIMA;PREZA  10 OD;CYANTRANILIPROLE;DUWEST INC;ESTADOS UNIDOS DE AMERICA;0.1%;1,200.00;LITROS; $129,456.00 ; Q990,614.14 ;7.65213;Agrequima; Q4,457.76 ;;;;;
RDON-REVAI-12334-09.pdf;0A642E74;846089354;FUNGICIDA;846089354;23/03/2026;BASF DE GUATEMALA  SOCIEDAD ANONIMA;Cumora 50 SC;Boscalid;BASF DE COSTA RICA, S.A.;ESPAÑA;0.1%;860.00;LITROS; $45,889.60 ; Q350,996.24 ;7.64871;Agrequima; Q1,579.48 ;;;;;
RDON-REVAI-12340-41.pdf;6CEB30D0;3572974415;INSECTICIDA;3572974415;24/03/2026;DELLAGRO SOCIEDAD ANONIMA;FUMIXIN 57 GE;AluminiumPhosphide;ZELLAG AG;CHINA;0.1%;1,466.17;KILOGRAMOS; $37,282.63 ; Q285,086.85 ;7.64664;Agrequima; Q1,282.89 ;;;;;
RDON-REVAI-12339-08.pdf;A828E915;954091461;INSECTICIDA;954091461;24/03/2026;DELLAGRO SOCIEDAD ANONIMA;ACETAZELL 20 SP;Acetamiprid;ZELLAG AG;CHINA;0.1%;947.85;KILOGRAMOS; $9,570.27 ; Q73,180.41 ;7.64664;Agrequima; Q329.31 ;;;;;
RDON-REVAI-12338-39.pdf;867B5A6E;3316597920;MOLUSQUICIDA;3316597920;24/03/2026;DELLAGRO SOCIEDAD ANONIMA;CARACOZELL 6 GB;Metaldehyde;ZELLAG AG;CHINA;0.1%;2,000.00;KILOGRAMOS; $5,900.00 ; Q45,115.18 ;7.64664;Agrequima; Q203.02 ;;;;;
3035383652;.;3035383652;Insecticida;3035383652;30/03/2026;Rainbow Agroindustria, S.A.;Clomit 50 Wg;Clothianidin;Rainbow Agrosciences (Central America) Co., Ltd.;China;0.1%;400;Kilogramos; $3,376.00 ; Q25,811.14 ;7.64548;Gremiagro; Q116.15 ;;;;;
3505801480;.;3505801480;Herbicida;3505801480;30/03/2026;Rainbow Agroindustria, S.A.;Revolver Xtra 68 Sg;Glyphosate;Rainbow Agrosciences (Central America) Co., Ltd.;China;0.1%;2000;Kilogramos; $6,620.00 ; Q50,613.08 ;7.64548;Gremiagro; Q227.76 ;;;;;
833701329;.;833701329;Herbicida;833701329;30/03/2026;Rainbow Agroindustria, S.A.;Revolver Plus 54 Sl;Glyphosate;Rainbow Agrosciences (Central America) Co., Ltd.;China;0.1%;15600;Litros; $43,308.00 ; Q331,110.45 ;7.64548;Gremiagro; Q1,490.00 ;;;;;
529353963;.;529353963;Herbicida;529353963;26/03/2026;Bestenfelden Guatemala, Sociedad Anonima;Diuron 80 Sc;Diuron;Tahual Agricola, S.A.;Malasia;0.1%;16420;Litros; $82,921.00 ; Q634,445.16 ;7.6512;Gremiagro; Q2,855.00 ;;;;;
2203470137;.;2203470137;Herbicida;2203470137;26/03/2026;Agrocentro Sociedad Anonima;Dibromuro De Diquat Tecnico;Diquatdibromide;Korsa Chemicals, S.A.;China;0.1%;12320;Kilogramos; $31,908.80 ; Q244,073.92 ;7.64911;Gremiagro; Q1,098.33 ;;;;;
1156270501;.;1156270501;Herbicida;1156270501;26/03/2026;Bestenfelden Guatemala, Sociedad Anonima;Ametrina 50 Sc;Ametryn;Tahual Agricola, S.A.;China;0.1%;16400;Litros; $47,888.00 ; Q366,400.67 ;7.6512;Gremiagro; Q1,648.80 ;;;;;
2089045205;.;2089045205;Fungicida;2089045205;26/03/2026;Agrocentro Sociedad Anonima;Clorotalonil 98%;Chlorothalonil;Korsa Chemicals, S.A.;China;0.1%;120000;Kilogramos; $495,600.00 ; Q3,789,674.78 ;7.64911;Gremiagro; Q17,053.54 ;;;;;
2941996502;.;2941996502;Herbicida;2941996502;26/03/2026;Bestenfelden Guatemala, Sociedad Anonima;Ametrina 50 Sc;Ametryn;Tahual Agricola, S.A.;China;0.1%;16400;Litros; $51,004.00 ; Q390,241.80 ;7.6512;Gremiagro; Q1,756.09 ;;;;;
1799045452;.;1799045452;Herbicida;1799045452;26/03/2026;Agrocentro Sociedad Anonima;Glufosinato De Amonio Tecnico;Glufosinatodeamonio;Korsa Chemicals, S.A.;China;0.1%;24000;Kilogramos; $168,720.00 ; Q1,290,141.10 ;7.64911;Gremiagro; Q5,805.63 ;;;;;
1259884335;.;1259884335;Fungicida;1259884335;23/03/2026;Quimicos Y Lubricantes, Sociedad Anonima;Mancozeb + Cymoxanil / Tranca 72 Wp;Cymoxanil, Mancozeb;Limin Chemical Co., Ltd.;China;0.1%;3;Kilogramos; $249.00 ; Q1,907.46 ;7.6605;Gremiagro; Q8.58 ;;;;;
2831237629;.;2831237629;Fungicida;2831237629;23/03/2026;Disagro De Guatemala, Sociedad Anonima;Arko 80 Wp;Mancozeb;Global Fertilizer Trading Company Limited;India;0.1%;89600;Kilogramos; $325,248.00 ; Q2,489,015.61 ;7.65366;Gremiagro; Q11,200.57 ;;;;;
617696967;.;617696967;Fungicida;617696967;20/03/2026;Disagro De Guatemala, Sociedad Anonima;Arko 80 Wp;Mancozeb;Global Fertilizer Trading Company Limited;India;0.1%;89600;Kilogramos; $325,248.00 ; Q2,489,015.61 ;7.65366;Gremiagro; Q11,200.57 ;;;;;
3248312185;.;3248312185;Insecticida;3248312185;20/03/2026;Disagro De Guatemala, Sociedad Anonima;Emamectin Benzoate + Spinodad /  Esnok  21.4 Sc;Emamectinbenzoate, Spinosad;Incofe S.A.S.;China;0.1%;504;Litros; $27,009.36 ; Q206,741.80 ;7.65366;Gremiagro; Q930.34 ;;;;;
1246511762;.;1246511762;Insecticida;1246511762;20/03/2026;Disagro De Guatemala, Sociedad Anonima;Emamectin Benzoate + Spinodad /  Esnok  21.4 Sc;Emamectinbenzoate, Spinosad;Incofe S.A.S.;China;0.1%;504;Litros; $27,261.36 ; Q208,670.72 ;7.65366;Gremiagro; Q939.02 ;;;;;
3384495860;.;3384495860;Insecticida, Acaricida;3384495860;20/03/2026;Disagro De Guatemala, Sociedad Anonima;Abamectin + Spirociclofen / Tuiten 20 Sc;Abamectin, Spirodiclofen;Incofe S.A.S.;China;0.1%;550;Litros; $7,007.00 ; Q53,634.73 ;7.65366;Gremiagro; Q241.36 ;;;;;
3223208981;.;3223208981;Fungicida;3223208981;20/03/2026;Disagro De Guatemala, Sociedad Anonima;Slatun / Propamocarb Clorhidrato +  Fluopicolide  68.75 Sc;Fluopicolide, Propamocarbclorhidrato;Incofe S.A.S.;China;0.1%;900;Litros; $14,697.00 ; Q112,497.45 ;7.65366;Gremiagro; Q506.24 ;;;;;
619398271;.;619398271;Insecticida;619398271;20/03/2026;Disagro De Guatemala, Sociedad Anonima;Emamectin Benzoate / Cepadik 5.7 Sg;Emamectinbenzoate;Incofe S.A.S.;China;0.1%;540;Kilogramos; $6,296.40 ; Q48,195.48 ;7.65366;Gremiagro; Q216.88 ;;;;;
1909672592;.;1909672592;Fungicida;1909672592;20/03/2026;Disagro De Guatemala, Sociedad Anonima;Arko 80 Wp;Mancozeb;Global Fertilizer Trading Company Limited;India;0.1%;22400;Kilogramos; $82,432.00 ; Q630,824.89 ;7.65267;Gremiagro; Q2,838.71 ;;;;;
1475431133;.;1475431133;Insecticida;1475431133;20/03/2026;Disagro De Guatemala, Sociedad Anonima;Emamectin Benzoate / Cepadik 5.7 Sg;Emamectinbenzoate;Incofe S.A.S.;China;0.1%;1160;Kilogramos; $11,426.00 ; Q87,459.75 ;7.65366;Gremiagro; Q393.57 ;;;;;
1572553217;.;1572553217;Fungicida;1572553217;20/03/2026;Disagro De Guatemala, Sociedad Anonima;Boscalid + Pyraclostrobin / Actiler 38 Wg;Boscalid, Pyraclostrobin;Incofe S.A.S.;China;0.1%;1100;Kilogramos; $21,131.00 ; Q161,746.18 ;7.65366;Gremiagro; Q727.86 ;;;;;
1313884022;.;1313884022;Fungicida;1313884022;20/03/2026;Disagro De Guatemala, Sociedad Anonima;Boscalid + Pyraclostrobin / Actiler 38 Wg;Boscalid, Pyraclostrobin;Incofe S.A.S.;China;0.1%;1800;Kilogramos; $31,806.00 ; Q243,457.44 ;7.65366;Gremiagro; Q1,095.56 ;;;;;
1365264349;.;1365264349;Insecticida, Acaricida;1365264349;20/03/2026;Disagro De Guatemala, Sociedad Anonima;Abamectin + Spirociclofen / Tuiten 20 Sc;Abamectin, Spirodiclofen;Incofe S.A.S.;China;0.1%;2500;Litros; $29,400.00 ; Q225,040.83 ;7.65366;Gremiagro; Q1,012.68 ;;;;;
1708213440;.;1708213440;Fungicida;1708213440;18/03/2026;Disagro De Guatemala, Sociedad Anonima;Arko 80 Wp;Mancozeb;Global Fertilizer Trading Company Limited;India;0.1%;89600;Kilogramos; $325,248.00 ; Q2,489,015.61 ;7.65267;Gremiagro; Q11,200.57 ;;;;;
3639558854;.;3639558854;Materia Técnica Herbicida;3639558854;17/03/2026;Agrocentro Sociedad Anonima;Dicloruro De Paraquat 45 Tk;Paraquat;Korsa Chemicals, S.A.;China;0.1%;131483.74;Litros; $443,289.60 ; Q3,392,424.38 ;7.65213;Gremiagro; Q15,265.91 ;;;;;
2456765366;.;2456765366;Materia Técnica Fungicida;2456765366;17/03/2026;Agrocentro Sociedad Anonima;Clorotalonil 98% Tc;Chlorothalonil;Korsa Chemicals, S.A.;China;0.1%;52000;Kilogramos; $226,200.00 ; Q1,732,271.27 ;7.65284;Gremiagro; Q7,795.22 ;;;;;
3942336389;.;3942336389;Fungicida;3942336389;17/03/2026;Agrocentro Sociedad Anonima;Mancozeb Tecnico;Mancozeb;Upl Costa Rica S.A.;India;0.1%;24000;Kilogramos; $96,000.00 ; Q735,181.44 ;7.65284;Gremiagro; Q3,308.32 ;;;;;
3785244737;.;3785244737;Fungicida;3785244737;17/03/2026;Agrocentro Sociedad Anonima;Mancozeb Tecnico;Mancozeb;Upl Costa Rica S.A.;India;0.1%;120000;Kilogramos; $480,000.00 ; Q3,675,907.20 ;7.65284;Gremiagro; Q16,541.58 ;;;;;
1083788180;.;1083788180;Fungicida;1083788180;17/03/2026;Agrocentro Sociedad Anonima;Mancozeb Tecnico;Mancozeb;Upl Costa Rica S.A.;India;0.1%;96000;Kilogramos; $384,000.00 ; Q2,940,725.76 ;7.65284;Gremiagro; Q13,233.27 ;;;;;
1009994488;.;1009994488;Fungicida;1009994488;17/03/2026;Agrocentro Sociedad Anonima;Mancozeb Tecnico;Mancozeb;Upl Costa Rica S.A.;India;0.1%;48000;Kilogramos; $192,000.00 ; Q1,470,362.88 ;7.65284;Gremiagro; Q6,616.63 ;;;;;
2506637694;.;2506637694;Fungicida;2506637694;17/03/2026;Agrocentro Sociedad Anonima;Mancozeb Tecnico;Mancozeb;Upl Costa Rica S.A.;India;0.1%;48000;Kilogramos; $192,000.00 ; Q1,470,362.88 ;7.65284;Gremiagro; Q6,616.63 ;;;;;
3623568782;.;3623568782;Fungicida;3623568782;17/03/2026;Agrocentro Sociedad Anonima;Mancozeb Tecnico;Mancozeb;Upl Costa Rica S.A.;India;0.1%;72000;Kilogramos; $288,000.00 ; Q2,205,544.32 ;7.65284;Gremiagro; Q9,924.95 ;;;;;
1332888310;.;1332888310;Fungicida;1332888310;17/03/2026;Agrocentro Sociedad Anonima;Mancozeb Tecnico;Mancozeb;Upl Costa Rica S.A.;India;0.1%;72000;Kilogramos; $288,000.00 ; Q2,205,544.32 ;7.65284;Gremiagro; Q9,924.95 ;;;;;
1567638538;.;1567638538;Fungicida;1567638538;17/03/2026;Agrocentro Sociedad Anonima;Mancozeb Tecnico;Mancozeb;Upl Costa Rica S.A.;India;0.1%;72000;Kilogramos; $288,000.00 ; Q2,205,544.32 ;7.65284;Gremiagro; Q9,924.95 ;;;;;
2082553976;.;2082553976;Herbicida;2082553976;17/03/2026;Rainbow Agroindustria, S.A.;Imazapic / Cleverix / Imaxx  70 Wg;Imazapic;Rainbow Agrosciences (Central America) Co., Ltd.;China;0.1%;720;Kilogramos; $17,172.00 ; Q131,402.38 ;7.65213;Gremiagro; Q591.31 ;;;;;
1012484286;.;1012484286;Herbicida;1012484286;17/03/2026;Rainbow Agroindustria, S.A.;Glifosato /  Revolver 35.6 Sl;Glyphosate;Rainbow Agrosciences (Central America) Co., Ltd.;China;0.1%;8000;Litros; $13,440.00 ; Q102,844.63 ;7.65213;Gremiagro; Q462.80 ;;;;;
119623624;.;119623624;Herbicida;119623624;17/03/2026;Rainbow Agroindustria, S.A.;Glufosinato De Amonio / Cegar 15 Sl;Glufosinateammonium;Rainbow Agrosciences (Central America) Co., Ltd.;China;0.1%;3200;Litros; $5,504.00 ; Q42,117.32 ;7.65213;Gremiagro; Q189.53 ;;;;;
902385654;.;902385654;Herbicida;902385654;17/03/2026;Rainbow Agroindustria, S.A.;Metomax Plus 96 Ec;S-Metolaclor;Rainbow Agrosciences (Central America) Co., Ltd.;China;0.1%;2400;Litros; $9,408.00 ; Q71,991.24 ;7.65213;Gremiagro; Q323.96 ;;;;;
1453083082;.;1453083082;Herbicida;1453083082;17/03/2026;Rainbow Agroindustria, S.A.;Recorte 20 Ec;Fluroxypyr;Rainbow Agrosciences (Central America) Co., Ltd.;China;0.1%;432;Litros; $2,514.24 ; Q19,239.29 ;7.65213;Gremiagro; Q86.58 ;;;;;
952911292;.;952911292;Herbicida;952911292;17/03/2026;Rainbow Agroindustria, S.A.;Atrapax Plus / Legatus 88 Wg;Atrazine, Mesotrione;Rainbow Agrosciences (Central America) Co., Ltd.;China;0.1%;1500;Kilogramos; $8,130.00 ; Q62,211.82 ;7.65213;Gremiagro; Q279.95 ;;;;;
289358086;.;289358086;Insecticida;289358086;17/03/2026;Rainbow Agroindustria, S.A.;Kaindor 70 Wg;Imidacloprid;Rainbow Agrosciences (Central America) Co., Ltd.;China;0.1%;240;Kilogramos; $2,220.00 ; Q16,987.73 ;7.65213;Gremiagro; Q76.44 ;;;;;
770985724;.;770985724;Insecticida;770985724;17/03/2026;Rainbow Agroindustria, S.A.;Confront 15 Od;Spirotetramat;Rainbow Agrosciences (Central America) Co., Ltd.;China;0.1%;1600;Litros; $17,152.00 ; Q131,249.33 ;7.65213;Gremiagro; Q590.62 ;;;;;
4182525052;.;4182525052;Herbicida;4182525052;16/03/2026;Bestenfelden Guatemala, Sociedad Anonima;Atrazina 80 Wp;Atrazine;Tahual Agricola, S.A.;China;0.1%;2800;Kilogramos; $10,444.00 ; Q79,981.61 ;7.65814;Gremiagro; Q359.92 ;;;;;
2455715946;.;2455715946;Herbicida;2455715946;12/03/2026;Agrocentro Sociedad Anonima;Picloram Tecnico;Picloram;Korsa Chemicals, S.A.;China;0.1%;20000;Kilogramos; $252,000.00 ; Q1,931,569.92 ;7.6605;Gremiagro; Q8,692.06 ;;;;;
2987150117;.;2987150117;Herbicida;2987150117;12/03/2026;Bestenfelden Guatemala, Sociedad Anonima;2,4-D 72 Sl;2,4-D;Tahual Agricola, S.A.;China;0.1%;5600;Litros; $14,000.00 ; Q107,249.66 ;7.6605;Gremiagro; Q482.62 ;;;;;
3042395158;.;3042395158;Herbicida;3042395158;12/03/2026;Bestenfelden Guatemala, Sociedad Anonima;Diuron 80 Sc;Diuron;Tahual Agricola, S.A.;Malasia;0.1%;16000;Litros; $78,364.00 ; Q600,322.31 ;7.6605;Gremiagro; Q2,701.45 ;;;;;
2347976615;.;2347976615;Herbicida;2347976615;12/03/2026;Rainbow Agrosciences (Guatemala) Sociedad Anonima;Legatus Mixx 30 Od;Atrazina, Mesotrione, Nicosulfuron;Rainbow Agrosciences (Central America) Co., Ltd.;China;0.1%;5184;Litros; $41,264.64 ; Q316,115.62 ;7.66069;Gremiagro; Q1,422.52 ;;;;;
2170439378;.;2170439378;Herbicida;2170439378;12/03/2026;Rainbow Agrosciences (Guatemala) Sociedad Anonima;Redoblante / Terminal 18 Ec;Clethodim, Fomesafen;Rainbow Agrosciences (Central America) Co., Ltd.;China;0.1%;1008;Litros; $7,338.24 ; Q56,215.98 ;7.66069;Gremiagro; Q252.97 ;;;;;
1462061128;.;1462061128;Herbicida;1462061128;12/03/2026;Rainbow Agrosciences (Guatemala) Sociedad Anonima;Nicogol 4 Od;Nicosulfuron;Rainbow Agrosciences (Central America) Co., Ltd.;China;0.1%;6912;Litros; $26,196.48 ; Q200,683.11 ;7.66069;Gremiagro; Q903.07 ;;;;;
2313962916;.;2313962916;Herbicida;2313962916;12/03/2026;Rainbow Agrosciences (Guatemala) Sociedad Anonima;Torban Q / Sementhal 16.5 Sl;2,4-D, Picloram;Rainbow Agrosciences (Central America) Co., Ltd.;China;0.1%;4320;Litros; $6,782.40 ; Q51,957.86 ;7.66069;Gremiagro; Q233.81 ;;;;;
1394098589;.;1394098589;Herbicida;1394098589;12/03/2026;Rainbow Agrosciences (Guatemala) Sociedad Anonima;Torban Q / Sementhal 16.5 Sl;2,4-D, Picloram;Rainbow Agrosciences (Central America) Co., Ltd.;China;0.1%;3200;Litros; $4,416.00 ; Q33,829.61 ;7.66069;Gremiagro; Q152.23 ;;;;;
1445939356;.;1445939356;Insecticida, Acaricida;1445939356;12/03/2026;Rainbow Agrosciences (Guatemala) Sociedad Anonima;Abamectin / Abamectan / Trespass 1.8 Ec;Abamectin;Rainbow Agrosciences (Central America) Co., Ltd.;China;0.1%;2160;Litros; $11,404.80 ; Q87,368.64 ;7.66069;Gremiagro; Q393.16 ;;;;;
32522945;.;32522945;Herbicida;32522945;12/03/2026;Rainbow Agrosciences (Guatemala) Sociedad Anonima;Grasidim 24 Ec;Clethodim;Rainbow Agrosciences (Central America) Co., Ltd.;China;0.1%;1008;Litros; $7,056.00 ; Q54,053.83 ;7.66069;Gremiagro; Q243.24 ;;;;;
1614431593;.;1614431593;Fungicida;1614431593;12/03/2026;Rainbow Agrosciences (Guatemala) Sociedad Anonima;Brego 72 Sl;Propamocarbclorhidrato;Rainbow Agrosciences (Central America) Co., Ltd.;China;0.1%;1008;Litros; $5,876.64 ; Q45,019.12 ;7.66069;Gremiagro; Q202.59 ;;;;;
2848999161;.;2848999161;Fungicida;2848999161;12/03/2026;Rainbow Agrosciences (Guatemala) Sociedad Anonima;Brego 72 Sl;Propamocarbclorhidrato;Rainbow Agrosciences (Central America) Co., Ltd.;China;0.1%;1008;Litros; $5,050.08 ; Q38,687.10 ;7.66069;Gremiagro; Q174.09 ;;;;;
1919173645;.;1919173645;Fungicida;1919173645;12/03/2026;Rainbow Agrosciences (Guatemala) Sociedad Anonima;Milor 72 Wp;Mancozeb, Metalaxil;Rainbow Agrosciences (Central America) Co., Ltd.;China;0.1%;3393.75;Kilogramos; $23,756.25 ; Q181,989.27 ;7.66069;Gremiagro; Q818.95 ;;;;;
2959101638;.;2959101638;Fungicida;2959101638;12/03/2026;Rainbow Agrosciences (Guatemala) Sociedad Anonima;Milor 72 Wp;Mancozeb, Metalaxil;Rainbow Agrosciences (Central America) Co., Ltd.;China;0.1%;720;Kilogramos; $5,407.20 ; Q41,422.88 ;7.66069;Gremiagro; Q186.40 ;;;;;
2321303389;.;2321303389;Fungicida;2321303389;12/03/2026;Rainbow Agrosciences (Guatemala) Sociedad Anonima;Milor 72 Wp;Mancozeb, Metalaxil;Rainbow Agrosciences (Central America) Co., Ltd.;China;0.1%;2000;Kilogramos; $12,280.00 ; Q94,073.27 ;7.66069;Gremiagro; Q423.33 ;;;;;
956452611;.;956452611;Fungicida;956452611;12/03/2026;Rainbow Agrosciences (Guatemala) Sociedad Anonima;Bosbel/Patrimony 38 Wg;Boscalid, Pyraclostrobin;Rainbow Agrosciences (Central America) Co., Ltd.;China;0.1%;720;Kilogramos; $20,714.40 ; Q158,686.60 ;7.66069;Gremiagro; Q714.09 ;;;;;
2395031464;.;2395031464;Fungicida;2395031464;12/03/2026;Rainbow Agrosciences (Guatemala) Sociedad Anonima;Sigilo 25 Ec;Difenoconazole;Rainbow Agrosciences (Central America) Co., Ltd.;China;0.1%;1008;Litros; $6,955.20 ; Q53,281.63 ;7.66069;Gremiagro; Q239.77 ;;;;;
1201163278;.;1201163278;Fungicida;1201163278;12/03/2026;Rainbow Agrosciences (Guatemala) Sociedad Anonima;Tiocosin 50 Sc;Thiophanate-Methyl;Rainbow Agrosciences (Central America) Co., Ltd.;China;0.1%;2160;Litros; $12,592.80 ; Q96,469.54 ;7.66069;Gremiagro; Q434.11 ;;;;;
400573229;.;400573229;Fungicida;400573229;11/03/2026;Rainbow Agroindustria, S.A.;Acromorph  50  Wp;Dimethomorph;Rainbow Agrosciences (Central America) Co., Ltd.;China;0.1%;1000;Kilogramos; $5,740.00 ; Q43,972.36 ;7.66069;Gremiagro; Q197.88 ;;;;;
2619295071;.;2619295071;Insecticida, Acaricida;2619295071;11/03/2026;Rainbow Agroindustria, S.A.;Aplacador 10 Ec;Bifenthrin;Rainbow Agrosciences (Central America) Co., Ltd.;China;0.1%;1600;Litros; $6,128.00 ; Q46,944.71 ;7.66069;Gremiagro; Q211.25 ;;;;;
3469889078;.;3469889078;Insecticida;3469889078;11/03/2026;Rainbow Agroindustria, S.A.;Clorpirifos / Barrida / Pirifos 48 Ec;Chlorpyrifos;Rainbow Agrosciences (Central America) Co., Ltd.;China;0.1%;4000;Litros; $16,600.00 ; Q127,167.45 ;7.66069;Gremiagro; Q572.25 ;;;;;
12665000;.;12665000;Herbicida;12665000;11/03/2026;Rainbow Agroindustria, S.A.;Glifosato /  Revolver 35.6 Sl;Glyphosate;Rainbow Agrosciences (Central America) Co., Ltd.;China;0.1%;8000;Litros; $14,560.00 ; Q111,539.65 ;7.66069;Gremiagro; Q501.93 ;;;;;
425345841;.;425345841;Herbicida;425345841;11/03/2026;Bestenfelden Guatemala, Sociedad Anonima;Atrazina 90 Wg;Atrazine;Tahual Agricola, S.A.;China;0.1%;2650;Kilogramos; $9,725.50 ; Q74,504.04 ;7.66069;Gremiagro; Q335.27 ;;;;;
1969113218;.;1969113218;Herbicida;1969113218;11/03/2026;Bestenfelden Guatemala, Sociedad Anonima;Diuron 80 Sc;Diuron;Tahual Agricola, S.A.;Malasia;0.1%;16000;Litros; $77,600.00 ; Q594,469.54 ;7.66069;Gremiagro; Q2,675.11 ;;;;;
2777433053;.;2777433053;Fungicida;2777433053;10/03/2026;Rainbow Agroindustria, S.A.;Candido   88  Ol;Fenpropimorph;Rainbow Agrosciences (Central America) Co., Ltd.;China;0.1%;3200;Litros; $46,454.00 ; Q355,793.04 ;7.65857;Gremiagro; Q1,601.07 ;;;;;
1248348562;.;1248348562;Fungicida;1248348562;10/03/2026;Rainbow Agroindustria, S.A.;Aztrostar Top 32.5 Sc;Azoxistrobin, Difenoconazole;Rainbow Agrosciences (Central America) Co., Ltd.;China;0.1%;432;Litros; $3,369.60 ; Q25,807.90 ;7.65857;Gremiagro; Q116.14 ;;;;;
2365932004;.;2365932004;Fungicida;2365932004;10/03/2026;Rainbow Agroindustria, S.A.;Aztrostar  Xtra  28 Sc;Azoxystrobin, Ciproconazole;Rainbow Agrosciences (Central America) Co., Ltd.;China;0.1%;432;Litros; $3,408.48 ; Q26,105.68 ;7.65857;Gremiagro; Q117.48 ;;;;;
3429256014;.;3429256014;Insecticida;3429256014;10/03/2026;Rainbow Agroindustria, S.A.;Kaindor 35 Sc;Imidacloprid;Rainbow Agrosciences (Central America) Co., Ltd.;China;0.1%;240;Litros; $1,327.20 ; Q10,165.08 ;7.65857;Gremiagro; Q45.74 ;;;;;
2688043043;.;2688043043;Insecticida, Acaricida;2688043043;10/03/2026;Rainbow Agroindustria, S.A.;Aplacador 10 Ec;Bifenthrin;Rainbow Agrosciences (Central America) Co., Ltd.;China;0.1%;432;Litros; $2,026.08 ; Q15,517.83 ;7.65857;Gremiagro; Q69.83 ;;;;;
58999599;.;58999599;Insecticida, Acaricida;58999599;10/03/2026;Rainbow Agroindustria, S.A.;Aplacador 10 Ec;Bifenthrin;Rainbow Agrosciences (Central America) Co., Ltd.;China;0.1%;800;Litros; $3,360.00 ; Q25,734.37 ;7.65857;Gremiagro; Q115.80 ;;;;;
3303489700;.;3303489700;Herbicida;3303489700;10/03/2026;Rainbow Agroindustria, S.A.;Kampis 40  Ec;Carfentrazoneethyl;Rainbow Agrosciences (Central America) Co., Ltd.;China;0.1%;504;Litros; $20,981.52 ; Q160,698.30 ;7.65857;Gremiagro; Q723.14 ;;;;;
2189641588;.;2189641588;Herbicida;2189641588;10/03/2026;Rainbow Agroindustria, S.A.;Grasidim 24 Ec;Clethodim;Rainbow Agrosciences (Central America) Co., Ltd.;China;0.1%;800;Litros; $3,768.00 ; Q28,859.26 ;7.65857;Gremiagro; Q129.87 ;;;;;
2071872044;.;2071872044;Herbicida;2071872044;10/03/2026;Rainbow Agroindustria, S.A.;Lektor 48 Sc;Mesotrione;Rainbow Agrosciences (Central America) Co., Ltd.;China;0.1%;2000;Litros; $13,980.00 ; Q107,073.38 ;7.65857;Gremiagro; Q481.83 ;;;;;
432492320;.;432492320;Herbicida;432492320;10/03/2026;Rainbow Agroindustria, S.A.;2,4-D / Dimaxine 72 Sl;2,4-D;Rainbow Agrosciences (Central America) Co., Ltd.;China;0.1%;1600;Litros; $3,712.00 ; Q28,430.36 ;7.65857;Gremiagro; Q127.94 ;;;;;
3381216256;.;3381216256;Herbicida;3381216256;10/03/2026;Rainbow Agrosciences (Guatemala) Sociedad Anonima;Glifosato / Revolver 35,6 Sl;Glyphosate;Rainbow Agrosciences (Central America) Co., Ltd.;China;0.1%;20000;Litros; $38,100.00 ; Q291,791.52 ;7.65857;Gremiagro; Q1,313.06 ;;;;;
3079752517;.;3079752517;Herbicida;3079752517;5/03/2026;Rainbow Agrosciences (Guatemala) Sociedad Anonima;Torban 30.4 Sl;2,4-D, Picloram;Rainbow Agrosciences (Central America) Co., Ltd.;China;0.1%;6000;Litros; $14,880.00 ; Q114,002.08 ;7.66143;Gremiagro; Q513.01 ;;;;;
3940895938;.;3940895938;Herbicida;3940895938;4/03/2026;Rainbow Agrosciences (Guatemala) Sociedad Anonima;Sementhal 16.5 Sl;2,4-D, Picloram;Rainbow Agrosciences (Central America) Co., Ltd.;China;0.1%;1008;Litros; $2,147.04 ; Q16,449.40 ;7.66143;Gremiagro; Q74.02 ;;;;;
1943552563;.;1943552563;Herbicida;1943552563;3/03/2026;Rainbow Agrosciences (Guatemala) Sociedad Anonima;Ementhal 16.5 Sl;2,4-D, Picloram;Rainbow Agrosciences (Central America) Co., Ltd.;China;0.1%;728;Litros; $1,790.88 ; Q13,720.70 ;7.66143;Gremiagro; Q61.74 ;;;;;
89083875;.;89083875;Fungicida;89083875;3/03/2026;Rainbow Agrosciences (Guatemala) Sociedad Anonima;Acromorph Mz 69 Wp;Dimethomorph, Mancozeb;Rainbow Agrosciences (Central America) Co., Ltd.;China;0.1%;840;Kilogramos; $5,502.00 ; Q42,153.19 ;7.66143;Gremiagro; Q189.69 ;;;;;
1314144717;.;1314144717;Herbicida;1314144717;3/03/2026;Rainbow Agrosciences (Guatemala) Sociedad Anonima;Revolver Plus 54 Sl;Glyphosate;Rainbow Agrosciences (Central America) Co., Ltd.;China;0.1%;1008;Litros; $3,830.40 ; Q29,346.34 ;7.66143;Gremiagro; Q132.06 ;;;;;
2134198558;.;2134198558;Fungicida;2134198558;3/03/2026;Rainbow Agrosciences (Guatemala) Sociedad Anonima;Dacomax Forte 90 Wg;Chlorothalonil;Rainbow Agrosciences (Central America) Co., Ltd.;China;0.1%;720;Kilogramos; $5,932.80 ; Q45,453.73 ;7.66143;Gremiagro; Q204.54 ;;;;;
2572632140;.;2572632140;Herbicida;2572632140;3/03/2026;Rainbow Agrosciences (Guatemala) Sociedad Anonima;Diupax 80 Sc;Diuron;Rainbow Agrosciences (Central America) Co., Ltd.;China;0.1%;1008;Litros; $5,997.60 ; Q45,950.19 ;7.66143;Gremiagro; Q206.78 ;;;;;
898122515;.;898122515;Fungicida;898122515;3/03/2026;Rainbow Agrosciences (Guatemala) Sociedad Anonima;Derozim 50 Sc;Carbendazim;Rainbow Agrosciences (Central America) Co., Ltd.;China;0.1%;2304;Litros; $10,275.84 ; Q78,727.63 ;7.66143;Gremiagro; Q354.27 ;;;;;
2156347651;.;2156347651;Herbicida;2156347651;3/03/2026;Rainbow Agrosciences (Guatemala) Sociedad Anonima;Revolver Plus 54 Sl;Glyphosate;Rainbow Agrosciences (Central America) Co., Ltd.;China;0.1%;3200;Litros; $10,304.00 ; Q78,943.37 ;7.66143;Gremiagro; Q355.25 ;;;;;
1148732036;.;1148732036;Fungicida;1148732036;2/03/2026;Rainbow Agrosciences (Guatemala) Sociedad Anonima;Carbendazim / Derozim 50 Sc;Carbendazim;Rainbow Agrosciences (Central America) Co., Ltd.;China;0.1%;800;Litros; $3,536.00 ; Q27,090.82 ;7.66143;Gremiagro; Q121.91 ;;;;;
2315404685;.;2315404685;Herbicida;2315404685;2/03/2026;Rainbow Agrosciences (Guatemala) Sociedad Anonima;Acetomax 90 Ec;Acetochlor;Rainbow Agrosciences (Central America) Co., Ltd.;China;0.1%;576;Litros; $3,358.08 ; Q25,727.69 ;7.66143;Gremiagro; Q115.77 ;;;;;
817777064;.;817777064;Herbicida;817777064;2/03/2026;Rainbow Agrosciences (Guatemala) Sociedad Anonima;Glifosato / Revolver 35,6 Sl;Glyphosate;Rainbow Agrosciences (Central America) Co., Ltd.;China;0.1%;6048;Litros; $14,696.64 ; Q112,597.28 ;7.66143;Gremiagro; Q506.69 ;;;;;
3866643062;.;3866643062;Fungicida;3866643062;2/03/2026;Rainbow Agrosciences (Guatemala) Sociedad Anonima;Milor 72 Wp;Mancozeb, Metalaxil;Rainbow Agrosciences (Central America) Co., Ltd.;China;0.1%;1200;Kilogramos; $8,220.00 ; Q62,976.95 ;7.66143;Gremiagro; Q283.40 ;;;;;
4029956905;.;4029956905;Fungicida;4029956905;2/03/2026;Rainbow Agrosciences (Guatemala) Sociedad Anonima;Milor 72 Wp;Mancozeb, Metalaxil;Rainbow Agrosciences (Central America) Co., Ltd.;China;0.1%;360;Kilogramos; $2,696.40 ; Q20,658.28 ;7.66143;Gremiagro; Q92.96 ;;;;;
95764840;.;95764840;Fungicida;95764840;2/03/2026;Rainbow Agroindustria, S.A.;Milor 72 Wp;Mancozeb, Metalaxil;Rainbow Agrosciences (Central America) Co., Ltd.;China;0.1%;1000;Kilogramos; $4,630.00 ; Q35,493.90 ;7.66607;Gremiagro; Q159.72 ;;;;;
1694256228;.;1694256228;Fungicida;1694256228;2/03/2026;Rainbow Agroindustria, S.A.;Escudero Plus 25 Sc;Cyazofamid, Fluopicolide;Rainbow Agrosciences (Central America) Co., Ltd.;China;0.1%;432;Litros; $9,599.04 ; Q73,586.91 ;7.66607;Gremiagro; Q331.14 ;;;;;
1469794033;.;1469794033;Insecticida;1469794033;2/03/2026;Rainbow Agroindustria, S.A.;Fipromax / Fiprogold  20  Sc;Fipronil;Rainbow Agrosciences (Central America) Co., Ltd.;China;0.1%;240;Litros; $2,839.20 ; Q21,765.51 ;7.66607;Gremiagro; Q97.94 ;;;;;
2562671901;.;2562671901;Insecticida;2562671901;2/03/2026;Rainbow Agroindustria, S.A.;Clomit  50 Wg;Clothianidin;Rainbow Agrosciences (Central America) Co., Ltd.;China;0.1%;500;Kilogramos; $4,235.00 ; Q32,465.81 ;7.66607;Gremiagro; Q146.10 ;;;;;
2991736341;.;2991736341;Herbicida;2991736341;2/03/2026;Rainbow Agroindustria, S.A.;Profitol  75  Wg;Isoxaflutole;Rainbow Agrosciences (Central America) Co., Ltd.;China;0.1%;400;Kilogramos; $13,696.00 ; Q104,994.49 ;7.66607;Gremiagro; Q472.48 ;;;;;
3285993122;.;3285993122;Herbicida;3285993122;2/03/2026;Rainbow Agroindustria, S.A.;Profitol Super 80 Wg;Imazapic, Isoxaflutole;Rainbow Agrosciences (Central America) Co., Ltd.;China;0.1%;500;Kilogramos; $18,220.00 ; Q139,675.80 ;7.66607;Gremiagro; Q628.54 ;;;;;
3851305720;.;3851305720;Herbicida;3851305720;2/03/2026;Rainbow Agroindustria, S.A.;Kombat / Podador 60 Wp;Metsulfuron-Methyl;Rainbow Agrosciences (Central America) Co., Ltd.;China;0.1%;240;Kilogramos; $4,099.20 ; Q31,424.75 ;7.66607;Gremiagro; Q141.41 ;;;;;
203901149;.;203901149;Herbicida;203901149;2/03/2026;Rainbow Agroindustria, S.A.;Arranque 36 Sl;2,4-D, Aminopyralid;Rainbow Agrosciences (Central America) Co., Ltd.;China;0.1%;400;Litros; $2,056.00 ; Q15,761.44 ;7.66607;Gremiagro; Q70.93 ;;;;;
1028210774;.;1028210774;Herbicida;1028210774;2/03/2026;Rainbow Agroindustria, S.A.;Glifosato /  Revolver 35.6 Sl;Glyphosate;Rainbow Agrosciences (Central America) Co., Ltd.;China;0.1%;4000;Litros; $8,080.00 ; Q61,941.85 ;7.66607;Gremiagro; Q278.74 ;;;;;
1004358865;.;1004358865;Herbicida;1004358865;2/03/2026;Rainbow Agroindustria, S.A.;Atrapax Plus / Legatus 88 Wg;Atrazine, Mesotrione;Rainbow Agrosciences (Central America) Co., Ltd.;China;0.1%;500;Kilogramos; $2,740.00 ; Q21,005.03 ;7.66607;Gremiagro; Q94.52 ;;;;;
4248521395;.;4248521395;Herbicida;4248521395;2/03/2026;Rainbow Agroindustria, S.A.;Glifosato/ Revolver Xtra / Llanero Xtra 68 Sg;Glyphosate;Rainbow Agrosciences (Central America) Co., Ltd.;China;0.1%;2000;Kilogramos; $6,760.00 ; Q51,822.63 ;7.66607;Gremiagro; Q233.20 ;;;;;
2320253299;.;2320253299;Herbicida;2320253299;2/03/2026;Rainbow Agroindustria, S.A.;Glifosato /  Revolver 35.6 Sl;Glyphosate;Rainbow Agrosciences (Central America) Co., Ltd.;China;0.1%;8000;Litros; $15,280.00 ; Q117,137.55 ;7.66607;Gremiagro; Q527.12 ;;;;;
3416474188;.;3416474188;Herbicida;3416474188;2/03/2026;Rainbow Agroindustria, S.A.;Glufosinato De Amonio / Cegar 15 Sl;Glufosinateammonium;Rainbow Agrosciences (Central America) Co., Ltd.;China;0.1%;4000;Litros; $7,040.00 ; Q53,969.13 ;7.66607;Gremiagro; Q242.86 ;;;;;
1025722486;.;1025722486;Herbicida;1025722486;19/03/2026;Agrocentro Sociedad Anonima;2,4 -D Técnico 98%;2,4 -D;Korsa Chemicals, S.A.;China;0.1%;10000;Kilogramos; $23,100.00 ; Q176,903.03 ;7.65814;Gremiagro; Q796.06 ;;;;;
1406487569;.;1406487569;Insecticida;1406487569;9/03/2026;Disagro De Guatemala, Sociedad Anonima;Dismetrina 25 EC;Cypermethrin;Unifersa Disagro, S.A. de C.V.;Guatemala;0.1%;2338.5;Litros; $13,239.81 ; Q101,452.82 ;7.66271;Gremiagro; Q456.54 ;;;;;
272714942;.;272714942;Herbicida;272714942;8/04/2026;Quimicos Y Lubricantes, Sociedad Anonima;Glufosinato de Amonio 40 SL;Glufosinato de Amonio;Proquimur, S.A.;Argentina;0.1%;220;Mililitros; $2.50 ; Q19.11 ;7.64268;Gremiagro; Q0.09 ;;;;;
1726826801;.;1726826801;Experimental;1726826801;13/04/2026;Quimicos Y Lubricantes, Sociedad Anonima;Estandar Analítico de Glifosato de Amonio;Glifosato de Amonio;Proquimur, S.A.;Argentina;0.1%;10;Gramos; $0.50 ; Q3.82 ;7.64268;Gremiagro; Q0.02 ;;;;;
2546418016;.;2546418016;I.A. Formular Herbicidas;2546418016;16/04/2026;Agrocentro Sociedad Anonima;2,4 -D Técnico 98%;2,4 -D;Korsa Chemicals, S.A.;China;0.1%;96000;Kilogramos; $232,320.00 ; Q1,775,547.42 ;7.64268;Gremiagro; Q7,989.96 ;;;;;
4147792786;.;4147792786;I.A. Formular Herbicidas;4147792786;16/04/2026;Agrocentro Sociedad Anonima;2,4 -D Técnico 98%;2,4 -D;Korsa Chemicals, S.A.;China;0.1%;60000;Kilogramos; $142,200.00 ; Q1,086,789.10 ;7.64268;Gremiagro; Q4,890.55 ;;;;;
1917470825;.;1917470825;I.A. Formular Herbicidas;1917470825;30/04/2026;Agrocentro Sociedad Anonima;2,4 -D Técnico 98%;2,4 -D;Korsa Chemicals, S.A.;China;0.1%;40000;Kilogramos; $101,200.00 ; Q773,033.40 ;7.63867;Gremiagro; Q3,478.65 ;;;;;
4146547370;.;4146547370;Insecticida;4146547370;30/04/2026;Rainbow Agroindustria, S.A.;Clomit  50 Wg;Clothianidin;Rainbow Agrosciences (Central America) Co., Ltd.;China;0.1%;500;Kilogramos; $4,305.00 ; Q32,874.14 ;7.63627;Gremiagro; Q147.93 ;;;;;
649023351;.;649023351;Insecticida;649023351;30/04/2026;Rainbow Agroindustria, S.A.;Clomit  50 Wg;Clothianidin;Rainbow Agrosciences (Central America) Co., Ltd.;China;0.1%;500;Kilogramos; $4,225.00 ; Q32,263.24 ;7.63627;Gremiagro; Q145.18 ;;;;;
2362855067;.;2362855067;Insecticida;2362855067;30/04/2026;Rainbow Agroindustria, S.A.;Upaxial 10 Ec;Pyriproxyfen;Rainbow Agrosciences (Central America) Co., Ltd.;China;0.1%;408;Litros; $1,542.24 ; Q11,776.96 ;7.63627;Gremiagro; Q53.00 ;;;;;
561532006;.;561532006;Herbicida;561532006;30/04/2026;Rainbow Agroindustria, S.A.;Sultronic  75 Wg;Sulfentrazone;Rainbow Agrosciences (Central America) Co., Ltd.;China;0.1%;300;Kilogramos; $6,984.00 ; Q53,331.71 ;7.63627;Gremiagro; Q239.99 ;;;;;
3842457945;.;3842457945;Herbicida;3842457945;30/04/2026;Rainbow Agroindustria, S.A.;Oxigol  24  Ec;Oxyfluorfen;Rainbow Agrosciences (Central America) Co., Ltd.;China;0.1%;3000;Litros; $19,290.00 ; Q147,303.65 ;7.63627;Gremiagro; Q662.87 ;;;;;
2846376626;.;2846376626;Herbicida;2846376626;30/04/2026;Rainbow Agroindustria, S.A.;Sultronic Plus 70 Ec;S-Metolachlor, Sulfentrazone;Rainbow Agrosciences (Central America) Co., Ltd.;China;0.1%;504;Litros; $3,835.44 ; Q29,288.46 ;7.63627;Gremiagro; Q131.80 ;;;;;
2739750998;.;2739750998;Herbicida;2739750998;30/04/2026;Rainbow Agroindustria, S.A.;2,4-D / Dimaxine 72 Sl;2,4-D;Rainbow Agrosciences (Central America) Co., Ltd.;China;0.1%;1600;Litros; $3,616.00 ; Q27,612.75 ;7.63627;Gremiagro; Q124.26 ;;;;;
471615132;.;471615132;Herbicida;471615132;30/04/2026;Rainbow Agroindustria, S.A.;Glufosinato De Amonio / Cegar 15 Sl;Glufosinateammonium;Rainbow Agrosciences (Central America) Co., Ltd.;China;0.1%;8000;Litros; $15,520.00 ; Q118,514.91 ;7.63627;Gremiagro; Q533.32 ;;;;;
2166573926;.;2166573926;Herbicida;2166573926;30/04/2026;Rainbow Agroindustria, S.A.;Glifosato/ Revolver Xtra / Llanero Xtra 68 Sg;Glyphosate;Rainbow Agrosciences (Central America) Co., Ltd.;China;0.1%;4000;Kilogramos; $12,760.00 ; Q97,438.81 ;7.63627;Gremiagro; Q438.47 ;;;;;
2622767753;.;2622767753;Herbicida;2622767753;30/04/2026;Rainbow Agrosciences (Guatemala) Sociedad Anonima;Glifosato / Revolver 35,6 Sl;Glyphosate;Rainbow Agrosciences (Central America) Co., Ltd.;China;0.1%;14000;Litros; $30,100.00 ; Q229,806.28 ;7.63476;Gremiagro; Q1,034.13 ;;;;;
920472589;.;920472589;Herbicida;920472589;30/04/2026;Rainbow Agrosciences (Guatemala) Sociedad Anonima;2,4-D / Dimaxine 72 Sl;2,4-D;Rainbow Agrosciences (Central America) Co., Ltd.;China;0.1%;3612;Litros; $8,741.04 ; Q66,735.74 ;7.63476;Gremiagro; Q300.31 ;;;;;
2090487712;.;2090487712;Fungicida;2090487712;30/04/2026;Rainbow Agrosciences (Guatemala) Sociedad Anonima;Zancor 18.3 Se;Epoxiconazole, Piraclostrobin;Rainbow Agrosciences (Central America) Co., Ltd.;China;0.1%;1584;Litros; $16,267.68 ; Q124,199.83 ;7.63476;Gremiagro; Q558.90 ;;;;;
2507689503;.;2507689503;Insecticida, Acaricida;2507689503;30/04/2026;Rainbow Agrosciences (Guatemala) Sociedad Anonima;Abamectin / Abamectan / Trespass 1.8 Ec;Abamectin;Rainbow Agrosciences (Central America) Co., Ltd.;China;0.1%;576;Litros; $3,317.76 ; Q25,330.30 ;7.63476;Gremiagro; Q113.99 ;;;;;
1135889722;.;1135889722;Herbicida;1135889722;30/04/2026;Rainbow Agrosciences (Guatemala) Sociedad Anonima;Legatus Mixx 30 Od;Atrazina, Mesotrione, Nicosulfuron;Rainbow Agrosciences (Central America) Co., Ltd.;China;0.1%;6048;Litros; $47,718.72 ; Q364,320.97 ;7.63476;Gremiagro; Q1,639.44 ;;;;;
2932756194;.;2932756194;Herbicida;2932756194;30/04/2026;Rainbow Agrosciences (Guatemala) Sociedad Anonima;Glifosato / Revolver 35,6 Sl;Glyphosate;Rainbow Agrosciences (Central America) Co., Ltd.;China;0.1%;10200;Litros; $23,154.00 ; Q176,775.23 ;7.63476;Gremiagro; Q795.49 ;;;;;
3083878953;.;3083878953;Herbicida;3083878953;30/04/2026;Rainbow Agrosciences (Guatemala) Sociedad Anonima;Glifosato / Revolver 35,6 Sl;Glyphosate;Rainbow Agrosciences (Central America) Co., Ltd.;China;0.1%;4200;Litros; $9,072.00 ; Q69,262.54 ;7.63476;Gremiagro; Q311.68 ;;;;;
1166558332;.;1166558332;Insecticida, Acaricida;1166558332;30/04/2026;Agrocentro Sociedad Anonima;Contego 24 Sc;Abamectin, Spiromesifen;Korsa Chemicals, S.A.;China;0.1%;1000;Litros; $24,310.00 ; Q185,580.35 ;7.63476;Gremiagro; Q835.11 ;;;;;
3406186629;.;3406186629;Fungicida;3406186629;30/04/2026;Agrocentro Sociedad Anonima;Halcon Extra 28 Sc;Azoxystrobin, Cyproconazole;Korsa Chemicals, S.A.;China;0.1%;1000;Litros; $9,870.00 ; Q75,346.69 ;7.63476;Gremiagro; Q339.06 ;;;;;
1315062384;.;1315062384;Herbicida;1315062384;30/04/2026;Agrocentro Sociedad Anonima;Condena Extra 55 Sc;Atrazine, Mesotrione;Korsa Chemicals, S.A.;China;0.1%;4000;Litros; $14,800.00 ; Q112,981.87 ;7.63476;Gremiagro; Q508.42 ;;;;;
1419330067;.;1419330067;Herbicida;1419330067;30/04/2026;Agrocentro Sociedad Anonima;Condena Extra 55 Sc;Atrazine, Mesotrione;Korsa Chemicals, S.A.;China;0.1%;7000;Litros; $25,900.00 ; Q197,718.27 ;7.63476;Gremiagro; Q889.73 ;;;;;
309087849;.;309087849;Fungicida;309087849;30/04/2026;Agrocentro Sociedad Anonima;Atomik 32,5 Sc;Azoxystrobin, Flutriafol;Korsa Chemicals, S.A.;China;0.1%;2400;Litros; $25,200.00 ; Q192,374.53 ;7.63476;Gremiagro; Q865.69 ;;;;;
1812874574;.;1812874574;Fungicida;1812874574;30/04/2026;Agrocentro Sociedad Anonima;Mancozeb Tecnico;Mancozeb;Upl Costa Rica S.A.;India;0.1%;72000;Kilogramos; $270,000.00 ; Q2,061,155.70 ;7.63476;Gremiagro; Q9,275.20 ;;;;;
2584694054;.;2584694054;Fungicida;2584694054;30/04/2026;Agrocentro Sociedad Anonima;Mancozeb Tecnico;Mancozeb;Upl Costa Rica S.A.;India;0.1%;72000;Kilogramos; $270,000.00 ; Q2,061,155.70 ;7.63476;Gremiagro; Q9,275.20 ;;;;;
353257372;.;353257372;Fungicida;353257372;30/04/2026;Agrocentro Sociedad Anonima;Mancozeb Tecnico;Mancozeb;Upl Costa Rica S.A.;India;0.1%;96000;Kilogramos; $360,000.00 ; Q2,748,207.60 ;7.63476;Gremiagro; Q12,366.93 ;;;;;
1732792302;.;1732792302;Fungicida;1732792302;30/04/2026;Agrocentro Sociedad Anonima;Mancozeb Tecnico;Mancozeb;Upl Costa Rica S.A.;India;0.1%;24000;Kilogramos; $90,000.00 ; Q687,051.90 ;7.63476;Gremiagro; Q3,091.73 ;;;;;
1057835361;.;1057835361;Herbicida;1057835361;30/04/2026;Agrocentro Sociedad Anonima;Kronex 80 Sc;Diuron;Korsa Chemicals, S.A.;Malasia;0.1%;16000;Litros; $73,760.00 ; Q563,077.20 ;7.63476;Gremiagro; Q2,533.85 ;;;;;
1281116015;.;1281116015;Fungicida;1281116015;29/04/2026;Rainbow Agrosciences (Guatemala) Sociedad Anonima;Acromorph Mz 69 Wp;Dimethomorph, Mancozeb;Rainbow Agrosciences (Central America) Co., Ltd.;China;0.1%;1560;Kilogramos; $14,617.20 ; Q111,584.49 ;7.63391;Gremiagro; Q502.13 ;;;;;
1213809543;.;1213809543;Herbicida;1213809543;29/04/2026;Rainbow Agrosciences (Guatemala) Sociedad Anonima;2,4-D / Dimaxine 72 Sl;2,4-D;Rainbow Agrosciences (Central America) Co., Ltd.;China;0.1%;8000;Litros; $16,800.00 ; Q128,247.50 ;7.63391;Gremiagro; Q577.11 ;;;;;
937906158;.;937906158;Fungicida;937906158;29/04/2026;Rainbow Agrosciences (Guatemala) Sociedad Anonima;Zancor 18.3 Se;Epoxiconazole, Piraclostrobin;Rainbow Agrosciences (Central America) Co., Ltd.;China;0.1%;576;Litros; $6,693.12 ; Q51,093.81 ;7.63391;Gremiagro; Q229.92 ;;;;;
430785061;.;430785061;Fungicida;430785061;29/04/2026;Rainbow Agrosciences (Guatemala) Sociedad Anonima;Tutela 10 Sl;Ciproconazole;Rainbow Agrosciences (Central America) Co., Ltd.;China;0.1%;576;Litros; $4,199.04 ; Q32,054.55 ;7.63391;Gremiagro; Q144.25 ;;;;;
123359198;.;123359198;Fungicida;123359198;29/04/2026;Rainbow Agrosciences (Guatemala) Sociedad Anonima;Sigilo 25 Ec;Difenoconazole;Rainbow Agrosciences (Central America) Co., Ltd.;China;0.1%;1008;Litros; $7,600.32 ; Q58,019.17 ;7.63391;Gremiagro; Q261.09 ;;;;;
1949060329;.;1949060329;Fungicida;1949060329;29/04/2026;Rainbow Agrosciences (Guatemala) Sociedad Anonima;Tutela 10 Sl;Ciproconazole;Rainbow Agrosciences (Central America) Co., Ltd.;China;0.1%;1008;Litros; $6,118.56 ; Q46,707.74 ;7.63391;Gremiagro; Q210.18 ;;;;;
2456110442;.;2456110442;Insecticida;2456110442;29/04/2026;Rainbow Agrosciences (Guatemala) Sociedad Anonima;Respekt / Bunker 35 Fs;Thiamethoxam;Rainbow Agrosciences (Central America) Co., Ltd.;China;0.1%;480;Litros; $5,889.60 ; Q44,959.91 ;7.63391;Gremiagro; Q202.32 ;;;;;
4010557515;.;4010557515;Fungicida;4010557515;29/04/2026;Rainbow Agrosciences (Guatemala) Sociedad Anonima;Epoxiconazol 12.5 Sc;Epoxiconazole;Rainbow Agrosciences (Central America) Co., Ltd.;China;0.1%;576;Litros; $6,572.16 ; Q50,170.42 ;7.63391;Gremiagro; Q225.77 ;;;;;
2655209275;.;2655209275;Insecticida;2655209275;29/04/2026;Rainbow Agrosciences (Guatemala) Sociedad Anonima;Clomit 50 Wg;Clothianidin;Rainbow Agrosciences (Central America) Co., Ltd.;China;0.1%;360;Kilogramos; $6,174.00 ; Q47,130.96 ;7.63391;Gremiagro; Q212.09 ;;;;;
2316193527;.;2316193527;Insecticida;2316193527;29/04/2026;Rainbow Agrosciences (Guatemala) Sociedad Anonima;Clomit 50 Wg;Clothianidin;Rainbow Agrosciences (Central America) Co., Ltd.;China;0.1%;360;Kilogramos; $4,809.60 ; Q36,715.43 ;7.63391;Gremiagro; Q165.22 ;;;;;
1365526093;.;1365526093;Herbicida;1365526093;28/04/2026;Agrocentro Sociedad Anonima;Glifosato Aleman 35,6 Sl;Glyphosate;Korsa Chemicals, S.A.;China;0.1%;39200;Litros; $79,184.00 ; Q604,483.53 ;7.63391;Gremiagro; Q2,720.18 ;;;;;
3827125017;.;3827125017;Insecticida;3827125017;28/04/2026;Rainbow Agrosciences (Guatemala) Sociedad Anonima;Rhephon Plus 30 Se;Buprofezin, Clothianidin;Rainbow Agrosciences (Central America) Co., Ltd.;China;0.1%;1008;Litros; $8,225.28 ; Q62,789.98 ;7.63391;Gremiagro; Q282.55 ;;;;;
2689155846;.;2689155846;Insecticida;2689155846;28/04/2026;Rainbow Agrosciences (Guatemala) Sociedad Anonima;Rhephon Plus 30 Se;Buprofezin, Clothianidin;Rainbow Agrosciences (Central America) Co., Ltd.;China;0.1%;1008;Litros; $9,273.60 ; Q70,792.62 ;7.63391;Gremiagro; Q318.57 ;;;;;
842352596;.;842352596;Insecticida;842352596;28/04/2026;Rainbow Agrosciences (Guatemala) Sociedad Anonima;Profuron 55 Ec;Lufenuron, Profenofos;Rainbow Agrosciences (Central America) Co., Ltd.;China;0.1%;576;Litros; $6,272.64 ; Q47,883.95 ;7.63391;Gremiagro; Q215.48 ;;;;;
747720195;.;747720195;Insecticida;747720195;28/04/2026;Rainbow Agrosciences (Guatemala) Sociedad Anonima;Profuron 55 Ec;Lufenuron, Profenofos;Rainbow Agrosciences (Central America) Co., Ltd.;China;0.1%;576;Litros; $5,708.16 ; Q43,574.84 ;7.63391;Gremiagro; Q196.09 ;;;;;
315637965;.;315637965;Insecticida;315637965;28/04/2026;Rainbow Agrosciences (Guatemala) Sociedad Anonima;Spanvic 12 Sc;Spinosad;Rainbow Agrosciences (Central America) Co., Ltd.;China;0.1%;1008;Litros; $49,381.92 ; Q376,970.71 ;7.63391;Gremiagro; Q1,696.37 ;;;;;
3311026614;.;3311026614;Herbicida;3311026614;28/04/2026;Agrocentro Sociedad Anonima;Glifosato Aleman 35,6 Sl;Glyphosate;Korsa Chemicals, S.A.;China;0.1%;36000;Litros; $76,320.00 ; Q582,620.01 ;7.63391;Gremiagro; Q2,621.79 ;;;;;
3031122209;.;3031122209;Fungicida;3031122209;28/04/2026;Agrocentro Sociedad Anonima;Mancozeb Tecnico;Mancozeb;Upl Costa Rica S.A.;India;0.1%;48000;Kilogramos; $180,000.00 ; Q1,374,103.80 ;7.63391;Gremiagro; Q6,183.47 ;;;;;
3033747045;.;3033747045;Insecticida;3033747045;28/04/2026;Rainbow Agrosciences (Guatemala) Sociedad Anonima;Profuron 55 Ec;Lufenuron, Profenofos;Rainbow Agrosciences (Central America) Co., Ltd.;China;0.1%;1008;Litros; $8,769.60 ; Q66,945.20 ;7.63391;Gremiagro; Q301.25 ;;;;;
1316703201;.;1316703201;Insecticida, Acaricida;1316703201;28/04/2026;Rainbow Agrosciences (Guatemala) Sociedad Anonima;Aplacador 10 Ec;Bifenthrin;Rainbow Agrosciences (Central America) Co., Ltd.;China;0.1%;576;Litros; $4,285.44 ; Q32,714.11 ;7.63391;Gremiagro; Q147.21 ;;;;;
2277393071;.;2277393071;Herbicida;2277393071;28/04/2026;Rainbow Agrosciences (Guatemala) Sociedad Anonima;Glifosato / Revolver 35,6 Sl;Glyphosate;Rainbow Agrosciences (Central America) Co., Ltd.;China;0.1%;2160;Litros; $4,471.20 ; Q34,132.16 ;7.63378;Gremiagro; Q153.59 ;;;;;
1941785034;.;1941785034;Insecticida;1941785034;28/04/2026;Rainbow Agrosciences (Guatemala) Sociedad Anonima;Candado / Zarper 60 Fs;Imidacloprid, Thiodicarb;Rainbow Agrosciences (Central America) Co., Ltd.;China;0.1%;576;Litros; $13,282.56 ; Q101,396.14 ;7.63378;Gremiagro; Q456.28 ;;;;;
1692421096;.;1692421096;Insecticida;1692421096;28/04/2026;Rainbow Agrosciences (Guatemala) Sociedad Anonima;Tratavin 35 Fs;Thiodicarb;Rainbow Agrosciences (Central America) Co., Ltd.;China;0.1%;1632;Litros; $19,469.76 ; Q148,627.86 ;7.63378;Gremiagro; Q668.83 ;;;;;
1981892051;.;1981892051;Herbicida;1981892051;28/04/2026;Rainbow Agrosciences (Guatemala) Sociedad Anonima;Torban Q / Sementhal 16.5 Sl;2,4-D, Picloram;Rainbow Agrosciences (Central America) Co., Ltd.;China;0.1%;1008;Litros; $1,955.52 ; Q14,928.01 ;7.63378;Gremiagro; Q67.18 ;;;;;
2543995699;.;2543995699;Herbicida;2543995699;27/04/2026;Rainbow Agrosciences (Guatemala) Sociedad Anonima;Torban 30,4 Sl;2,4-D, Picloram;Rainbow Agrosciences (Central America) Co., Ltd.;China;0.1%;576;Litros; $2,004.48 ; Q15,301.76 ;7.63378;Gremiagro; Q68.86 ;;;;;
3417394325;.;3417394325;Herbicida;3417394325;27/04/2026;Rainbow Agrosciences (Guatemala) Sociedad Anonima;Torban 30,4 Sl;2,4-D, Picloram;Rainbow Agrosciences (Central America) Co., Ltd.;China;0.1%;2016;Litros; $6,007.68 ; Q45,861.31 ;7.63378;Gremiagro; Q206.38 ;;;;;
2616281170;.;2616281170;Herbicida;2616281170;27/04/2026;Rainbow Agrosciences (Guatemala) Sociedad Anonima;Paraquat / Terraquat / Lavax 20 Sl;Paraquat;Rainbow Agrosciences (Central America) Co., Ltd.;China;0.1%;5940;Litros; $13,483.80 ; Q102,932.36 ;7.63378;Gremiagro; Q463.20 ;;;;;
3313978075;.;3313978075;Herbicida;3313978075;27/04/2026;Rainbow Agrosciences (Guatemala) Sociedad Anonima;Revolver Plus 54 Sl;Glyphosate;Rainbow Agrosciences (Central America) Co., Ltd.;China;0.1%;1600;Litros; $5,200.00 ; Q39,695.66 ;7.63378;Gremiagro; Q178.63 ;;;;;
1696288679;.;1696288679;Insecticida;1696288679;27/04/2026;Rainbow Agrosciences (Guatemala) Sociedad Anonima;Rhephon 25 Wp;Buprofezin;Rainbow Agrosciences (Central America) Co., Ltd.;China;0.1%;720;Kilogramos; $4,701.60 ; Q35,890.98 ;7.63378;Gremiagro; Q161.51 ;;;;;
2254586151;.;2254586151;Herbicida;2254586151;27/04/2026;Rainbow Agrosciences (Guatemala) Sociedad Anonima;Torban Pro 76,7 Sg;2,4-D, Picloram;Rainbow Agrosciences (Central America) Co., Ltd.;China;0.1%;367.5;Kilogramos; $3,031.88 ; Q23,144.70 ;7.63378;Gremiagro; Q104.15 ;;;;;
1312506037;.;1312506037;Insecticida, Acaricida;1312506037;27/04/2026;Rainbow Agrosciences (Guatemala) Sociedad Anonima;Abamectin / Abamectan / Trespass 1.8 Ec;Abamectin;Rainbow Agrosciences (Central America) Co., Ltd.;China;0.1%;576;Litros; $4,498.56 ; Q34,341.02 ;7.63378;Gremiagro; Q154.53 ;;;;;
1187857887;.;1187857887;Herbicida;1187857887;27/04/2026;Rainbow Agrosciences (Guatemala) Sociedad Anonima;Glifosato/ Revolver Xtra / Llanero Xtra 68 Sg;Glyphosate;Rainbow Agrosciences (Central America) Co., Ltd.;China;0.1%;720;Kilogramos; $3,088.80 ; Q23,579.22 ;7.63378;Gremiagro; Q106.11 ;;;;;
460213628;.;460213628;Insecticida;460213628;27/04/2026;Rainbow Agrosciences (Guatemala) Sociedad Anonima;Fipromax / Fiprogold 20 Sc;Fipronil;Rainbow Agrosciences (Central America) Co., Ltd.;China;0.1%;576;Litros; $9,792.00 ; Q74,749.97 ;7.63378;Gremiagro; Q336.37 ;;;;;
3070640376;.;3070640376;Insecticida;3070640376;27/04/2026;Rainbow Agrosciences (Guatemala) Sociedad Anonima;Kaindor 70 Wg;Imidacloprid;Rainbow Agrosciences (Central America) Co., Ltd.;China;0.1%;360;Kilogramos; $5,101.20 ; Q38,941.44 ;7.63378;Gremiagro; Q175.24 ;;;;;
2856732464;.;2856732464;Insecticida;2856732464;27/04/2026;Rainbow Agrosciences (Guatemala) Sociedad Anonima;Killigan 24 Sc;Chlorfenapyr;Rainbow Agrosciences (Central America) Co., Ltd.;China;0.1%;576;Litros; $6,174.72 ; Q47,136.45 ;7.63378;Gremiagro; Q212.11 ;;;;;
3177727819;.;3177727819;Herbicida;3177727819;27/04/2026;Rainbow Agrosciences (Guatemala) Sociedad Anonima;Acetomax 90 Ec;Acetochlor;Rainbow Agrosciences (Central America) Co., Ltd.;China;0.1%;567;Litros; $3,208.32 ; Q24,491.61 ;7.63378;Gremiagro; Q110.21 ;;;;;
855788171;.;855788171;Insecticida;855788171;27/04/2026;Rainbow Agrosciences (Guatemala) Sociedad Anonima;Fipromax / Fiprogold 20 Sc;Fipronil;Rainbow Agrosciences (Central America) Co., Ltd.;China;0.1%;576;Litros; $8,772.48 ; Q66,967.18 ;7.63378;Gremiagro; Q301.35 ;;;;;
3736815415;.;3736815415;Fungicida;3736815415;27/04/2026;Disagro De Guatemala, Sociedad Anonima;Trunco / Carbendazim 50 Sc;Carbendazim;Incofe S.A.S.;China;0.1%;16000;Litros; $55,360.00 ; Q422,876.77 ;7.63867;Gremiagro; Q1,902.95 ;;;;;
1634943371;.;1634943371;Herbicida;1634943371;27/04/2026;Bestenfelden Guatemala, Sociedad Anonima;Atrazina 90 Wg;Atrazine;Tahual Agricola, S.A.;China;0.1%;2875;Kilogramos; $11,758.75 ; Q89,804.63 ;7.63867;Gremiagro; Q404.12 ;;;;;
558449084;.;558449084;Herbicida;558449084;27/04/2026;Bestenfelden Guatemala, Sociedad Anonima;Henduro 60 Wg;Diuron, Hexazinona;Tahual Agricola, S.A.;China;0.1%;4000;Kilogramos; $24,800.00 ; Q189,404.05 ;7.63867;Gremiagro; Q852.32 ;;;;;
988171279;.;988171279;Insecticida;988171279;24/04/2026;Rainbow Agroindustria, S.A.;Confront 15 Od;Spirotetramat;Agroiris, S.A;China;0.1%;3000;Litros; $45,030.00 ; Q343,969.31 ;7.63867;Gremiagro; Q1,547.86 ;;;;;
1005601157;.;1005601157;Fungicida;1005601157;24/04/2026;Agrocentro Sociedad Anonima;Mancozeb Tecnico;Mancozeb;Upl Costa Rica S.A.;India;0.1%;72000;Kilogramos; $270,000.00 ; Q2,062,462.50 ;7.63875;Gremiagro; Q9,281.08 ;;;;;
4225846374;.;4225846374;Fungicida;4225846374;24/04/2026;Agrocentro Sociedad Anonima;Mancozeb Tecnico;Mancozeb;Upl Costa Rica S.A.;India;0.1%;72000;Kilogramos; $270,000.00 ; Q2,062,462.50 ;7.63875;Gremiagro; Q9,281.08 ;;;;;
957108065;.;957108065;Fungicida;957108065;24/04/2026;Agrocentro Sociedad Anonima;Mancozeb Tecnico;Mancozeb;Upl Costa Rica S.A.;India;0.1%;72000;Kilogramos; $270,000.00 ; Q2,062,462.50 ;7.63875;Gremiagro; Q9,281.08 ;;;;;
2784513322;.;2784513322;Fungicida;2784513322;24/04/2026;Agrocentro Sociedad Anonima;Mancozeb Tecnico;Mancozeb;Upl Costa Rica S.A.;India;0.1%;68400;Kilogramos; $256,500.00 ; Q1,959,339.38 ;7.63875;Gremiagro; Q8,817.03 ;;;;;
2480753437;.;2480753437;Fungicida;2480753437;24/04/2026;Agrocentro Sociedad Anonima;Mancozeb Tecnico;Mancozeb;Upl Costa Rica S.A.;India;0.1%;72000;Kilogramos; $270,000.00 ; Q2,062,462.50 ;7.63875;Gremiagro; Q9,281.08 ;;;;;
1181372230;.;1181372230;Herbicida;1181372230;23/04/2026;Disagro De Guatemala, Sociedad Anonima;Atrazina / Tarea 80 Wp;Atrazine;Incofe S.A.S.;China;0.1%;20000;Kilogramos; $61,200.00 ; Q467,303.62 ;7.63568;Gremiagro; Q2,102.87 ;;;;;
221004853;.;221004853;Herbicida;221004853;23/04/2026;Disagro De Guatemala, Sociedad Anonima;Atrazina / Tarea 90 Wg;Atrazine;Incofe S.A.S.;China;0.1%;20000;Kilogramos; $72,200.00 ; Q551,296.10 ;7.63568;Gremiagro; Q2,480.83 ;;;;;
2355971149;.;2355971149;Herbicida;2355971149;23/04/2026;Rainbow Agrosciences (Guatemala) Sociedad Anonima;Glifosato / Revolver 35,6 Sl;Glyphosate;Rainbow Agrosciences (Central America) Co., Ltd.;China;0.1%;18720;Litros; $38,750.40 ; Q295,946.88 ;7.63726;Gremiagro; Q1,331.76 ;;;;;
2450739188;.;2450739188;Fungicida;2450739188;23/04/2026;Rainbow Agrosciences (Guatemala) Sociedad Anonima;Acromorph Ct 60 Sc;Chlorothalonil, Dimethomorph;Rainbow Agrosciences (Central America) Co., Ltd.;China;0.1%;1008;Litros; $7,045.92 ; Q53,811.52 ;7.63726;Gremiagro; Q242.15 ;;;;;
1615874308;.;1615874308;Insecticida;1615874308;23/04/2026;Rainbow Agrosciences (Guatemala) Sociedad Anonima;Candado / Zarper 60 Fs;Imidacloprid, Thiodicarb;Rainbow Agrosciences (Central America) Co., Ltd.;China;0.1%;480;Litros; $10,094.40 ; Q77,093.56 ;7.63726;Gremiagro; Q346.92 ;;;;;
2830189285;.;2830189285;Herbicida;2830189285;23/04/2026;Rainbow Agrosciences (Guatemala) Sociedad Anonima;Glifosato / Revolver 35,6 Sl;Glyphosate;Rainbow Agrosciences (Central America) Co., Ltd.;China;0.1%;19116;Litros; $39,570.12 ; Q302,207.29 ;7.63726;Gremiagro; Q1,359.93 ;;;;;
2878425399;.;2878425399;Herbicida;2878425399;23/04/2026;Rainbow Agrosciences (Guatemala) Sociedad Anonima;Oxigol 24 Ec;Oxyfluorfen;Rainbow Agrosciences (Central America) Co., Ltd.;China;0.1%;576;Litros; $7,280.64 ; Q55,604.14 ;7.63726;Gremiagro; Q250.22 ;;;;;
2442543662;.;2442543662;Herbicida;2442543662;22/04/2026;Rainbow Agrosciences (Guatemala) Sociedad Anonima;Diupax 80 Sc;Diuron;Rainbow Agrosciences (Central America) Co., Ltd.;China;0.1%;3200;Litros; $17,312.00 ; Q132,188.89 ;7.63568;Gremiagro; Q594.85 ;;;;;
2925216789;.;2925216789;Herbicida;2925216789;22/04/2026;Rainbow Agrosciences (Guatemala) Sociedad Anonima;Torban 30,4 Sl;2,4-D, Picloram;Rainbow Agrosciences (Central America) Co., Ltd.;China;0.1%;4000;Litros; $10,320.00 ; Q78,800.22 ;7.63568;Gremiagro; Q354.60 ;;;;;
227757232;.;227757232;Herbicida;227757232;22/04/2026;Rainbow Agrosciences (Guatemala) Sociedad Anonima;Torban 30,4 Sl;2,4-D, Picloram;Rainbow Agrosciences (Central America) Co., Ltd.;China;0.1%;7920;Litros; $21,859.20 ; Q166,909.86 ;7.63568;Gremiagro; Q751.09 ;;;;;
3315355641;.;3315355641;Herbicida;3315355641;22/04/2026;Rainbow Agrosciences (Guatemala) Sociedad Anonima;Glifosato / Revolver 35,6 Sl;Glyphosate;Rainbow Agrosciences (Central America) Co., Ltd.;China;0.1%;16000;Litros; $30,080.00 ; Q229,681.25 ;7.63568;Gremiagro; Q1,033.57 ;;;;;
3234285969;.;3234285969;Herbicida;3234285969;22/04/2026;Rainbow Agrosciences (Guatemala) Sociedad Anonima;Revolver Plus 54 Sl;Glyphosate;Rainbow Agrosciences (Central America) Co., Ltd.;China;0.1%;1008;Litros; $3,517.92 ; Q26,861.71 ;7.63568;Gremiagro; Q120.88 ;;;;;
4042672112;.;4042672112;Herbicida;4042672112;22/04/2026;Rainbow Agrosciences (Guatemala) Sociedad Anonima;Spartanex / Pendipax 50 Ec;Pendimethalin;Rainbow Agrosciences (Central America) Co., Ltd.;China;0.1%;4032;Litros; $21,450.24 ; Q163,787.17 ;7.63568;Gremiagro; Q737.04 ;;;;;
746999495;.;746999495;Herbicida;746999495;22/04/2026;Rainbow Agrosciences (Guatemala) Sociedad Anonima;Cegar Plus / Lenkor 32 Sc;Glufosinateammonium, Oxyfluorfen;Rainbow Agrosciences (Central America) Co., Ltd.;China;0.1%;576;Litros; $4,296.96 ; Q32,810.21 ;7.63568;Gremiagro; Q147.65 ;;;;;
2407221490;.;2407221490;Herbicida;2407221490;22/04/2026;Rainbow Agrosciences (Guatemala) Sociedad Anonima;Paraquat / Terraquat / Lavax 20 Sl;Paraquat;Rainbow Agrosciences (Central America) Co., Ltd.;China;0.1%;2520;Litros; $6,350.40 ; Q48,489.62 ;7.63568;Gremiagro; Q218.20 ;;;;;
906511875;.;906511875;Herbicida;906511875;22/04/2026;Rainbow Agrosciences (Guatemala) Sociedad Anonima;Paraquat / Terraquat / Lavax 20 Sl;Paraquat;Rainbow Agrosciences (Central America) Co., Ltd.;China;0.1%;11088;Litros; $28,052.64 ; Q214,200.98 ;7.63568;Gremiagro; Q963.90 ;;;;;
767052811;.;767052811;Herbicida;767052811;22/04/2026;Rainbow Agrosciences (Guatemala) Sociedad Anonima;Paraquat / Terraquat / Lavax 20 Sl;Paraquat;Rainbow Agrosciences (Central America) Co., Ltd.;China;0.1%;5040;Litros; $11,894.40 ; Q90,821.83 ;7.63568;Gremiagro; Q408.70 ;;;;;
3464776933;.;3464776933;Herbicida;3464776933;22/04/2026;Rainbow Agrosciences (Guatemala) Sociedad Anonima;Revolver Plus 54 Sl;Glyphosate;Rainbow Agrosciences (Central America) Co., Ltd.;China;0.1%;800;Litros; $2,432.00 ; Q18,569.97 ;7.63568;Gremiagro; Q83.56 ;;;;;
4265099293;.;4265099293;Herbicida;4265099293;22/04/2026;Rainbow Agrosciences (Guatemala) Sociedad Anonima;Torban Q / Sementhal 16.5 Sl;2,4-D, Picloram;Rainbow Agrosciences (Central America) Co., Ltd.;China;0.1%;15840;Litros; $25,185.60 ; Q192,309.18 ;7.63568;Gremiagro; Q865.39 ;;;;;
3762570482;.;3762570482;Herbicida;3762570482;22/04/2026;Rainbow Agrosciences (Guatemala) Sociedad Anonima;Torban 30,4 Sl;2,4-D, Picloram;Rainbow Agrosciences (Central America) Co., Ltd.;China;0.1%;6480;Litros; $17,884.80 ; Q136,562.61 ;7.63568;Gremiagro; Q614.53 ;;;;;
1247169058;.;1247169058;Materia Técnica Fungicida;1247169058;22/04/2026;Disagro De Guatemala, Sociedad Anonima;Metalaxil;Metalaxil;Incofe S.A.S.;China;0.1%;9000;Kilogramos; $126,540.00 ; Q966,218.95 ;7.63726;Gremiagro; Q4,347.99 ;;;;;
4204873358;.;4204873358;Herbicida;4204873358;22/04/2026;Rainbow Agroindustria, S.A.;Paraquat / Terraquat / Lavax 20 Sl;Paraquat;Rainbow Agrosciences (Central America) Co., Ltd.;China;0.1%;12000;Litros; $24,360.00 ; Q186,005.16 ;7.63568;Gremiagro; Q837.02 ;;;;;
2760589978;.;2760589978;Herbicida;2760589978;22/04/2026;Rainbow Agroindustria, S.A.;Diquat 20 Sl;Diquat;Rainbow Agrosciences (Central America) Co., Ltd.;China;0.1%;4000;Litros; $10,000.00 ; Q76,356.80 ;7.63568;Gremiagro; Q343.61 ;;;;;
2192263242;.;2192263242;Herbicida;2192263242;22/04/2026;Rainbow Agroindustria, S.A.;Diquat 20 Sl;Diquat;Rainbow Agrosciences (Central America) Co., Ltd.;China;0.1%;4000;Litros; $10,000.00 ; Q76,356.80 ;7.63568;Gremiagro; Q343.61 ;;;;;
2673953682;.;2673953682;Fungicida;2673953682;21/04/2026;Disagro De Guatemala, Sociedad Anonima;Arko 80 Wp;Mancozeb;Global Fertilizer Trading Company Limited;India;0.1%;44800;Kilogramos; $163,520.00 ; Q1,249,230.66 ;7.63962;Gremiagro; Q5,621.54 ;;;;;
3807201900;.;3807201900;Herbicida;3807201900;21/04/2026;Rainbow Agrosciences (Guatemala) Sociedad Anonima;Torban 30,4 Sl;2,4-D, Picloram;Rainbow Agrosciences (Central America) Co., Ltd.;China;0.1%;20880;Litros; $57,628.80 ; Q440,035.08 ;7.63568;Gremiagro; Q1,980.16 ;;;;;
1089095146;.;1089095146;Fungicida;1089095146;20/04/2026;Rainbow Agrosciences (Guatemala) Sociedad Anonima;Antraneb 70 Wp;Propineb;Rainbow Agrosciences (Central America) Co., Ltd.;China;0.1%;4012.5;Kilogramos; $23,794.12 ; Q181,778.11 ;7.63962;Gremiagro; Q818.00 ;;;;;
2255572243;.;2255572243;Herbicida;2255572243;17/04/2026;Bestenfelden Guatemala, Sociedad Anonima;Ametrina 50 Sc;Ametryn;Tahual Agricola, S.A.;China;0.1%;16000;Litros; $49,760.00 ; Q380,183.82 ;7.63962;Gremiagro; Q1,710.83 ;;;;;
2643936444;.;2643936444;Herbicida;2643936444;17/04/2026;Bestenfelden Guatemala, Sociedad Anonima;Ametrina 50 Sc;Ametryn;Tahual Agricola, S.A.;China;0.1%;16000;Litros; $49,760.00 ; Q380,183.82 ;7.63962;Gremiagro; Q1,710.83 ;;;;;
2929411369;.;2929411369;Herbicida;2929411369;17/04/2026;Bestenfelden Guatemala, Sociedad Anonima;Ametrina 50 Sc;Ametryn;Tahual Agricola, S.A.;China;0.1%;16000;Litros; $49,760.00 ; Q380,183.82 ;7.63962;Gremiagro; Q1,710.83 ;;;;;
4178071529;.;4178071529;Fungicida;4178071529;17/04/2026;Rainbow Agroindustria, S.A.;Acromorph  50  Wp;Dimethomorph;Rainbow Agrosciences (Central America) Co., Ltd.;China;0.1%;800;Kilogramos; $4,840.00 ; Q36,975.76 ;7.63962;Gremiagro; Q166.39 ;;;;;
4132586123;.;4132586123;Fungicida;4132586123;17/04/2026;Rainbow Agroindustria, S.A.;Bosbel 38  Wg;Boscalid, Pyraclostrobin;Rainbow Agrosciences (Central America) Co., Ltd.;China;0.1%;400;Kilogramos; $7,472.00 ; Q57,083.24 ;7.63962;Gremiagro; Q256.87 ;;;;;
4049225899;.;4049225899;Fungicida;4049225899;17/04/2026;Rainbow Agroindustria, S.A.;Cautela  50 Wg;Boscalid;Rainbow Agrosciences (Central America) Co., Ltd.;China;0.1%;1000;Kilogramos; $21,510.00 ; Q164,328.23 ;7.63962;Gremiagro; Q739.48 ;;;;;
45891635;.;45891635;Fungicida;45891635;17/04/2026;Rainbow Agroindustria, S.A.;Carbendazim  /  Derozim 50 Sc;Carbendazim;Rainbow Agrosciences (Central America) Co., Ltd.;China;0.1%;800;Litros; $3,224.00 ; Q24,630.13 ;7.63962;Gremiagro; Q110.84 ;;;;;
1709919222;.;1709919222;Insecticida;1709919222;17/04/2026;Rainbow Agrosciences (Guatemala) Sociedad Anonima;Surrender 40 Wg;Chlorantraniliprole, Thiamethoxam;Rainbow Agrosciences (Central America) Co., Ltd.;China;0.1%;360;Kilogramos; $8,251.20 ; Q63,036.03 ;7.63962;Gremiagro; Q283.66 ;;;;;
569329348;.;569329348;Insecticida-Acaricida;569329348;17/04/2026;Rainbow Agrosciences (Guatemala) Sociedad Anonima;Macron Xtra 5 Sg;Emamectinbenzoate;Rainbow Agrosciences (Central America) Co., Ltd.;China;0.1%;360;Kilogramos; $4,942.80 ; Q37,761.11 ;7.63962;Gremiagro; Q169.92 ;;;;;
423772933;.;423772933;Insecticida;423772933;17/04/2026;Rainbow Agrosciences (Guatemala) Sociedad Anonima;Clomit 50 Wg;Clothianidin;Rainbow Agrosciences (Central America) Co., Ltd.;China;0.1%;360;Kilogramos; $5,806.80 ; Q44,361.75 ;7.63962;Gremiagro; Q199.63 ;;;;;
236472075;.;236472075;Insecticida;236472075;17/04/2026;Rainbow Agrosciences (Guatemala) Sociedad Anonima;Respaldo 70 Wg;Acetamiprid;Rainbow Agrosciences (Central America) Co., Ltd.;China;0.1%;360;Kilogramos; $4,777.20 ; Q36,495.99 ;7.63962;Gremiagro; Q164.23 ;;;;;
584729049;.;584729049;Insecticida;584729049;17/04/2026;Rainbow Agrosciences (Guatemala) Sociedad Anonima;Resguardo Plus 12 Ew;Emamectinbenzoate, Indoxacarb;Rainbow Agrosciences (Central America) Co., Ltd.;China;0.1%;468;Litros; $12,416.04 ; Q94,853.83 ;7.63962;Gremiagro; Q426.84 ;;;;;
597836764;.;597836764;Insecticida;597836764;17/04/2026;Rainbow Agrosciences (Guatemala) Sociedad Anonima;Resguardo Plus 12 Ew;Emamectinbenzoate, Indoxacarb;Rainbow Agrosciences (Central America) Co., Ltd.;China;0.1%;480;Litros; $12,345.60 ; Q94,315.69 ;7.63962;Gremiagro; Q424.42 ;;;;;
1946044389;.;1946044389;Insecticida-Acaricida;1946044389;17/04/2026;Rainbow Agrosciences (Guatemala) Sociedad Anonima;Everole 6.3 Sc;Abamectin, Chlorantraniliprole;Rainbow Agrosciences (Central America) Co., Ltd.;China;0.1%;468;Litros; $4,731.48 ; Q36,146.71 ;7.63962;Gremiagro; Q162.66 ;;;;;
3305917026;.;3305917026;Insecticida-Acaricida;3305917026;17/04/2026;Rainbow Agrosciences (Guatemala) Sociedad Anonima;Everole 6.3 Sc;Abamectin, Chlorantraniliprole;Rainbow Agrosciences (Central America) Co., Ltd.;China;0.1%;480;Litros; $4,459.20 ; Q34,066.59 ;7.63962;Gremiagro; Q153.30 ;;;;;
1921073174;.;1921073174;Insecticida;1921073174;17/04/2026;Rainbow Agrosciences (Guatemala) Sociedad Anonima;Kafu Plus 30 Sc;Chlorantraniliprole, Chlorfenapyr;Rainbow Agrosciences (Central America) Co., Ltd.;China;0.1%;468;Litros; $9,537.84 ; Q72,865.47 ;7.63962;Gremiagro; Q327.89 ;;;;;
3220983740;.;3220983740;Insecticida;3220983740;17/04/2026;Rainbow Agrosciences (Guatemala) Sociedad Anonima;Choque 10 Od;Cyantraniliprole;Rainbow Agrosciences (Central America) Co., Ltd.;China;0.1%;576;Litros; $15,459.84 ; Q118,107.30 ;7.63962;Gremiagro; Q531.48 ;;;;;
3330492153;.;3330492153;Insecticida;3330492153;17/04/2026;Rainbow Agrosciences (Guatemala) Sociedad Anonima;Choque 10 Od;Cyantraniliprole;Rainbow Agrosciences (Central America) Co., Ltd.;China;0.1%;576;Litros; $14,935.68 ; Q114,102.92 ;7.63962;Gremiagro; Q513.46 ;;;;;
1206600448;.;1206600448;Herbicida;1206600448;17/04/2026;Rainbow Agrosciences (Guatemala) Sociedad Anonima;Kampis 40 Ec;Carfentrazoneethyl;Rainbow Agrosciences (Central America) Co., Ltd.;China;0.1%;480;Litros; $23,649.60 ; Q180,673.96 ;7.63962;Gremiagro; Q813.03 ;;;;;
951340884;.;951340884;Herbicida;951340884;17/04/2026;Rainbow Agrosciences (Guatemala) Sociedad Anonima;Kampis 40 Ec;Carfentrazoneethyl;Rainbow Agrosciences (Central America) Co., Ltd.;China;0.1%;480;Litros; $6,523.20 ; Q49,834.77 ;7.63962;Gremiagro; Q224.26 ;;;;;
4024518861;.;4024518861;Fungicida;4024518861;17/04/2026;Rainbow Agrosciences (Guatemala) Sociedad Anonima;Aztrostar 50 Wg;Azoxystrobin;Rainbow Agrosciences (Central America) Co., Ltd.;China;0.1%;120;Kilogramos; $3,720.00 ; Q28,419.39 ;7.63962;Gremiagro; Q127.89 ;;;;;
320950166;.;320950166;Herbicida;320950166;17/04/2026;Agrocentro Sociedad Anonima;Nicozent 4 Od;Nicosulfuron;Korsa Chemicals, S.A.;China;0.1%;12000;Litros; $33,480.00 ; Q255,798.92 ;7.64035;Gremiagro; Q1,151.10 ;;;;;
821447442;.;821447442;Fungicida;821447442;17/04/2026;Agrocentro Sociedad Anonima;Arpia 72 Wp;Cymoxanil, Mancozeb;Korsa Chemicals, S.A.;China;0.1%;4000;Kilogramos; $23,880.00 ; Q182,451.56 ;7.64035;Gremiagro; Q821.03 ;;;;;
2326809043;.;2326809043;Materia Técnica Herbicida;2326809043;17/04/2026;Agrocentro Sociedad Anonima;Dicloruro De Paraquat 45 Tk;Paraquat;Korsa Chemicals, S.A.;China;0.1%;87732.86;Litros; $295,526.40 ; Q2,258,055.16 ;7.64035;Gremiagro; Q10,161.25 ;;;;;
4103751951;.;4103751951;Materia Técnica Herbicida;4103751951;17/04/2026;Agrocentro Sociedad Anonima;Dicloruro De Paraquat 45 Tk;Paraquat;Korsa Chemicals, S.A.;China;0.1%;87617.37;Litros; $295,526.40 ; Q2,258,055.16 ;7.64035;Gremiagro; Q10,161.25 ;;;;;
1608207995;.;1608207995;Herbicida;1608207995;17/04/2026;Agrocentro Sociedad Anonima;Glufosinato De Amonio Tecnico;Glufosinatodeamonio;Korsa Chemicals, S.A.;China;0.1%;4000;Kilogramos; $26,720.00 ; Q204,161.91 ;7.64035;Gremiagro; Q918.73 ;;;;;
2339390874;.;2339390874;Materia Técnica Herbicida;2339390874;17/04/2026;Agrocentro Sociedad Anonima;Dicloruro De Paraquat 45 Tk;Paraquat;Korsa Chemicals, S.A.;China;0.1%;11808.11;Litros; $39,782.40 ; Q303,968.96 ;7.64035;Gremiagro; Q1,367.86 ;;;;;
3616424780;.;3616424780;Herbicida;3616424780;17/04/2026;Agrocentro Sociedad Anonima;Glufosinato De Amonio Tecnico;Glufosinatodeamonio;Korsa Chemicals, S.A.;China;0.1%;24000;Kilogramos; $160,320.00 ; Q1,224,971.45 ;7.64035;Gremiagro; Q5,512.37 ;;;;;
134892272;.;134892272;Herbicida;134892272;16/04/2026;Bestenfelden Guatemala, Sociedad Anonima;Diuron 80 Sc;Diuron;Tahual Agricola, S.A.;Malasia;0.1%;16000;Litros; $80,800.00 ; Q617,375.83 ;7.64035;Gremiagro; Q2,778.19 ;;;;;
2327596597;.;2327596597;Herbicida;2327596597;15/04/2026;Rainbow Agroindustria, S.A.;Profitol Super 80 Wg;Imazapic, Isoxaflutole;Rainbow Agrosciences (Central America) Co., Ltd.;China;0.1%;1220;Kilogramos; $43,224.60 ; Q330,270.09 ;7.64079;Gremiagro; Q1,486.22 ;;;;;
1604601690;.;1604601690;Herbicida;1604601690;15/04/2026;Rainbow Agroindustria, S.A.;Profitol  75  Wg;Isoxaflutole;Rainbow Agrosciences (Central America) Co., Ltd.;China;0.1%;500;Kilogramos; $16,660.00 ; Q127,295.56 ;7.64079;Gremiagro; Q572.83 ;;;;;
800146951;.;800146951;Insecticida;800146951;15/04/2026;Rainbow Agroindustria, S.A.;Clorpirifos / Barrida / Pirifos 48 Ec;Chlorpyrifos;Rainbow Agrosciences (Central America) Co., Ltd.;China;0.1%;800;Litros; $3,200.00 ; Q24,450.53 ;7.64079;Gremiagro; Q110.03 ;;;;;
521290396;.;521290396;Insecticida;521290396;15/04/2026;Rainbow Agroindustria, S.A.;Clorpirifos / Barrida / Pirifos 48 Ec;Chlorpyrifos;Rainbow Agrosciences (Central America) Co., Ltd.;China;0.1%;800;Litros; $3,712.00 ; Q28,362.61 ;7.64079;Gremiagro; Q127.63 ;;;;;
3864085204;.;3864085204;Insecticida;3864085204;15/04/2026;Rainbow Agroindustria, S.A.;Bunker  24.7 Sc;Lambda-Cyhalothrin, Thiamethoxam;Rainbow Agrosciences (Central America) Co., Ltd.;China;0.1%;120;Litros; $680.40 ; Q5,198.79 ;7.64079;Gremiagro; Q23.39 ;;;;;
3697950751;.;3697950751;Herbicida;3697950751;15/04/2026;Rainbow Agroindustria, S.A.;Oxigol  24  Ec;Oxyfluorfen;Rainbow Agrosciences (Central America) Co., Ltd.;China;0.1%;2400;Litros; $15,456.00 ; Q118,096.05 ;7.64079;Gremiagro; Q531.43 ;;;;;
4022747280;.;4022747280;Herbicida;4022747280;15/04/2026;Rainbow Agroindustria, S.A.;Triatleta 30 Ew;Aminopiralid, Picloram, Triclopyr;Rainbow Agrosciences (Central America) Co., Ltd.;China;0.1%;414;Litros; $3,639.06 ; Q27,805.29 ;7.64079;Gremiagro; Q125.12 ;;;;;
3449243624;.;3449243624;Herbicida;3449243624;15/04/2026;Rainbow Agroindustria, S.A.;Triatleta 30 Ew;Aminopiralid, Picloram, Triclopyr;Rainbow Agrosciences (Central America) Co., Ltd.;China;0.1%;432;Litros; $3,965.76 ; Q30,301.54 ;7.64079;Gremiagro; Q136.36 ;;;;;
2630631780;.;2630631780;Herbicida;2630631780;15/04/2026;Rainbow Agroindustria, S.A.;Cegar Plus 32 Sc;Glufosinateammonium, Oxyfluorfen;Rainbow Agrosciences (Central America) Co., Ltd.;China;0.1%;432;Litros; $2,786.40 ; Q21,290.30 ;7.64079;Gremiagro; Q95.81 ;;;;;
2419409353;.;2419409353;Herbicida;2419409353;15/04/2026;Rainbow Agroindustria, S.A.;Amepax 80 Wg;Ametryn;Rainbow Agrosciences (Central America) Co., Ltd.;China;0.1%;800;Kilogramos; $3,720.00 ; Q28,423.74 ;7.64079;Gremiagro; Q127.91 ;;;;;
3766698697;.;3766698697;Herbicida;3766698697;15/04/2026;Rainbow Agroindustria, S.A.;Atrazina  90  Wg;Atrazine;Rainbow Agrosciences (Central America) Co., Ltd.;China;0.1%;800;Kilogramos; $2,984.00 ; Q22,800.12 ;7.64079;Gremiagro; Q102.60 ;;;;;
1137264608;.;1137264608;Herbicida;1137264608;15/04/2026;Rainbow Agroindustria, S.A.;Revolver Plus 54 Sl;Glyphosate;Rainbow Agrosciences (Central America) Co., Ltd.;China;0.1%;6000;Litros; $17,940.00 ; Q137,075.77 ;7.64079;Gremiagro; Q616.84 ;;;;;
2537246660;.;2537246660;Herbicida;2537246660;15/04/2026;Rainbow Agroindustria, S.A.;Glufosinato De Amonio / Cegar 15 Sl;Glufosinateammonium;Rainbow Agrosciences (Central America) Co., Ltd.;China;0.1%;4000;Litros; $7,680.00 ; Q58,681.27 ;7.64079;Gremiagro; Q264.07 ;;;;;
3341437289;.;3341437289;Herbicida;3341437289;15/04/2026;Agrocentro Sociedad Anonima;Glifosato Aleman 35,6 Sl;Glyphosate;Korsa Chemicals, S.A.;China;0.1%;39200;Litros; $79,184.00 ; Q604,814.52 ;7.63809;Gremiagro; Q2,721.67 ;;;;;
4285942790;.;4285942790;Herbicida;4285942790;15/04/2026;Agrocentro Sociedad Anonima;Glifosato Aleman 35,6 Sl;Glyphosate;Korsa Chemicals, S.A.;China;0.1%;36000;Litros; $76,320.00 ; Q582,939.03 ;7.63809;Gremiagro; Q2,623.23 ;;;;;
3874308485;.;3874308485;Herbicida;3874308485;15/04/2026;Bestenfelden Guatemala, Sociedad Anonima;Ametrina 50 Sc;Ametryn;Tahual Agricola, S.A.;China;0.1%;16000;Litros; $49,760.00 ; Q380,109.67 ;7.63809;Gremiagro; Q1,710.49 ;;;;;
3227731282;.;3227731282;Herbicida;3227731282;10/04/2026;Bestenfelden Guatemala, Sociedad Anonima;Diuron 80 Sc;Diuron;Tahual Agricola, S.A.;Malasia;0.1%;16000;Litros; $80,800.00 ; Q617,528.54 ;7.64268;Gremiagro; Q2,778.88 ;;;;;
66948;E3DD460E;2702461888;INSECTICIDA;2702461888;7/04/2026;AGROBASSY Y COMPAÑIA LIMITADA;TARGET  24   SC;SULFOXAFLOR;ZOLI HENDRIX & DAIL DE HONDURAS S.A. DE C.V.;ESTADOS UNIDOS DE AMERICA;0.1%;144;LITROS; $22,320.00 ; Q170,551.81 ;7.64121;Agrequima; Q767.48 ;;;;;
66949;E62CE8AE;1066942494;FUNGICIDA;1066942494;7/04/2026;SOLUFERT, S.A;DITHANE 62 SC;MANCOZEB;UPL COSTA RICA, S.A.;COSTA RICA;0.1%;17,000.00;LITROS; $82,450.00 ; Q630,017.76 ;7.64121;Agrequima; Q2,835.08 ;;;;;
66950;CF7D5E99;2892779411;NEMATICIDA              ;2892779411;8/04/2026;TECNOLOGIA AGROCOMERCIAL, S.A;BIO NEMAT 1,S SL  ;BACILLUS FIRMUS                                             ;SAMPOLK, S.A ;HONDURAS;0.1%;300;LITROS; $6,600.00 ; Q50,431.99 ;7.64121;Agrequima; Q226.94 ;;;;;
66951;47ECECFF;4108600943;FUNGICIDA;4108600943;8/04/2026;TECNOLOGIA AGROCOMERCIAL, S.A;MEGA COBRO 30.8 SC;COBRE METALICO, FOSFITO POTASICO                            ;SAMPOLK, S.A.;HONDURAS;0.1%;720;LITROS; $14,438.40 ; Q110,326.85 ;7.64121;Agrequima; Q496.47 ;;;;;
66952;B8987CA0;3395306757;INSECTICIDA;3395306757;8/04/2026;TECNOLOGIA AGROCOMERCIAL, S.A;LARVAFIN 50 WG    ;LUFENURON+EMAMECTIN BENZOATE                                ;JEBAGRO Gmbh ;CHINA   ;0.1%;200;KILOS ; $13,612.00 ; Q104,012.15 ;7.64121;Agrequima; Q468.05 ;;;;;
66953;D209B81E;1155288621;HERBICIDA;1155288621;8/04/2026;TECNOLOGIA AGROCOMERCIAL, S.A;GLIFOTEC 35,6 SL  ;GLIFOSATO                                                   ;JEBAGRO Gmbh ;CHINA   ;0.1%;11,918.00;LITROS; $25,317.92 ; Q193,459.54 ;7.64121;Agrequima; Q870.57 ;;;;;
66954;01F312A6;3257615483;FUNGICIDA MICROBIOLOGICO;3257615483;8/04/2026;TECNOLOGIA AGROCOMERCIAL, S.A;MEGA BACILLUS 2 SC;BACILLUS SUBTILIS+BACILLUS MEGATERIUM+BACILLUS LICHENIFORMIS;SAMPOLK, S.A.;HONDURAS;0.1%;1,200.00;LITROS; $14,520.00 ; Q110,950.37 ;7.64121;Agrequima; Q499.28 ;;;;;
66955;F5236530;1200376162;INSECTICIDA,NEMATICIDA,ACARICIDA                       ;1200376162;10/04/2026;AGRICENTER GUATEMALA, S.A;THIMET  10  GR      ;FORATO                         ;AMVAC LATAM S. DE R.L.      ;COSTA RICA               ;0.1%;19,800.00;KILOS ; $49,896.00 ; Q381,265.81 ;7.64121;Agrequima; Q1,715.70 ;;;;;
66956;02BD1EC7;2259111233;INSECTICIDA,NEMATICIDA,ACARICIDA                       ;2259111233;10/04/2026;AGRICENTER GUATEMALA, S.A;THIMET  10  GR      ;FORATO                         ;AMVAC LATAM S. DE R.L.     ;COSTA RICA               ;0.1%;18,690.00;KILOS ; $47,098.80 ; Q359,891.82 ;7.64121;Agrequima; Q1,619.51 ;;;;;
66957;D3EEB547;3317580851;ACARICIDA, INSECTICIDA, NEMATICIDA;3317580851;10/04/2026;AGRICENTER GUATEMALA, S.A;THIMET  10  GR      ;FORATO                         ;AMVAC LATAM S. DE R.L.     ;COSTA RICA               ;0.1%;15,600.00;KILOS ; $39,936.00 ; Q305,159.36 ;7.64121;Agrequima; Q1,373.22 ;;;;;
66958;DB354F70;870859831;ACARICIDA, INSECTICIDA, NEMATICIDA;870859831;10/04/2026;AGRICENTER GUATEMALA, S.A;THIMET  10  GR      ;FORATO                         ;AMVAC LATAM S. DE R.L.     ;COSTA RICA               ;0.1%;4,800.00;KILOS ; $12,288.00 ; Q93,895.19 ;7.64121;Agrequima; Q422.53 ;;;;;
66959;8686AE57;723667253;FUNGICIDA;723667253;10/04/2026;AGRO INSUMOS, S.A.       ;ORONDIS OPTI 40.6 SC;CHLOROTHALONIL, OXATHIAPIPROLIN;SYNGENTA CROP PROTECTION AG;ESTADOS UNIDOS DE AMERICA;0.1%;2,880.00;LITROS; $41,858.35 ; Q319,848.44 ;7.64121;Agrequima; Q1,439.32 ;;;;;
66960;C654C96A;1696222465;INSECTICIDA;1696222465;10/04/2026;AGRO INSUMOS, S.A.       ;DENIM FIT 45 WG     ;EMAMECTIN BENZOATE+LUFENURON   ;SYNGENTA CROP PROTECTION AG;AUSTRIA                  ;0.1%;189;KILOS ; $16,643.61 ; Q127,177.32 ;7.64121;Agrequima; Q572.30 ;;;;;
66961;275621-EA;2614251146;HERBICIDA;2614251146;10/04/2026;AGRO INSUMOS, S.A.       ;ECLEON 25 SL        ;FOMESAFEN+FLUAZIFOP-P-BUTYL    ;SYNGENTA CROP PROTECTION AG;MEXICO                   ;0.1%;468;LITROS; $9,591.66 ; Q73,291.89 ;7.64121;Agrequima; Q329.81 ;;;;;
66962;E70AB56D;2482192759;INSECTICIDA;2482192759;10/04/2026;AGRO INSUMOS, S.A.       ;DENIM FIT 45 WG     ;EMAMECTIN BENZOATE+LUFENURON   ;SYNGENTA CROP PROTECTIONA G;AUSTRIA                  ;0.1%;94.5;KILOS ; $8,321.81 ; Q63,588.70 ;7.64121;Agrequima; Q286.15 ;;;;;
66963;7BEB4A45;701189156;HERBICIDA                         ;701189156;10/04/2026;AGRO INSUMOS, S.A.       ;FUSILADE   12.5   EC;FLUAZIFOP-P-BUTYL              ;SYNGENTA CROP PROTECTION AG;MEXICO                   ;0.1%;1,152.00;LITROS; $13,520.10 ; Q103,309.92 ;7.64121;Agrequima; Q464.89 ;;;;;
66964;CAFE7430;58999331;HERBICIDA                         ;58999331;10/04/2026;AGRO INSUMOS, S.A.       ;ELUMIS 10.5 OD      ;MESOTRIONE+NICOSULFURON        ;SYNGENTA CROP PROTECTION AG;FRANCIA                  ;0.1%;3,456.00;LITROS; $42,031.79 ; Q321,173.73 ;7.64121;Agrequima; Q1,445.28 ;;;;;
66965;1415981B;1514950378;HERBICIDA                         ;1514950378;10/04/2026;AGRO INSUMOS, S.A.       ;FUSILADE   12.5   EC;FLUAZIFOP-P-BUTYL              ;SYNGENTA CROP PROTECTION AG;MEXICO                   ;0.1%;1,728.00;LITROS; $20,280.15 ; Q154,964.88 ;7.64121;Agrequima; Q697.34 ;;;;;
66966;58AFB79F;2836418413;INSECTICIDA;2836418413;10/04/2026;EXPORTADORA ATLANTICO, S.A./ GUATEMALA;EXALT 6 SC;SPINETORAM;ZOLI HENDRIX AND DAIL DE HONDURAS S.A. DE C.V.;COLOMBIA;0.1%;200;LITROS; $27,800.00 ; Q212,425.64 ;7.64121;Agrequima; Q955.92 ;;;;;
66967;F9E2CECC;2310882364;INSECTICIDA;2310882364;13/04/2026;OLEFINAS, S.A.;PYRIPROXYFEN  TECHNICAL                  ;PYRIPROXIFEN            ;PETROCHEM LIMITED CORP.       ;JAPON ;0.1%;3,000.00;KILOS ; $945,000.00 ; Q7,222,332.60 ;7.64268;Agrequima; Q32,500.50 ;;;;;
66968;E93ECE7B;2605337752;FUNGICIDA  ;2605337752;13/04/2026;BAYER S.A.    ;B.SUBTILIS QST713 FS 3G10 (BAYFOLAN SOIL);BACILLUS SUBTILIS QST713;BAYER DE MEXICO, S.A.A DE C.V.;MEXICO;0.1%;60;LITROS; $1,455.35 ; Q11,122.77 ;7.64268;Agrequima; Q50.05 ;;;;;
66969;E8929242;3763749370;HERBICIDA             ;3763749370;14/04/2026;DUWEST GUATEMALA SOCIEDAD ANONIMA       ;PENDIMETALINA 45,5 SC        ;PENDIMETHALIN            ;GSP CROP SCIENCE LIMITED                           ;INDIA     ;0.1%;5;LITROS; $5.00 ; Q38.21 ;7.64268;Agrequima; Q0.17 ;;;;;
66970;1DC9ED98;4138747326;HERBICIDA             ;4138747326;14/04/2026;DISTRIBUIDORA DE QUIMICOS AGRICOLAS, S.A;GLIFOSATO TÉCNICO 95 %       ;GLIFOSATO                ;RAINBOW AGROSCIENCES (CENTRA AMERICA) CO. LTD      ;CHINA     ;0.1%;14,400.00;KILOS ; $67,680.00 ; Q517,256.58 ;7.64268;Agrequima; Q2,327.65 ;;;;;
66971;E5D0218F;2647607048;HERBICIDA             ;2647607048;14/04/2026;DISTRIBUIDORA DE QUIMICOS AGRICOLAS, S.A;PENDIMETALINA TÉCNICA        ;PENDIMETALINA            ;RAINBOW AGROSCIENCES (CENTRAL AMERICA) CO. LTD     ;CHINA     ;0.1%;800;KILOS ; $5,824.00 ; Q44,510.97 ;7.64268;Agrequima; Q200.30 ;;;;;
66972;5856A452;3588114942;HERBICIDA             ;3588114942;14/04/2026;DISTRIBUIDORA DE QUIMICOS AGRICOLAS, S.A;PICLORAM TÉCNICO 96%         ;PICLORAM                 ;RAINBOW AGROSCIENCES (CENTRAL AMERICA) Co. LTD.    ;CHINA     ;0.1%;3,000.00;KILOS ; $38,610.00 ; Q295,083.87 ;7.64268;Agrequima; Q1,327.88 ;;;;;
66973;26CA087;540363936;HERBICIDA             ;540363936;14/04/2026;DISTRIBUIDORA DE QUIMICOS AGRICOLAS, S.A;PEGAFORTE  60 WP             ;METSULFURON METIL        ;RAINBOW AGROSCIENCES (CENTRAL AMERICA) CO., LTD.   ;CHINA     ;0.1%;500;KILOS ; $6,250.00 ; Q47,766.75 ;7.64268;Agrequima; Q214.95 ;;;;;
66974;585E32EB;1270040913;HERBICIDA;1270040913;14/04/2026;DISTRIBUIDORA DE QUIMICOS AGRICOLAS, S.A;HALOXIFOP-P-METIL TÉCNICO 95%;HALOXIFOP-METIL          ;RAINBOW AGROSCIENCES (CENTRAL AMERICA) CO.,  LTD.  ;CHINA     ;0.1%;440.14;LITROS; $14,910.00 ; Q113,952.36 ;7.64268;Agrequima; Q512.79 ;;;;;
66975;88189CC4;1135887680;INSECTICIDA;1135887680;14/04/2026;SERVICIOS PARA EL AGRO                  ;TERCO LIQUIDO 81.2 EC        ;ACEITE MINERAL PARAFINICO;LABORATORIOS QUIMICOS INDUSTRIALES, S.A. (LAQUINSA);COSTA RICA;0.1%;3,200.00;LITROS; $12,841.15 ; Q98,140.80 ;7.64268;Agrequima; Q441.63 ;;;;;
66976;89AC81D3;2244758389;NEMATICIDA;2244758389;15/04/2026;BIOTROP GUATEMALA, S.A.;ESPARTA;BACILLUS AMYLOLIQUEFACIENS+B. THURINGIENSUS + B VALEZENSIS;TOTAL BIOTECNOLOGIA INDUSTRIA E COMERCIO S/A;BRASIL;0.1%;12;LITROS; $500.00 ; Q3,821.34 ;7.64268;Agrequima; Q17.20 ;;;;;
66977;F2754DBB;1632715309;RODENTICIDA;1632715309;16/04/2026;DUWEST GUATEMALA SOCIEDAD ANONIMA;RACUMIN/RACUMIN POLVO 0.75 CP;COUMATETRALYL;DUWEST INC          ;GUATEMALA;0.1%;4,500.00;KILOS ; $70,674.44 ; Q540,142.13 ;7.64268;Agrequima; Q2,430.64 ;;;;;
66978;B94171BA;282937954;FUNGICIDA;282937954;16/04/2026;BANANERA TEPEYAC, S.A            ;VONDOZEB   62  SC            ;MANCOZEB     ;UPL COSTA RICA, S.A.;COSTA RICA;0.1%;17,000.00;LITROS; $88,400.00 ; Q675,612.91 ;7.64268;Agrequima; Q3,040.26 ;;;;;
66979;A29A08AF;1738162311;HERBICIDA;1738162311;17/04/2026;DISTRIBUIDORA DE QUIMICOS AGRICOLAS, S.A;BARON 80 SC;DIURON;RAINBOW AGROSCIENCES (CENTRAL AMERICA) CO., LTD.;CHINA;0.1%;2,000.00;LITROS; $10,420.00 ; Q79,636.73 ;7.64268;Agrequima; Q358.37 ;;;;;
66980;BAAD5A1E;1480410638;INSECTICIDA MICROBIOLOGICO;1480410638;20/04/2026;CROPS PROTECTION, S.A;BTK-CROPS;BACILLUS THURINGENSIS VAR. KURSTAKI;CROPS PROTECTION S.A.C;PERU;0.1%;1,541.00;LITROS; $19,042.00 ; Q145,473.64 ;7.63962;Agrequima; Q654.63 ;;;;;
66981;D0434C81;3390653569;INSECTICIDA                ;3390653569;21/04/2026;DISTRIBUIDORA DE QUIMICOS AGRICOLAS, S.A;MALATION TÉCNICO           ;MALATION    ;RAINBOW AGROSCIENCES (CENTRAL AMERICA) CO., LTD;CHINA                    ;0.1%;7,040.02;LITROS; $36,160.00 ; Q276,248.66 ;7.63962;Agrequima; Q1,243.12 ;;;;;
66982;90D8CAEC;928663960;INSECTICIDA                ;928663960;21/04/2026;DISTRIBUIDORA DE QUIMICOS AGRICOLAS, S.A;DELTAMETRINA  TÉCNICA  98%.;DELTAMETRINA;RAINBOW AGROSCIENCES (CENTRAL AMERICA) CO. LTD.;INDIA                    ;0.1%;450;KILOS ; $44,892.00 ; Q342,957.82 ;7.63962;Agrequima; Q1,543.31 ;;;;;
66983;8C908DF6;3025879723;MATERIA TÉCNICA INSECTICIDA;3025879723;21/04/2026;DISTRIBUIDORA DE QUIMICOS AGRICOLAS, S.A;CIPERMETRINA TÉCNICA 92%   ;CIPERMETRINA;RAINBOW AGROSCIENCES (CENTRAL AMERICA) CO. LTD ;INDIA                    ;0.1%;2,495.84;LITROS; $22,770.00 ; Q173,954.15 ;7.63962;Agrequima; Q782.79 ;;;;;
66984;7F3FB916;487606708;MATERIA TÉCNICA INSECTICIDA;487606708;21/04/2026;PRODUCTOS AGRICOLAS DE ORIENTE, S.A.    ;EXALT 6 SC                 ;SPINETORAM  ;ZOLI HENDRIX AND DAIL DE HONDURAS .A. DE C.V.  ;ESTADOS UNIDOS DE AMERICA;0.1%;100;LITROS; $13,200.00 ; Q100,842.98 ;7.63962;Agrequima; Q453.79 ;;;;;
66985;9A526ABA;458116935;FUNGICIDA;458116935;22/04/2026;AGRO INSUMOS, S.A.       ;BANKIT  25  SC                 ;AZOXISTROBINA                   ;SYNGENTA CROP PROTECTION AG;INGLATERRA               ;0.1%;8,640.00;LITROS; $137,678.38 ; Q1,051,810.51 ;7.63962;Agrequima; Q4,733.15 ;;;;;
66986;0509CD5A;915818643;FUNGICIDA                         ;915818643;22/04/2026;AGRO INSUMOS, S.A.       ;REVUS  OPTI  44  SC            ;CLOROTALONIL, MANDIPROPAMID     ;SYNGENTA CROP PROTECTION AG;COLOMBIA                 ;0.1%;8,136.00;LITROS; $146,271.08 ; Q1,117,455.47 ;7.63962;Agrequima; Q5,028.55 ;;;;;
66987;411B7891;36651355;FUNGICIDA                         ;36651355;22/04/2026;AGRO INSUMOS, S.A.       ;AMISTAR  50  WG                ;AZOXISTROBINA                   ;SYNGENTA CROP PROTECTION AG;ESTADOS UNIDOS DE AMERICA;0.1%;88;KILOS ; $4,767.47 ; Q36,421.66 ;7.63962;Agrequima; Q163.90 ;;;;;
66988;438A93F0;1456884897;FUNGICIDA                         ;1456884897;22/04/2026;AGRO INSUMOS, S.A.       ;AMISTAR  50  WG                ;AZOXISTROBINA                   ;SYNGENTA CROP PROTECTION AG;ESTADOS UNIDOS DE AMERICA;0.1%;240;KILOS ; $18,942.62 ; Q144,714.42 ;7.63962;Agrequima; Q651.21 ;;;;;
66989;08BA8A82;1857307776;FUNGICIDA;1857307776;22/04/2026;AGRO INSUMOS, S.A.       ;SEEKER  75  EC                 ;FENPROPIDIN                     ;SYNGENTA CROP PROTECTION AG;COLOMBIA                 ;0.1%;1,000.00;LITROS; $11,828.43 ; Q90,364.71 ;7.63962;Agrequima; Q406.64 ;;;;;
66990;3CE01FEC;3869524063;FUNGICIDA;3869524063;22/04/2026;AGRO INSUMOS, S.A.       ;AMISTAR  50  WG                ;AZOXISTROBINA                   ;SYNGENTA CROP PROTECTION AG;ESTADOS UNIDOS DE AMERICA;0.1%;768;KILOS ; $38,211.11 ; Q291,918.36 ;7.63962;Agrequima; Q1,313.63 ;;;;;
66991;CF6923A0;1539981719;INSECTICIDA        ;1539981719;22/04/2026;AGRO INSUMOS, S.A.       ;PROCLAIM  OPTI  5  WG          ;EMAMECTIN BENZOATO              ;SYNGENTA CROP PROTECTION AG;AUSTRIA                  ;0.1%;184;KILOS ; $9,738.30 ; Q74,396.91 ;7.63962;Agrequima; Q334.79 ;;;;;
66992;319CF3FB;3142206126;FUNGICIDA                         ;3142206126;22/04/2026;AGRO INSUMOS, S.A.       ;SICO  25  EC                   ;DIFECONAZOLE                    ;SYNGENTA CROP PROTECTION AG;COLOMBIA                 ;0.1%;1,800.00;LITROS; $22,370.70 ; Q170,903.65 ;7.63962;Agrequima; Q769.07 ;;;;;
66993;295D8EEA;3777578416;INSECTICIDA-ACARICIDA;3777578416;22/04/2026;AGRO INSUMOS, S.A.       ;VERTIMEC/AGRIMEC/ASTALEC 1.8 EC;ABAMECTINA                      ;SYNGENTA CROP PROTECTION AG;ESTADOS UNIDOS DE AMERICA;0.1%;120;LITROS; $6,471.82 ; Q49,442.25 ;7.63962;Agrequima; Q222.49 ;;;;;
66994;97A6DDD6;310397562;FUNGICIDA                         ;310397562;22/04/2026;AGRO INSUMOS, S.A.       ;BANKIT  25  SC                 ;AZOXISTROBINA                   ;SYNGENTA CROP PROTECTION AG;INGLATERRA               ;0.1%;636;LITROS; $13,063.34 ; Q99,798.95 ;7.63962;Agrequima; Q449.10 ;;;;;
66995;84C36077;3725807094;INSECTICIDA                       ;3725807094;22/04/2026;AGRO INSUMOS, S.A.       ;ENGEO / CONQUEST  24.7  SC     ;THIAMETHOXAM, LAMBDA CYHALOTRINA;SYNGENTA CROP PROTECTION AG;ESTADOS UNIDOS DE AMERICA;0.1%;1,044.00;LITROS; $21,772.57 ; Q166,334.16 ;7.63962;Agrequima; Q748.50 ;;;;;
66996;5A87C8CC;2551925227;INSECTICIDA                       ;2551925227;22/04/2026;OLEFINAS, S.A.           ;PYRIPROXYFEN  TECHNICAL        ;PYRIPROXIFEN                    ;PETROCHEM LIMITED CORP.    ;JAPON                    ;0.1%;3,000.00;KILOS ; $945,000.00 ; Q7,219,440.90 ;7.63962;Agrequima; Q32,487.48 ;;;;;
66997;9B0255F5;1339114036;INSECTICIDA,NEMATICIDA,ACARICIDA                       ;1339114036;22/04/2026;AGRICENTER GUATEMALA, S.A;THIMET  10  GR                 ;FORATO                          ;AMVAC LATAM S. DE R.L.     ;COSTA RICA               ;0.1%;12,480.00;KILOS ; $38,064.00 ; Q290,794.50 ;7.63962;Agrequima; Q1,308.58 ;;;;;
66998;B3224F32;2081967539;INSECTICIDA,NEMATICIDA,ACARICIDA                       ;2081967539;22/04/2026;AGRICENTER GUATEMALA, S.A;THIMET  10  GR                 ;FORATO                          ;AMVAC LATAM S. DE R.L.     ;COSTA RICA               ;0.1%;12,480.00;KILOS ; $38,064.00 ; Q290,794.50 ;7.63962;Agrequima; Q1,308.58 ;;;;;
66999;4F0E9997;2952676846;HERBICIDA;2952676846;23/04/2026;CORPORACION J.C.O. AGROINDUSTRIAL, S.A.;VELPAR L        ;HEXAZINONA;MAX (RUDONG) CHEMICALS CO., LTD.;CHINA     ;0.1%;37.85;LITROS; $1,328.94 ; Q10,152.60 ;7.63962;Agrequima; Q45.69 ;;;;;
67000;D5DC97C5;246106217;FUNGICIDA;246106217;23/04/2026;BANANERA TEPEYAC, S.A                  ;VONDOZEB  62  SC;MANCOZEB  ;UPL COSTA RICA, S.A.            ;COSTA RICA;0.1%;17,000.00;LITROS; $88,400.00 ; Q675,342.41 ;7.63962;Agrequima; Q3,039.04 ;;;;;
67001;1CD0607E;1322926710;HERBICIDA;1322926710;27/04/2026;SEMILLAS E INSUMOS AGROPECUARIOS, S.A;ATRAZINA 90 WG;ATRAZINA;AGROHAO A FERTILE FUTURE;CHINA;0.1%;16,380.00;KILOS; $68,796.00 ; Q525,509.94 ;7.63867;Agrequima; Q2,364.79 ;;;;;
67002;CC271C1F;2296924900;HERBICIDA                  ;2296924900;28/04/2026;HIGIENE, PROTECCION Y MEDIO AMBIENTE, S. A.;DELTAMETRINA  TÉCNICA  98%.;DELTAMETRINA            ;SHARDA CROPCHEM LIMITED.                        ;INDIA                    ;0.1%;350;KILOS ; $42,000.00 ; Q320,824.14 ;7.63867;Agrequima; Q1,443.71 ;;;;;
67003;EBF80643;3779741968;FUNGICIDA;3779741968;28/04/2026;AGRICENTER GUATEMALA, S.A                  ;RANMAN  40 SC              ;CYAZOFAMID              ;ISK BIOSCIENCES CORPORATION                     ;ESTADOS UNIDOS DE AMERICA;0.1%;600;LITROS; $65,550.00 ; Q500,714.82 ;7.63867;Agrequima; Q2,253.22 ;;;;;
67004;77E8FB84;3903343502;FUNGICIDA                  ;3903343502;28/04/2026;AGRICENTER GUATEMALA, S.A                  ;CONTROLLER 50 SC           ;FLUTRIAFOL              ;FMC AGROQUIMICA DE MEXICO, S. DE R.L. DE C.V.   ;MEXICO                   ;0.1%;2,500.00;LITROS; $93,975.00 ; Q717,844.01 ;7.63867;Agrequima; Q3,230.30 ;;;;;
67005;58E7874A;107365942;FUNGICIDA;107365942;28/04/2026;AGRICENTER GUATEMALA, S.A                  ;CONTROLLER 50 SC           ;FLUTRIAFOL              ;FMC AGROQUIMICA DE MEXICO, S. DE R.L. DE C.V.   ;MEXICO                   ;0.1%;2,500.00;LITROS; $93,975.00 ; Q717,844.01 ;7.63867;Agrequima; Q3,230.30 ;;;;;
67006;36DF1AF6;4056894260;INSECTICIDA                ;4056894260;28/04/2026;GREENLIFE                                  ;ACAROX 1.8 EC              ;ABAMECTINA              ;NINGBO YIHWEI CHEMICALS CO., LTD                ;CHINA                    ;0.1%;3,000.00;LITROS; $14,820.00 ; Q113,205.09 ;7.63867;Agrequima; Q509.42 ;;;;;
67007;C1F73452;1337344103;FUNGICIDA;1337344103;28/04/2026;GREENLIFE                                  ;PROPACUR 72.2 SL           ;PROPAMOCARB HIDROCLORURO;NINGBO YIHWEI CHEMICALS CO., LTD                ;CHINA                    ;0.1%;2,000.00;LITROS; $6,300.00 ; Q48,123.62 ;7.63867;Agrequima; Q216.56 ;;;;;
67008;969CBE7F;3888989497;HERBICIDA                  ;3888989497;28/04/2026;GREENLIFE                                  ;CHANIN 15 EC               ;FLUAZIFOP-P BUTYL       ;NINGBO YIHWEI CHEMICALS CO., LTD                ;CHINA                    ;0.1%;2,000.00;LITROS; $14,540.00 ; Q111,066.26 ;7.63867;Agrequima; Q499.80 ;;;;;
67009;8D4327E1;308497045;HERBICIDA                  ;308497045;28/04/2026;GREENLIFE                                  ;PERSEO 30.4 SL             ;2,4-D+PICLORAM          ;NINGBO YIHWEI CHEMICALS CO., LTD                ;CHINA                    ;0.1%;2,000.00;LITROS; $4,620.00 ; Q35,290.66 ;7.63867;Agrequima; Q158.81 ;;;;;
67010;2359492F;3728949775;INSECTICIDA                ;3728949775;28/04/2026;GREENLIFE                                  ;FIPROMIL 20 SC             ;FIPRONIL                ;NINGBO YIHWEI CHEMICALS SO., LTD                ;CHINA                    ;0.1%;2,000.00;LITROS; $25,680.00 ; Q196,161.05 ;7.63867;Agrequima; Q882.72 ;;;;;
67011;27DCCDC5;1739476266;HERBICIDA                  ;1739476266;28/04/2026;GREENLIFE                                  ;TRANSCURE 45 EC            ;PROCHLORAZ              ;NINGBO YIHWEI CHEMICALS CO., LTD                ;CHINA                    ;0.1%;2,000.00;LITROS; $10,400.00 ; Q79,442.17 ;7.63867;Agrequima; Q357.49 ;;;;;
67012;FF4A1F51;3056813976;HEBICIDA                   ;3056813976;28/04/2026;FUSION AGROGANADERA, S.A                   ;GLIFUGSATO 35.6 SL         ;GLYPHOSATE              ;RAINBOW AGROSCIENCES (CENTRAL AMERICA) CO., LTD ;CHINA                    ;0.1%;5,600.00;LITROS; $11,240.00 ; Q85,858.65 ;7.63867;Agrequima; Q386.36 ;;;;;
67013;E08849AB;1135690210;HERBICIDA                  ;1135690210;28/04/2026;FUSION AGROGANADERA, S.A                   ;FUGQUAT 20 SL              ;PARAQUAT                ;RAINBOW AGROSCIENCES (CENTRAL AMERICA) CO., LTD ;CHINA                    ;0.1%;720;LITROS; $1,656.00 ; Q12,649.64 ;7.63867;Agrequima; Q56.92 ;;;;;
67014;689341-E7;683756227;HERBICIDA                  ;683756227;28/04/2026;FUSION AGROGANADERA, S.A                   ;HIERBATERO 30.4 SL         ;PICLORAM, 2,4-D         ;RAINBOW AGROSCIENCES (CENTRAL AMERICA) CO., LTD ;CHINA                    ;0.1%;1,440.00;LITROS; $4,204.80 ; Q32,119.08 ;7.63867;Agrequima; Q144.54 ;;;;;
67015;83CFA4A5;3360900227;HERBICIDA                  ;3360900227;28/04/2026;FUSION AGROGANADERA, S.A                   ;FUGRON 16.5 SL             ;2,4 - D  + PICLORAM     ;RAINBOW AGROSCIENCES (CENYTRAL AMERICA) CO., LTD;CHINA                    ;0.1%;1,440.00;LITROS; $2,505.60 ; Q19,139.45 ;7.63867;Agrequima; Q86.13 ;;;;;
67016;93FE5C2F;1428178908;HERBICIDA                  ;1428178908;28/04/2026;FUSION AGROGANADERA, S.A                   ;RAINBAT 60  WP             ;METSULFURON METIL       ;RAINBOW AGROSCIENCES (CENTRAL AMERICA) CO., LTD ;CHINA                    ;0.1%;100;KILOS ; $2,783.00 ; Q21,258.42 ;7.63867;Agrequima; Q95.66 ;;;;;
67017;8D38F6FE;3410447599;HERBICIDA;3410447599;28/04/2026;FUSION AGROGANADERA, S.A                   ;FUGMINA 72 SL              ;2,4-D                   ;RAINBOW AGROSCIENCES (CENTRAL AMERICA) CO., LTD ;CHINA                    ;0.1%;1,600.00;LITROS; $3,296.00 ; Q25,177.06 ;7.63867;Agrequima; Q113.30 ;;;;;
67018;85651 E11;3342876976;HERBICIDA                  ;3342876976;28/04/2026;FUSION AGROGANADERA, S.A                   ;HERBIMINA 72 SL            ;2,4-D                   ;RAINBOW AGROSCIENCES (CENTRAL AMERICA ) CO., LTD;CHINA                    ;0.1%;2,160.00;LITROS; $4,752.00 ; Q36,298.96 ;7.63867;Agrequima; Q163.35 ;;;;;
67019;3B3BF9F5;1313951691;HERBICIDA;1313951691;28/04/2026;FUSION AGROGANADERA, S.A                   ;NICOSELECT 4 OD            ;NICOSULFURON            ;RAINBOW AGROSCIENCES (CENTRAL AMERICA) CO., LTD ;CHINA                    ;0.1%;864;LITROS; $3,369.60 ; Q25,739.26 ;7.63867;Agrequima; Q115.83 ;;;;;
67020;3D7D8E2A;3573694988;FUNGICIDA;3573694988;28/04/2026;BIO ORGO, S.A                              ;KOMBAT 60 WG               ;METSULFURON METIL       ;NINGBO YIHWEI CHEMICALS CO., LTD                ;CHINA                    ;0.1%;2,000.00;KILOS ; $28,540.00 ; Q218,007.64 ;7.63867;Agrequima; Q981.03 ;;;;;
67021;E8C1F556;4044899774;INSECTICIDA;4044899774;28/04/2026;BIO ORGO, S.A                              ;AGRIMECTIN 1.8 EC          ;ABAMECTIN               ;NINGBO YIHWEI CHEMICALS CO., LTD                ;CHINA                    ;0.1%;1,500.00;LITROS; $7,860.00 ; Q60,039.95 ;7.63867;Agrequima; Q270.18 ;;;;;
67022;D93D7F1D;1239370327;INSECTICIDA;1239370327;28/04/2026;OLEFINAS, S.A.                             ;BIFENTHRIN TECNICO 96%     ;BIFENTHRIN              ;PETROCHEM LIMITED CORP.                         ;CHINA                    ;0.1%;1,200.00;KILOS ; $422,215.10 ; Q3,225,161.82 ;7.63867;Agrequima; Q14,513.23 ;;;;;
67023;B91A82ED;3294187404;ACARICIDA;3294187404;30/04/2026;AGRO CHILE, S.A.;CIFLUMETOFEN 300 SC;METHOXYETHY(RS)-2-(4-TERT-BUTYLPHENYL);ZHEJIANG LONGYOU EAST ANASAC CO., LTD.        ;CHILE   ;0.1%;11;LITROS; $674.80 ; Q5,154.57 ;7.63867;Agrequima; Q23.20 ;;;;;
67024;27A5504D;3970517317;FUMIGANTE;3970517317;30/04/2026;PRODUCTOS AGRICOLAS DE ORIENTE, S.A.;STRIKE 142,50 GE   ;CHLOROPICRIN+1,3 DICHLOROPROPENE      ;ZOLI HENDRIX AND DAIL DE HONDURAS S.A. DE C.V.;HONDURAS;0.1%;99,980.77;LITROS; $617,881.19 ; Q4,719,790.51 ;7.63867;Agrequima; Q21,239.06 ;;;;;
RDON-REVAI-12494-03.pdf;EA917CF3;1293107560;NEMATICIDA;1293107560;29/04/2026;ADAMA GUATEMALA, SOCIEDAD ANONIMA;NIMITZ 48 EC;FLUENSULFONE;IIN850215MIA;ISRAEL;0.1%;312.00;LITROS; $33,830.16 ; Q258,256.40 ;7.63391;Agrequima; Q1,162.15 ;;;;;
RDON-REVAI-12414-42.pdf;6D094B37;3429846584;FUNGICIDA;3429846584;14/04/2026;TECNICA UNIVERSAL SOCIEDAD ANONIMA;RALLY 40 WP;MYCLOBUTANIL;CORTEVA AGRISCIENCES DE COLOMBIA S.A.S.;ESTADOS UNIDOS DE AMERICA;0.1%;288.00;KILOGRAMOS; $37,342.08 ; Q285,222.17 ;7.63809;Agrequima; Q1,283.50 ;;;;;
RDON-REVAI-12428-00.pdf;EE823F63;2440384391;INSECTICIDA;2440384391;15/04/2026;AGROFORTRESS, SOCIEDAD ANONIMA;TEMPUS 50 WG;Clothianidin;TAHUAL AGRICOLA, S.A.;CHINA;0.1%;7,325.00;KILOGRAMOS; $100,636.25 ; Q768,940.45 ;7.64079;Agrequima; Q3,460.23 ;;;;;
RDON-REVAI-12499-06.pdf;486A6AF5;1279869241;MATERIA TÉCNICA FUNGICIDA;1279869241;29/04/2026;BAYER, SOCIEDAD ANONIMA;FLUOPICOLIDE TÉCNICO;Fluopicolide;BAYER AG;SUIZA;0.1%;9,500.00;KILOGRAMOS; $1,721,590.00 ; Q13,142,463.12 ;7.63391;Agrequima; Q59,141.08 ;;;;;
RDON-REVAI-12500-34.pdf;6C56B2A3;1125400719;MATERIA TÉCNICA FUNGICIDA;1125400719;29/04/2026;BAYER, SOCIEDAD ANONIMA;Tebuconazole / Folicur Tecnico;TEBUCONAZOLE;BAYER AG;ESTADOS UNIDOS DE AMERICA;0.1%;6,000.00;KILOGRAMOS; $280,800.00 ; Q2,143,601.93 ;7.63391;Agrequima; Q9,646.21 ;;;;;
RDON-REVAI-12364-24.pdf;AEBA33D3;3918024193;NEMATICIDA;3918024193;7/04/2026;TECNICA UNIVERSAL SOCIEDAD ANONIMA;NEMACUR 40 EC;FENAMIPHOS;AMVAC DE COSTA RICA S.R.L;GUATEMALA;0.1%;668.00;LITROS; $10,366.37 ; Q79,217.21 ;7.64175;Agrequima; Q356.48 ;;;;;
RDON-REVAI-12391-17.pdf;EF31159F;2937143306;FUNGICIDA;2937143306;13/04/2026;DUWEST GUATEMALA SOCIEDAD ANONIMA;INDOZEB 80 WP;Mancozeb;DUWEST INC;INDIA;0.1%;67,200.00;KILOGRAMOS; $218,400.00 ; Q1,668,327.02 ;7.63886;Agrequima; Q7,507.47 ;;;;;
RDON-REVAI-12458-24.pdf;CF5373FC;3551871584;FUNGICIDA;3551871584;22/04/2026;BAYER, SOCIEDAD ANONIMA;NATIVO 30 SC;Tebuconazole, Trifloxystrobin;BAYER AG;COLOMBIA;0.1%;4,320.00;LITROS; $58,838.40 ; Q449,271.19 ;7.63568;Agrequima; Q2,021.72 ;;;;;
RDON-REVAI-12437-02.pdf;380F204F;496648789;HERBICIDA;496648789;15/04/2026;BASF DE GUATEMALA  SOCIEDAD ANONIMA;PROWL 45.5 CS;Pendimethalin;BASF DE COSTA RICA, S.A.;ESTADOS UNIDOS DE AMERICA;0.1%;1,500.00;LITROS; $10,185.00 ; Q77,821.45 ;7.64079;Agrequima; Q350.20 ;;;;;
RDON-REVAI-12496-03.pdf;8BDEC307;2520992539;FUNGICIDA;2520992539;29/04/2026;DUWEST GUATEMALA SOCIEDAD ANONIMA;MANCOZEB TECNICO;Mancozeb;DUWEST INC;INDIA;0.1%;44,800.00;KILOGRAMOS; $151,424.00 ; Q1,156,085.90 ;7.63476;Agrequima; Q5,202.39 ;;;;;
RDON-REVAI-12359-47.pdf;32649B22;2925085909;FUNGICIDA;2925085909;6/04/2026;TECNICA UNIVERSAL SOCIEDAD ANONIMA;BANROT  40  WP;Etridiazole, Thiophanate-Methyl;EVERRIS NA, INC;ESTADOS UNIDOS DE AMERICA;0.1%;3,200.55;KILOGRAMOS; $216,033.30 ; Q1,651,129.55 ;7.64294;Agrequima; Q7,430.08 ;;;;;
RDON-REVAI-12363-25.pdf;CC9F7647;3851241430;NEMATICIDA;3851241430;7/04/2026;TECNICA UNIVERSAL SOCIEDAD ANONIMA;NEMACUR 40 EC;FENAMIPHOS;AMVAC DE COSTA RICA S.R.L;GUATEMALA;0.1%;284.00;LITROS; $4,407.26 ; Q33,679.18 ;7.64175;Agrequima; Q151.56 ;;;;;
RDON-REVAI-12450-10.pdf;0275C67A;895109053;INSECTICIDA;895109053;17/04/2026;AGRO-CHILE, SOCIEDAD ANONIMA;MAGNETO 45 SC;FIPRONIL, IMIDACLOPRID;ANASAC INTERNATIONAL CORPORATION S.A.;CHILE;0.1%;324.00;LITROS; $6,353.64 ; Q48,544.03 ;7.64035;Agrequima; Q218.45 ;;;;;
RDON-REVAI-12449-38.pdf;C682E39C;3330228578;FUNGICIDA;3330228578;17/04/2026;AGRO-CHILE, SOCIEDAD ANONIMA;MONDES / TATIO 32,5  SC;Azoxystrobin, Difenoconazole;ANASAC INTERNATIONAL CORPORATION S.A.;CHILE;0.1%;355.50;LITROS; $4,621.50 ; Q35,309.88 ;7.64035;Agrequima; Q158.89 ;;;;;
RDON-REVAI-12448-12.pdf;1C590C40;1630945889;FUNGICIDA;1630945889;17/04/2026;AGRO-CHILE, SOCIEDAD ANONIMA;MONDES / TATIO 32,5  SC;Azoxystrobin, Difenoconazole;ANASAC INTERNATIONAL CORPORATION S.A.;CHILE;0.1%;1,008.00;LITROS; $11,269.44 ; Q86,102.47 ;7.64035;Agrequima; Q387.46 ;;;;;
RDON-REVAI-12435-00.pdf;F799102B;1719616185;HERBICIDA;1719616185;15/04/2026;BASF DE GUATEMALA  SOCIEDAD ANONIMA;BASTA 15 SL;GlufosinatodeAmonio;BASF DE COSTA RICA, S.A.;ALEMANIA;0.1%;540.00;LITROS; $4,671.00 ; Q35,690.13 ;7.64079;Agrequima; Q160.61 ;;;;;
RDON-REVAI-12491-03.pdf;F1350224;4154476726;HERBICIDA;4154476726;24/04/2026;DUWEST GUATEMALA SOCIEDAD ANONIMA;DURO / RUDO ULTRA /DIURON 80 WG;Diuron;DUWEST INC;CHINA;0.1%;14,000.00;KILOGRAMOS; $69,720.00 ; Q532,568.07 ;7.63867;Agrequima; Q2,396.56 ;;;;;
RDON-REVAI-12514-25.pdf;E3788A19;2196193653;HERBICIDA;2196193653;30/04/2026;BARILLAS,GALVEZ,,MANUEL,ANTONIO;HENGSTIER  16 SL;2,4-D, Picloram;AGROQUIMICA INDUSTRIAL RIMAC, S.A.;COSTA RICA;0.1%;640.00;LITROS; $1,664.00 ; Q12,706.75 ;7.63627;Agrequima; Q57.18 ;;;;;
RDON-REVAI-12513-55.pdf;F6D114A3;59260960;HERBICIDA;59260960;30/04/2026;BARILLAS,GALVEZ,,MANUEL,ANTONIO;SELLADOR 24  EC;Oxyfluorfen;AGROQUIMICA INDUSTRIAL RIMAC, S.A.;COSTA RICA;0.1%;180.00;LITROS; $2,115.00 ; Q16,150.71 ;7.63627;Agrequima; Q72.68 ;;;;;
RDON-REVAI-12512-22.pdf;F195150C;3568977188;HERBICIDA;3568977188;30/04/2026;BARILLAS,GALVEZ,,MANUEL,ANTONIO;KILA 44.9 WP;GLYPHOSATE, Metsulfuron-Methyl;AGROQUIMICA INDUSTRIAL RIMAC, S.A.;COSTA RICA;0.1%;135.00;KILOGRAMOS; $792.00 ; Q6,047.93 ;7.63627;Agrequima; Q27.22 ;;;;;
RDON-REVAI-12511-54.pdf;4C2D4CF0;2424196182;HERBICIDA;2424196182;30/04/2026;BARILLAS,GALVEZ,,MANUEL,ANTONIO;FANTASMA 12.5 EC;Fluazifop-P-Butyl;AGROQUIMICA INDUSTRIAL RIMAC, S.A.;COSTA RICA;0.1%;60.00;LITROS; $600.00 ; Q4,581.76 ;7.63627;Agrequima; Q20.62 ;;;;;
RDON-REVAI-12510-26.pdf;91C7B376;798508745;HERBICIDA;798508745;30/04/2026;BARILLAS,GALVEZ,,MANUEL,ANTONIO;RIMAXONE 20  SL;Paraquat;AGROQUIMICA INDUSTRIAL RIMAC, S.A.;COSTA RICA;0.1%;770.00;LITROS; $2,064.40 ; Q15,764.32 ;7.63627;Agrequima; Q70.94 ;;;;;
RDON-REVAI-12509-54.pdf;08D9FC51;243616326;HERBICIDA;243616326;30/04/2026;BARILLAS,GALVEZ,,MANUEL,ANTONIO;GREEN  GO  PARAQUAT  20  SL;Paraquat;AGROQUIMICA INDUSTRIAL RIMAC, S.A.;COSTA RICA;0.1%;2,772.00;LITROS; $7,690.80 ; Q58,729.03 ;7.63627;Agrequima; Q264.28 ;;;;;
RDON-REVAI-12508-25.pdf;EF0D4EFC;521424766;HERBICIDA;521424766;30/04/2026;BARILLAS,GALVEZ,,MANUEL,ANTONIO;GREEN GO GLIFOSATO 35.6 SL;Glifosato;AGROQUIMICA INDUSTRIAL RIMAC, S.A.;COSTA RICA;0.1%;1,376.00;LITROS; $3,753.12 ; Q28,659.84 ;7.63627;Agrequima; Q128.97 ;;;;;
RDON-REVAI-12507-56.pdf;B4096A99;1527599061;HERBICIDA;1527599061;30/04/2026;BARILLAS,GALVEZ,,MANUEL,ANTONIO;RIMAXATO 35.6 SL;Glifosato;AGROQUIMICA INDUSTRIAL RIMAC, S.A.;COSTA RICA;0.1%;1,444.00;LITROS; $4,698.64 ; Q35,880.08 ;7.63627;Agrequima; Q161.46 ;;;;;
RDON-REVAI-12506-23.pdf;531B11A4;1446463727;HERBICIDA;1446463727;30/04/2026;BARILLAS,GALVEZ,,MANUEL,ANTONIO;TRIGGER 48 EC;Triclopir;AGROQUIMICA INDUSTRIAL RIMAC, S.A.;COSTA RICA;0.1%;668.22;LITROS; $6,769.60 ; Q51,694.49 ;7.63627;Agrequima; Q232.63 ;;;;;
RDON-REVAI-12505-54.pdf;9B3EE2BA;593186062;INSECTICIDA;593186062;30/04/2026;BARILLAS,GALVEZ,,MANUEL,ANTONIO;RIMAC CIPERMETRINA 25 EC;Cipermetrina;AGROQUIMICA INDUSTRIAL RIMAC, S.A.;COSTA RICA;0.1%;1,096.00;LITROS; $6,335.20 ; Q48,377.30 ;7.63627;Agrequima; Q217.70 ;;;;;
RDON-REVAI-12472-18.pdf;FBDB9FE9;2341422141;COADYUVANTE;2341422141;23/04/2026;DUWEST GUATEMALA SOCIEDAD ANONIMA;BIVERT 87.9 SL;MezcladeOrganicAmineAcid,AromaticAcid,ModifiedVegetablesOil,PetroleumDestilates;DUWEST INC;ESTADOS UNIDOS DE AMERICA;0.1%;9,600.00;LITROS; $73,920.00 ; Q564,656.40 ;7.63875;Agrequima; Q2,540.95 ;;;;;
RDON-REVAI-12504-24.pdf;88FD5DEA;1375223907;INSECTICIDA;1375223907;30/04/2026;BARILLAS,GALVEZ,,MANUEL,ANTONIO;RIMPIRIFOS  48  EC;Clorpirifos;AGROQUIMICA INDUSTRIAL RIMAC, S.A.;COSTA RICA;0.1%;3,576.00;LITROS; $19,240.00 ; Q146,921.83 ;7.63627;Agrequima; Q661.15 ;;;;;
RDON-REVAI-12503-56.pdf;749E8B32;177162490;INSECTICIDA, NEMATICIDA;177162490;30/04/2026;BARILLAS,GALVEZ,,MANUEL,ANTONIO;GREEN GO OXAMIL 10 GR;Oxamyl;AGROQUIMICA INDUSTRIAL RIMAC, S.A.;COSTA RICA;0.1%;4,500.00;KILOGRAMOS; $15,840.00 ; Q120,958.52 ;7.63627;Agrequima; Q544.31 ;;;;;
RDON-REVAI-12361-21.pdf;EB277628;911033201;INSECTICIDA;911033201;6/04/2026;TECNICA UNIVERSAL SOCIEDAD ANONIMA;EPINGLE 10 EC;PYRIPROXYFEN;SUMITOMO CHEMICAL CHILE S.A.;JAPON;0.1%;800.00;LITROS; $24,000.00 ; Q183,430.56 ;7.64294;Agrequima; Q825.44 ;;;;;
RDON-REVAI-12368-45.pdf;879EF1CD;1232949206;MATERIA TÉCNICA INSECTICIDA;1232949206;8/04/2026;AGROFORTRESS, SOCIEDAD ANONIMA;CLORPIRIFOS TÉCNICO 98%;Clorpirifos;TAHUAL AGRICOLA, S.A.;INDIA;0.1%;7,938.00;KILOGRAMOS; $57,153.60 ; Q436,753.52 ;7.64175;Agrequima; Q1,965.39 ;;;;;
RDON-REVAI-12413-48.pdf;A07E08F2;1813727918;MATERIA TÉCNICA INSECTICIDA;1813727918;14/04/2026;QUIMICOS AGRICOLAS INSECTROL SOCIEDAD ANONIMA;CHLORPYRIFOS TECNICO;CHLORPYRIFOS;ZHUOCHEN INDUSTRIES (SHANGHAI) CO.,LTD.;CHINA;0.1%;20,000.00;KILOGRAMOS; $115,149.63 ; Q879,523.24 ;7.63809;Agrequima; Q3,957.85 ;;;;;
RDON-REVAI-12454-12.pdf;45B3DCD2;2925349722;HERBICIDA;2925349722;21/04/2026;SOLUFERT, S. A.;SEMERVA 68 SG;GLYPHOSATE;INTEROC CUSTER, S.A;CHINA;0.1%;1,600.00;KILOGRAMOS; $38,800.00 ; Q296,417.26 ;7.63962;Agrequima; Q1,333.88 ;;;;;
RDON-REVAI-12461-58.pdf;CBDE9DE4;1120292103;INSECTICIDA;1120292103;22/04/2026;BAYER, SOCIEDAD ANONIMA;Movento 15 OD;Spirotetramat;BAYER AG;COLOMBIA;0.1%;20,000.00;LITROS; $946,800.00 ; Q7,229,461.82 ;7.63568;Agrequima; Q32,532.58 ;;;;;
RDON-REVAI-12427-00.pdf;BF146E71;44648192;HERBICIDA;44648192;15/04/2026;BAYER, SOCIEDAD ANONIMA;Merlin Total 60 SC;INDAZIFLAM, ISOXAFLUTOLE;BAYER AG;ALEMANIA;0.1%;1,440.00;LITROS; $119,808.00 ; Q915,104.29 ;7.63809;Agrequima; Q4,117.97 ;;;;;
RDON-REVAI-12443-27.pdf;413686;4079897127;FUNGICIDA;4079897127;16/04/2026;EL COLONO AGROPECUARIO, SOCIEDAD ANONIMA;BANAZEB 60 SC;Mancozeb;DISTRIBUIDORA INQUISA S.A.;COSTA RICA;0.1%;18,000.00;LITROS; $91,050.00 ; Q695,653.87 ;7.64035;Agrequima; Q3,130.44 ;;;;;
RDON-REVAI-12400-41.pdf;7908E71C;405751633;HERBICIDA;405751633;14/04/2026;QUIMICOS AGRICOLAS INSECTROL SOCIEDAD ANONIMA;TORBAN  30.4 SL;2,4-D, PICLORAM;RAINBOW AGROSCIENCES(CENTRAL AMERICA)CO., LTD.;CHINA;0.1%;7,800.00;LITROS; $22,054.00 ; Q168,467.42 ;7.63886;Agrequima; Q758.10 ;;;;;
RDON-REVAI-12399-11.pdf;57B36109;1193496426;HERBICIDA;1193496426;14/04/2026;QUIMICOS AGRICOLAS INSECTROL SOCIEDAD ANONIMA;2,4-D + PICLORAM 16,5 SL;2,4-D, Picloram;RAINBOW AGROSCIENCES(CENTRAL AMERICA)CO., LTD.;CHINA;0.1%;6,000.00;LITROS; $9,720.00 ; Q74,249.72 ;7.63886;Agrequima; Q334.12 ;;;;;
RDON-REVAI-12442-46.pdf;A60CD03A;81020225;MOLUSQUICIDA;81020225;16/04/2026;AGROFORTRESS, SOCIEDAD ANONIMA;MOLUX / FORSNAILS 6 GB;Metaldehyde;TAHUAL AGRICOLA, S.A.;CHINA;0.1%;8,400.00;KILOGRAMOS; $19,068.00 ; Q145,694.58 ;7.64079;Agrequima; Q655.63 ;;;;;
RDON-REVAI-12447-49.pdf;EDC4CCA5;2818459064;INSECTICIDA;2818459064;16/04/2026;DUWEST GUATEMALA SOCIEDAD ANONIMA;AVAUNT 15 EC;Indoxacarb;DUWEST INC;ESTADOS UNIDOS DE AMERICA;0.1%;800.00;LITROS; $69,424.00 ; Q530,423.66 ;7.64035;Agrequima; Q2,386.91 ;;;;;
RDON-REVAI-12446-18.pdf;F23AD855;1943162130;INSECTICIDA;1943162130;16/04/2026;DUWEST GUATEMALA SOCIEDAD ANONIMA;MARSHAL 25 DS;Carbosulfan;DUWEST INC;ESTADOS UNIDOS DE AMERICA;0.1%;200.00;KILOGRAMOS; $5,900.00 ; Q45,078.06 ;7.64035;Agrequima; Q202.85 ;;;;;
RDON-REVAI-12445-50.pdf;17D1EBF0;3306769179;INSECTICIDA;3306769179;16/04/2026;DUWEST GUATEMALA SOCIEDAD ANONIMA;CORAGEN 20 SC;Chlorantraniliprole;DUWEST INC;ESTADOS UNIDOS DE AMERICA;0.1%;400.00;LITROS; $53,064.00 ; Q405,427.53 ;7.64035;Agrequima; Q1,824.42 ;;;;;
RDON-REVAI-12444-19.pdf;40CB5495;3476964504;INSECTICIDA;3476964504;16/04/2026;DUWEST GUATEMALA SOCIEDAD ANONIMA;VERIMARK 20 SC;Cyantraniliprole;DUWEST INC;ESTADOS UNIDOS DE AMERICA;0.1%;200.00;LITROS; $45,908.00 ; Q350,753.19 ;7.64035;Agrequima; Q1,578.39 ;;;;;
RDON-REVAI-12370-51.pdf;2BDAEF37;2881310622;MATERIA TÉCNICA FUNGICIDA;2881310622;8/04/2026;BAYER, SOCIEDAD ANONIMA;PROPAMOCARB HYDROCHLORIDE TECNICO;PROPAMOCARBHYDROCLORIDE;BAYER AG;ALEMANIA;0.1%;18,348.62;LITROS; $356,400.00 ; Q2,724,164.78 ;7.64356;Agrequima; Q12,258.74 ;;;;;
RDON-REVAI-12369-51.pdf;FA49BF79;3404284780;MATERIA TÉCNICA FUNGICIDA;3404284780;8/04/2026;BAYER, SOCIEDAD ANONIMA;PROPAMOCARB HYDROCHLORIDE TECNICO;PropamocarbHydrocloride;BAYER AG;ALEMANIA;0.1%;9,174.31;LITROS; $178,200.00 ; Q1,362,082.39 ;7.64356;Agrequima; Q6,129.37 ;;;;;
RDON-REVAI-12465-00.pdf;833754B4;863979043;HERBICIDA;863979043;22/04/2026;AGROFORTRESS, SOCIEDAD ANONIMA;CAMPEON 48 EC;Clomazone;TAHUAL AGRICOLA, S.A.;CHINA;0.1%;1,000.00;LITROS; $6,850.00 ; Q52,314.07 ;7.63709;Agrequima; Q235.41 ;;;;;
RDON-REVAI-12453-56.pdf;799DD4EE;3718008534;HERBICIDA;3718008534;20/04/2026;MARKETING ARM GUATEMALA SOCIEDAD ANONIMA;NEWKILL 60 WG;Metsulfuron-Methyl;MARKETING ARM PANAMA;CHINA;0.1%;0.08;KILOGRAMOS; $255.66 ; Q1,952.50 ;7.63709;Agrequima; Q8.79 ;;;;;
RDON-REVAI-12373-51.pdf;91DD750B;3153153733;MATERIA TÉCNICA FUNGICIDA;3153153733;8/04/2026;BAYER, SOCIEDAD ANONIMA;PROPAMOCARB HYDROCHLORIDE TECNICO;PROPAMOCARBHYDROCLORIDE;BAYER AG;ALEMANIA;0.1%;18,348.62;LITROS; $356,400.00 ; Q2,724,164.78 ;7.64356;Agrequima; Q12,258.74 ;;;;;
RDON-REVAI-12377-33.pdf;C90180F5;877805825;FUNGICIDA;877805825;8/04/2026;EL COLONO AGROPECUARIO, SOCIEDAD ANONIMA;VALIDUS 25 SC;Epoxicolazone;INTEROC CUSTER, S.A;ECUADOR;0.1%;700.00;LITROS; $13,720.00 ; Q104,869.64 ;7.64356;Agrequima; Q471.91 ;;;;;
RDON-REVAI-12376-02.pdf;3F5BFD14;18432725;INSECTICIDA;18432725;8/04/2026;EL COLONO AGROPECUARIO, SOCIEDAD ANONIMA;SAVEDRA 24 SC;Pyriproxyfen, Spirotetramat;INTEROC CUSTER, S.A;CHINA;0.1%;500.00;LITROS; $18,000.00 ; Q137,584.08 ;7.64356;Agrequima; Q619.13 ;;;;;
RDON-REVAI-12375-32.pdf;5CDE149A;4067314965;INSECTICIDA;4067314965;8/04/2026;EL COLONO AGROPECUARIO, SOCIEDAD ANONIMA;SAVEDRA 24 SC;Pyriproxyfen, Spirotetramat;INTEROC CUSTER, S.A;CHINA;0.1%;700.00;LITROS; $26,600.00 ; Q203,318.70 ;7.64356;Agrequima; Q914.93 ;;;;;
RDON-REVAI-12374-02.pdf;135758F0;803160812;FUNGICIDA;803160812;8/04/2026;EL COLONO AGROPECUARIO, SOCIEDAD ANONIMA;VALIDUS 25 SC;Epoxicolazone;INTEROC CUSTER, S.A;ECUADOR;0.1%;800.00;LITROS; $16,000.00 ; Q122,296.96 ;7.64356;Agrequima; Q550.34 ;;;;;
RDON-REVAI-12432-59.pdf;7563FF0D;3458811223;ACARICIDA / FUNGICIDA;3458811223;15/04/2026;AGROFORTRESS, SOCIEDAD ANONIMA;COSAN / AZUFRE 80 WG;Sulphur;TAHUAL AGRICOLA, S.A.;CHILE;0.1%;17,000.00;KILOGRAMOS; $32,300.00 ; Q246,797.52 ;7.64079;Agrequima; Q1,110.59 ;;;;;
RDON-REVAI-12441-31.pdf;C2A5D896;3857272403;FUNGICIDA, BACTERICIDA;3857272403;16/04/2026;MARKETING ARM GUATEMALA SOCIEDAD ANONIMA;PHYTON 6.6 SL;METALLICCOPPER(EQUIVALENTEA24%DESULFATODECOBREPENTAHIDRATADO);MARKETING ARM INTERNATIONAL, INC;ESTADOS UNIDOS DE AMERICA;0.1%;1,280.00;LITROS; $39,735.78 ; Q303,595.27 ;7.64035;Agrequima; Q1,366.18 ;;;;;
RDON-REVAI-12440-02.pdf;5429381D;3505409652;FUNGICIDA, BACTERICIDA;3505409652;16/04/2026;MARKETING ARM GUATEMALA SOCIEDAD ANONIMA;PHYTON 6.6 SL;METALLICCOPPER(EQUIVALENTEA24%DESULFATODECOBREPENTAHIDRATADO);MARKETING ARM INTERNATIONAL, INC;ESTADOS UNIDOS DE AMERICA;0.1%;540.00;LITROS; $21,243.02 ; Q162,304.11 ;7.64035;Agrequima; Q730.37 ;;;;;
RDON-REVAI-12439-37.pdf;3BCC072A;2040679358;FUNGICIDA, BACTERICIDA;2040679358;16/04/2026;MARKETING ARM GUATEMALA SOCIEDAD ANONIMA;PHYTON 6.6 SL;METALLICCOPPER(EQUIVALENTEA24%DESULFATODECOBREPENTAHIDRATADO);MARKETING ARM INTERNATIONAL, INC;ESTADOS UNIDOS DE AMERICA;0.1%;5,280.00;LITROS; $186,555.92 ; Q1,425,352.52 ;7.64035;Agrequima; Q6,414.09 ;;;;;
RDON-REVAI-12456-56.pdf;6AE95708;2950907110;MATERIA TÉCNICA INSECTICIDA;2950907110;22/04/2026;BAYER, SOCIEDAD ANONIMA;TRIFLUMURON TÉCNICO;Triflumuron;BAYER AG;ALEMANIA;0.1%;1,000.00;KILOGRAMOS; $30,570.00 ; Q233,471.04 ;7.63726;Agrequima; Q1,050.62 ;;;;;
RDON-REVAI-12501-06.pdf;4888552A;1439123824;MATERIA TECNICA PARA FOMULAR FUNGICIDA-NEMATICIDA;1439123824;29/04/2026;BAYER, SOCIEDAD ANONIMA;FLUOPYRAM TECNICO;FLUOPYRAM;BAYER AG;ESTADOS UNIDOS DE AMERICA;0.1%;8,000.00;KILOGRAMOS; $1,224,000.00 ; Q9,343,905.84 ;7.63391;Agrequima; Q42,047.58 ;;;;;
RDON-REVAI-12498-04.pdf;0F60AE9E;1589529236;INSECTICIDA;1589529236;29/04/2026;AGRO-CHILE, SOCIEDAD ANONIMA;ULISES 45 SC;Lufenuron, Thiodicarb;ANASAC INTERNACIONAL CORPORATION, S.A.;CHINA;0.1%;912.00;LITROS; $21,386.40 ; Q163,280.03 ;7.63476;Agrequima; Q734.76 ;;;;;
RDON-REVAI-12497-33.pdf;D41062DB;3427618705;INSECTICIDA;3427618705;29/04/2026;AGRO-CHILE, SOCIEDAD ANONIMA;ULISES 45 SC;Lufenuron, Thiodicarb;ANASAC INTERNACIONAL CORPORATION, S.A.;CHINA;0.1%;1,512.00;LITROS; $35,456.40 ; Q270,701.10 ;7.63476;Agrequima; Q1,218.15 ;;;;;
RDON-REVAI-12493-37.pdf;4A2CF1A7;3048557757;INSECTICIDA;3048557757;29/04/2026;DUWEST GUATEMALA SOCIEDAD ANONIMA;BELEAF  50 SG;Flonicamid;DUWEST INC;JAPON;0.1%;252.00;KILOGRAMOS; $39,866.00 ; Q304,367.34 ;7.63476;Agrequima; Q1,369.65 ;;;;;
RDON-REVAI-12380-56.pdf;AD4A210E;1515995452;HERBICIDA;1515995452;10/04/2026;NEGOCIOS RELACIONADOS, SOCIEDAD ANONIMA;GUERRERO 35.6  SL;Glifosato;TAHUAL AGRICOLA, S.A.;CHINA;0.1%;10,000.00;LITROS; $25,500.00 ; Q194,910.78 ;7.64356;Agrequima; Q877.10 ;;;;;
RDON-REVAI-12389-33.pdf;47F2231F;1258769283;HERBICIDA;1258769283;10/04/2026;TRIBO SA;GLIFOTRI 35.6 SL;GLYPHOSATE;COMERCIALIZADORA DE INSUMOS AGRÍCOLAS;CHINA;0.1%;3,600.00;LITROS; $8,640.00 ; Q66,040.36 ;7.64356;Agrequima; Q297.18 ;;;;;
RDON-REVAI-12392-38.pdf;37A3D843;2610381421;FUNGICIDA;2610381421;14/04/2026;AGRO-CHILE, SOCIEDAD ANONIMA;SCANNER 37 SC;AZOXISTROBIN, CIPROCONAZOL, TEBUCONAZOL;ANASAC INTERNACIONAL CORPORATION, S.A.;CHINA;0.1%;1,512.00;LITROS; $26,384.40 ; Q201,546.74 ;7.63886;Agrequima; Q906.96 ;;;;;
RDON-REVAI-12459-25.pdf;BB88CDA5;1278562239;REGULADOR DE CRECIMIENTO;1278562239;22/04/2026;BAYER, SOCIEDAD ANONIMA;ETHREL 48SL;Ethephon;BAYER AG;COLOMBIA;0.1%;2,400.00;LITROS; $26,352.00 ; Q201,215.44 ;7.63568;Agrequima; Q905.47 ;;;;;
RDON-REVAI-12426-25.pdf;61886436;3172550773;INSECTICIDA;3172550773;15/04/2026;SUCAMPO;SEMITOR PLUS 54 FS;CLOTHIANIDIN, THIODICARB;RAINBOW AGROSCIENCES(CENTRAL AMERICA)CO., LTD.;CHINA;0.1%;600.00;LITROS; $17,889.60 ; Q136,642.37 ;7.63809;Agrequima; Q614.89 ;;;;;
RDON-REVAI-12425-55.pdf;E767A9DD;550192057;HERBICIDA;550192057;15/04/2026;SUCAMPO;CAMPOTRAZINA   90 WG;Atrazine;RAINBOW AGROSCIENCES(CENTRAL AMERICA)CO., LTD.;CHINA;0.1%;840.00;KILOGRAMOS; $3,973.20 ; Q30,347.66 ;7.63809;Agrequima; Q136.56 ;;;;;
RDON-REVAI-12424-26.pdf;62F0BDC7;714690102;INSECTICIDA;714690102;15/04/2026;SUCAMPO;SEMITOR  35 FS;Thiodicarb;RAINBOW AGROSCIENCES(CENTRAL AMERICA)CO., LTD.;CHINA;0.1%;600.00;LITROS; $9,093.60 ; Q69,457.74 ;7.63809;Agrequima; Q312.56 ;;;;;
RDON-REVAI-12397-43.pdf;F636F8E7;1650412427;HERBICIDA;1650412427;14/04/2026;TRIBO SA;D-CLEAN 72 SL;2,4-D;COMERCIALIZADORA DE INSUMOS AGRÍCOLAS;CHINA;0.1%;2,800.00;LITROS; $5,824.00 ; Q44,516.09 ;7.64356;Agrequima; Q200.32 ;;;;;
RDON-REVAI-12396-11.pdf;6117B14F;2086817696;HERBICIDA;2086817696;14/04/2026;TRIBO SA;D-CLEAN 72 SL;2,4-D;COMERCIALIZADORA DE INSUMOS AGRÍCOLAS;CHINA;0.1%;10,800.00;LITROS; $21,600.00 ; Q165,100.90 ;7.64356;Agrequima; Q742.95 ;;;;;
RDON-REVAI-12395-40.pdf;4CDB6CB9;963463391;HERBICIDA;963463391;14/04/2026;TRIBO SA;D-CLEAN 72 SL;2,4-D;COMERCIALIZADORA DE INSUMOS AGRÍCOLAS;CHINA;0.1%;4,000.00;LITROS; $7,480.00 ; Q57,173.83 ;7.64356;Agrequima; Q257.28 ;;;;;
RDON-REVAI-12394-10.pdf;12ED06DE;1137004045;HERBICIDA;1137004045;14/04/2026;TRIBO SA;ATRAZINA 90 WP;ATRAZINE;COMERCIALIZADORA DE INSUMOS AGRÍCOLAS;CHINA;0.1%;10,000.00;KILOGRAMOS; $40,300.00 ; Q308,035.47 ;7.64356;Agrequima; Q1,386.16 ;;;;;
RDON-REVAI-12393-40.pdf;D4A690E1;1326926797;HERBICIDA;1326926797;14/04/2026;TRIBO SA;GLIFOTRI 35.6 SL;GLYPHOSATE;COMERCIALIZADORA DE INSUMOS AGRÍCOLAS;CHINA;0.1%;3,000.00;LITROS; $5,400.00 ; Q41,275.22 ;7.64356;Agrequima; Q185.74 ;;;;;
RDON-REVAI-12388-04.pdf;E7A780B6;1112951642;HERBICIDA;1112951642;10/04/2026;TRIBO SA;GLIFOTRI 35.6 SL;GLYPHOSATE;COMERCIALIZADORA DE INSUMOS AGRÍCOLAS;CHINA;0.1%;5,600.00;LITROS; $12,488.00 ; Q95,452.78 ;7.64356;Agrequima; Q429.54 ;;;;;
RDON-REVAI-12387-33.pdf;5D8BE51F;1926447234;HERBICIDA;1926447234;10/04/2026;TRIBO SA;GLIFOTRI 35.6 SL;GLYPHOSATE;COMERCIALIZADORA DE INSUMOS AGRÍCOLAS;CHINA;0.1%;4,000.00;LITROS; $8,880.00 ; Q67,874.81 ;7.64356;Agrequima; Q305.44 ;;;;;
RDON-REVAI-12386-04.pdf;0603EA6F;1966361603;HERBICIDA;1966361603;10/04/2026;TRIBO SA;GLIFOTRI 35.6 SL;GLYPHOSATE;COMERCIALIZADORA DE INSUMOS AGRÍCOLAS;CHINA;0.1%;10,000.00;LITROS; $19,800.00 ; Q151,342.49 ;7.64356;Agrequima; Q681.04 ;;;;;
RDON-REVAI-12385-34.pdf;F0E1427D;4032905488;HERBICIDA;4032905488;10/04/2026;TRIBO SA;GLIFOTRI 35.6 SL;GLYPHOSATE;COMERCIALIZADORA DE INSUMOS AGRÍCOLAS;CHINA;0.1%;7,000.00;LITROS; $12,600.00 ; Q96,308.86 ;7.64356;Agrequima; Q433.39 ;;;;;
RDON-REVAI-12384-04.pdf;3ECC6F29;2364361115;HERBICIDA;2364361115;10/04/2026;TRIBO SA;GLUFONATO 20 SL;GLUFOSINATEAMMONIUM;COMERCIALIZADORA DE INSUMOS AGRÍCOLAS;CHINA;0.1%;1,200.00;LITROS; $3,000.00 ; Q22,930.68 ;7.64356;Agrequima; Q103.19 ;;;;;
RDON-REVAI-12383-35.pdf;812DD924;961954251;HERBICIDA;961954251;10/04/2026;TRIBO SA;GLUFONATO 20 SL;GlufosinateAmmonium;COMERCIALIZADORA DE INSUMOS AGRÍCOLAS;CHINA;0.1%;4,000.00;LITROS; $7,920.00 ; Q60,537.00 ;7.64356;Agrequima; Q272.42 ;;;;;
RDON-REVAI-12382-05.pdf;B094D566;2905425400;HERBICIDA;2905425400;10/04/2026;TRIBO SA;GLUFONATO 20 SL;GlufosinateAmmonium;COMERCIALIZADORA DE INSUMOS AGRÍCOLAS;CHINA;0.1%;4,000.00;LITROS; $7,200.00 ; Q55,033.63 ;7.64356;Agrequima; Q247.65 ;;;;;
RDON-REVAI-12381-55.pdf;97674383;2990425274;HERBICIDA;2990425274;10/04/2026;NEGOCIOS RELACIONADOS, SOCIEDAD ANONIMA;GUERRERO 35.6  SL;Glifosato;TAHUAL AGRICOLA, S.A.;CHINA;0.1%;7,000.00;LITROS; $15,750.00 ; Q120,386.07 ;7.64356;Agrequima; Q541.74 ;;;;;
RDON-REVAI-12358-21.pdf;8DC0D989;139608641;FUNGICIDA;139608641;6/04/2026;DUWEST GUATEMALA SOCIEDAD ANONIMA;CONSENTO 45 SC;FENAMIDONE, PROPAMOCARBHYDROCLORIDE;DUWEST INC;COLOMBIA;0.1%;1,440.00;LITROS; $40,377.60 ; Q308,603.57 ;7.64294;Agrequima; Q1,388.72 ;;;;;
RDON-REVAI-12403-12.pdf;783FFA30;1375946813;HERBICIDA;1375946813;14/04/2026;EL COLONO AGROPECUARIO, SOCIEDAD ANONIMA;MITCH 30.4 SL;2,4-D, Picloram;JEBAGRO GMBH;CHINA;0.1%;33,280.00;LITROS; $72,217.60 ; Q551,604.53 ;7.63809;Agrequima; Q2,482.22 ;;;;;
RDON-REVAI-12402-43.pdf;74A6508D;4010361876;INSECTICIDA;4010361876;14/04/2026;EL COLONO AGROPECUARIO, SOCIEDAD ANONIMA;HIENA 1.8 EC;Abamectina;JEBAGRO GMBH;CHINA;0.1%;2,004.00;LITROS; $25,771.44 ; Q196,844.58 ;7.63809;Agrequima; Q885.80 ;;;;;
RDON-REVAI-12401-12.pdf;96762EA8;2134067145;INSECTICIDA;2134067145;14/04/2026;EL COLONO AGROPECUARIO, SOCIEDAD ANONIMA;ACETAMIPRID 20 SP;ACETAMIPRID;JEBAGRO GMBH;CHINA;0.1%;600.00;KILOGRAMOS; $7,620.00 ; Q58,202.25 ;7.63809;Agrequima; Q261.91 ;;;;;
RDON-REVAI-12462-58.pdf;987B88E7;3220982718;FUNGICIDA;3220982718;22/04/2026;BAYER, SOCIEDAD ANONIMA;LUNA EXPERIENCE / MOON EXPERIENCE 40 SC;Fluopyram, Tebuconazole;BAYER AG;COLOMBIA;0.1%;3,000.00;LITROS; $159,360.00 ; Q1,216,821.96 ;7.63568;Agrequima; Q5,475.70 ;;;;;
RDON-REVAI-12455-22.pdf;65EDB6CF;3945483688;FUNGICIDA;3945483688;21/04/2026;EL COLONO AGROPECUARIO, SOCIEDAD ANONIMA;ACRUX 32.87 EC;Difenoconazole, Pyraclostrobin;INTEROC CUSTER, S.A;ECUADOR;0.1%;1,500.00;LITROS; $51,000.00 ; Q389,419.68 ;7.63568;Agrequima; Q1,752.39 ;;;;;
RDON-REVAI-12470-36.pdf;F39147BB;1479364518;HERBICIDA;1479364518;22/04/2026;FERTICA GUATEMALA, SOCIEDAD ANONIMA.;BUFALO  30.41 SL;2,4-D, PICLORAM;JEBAGRO GMBH;CHINA;0.1%;2,004.00;LITROS; $5,631.24 ; Q43,007.24 ;7.63726;Agrequima; Q193.53 ;;;;;
RDON-REVAI-12469-08.pdf;AE92272E;1807303088;HERBICIDA;1807303088;22/04/2026;FERTICA GUATEMALA, SOCIEDAD ANONIMA.;BUFALO  30.41 SL;2,4-D, PICLORAM;JEBAGRO GMBH;CHINA;0.1%;2,002.00;LITROS; $5,505.50 ; Q42,046.93 ;7.63726;Agrequima; Q189.21 ;;;;;
RDON-REVAI-12468-40.pdf;F5F5CA6C;3100132354;HERBICIDA;3100132354;22/04/2026;FERTICA GUATEMALA, SOCIEDAD ANONIMA.;BUFALO  30.41 SL;2,4-D, PICLORAM;JEBAGRO GMBH;CHINA;0.1%;2,502.00;LITROS; $6,054.84 ; Q46,242.39 ;7.63726;Agrequima; Q208.09 ;;;;;
RDON-REVAI-12467-07.pdf;84C4BEFD;3741141395;HERBICIDA;3741141395;22/04/2026;FERTICA GUATEMALA, SOCIEDAD ANONIMA.;GAUTAZ 4 SC;Nicosulfuron;JEBAGRO GMBH;CHINA;0.1%;2,088.00;LITROS; $7,495.92 ; Q57,248.29 ;7.63726;Agrequima; Q257.62 ;;;;;
RDON-REVAI-12460-26.pdf;B36790E4;3660467999;INSECTICIDA;3660467999;22/04/2026;BAYER, SOCIEDAD ANONIMA;MURALLA DELTA 19 OD;Deltametrina, Imidacloprid;BAYER AG;COLOMBIA;0.1%;4,000.00;LITROS; $72,320.00 ; Q552,212.38 ;7.63568;Agrequima; Q2,484.96 ;;;;;
RDON-REVAI-12463-29.pdf;B40B4C18;930303980;INSECTICIDA;930303980;22/04/2026;BAYER, SOCIEDAD ANONIMA;CERTERO DUO 48 SC;Thiodicarb, Triflumuron;BAYER AG;COLOMBIA;0.1%;720.00;LITROS; $13,888.80 ; Q106,050.43 ;7.63568;Agrequima; Q477.23 ;;;;;
RDON-REVAI-12473-00.pdf;A9C681F4;637552346;FUNGICIDA;637552346;24/04/2026;MAXIAGRO, SOCIEDAD ANONIMA;MAX TOP   32.5  SC;AZOXYSTROBIN, DIFENOCONAZOL;RAINBOW AGROSCIENCES (CENTRAL AMERICA) CO., LTD.;CHINA;0.1%;576.00;LITROS; $12,314.88 ; Q94,070.29 ;7.63875;Agrequima; Q423.32 ;;;;;
RDON-REVAI-12436-59.pdf;8A8D8424;2385463980;HERBICIDA;2385463980;15/04/2026;BASF DE GUATEMALA  SOCIEDAD ANONIMA;HEAT / KELTOR 70 WG;SAFLUFENACIL;BASF DE COSTA RICA, S.A.;BRAZIL;0.1%;75.00;KILOGRAMOS; $10,237.50 ; Q78,222.59 ;7.64079;Agrequima; Q352.00 ;;;;;
RDON-REVAI-12429-00.pdf;CCF129B2;1967408651;INSECTICIDA;1967408651;15/04/2026;AGROFORTRESS, SOCIEDAD ANONIMA;TEMPUS 50 WG;Clothianidin;TAHUAL AGRICOLA, S.A.;CHINA;0.1%;2,675.00;KILOGRAMOS; $36,513.75 ; Q278,993.90 ;7.64079;Agrequima; Q1,255.47 ;;;;;
RDON-REVAI-12434-02.pdf;EDCD2CED;3404285600;FUNGICIDA;3404285600;15/04/2026;BASF DE GUATEMALA  SOCIEDAD ANONIMA;Cumora 50 SC;Boscalid;BASF DE COSTA RICA, S.A.;ESPAÑA;0.1%;200.00;LITROS; $10,242.00 ; Q78,256.97 ;7.64079;Agrequima; Q352.16 ;;;;;
RDON-REVAI-12431-30.pdf;DBB51C23;1392264749;ACARICIDA;1392264749;15/04/2026;AGROFORTRESS, SOCIEDAD ANONIMA;KETODEN 24 SC;Spirodiclofen;TAHUAL AGRICOLA, S.A.;CHINA;0.1%;600.00;LITROS; $4,500.00 ; Q34,383.56 ;7.64079;Agrequima; Q154.73 ;;;;;
RDON-REVAI-12502-34.pdf;8128EDF7;2456308824;INSECTICIDA;2456308824;29/04/2026;PROMOCIONES AGRICOLAS INDUSTRIALES Y COMERCIALES SOCIEDAD ANONIMA;MIMIC 24 SC;Tebufenozide;AGRO TRADING CORPORATION, S.A.;COLOMBIA;0.1%;400.00;LITROS; $11,589.33 ; Q88,481.75 ;7.63476;Agrequima; Q398.17 ;;;;;
RDON-REVAI-12357-23.pdf;60250A67;867126862;FUNGICIDA;867126862;6/04/2026;DUWEST GUATEMALA SOCIEDAD ANONIMA;CONSENTO 45 SC;Fenamidone, PropamocarbHydrocloride;DUWEST INC;COLOMBIA;0.1%;2,160.00;LITROS; $60,566.40 ; Q462,905.36 ;7.64294;Agrequima; Q2,083.07 ;;;;;
RDON-REVAI-12457-25.pdf;5BBCA4FD;1634812477;FUNGICIDA;1634812477;22/04/2026;BAYER, SOCIEDAD ANONIMA;NATIVO 30 SC;Tebuconazole, Trifloxystrobin;BAYER AG;COLOMBIA;0.1%;2,700.00;LITROS; $36,774.00 ; Q280,794.50 ;7.63568;Agrequima; Q1,263.58 ;;;;;
RDON-REVAI-12471-16.pdf;6928689C;3250536516;HERBICIDA;3250536516;23/04/2026;BAYER, SOCIEDAD ANONIMA;Merlin Total 60 SC;INDAZIFLAM, ISOXAFLUTOLE;BAYER AG;ALEMANIA;0.1%;1,000.00;LITROS; $93,300.00 ; Q712,556.36 ;7.63726;Agrequima; Q3,206.50 ;;;;;
RDON-REVAI-12433-01.pdf;C61EF8E3;771246948;INSECTICIDA;771246948;15/04/2026;BASF DE GUATEMALA  SOCIEDAD ANONIMA;VERSYS 10 DC;Afidopyropen;BASF DE COSTA RICA, S.A.;ESTADOS UNIDOS DE AMERICA;0.1%;1,240.00;LITROS; $99,113.20 ; Q757,303.15 ;7.64079;Agrequima; Q3,407.86 ;;;;;
RDON-REVAI-12360-23.pdf;F078BF3F;3925493186;FUNGICIDA;3925493186;6/04/2026;ARYSTA LIFESCIENCE DE GUATEMALA, SOCIEDAD ANONIMA;PROXANIL  45  SC;Cymoxanil, Propamocarb;ARYSTA LIFESCIENCE BENELUX SRL;BELGICA;0.1%;8,640.00;LITROS; $89,856.00 ; Q686,764.02 ;7.64294;Agrequima; Q3,090.44 ;;;;;
RDON-REVAI-12515-58.pdf;86E0F135;1769556341;MATERIA TÉCNICA FUNGICIDA;1769556341;30/04/2026;BAYER, SOCIEDAD ANONIMA;ISOTIANIL TECNICO;Isotianil;BAYER AG;ALEMANIA;0.1%;5,100.00;KILOGRAMOS; $628,677.00 ; Q4,799,798.01 ;7.63476;Agrequima; Q21,599.09 ;;;;;
RDON-REVAI-12378-57.pdf;A401B706;1720732181;INSECTICIDA;1720732181;10/04/2026;PROMOCIONES AGRICOLAS INDUSTRIALES Y COMERCIALES SOCIEDAD ANONIMA;PQZ  22 SC;Pyrifluquinazon;AGRO TRADING CORPORATION, S.A.;JAPON;0.1%;312.00;LITROS; $38,387.94 ; Q293,377.91 ;7.64245;Agrequima; Q1,320.20 ;;;;;
RDON-REVAI-12490-32.pdf;F1F01B85;3829746155;HERBICIDA;3829746155;24/04/2026;MAXIAGRO, SOCIEDAD ANONIMA;PICLOMAX 30.4 SL;2,4-D, PICLORAM;RAINBOW AGROSCIENCES (CENTRAL AMERICA) CO., LTD.;CHINA;0.1%;1,152.00;LITROS; $3,686.40 ; Q28,159.49 ;7.63875;Agrequima; Q126.72 ;;;;;
RDON-REVAI-12489-07.pdf;39E1202B;1511934625;HERBICIDA;1511934625;24/04/2026;MAXIAGRO, SOCIEDAD ANONIMA;PICLOMAX 30.4 SL;2,4-D, PICLORAM;RAINBOW AGROSCIENCES (CENTRAL AMERICA) CO., LTD.;CHINA;0.1%;2,160.00;LITROS; $5,940.00 ; Q45,355.94 ;7.63568;Agrequima; Q204.10 ;;;;;
RDON-REVAI-12488-32.pdf;0943791D;1353861426;HERBICIDA;1353861426;24/04/2026;MAXIAGRO, SOCIEDAD ANONIMA;NICOMAX  DUO  10.5 0D;MESOTRIONE, NICOSULFURON;RAINBOW AGROSCIENCES (CENTRAL AMERICA) CO., LTD.;CHINA;0.1%;1,152.00;LITROS; $11,347.20 ; Q86,643.59 ;7.63568;Agrequima; Q389.90 ;;;;;
RDON-REVAI-12487-03.pdf;19DC205C;3088338881;HERBICIDA;3088338881;24/04/2026;MAXIAGRO, SOCIEDAD ANONIMA;BRAHMAX 16.5 SL;2,4-D, PICLORAM;RAINBOW AGROSCIENCES (CENTRAL AMERICA) CO., LTD.;CHINA;0.1%;1,152.00;LITROS; $2,419.20 ; Q18,472.24 ;7.63568;Agrequima; Q83.13 ;;;;;
RDON-REVAI-12486-37.pdf;05EAA7A7;3735373539;HERBICIDA;3735373539;24/04/2026;MAXIAGRO, SOCIEDAD ANONIMA;BRAHMAX 16.5 SL;2,4-D, PICLORAM;RAINBOW AGROSCIENCES (CENTRAL AMERICA) CO., LTD.;CHINA;0.1%;2,106.00;LITROS; $3,748.68 ; Q28,623.72 ;7.63568;Agrequima; Q128.81 ;;;;;
RDON-REVAI-12485-02.pdf;07B7BECE;4250421448;INSECTICIDA;4250421448;24/04/2026;MAXIAGRO, SOCIEDAD ANONIMA;SPIROMAX PRO  33 SC;BUPROFEZIN, SPIROTETRAMAT;RAINBOW AGROSCIENCES (CENTRAL AMERICA) CO., LTD.;CHINA;0.1%;288.00;LITROS; $12,412.80 ; Q94,780.17 ;7.63568;Agrequima; Q426.51 ;;;;;
RDON-REVAI-12484-31.pdf;367B0A84;2804174220;INSECTICIDA;2804174220;24/04/2026;MAXIAGRO, SOCIEDAD ANONIMA;SPIROMAX PRO  33 SC;BUPROFEZIN, SPIROTETRAMAT;RAINBOW AGROSCIENCES (CENTRAL AMERICA) CO., LTD.;CHINA;0.1%;288.00;LITROS; $11,865.60 ; Q90,601.92 ;7.63568;Agrequima; Q407.71 ;;;;;
RDON-REVAI-12483-02.pdf;49417A14;2399618953;INSECTICIDA;2399618953;24/04/2026;MAXIAGRO, SOCIEDAD ANONIMA;SPIROMAX PRO  33 SC;BUPROFEZIN, SPIROTETRAMAT;RAINBOW AGROSCIENCES (CENTRAL AMERICA) CO., LTD.;CHINA;0.1%;288.00;LITROS; $11,566.08 ; Q88,314.89 ;7.63568;Agrequima; Q397.42 ;;;;;
RDON-REVAI-12482-32.pdf;1384740F;203771004;INSECTICIDA;203771004;24/04/2026;MAXIAGRO, SOCIEDAD ANONIMA;CLAIMAX  PRO  20 SC;EMAMECTINBENZOATE, SPINOSAD;RAINBOW AGROSCIENCES (CENTRAL AMERICA) CO., LTD.;CHINA;0.1%;288.00;LITROS; $28,431.36 ; Q217,092.77 ;7.63568;Agrequima; Q976.92 ;;;;;
RDON-REVAI-12481-05.pdf;CE35D6DA;416370288;INSECTICIDA;416370288;24/04/2026;MAXIAGRO, SOCIEDAD ANONIMA;CLAIMAX  PRO  20 SC;EMAMECTINBENZOATE, SPINOSAD;RAINBOW AGROSCIENCES (CENTRAL AMERICA) CO., LTD.;CHINA;0.1%;576.00;LITROS; $55,497.60 ; Q423,761.91 ;7.63568;Agrequima; Q1,906.93 ;;;;;
RDON-REVAI-12480-32.pdf;33E50BBA;1373521263;INSECTICIDA;1373521263;24/04/2026;MAXIAGRO, SOCIEDAD ANONIMA;CIPERMETRINA 25  EC;CYPERMETHRIN;RAINBOW AGROSCIENCES (CENTRAL AMERICA) CO., LTD.;CHINA;0.1%;504.00;LITROS; $2,797.20 ; Q21,358.52 ;7.63568;Agrequima; Q96.11 ;;;;;
RDON-REVAI-12371-22.pdf;405D6F6A;1450918872;MATERIA TÉCNICA FUNGICIDA;1450918872;8/04/2026;BAYER, SOCIEDAD ANONIMA;PROPAMOCARB HYDROCHLORIDE TECNICO;PropamocarbHydrocloride;BAYER AG;ALEMANIA;0.1%;18,348.62;LITROS; $356,400.00 ; Q2,724,164.78 ;7.64356;Agrequima; Q12,258.74 ;;;;;
RDON-REVAI-12372-51.pdf;51F0188E;158879653;MATERIA TÉCNICA FUNGICIDA;158879653;8/04/2026;BAYER, SOCIEDAD ANONIMA;PROPAMOCARB HYDROCHLORIDE TECNICO;PropamocarbHydrocloride;BAYER AG;ALEMANIA;0.1%;18,348.62;LITROS; $356,400.00 ; Q2,724,164.78 ;7.64356;Agrequima; Q12,258.74 ;;;;;
RDON-REVAI-12464-29.pdf;F20BE97E;1995459503;INSECTICIDA;1995459503;22/04/2026;BAYER, SOCIEDAD ANONIMA;CERTERO DUO 48 SC;Thiodicarb, Triflumuron;BAYER AG;COLOMBIA;0.1%;540.00;LITROS; $10,416.60 ; Q79,537.82 ;7.63568;Agrequima; Q357.92 ;;;;;
RDON-REVAI-12451-43.pdf;14A03FE4;61230529;FUNGICIDA;61230529;17/04/2026;ARYSTA LIFESCIENCE DE GUATEMALA, SOCIEDAD ANONIMA;UNILAX 72 WP;Mancozeb, Metalaxyl;UPL MAURITIUS LIMITED;INDIA;0.1%;12,000.00;KILOGRAMOS; $50,400.00 ; Q385,036.85 ;7.63962;Agrequima; Q1,732.67 ;;;;;
RDON-REVAI-12379-55.pdf;D63489C7;3188476245;HERBICIDA;3188476245;10/04/2026;NEGOCIOS RELACIONADOS, SOCIEDAD ANONIMA;ZPRIM 90 WG;Atrazine;TAHUAL AGRICOLA, S.A.;CHINA;0.1%;6,000.00;KILOGRAMOS; $34,800.00 ; Q265,995.89 ;7.64356;Agrequima; Q1,196.98 ;;;;;
RDON-REVAI-12390-18.pdf;70DF5CB8;1869825342;FUNGICIDA;1869825342;13/04/2026;DUWEST GUATEMALA SOCIEDAD ANONIMA;INDOZEB 80 WP;Mancozeb;DUWEST INC;INDIA;0.1%;22,400.00;KILOGRAMOS; $72,800.00 ; Q556,109.01 ;7.63886;Agrequima; Q2,502.49 ;;;;;
RDON-REVAI-12452-57.pdf;72CF828A;1901087938;HERBICIDA;1901087938;20/04/2026;DUWEST GUATEMALA SOCIEDAD ANONIMA;DURO / RUDO ULTRA /DIURON 80 WG;DIURON;DUWEST INC;CHINA;0.1%;14,000.00;KILOGRAMOS; $69,720.00 ; Q532,457.91 ;7.63709;Agrequima; Q2,396.06 ;;;;;
RDON-REVAI-12367-24.pdf;2CBFF9A5;1637304792;HERBICIDA;1637304792;7/04/2026;BAYER, SOCIEDAD ANONIMA;Sencor 48 SC;METRIBUZIN;BAYER AG;ESTADOS UNIDOS DE AMERICA;0.1%;6,000.00;LITROS; $83,820.00 ; Q640,531.48 ;7.64175;Agrequima; Q2,882.39 ;;;;;
RDON-REVAI-12423-18.pdf;2D6D53FC;1749962501;HERBICIDA;1749962501;14/04/2026;SUCAMPO;4XGLU 15 SL;GlufosinateAmmonium;RAINBOW AGROSCIENCES(CENTRAL AMERICA)CO., LTD.;CHINA;0.1%;3,010.00;LITROS; $7,360.10 ; Q56,217.11 ;7.63809;Agrequima; Q252.98 ;;;;;
RDON-REVAI-12422-45.pdf;CD8D59F7;940458880;HERBICIDA;940458880;14/04/2026;SUCAMPO;4XQUAT  20  SL;Paraquat;RAINBOW AGROSCIENCES(CENTRAL AMERICA)CO., LTD.;CHINA;0.1%;3,310.00;LITROS; $7,952.30 ; Q60,740.38 ;7.63809;Agrequima; Q273.33 ;;;;;
RDON-REVAI-12421-13.pdf;63539028;3741796351;INSECTICIDA;3741796351;14/04/2026;SUCAMPO;CAMPONATE  90  SP;Methomyl;RAINBOW AGROSCIENCES(CENTRAL AMERICA)CO., LTD.;CHINA;0.1%;600.00;KILOGRAMOS; $9,102.00 ; Q69,521.90 ;7.63809;Agrequima; Q312.85 ;;;;;
RDON-REVAI-12420-43.pdf;5C022130;4094313720;FUNGICIDA;4094313720;14/04/2026;SUCAMPO;CAMPTANK  50 WP;Captan;RAINBOW AGROSCIENCES(CENTRAL AMERICA)CO., LTD.;CHINA;0.1%;640.00;KILOGRAMOS; $3,020.80 ; Q23,073.14 ;7.63809;Agrequima; Q103.83 ;;;;;
RDON-REVAI-12419-14.pdf;7BC3CC7F;3042918706;HERBICIDA;3042918706;14/04/2026;SUCAMPO;4XZATTO 35.6 SL;GLYPHOSATE;RAINBOW AGROSCIENCES(CENTRAL AMERICA)CO., LTD.;CHINA;0.1%;2,710.00;LITROS; $6,725.40 ; Q51,369.21 ;7.63809;Agrequima; Q231.16 ;;;;;
RDON-REVAI-12418-44.pdf;CDF93807;2321301939;HERBICIDA;2321301939;14/04/2026;SUCAMPO;4XTOCHO  60 WG;METSULFURONMETIL;RAINBOW AGROSCIENCES(CENTRAL AMERICA)CO., LTD.;CHINA;0.1%;50.00;KILOGRAMOS; $1,630.00 ; Q12,450.09 ;7.63809;Agrequima; Q56.03 ;;;;;
RDON-REVAI-12417-15.pdf;C3B80D13;1095451450;HERBICIDA;1095451450;14/04/2026;SUCAMPO;4XMILPIAX   4 OD;Nicosulfuron;RAINBOW AGROSCIENCES(CENTRAL AMERICA)CO., LTD.;CHINA;0.1%;1,800.00;LITROS; $7,308.00 ; Q55,819.16 ;7.63809;Agrequima; Q251.19 ;;;;;
RDON-REVAI-12416-44.pdf;7D351CF4;1009994115;HERBICIDA;1009994115;14/04/2026;SUCAMPO;LENKOR  32 SC;GlufosinatodeAmonio, Oxyfluorfen;RAINBOW AGROSCIENCES(CENTRAL AMERICA)CO., LTD.;CHINA;0.1%;1,280.00;LITROS; $9,984.00 ; Q76,258.69 ;7.63809;Agrequima; Q343.16 ;;;;;
RDON-REVAI-12415-16.pdf;FA696FB3;1783123624;FUNGICIDA;1783123624;14/04/2026;SUCAMPO;CAMPODAZIM  50 SC;Carbendazim;RAINBOW AGROSCIENCES(CENTRAL AMERICA)CO., LTD.;CHINA;0.1%;1,200.00;LITROS; $5,700.00 ; Q43,537.11 ;7.63809;Agrequima; Q195.92 ;;;;;
RDON-REVAI-12365-57.pdf;6E7D3EFF;606096246;NEMATICIDA;606096246;7/04/2026;TECNICA UNIVERSAL SOCIEDAD ANONIMA;NEMACUR 40 EC;FENAMIPHOS;AMVAC DE COSTA RICA S.R.L;GUATEMALA;0.1%;2,322.24;LITROS; $34,871.85 ; Q266,481.96 ;7.64175;Agrequima; Q1,199.17 ;;;;;
RDON-REVAI-12412-42.pdf;C2D33811;1626293629;HERBICIDA;1626293629;14/04/2026;QUIMICOS AGRICOLAS INSECTROL SOCIEDAD ANONIMA;TORBAN  30.4 SL;2,4-D, PICLORAM;RAINBOW AGROSCIENCES(CENTRAL AMERICA)CO., LTD.;CHINA;0.1%;12,200.00;LITROS; $33,206.00 ; Q253,630.42 ;7.63809;Agrequima; Q1,067.40 ;;;;;
RDON-REVAI-12411-12.pdf;74212718;3247589461;HERBICIDA;3247589461;14/04/2026;QUIMICOS AGRICOLAS INSECTROL SOCIEDAD ANONIMA;2,4-D + PICLORAM 16,5 SL;2,4-D, PICLORAM;RAINBOW AGROSCIENCES(CENTRAL AMERICA)CO., LTD.;CHINA;0.1%;2,000.00;LITROS; $2,940.00 ; Q22,455.98 ;7.63809;Agrequima; Q174.98 ;;;;;
RDON-REVAI-12410-14.pdf;5046FAE1;3499380423;HERBICIDA;3499380423;14/04/2026;BARILLAS,GALVEZ,,MANUEL,ANTONIO;TIGERBULL   48  SL;Mcpa, Picloram, Triclopyr;AGROQUIMICA INDUSTRIAL RIMAC, S.A.;COSTA RICA;0.1%;770.00;LITROS; $6,840.00 ; Q52,244.54 ;7.63809;Agrequima; Q235.10 ;;;;;
RDON-REVAI-12409-41.pdf;FDFDD729;2914730150;HERBICIDA;2914730150;14/04/2026;BARILLAS,GALVEZ,,MANUEL,ANTONIO;BULLGRASS  30.4  SL;2,4-D, Picloram;AGROQUIMICA INDUSTRIAL RIMAC, S.A.;COSTA RICA;0.1%;1,508.00;LITROS; $5,852.00 ; Q44,698.10 ;7.63809;Agrequima; Q201.14 ;;;;;
RDON-REVAI-12408-11.pdf;18134366;1451511359;HERBICIDA;1451511359;14/04/2026;BARILLAS,GALVEZ,,MANUEL,ANTONIO;HA 72  SL;2,4-D;AGROQUIMICA INDUSTRIAL RIMAC, S.A.;COSTA RICA;0.1%;608.00;LITROS; $2,155.36 ; Q16,462.83 ;7.63809;Agrequima; Q74.08 ;;;;;
RDON-REVAI-12407-40.pdf;C657CEC3;2399489565;HERBICIDA;2399489565;14/04/2026;BARILLAS,GALVEZ,,MANUEL,ANTONIO;FANTASMA 12.5 EC;Fluazifop-P-Butyl;AGROQUIMICA INDUSTRIAL RIMAC, S.A.;COSTA RICA;0.1%;640.00;LITROS; $5,440.00 ; Q41,551.21 ;7.63809;Agrequima; Q186.98 ;;;;;
RDON-REVAI-12406-11.pdf;B8C6C0A7;934847;HERBICIDA;934847;14/04/2026;BARILLAS,GALVEZ,,MANUEL,ANTONIO;TRIGGER 48 EC;Triclopir;AGROQUIMICA INDUSTRIAL RIMAC, S.A.;COSTA RICA;0.1%;320.00;LITROS; $3,200.00 ; Q24,441.89 ;7.63809;Agrequima; Q109.99 ;;;;;
RDON-REVAI-12362-47.pdf;BEC95B39;10963709;MOLUSQUICIDA;10963709;7/04/2026;EMPRESA CENTROAMERICANA DE SERVICIOS, S.A.;AXCELA  3 GR;METHALDEHYDE;AGRO TRADING CORPORATION, S. A .;SUIZA;0.1%;2,100.00;KILOGRAMOS; $7,090.13 ; Q54,181.00 ;7.64175;Agrequima; Q243.81 ;;;;;
RDON-REVAI-12366-58.pdf;62017B68;1586447993;INSECTICIDA, NEMATICIDA;1586447993;7/04/2026;TECNICA UNIVERSAL SOCIEDAD ANONIMA;MOCAP  10 GR;ETHOPROPHOS;AMVAC DE COSTA RICA S.R.L;ESTADOS UNIDOS DE AMERICA;0.1%;12,500.00;KILOGRAMOS; $52,195.40 ; Q398,864.20 ;7.64175;Agrequima; Q1,794.89 ;;;;;
RDON-REVAI-12405-41.pdf;B00513AE;313542146;INSECTICIDA;313542146;14/04/2026;BARILLAS,GALVEZ,,MANUEL,ANTONIO;RIMPIRIFOS  48  EC;Clorpirifos;AGROQUIMICA INDUSTRIAL RIMAC, S.A.;COSTA RICA;0.1%;5,952.00;LITROS; $30,080.00 ; Q229,753.75 ;7.63809;Agrequima; Q1,033.89 ;;;;;
RDON-REVAI-12404-11.pdf;723E5A18;4171648005;INSECTICIDA, NEMATICIDA;4171648005;14/04/2026;BARILLAS,GALVEZ,,MANUEL,ANTONIO;GREEN GO OXAMIL 10 GR;Oxamyl;AGROQUIMICA INDUSTRIAL RIMAC, S.A.;COSTA RICA;0.1%;450.00;KILOGRAMOS; $1,584.00 ; Q12,098.73 ;7.63809;Agrequima; Q54.44 ;;;;;
RDON-REVAI-12430-31.pdf;FFCD40D5;3573301889;INSECTICIDA;3573301889;15/04/2026;AGROFORTRESS, SOCIEDAD ANONIMA;FARAON 20 EC;Carbosulfan;TAHUAL AGRICOLA, S.A.;CHINA;0.1%;300.00;LITROS; $1,887.00 ; Q14,418.17 ;7.64079;Agrequima; Q64.88 ;;;;;
RDON-REVAI-12476-27.pdf;E8CE89FC;1710574051;INSECTICIDA;1710574051;24/04/2026;MAXIAGRO, SOCIEDAD ANONIMA;TAMAX 44 EC;CYPERMETHRIN, PROFENOFOS;RAINBOW AGROSCIENCES (CENTRAL AMERICA) CO., LTD.;CHINA;0.1%;288.00;LITROS; $2,764.80 ; Q21,119.39 ;7.63867;Agrequima; Q95.04 ;;;;;
RDON-REVAI-12475-56.pdf;DAB4D99E;1534216391;INSECTICIDA;1534216391;24/04/2026;MAXIAGRO, SOCIEDAD ANONIMA;TAMAX 44 EC;CYPERMETHRIN, PROFENOFOS;RAINBOW AGROSCIENCES (CENTRAL AMERICA) CO., LTD.;CHINA;0.1%;576.00;LITROS; $5,137.92 ; Q39,247.29 ;7.63875;Agrequima; Q176.61 ;;;;;
RDON-REVAI-12474-27.pdf;A8D3C379;3956687243;FUNGICIDA;3956687243;24/04/2026;MAXIAGRO, SOCIEDAD ANONIMA;MAX TOP   32.5  SC;Azoxystrobin, Difenoconazol;RAINBOW AGROSCIENCES (CENTRAL AMERICA) CO., LTD.;CHINA;0.1%;288.00;LITROS; $6,379.20 ; Q48,728.60 ;7.63867;Agrequima; Q219.28 ;;;;;
RDON-REVAI-12438-35.pdf;56385F9D;1542540408;HERBICIDA;1542540408;15/04/2026;NEGOCIOS RELACIONADOS, SOCIEDAD ANONIMA;ZPRIM 90 WG;Atrazine;TAHUAL AGRICOLA, S.A.;CHINA;0.1%;8,000.00;KILOGRAMOS; $36,000.00 ; Q275,068.44 ;7.64079;Agrequima; Q1,237.81 ;;;;;
RDON-REVAI-12479-04.pdf;7C5A46CD;2157662141;INSECTICIDA;2157662141;24/04/2026;MAXIAGRO, SOCIEDAD ANONIMA;CIPERMETRINA 25  EC;CYPERMETHRIN;RAINBOW AGROSCIENCES (CENTRAL AMERICA) CO., LTD.;CHINA;0.1%;4,608.00;LITROS; $21,381.12 ; Q163,259.39 ;7.63568;Agrequima; Q734.67 ;;;;;
RDON-REVAI-12478-33.pdf;063E3DB6;3353626049;INSECTICIDA;3353626049;24/04/2026;MAXIAGRO, SOCIEDAD ANONIMA;CHONMAX 2.5 EC;LAMBDACYHALOTRINA;RAINBOW AGROSCIENCES (CENTRAL AMERICA) CO., LTD.;CHINA;0.1%;1,152.00;LITROS; $3,686.40 ; Q28,148.17 ;7.63568;Agrequima; Q126.67 ;;;;;
RDON-REVAI-12477-03.pdf;2E9246DB;3697557652;FUNGICIDA;3697557652;24/04/2026;MAXIAGRO, SOCIEDAD ANONIMA;CAPTAMAX 50 WP;CAPTAN;RAINBOW AGROSCIENCES (CENTRAL AMERICA) CO., LTD.;CHINA;0.1%;1,504.00;KILOGRAMOS; $7,023.68 ; Q53,630.57 ;7.63568;Agrequima; Q241.34 ;;;;;
RDON-REVAI-12466-02.pdf;429EB26E;196037559;HERBICIDA;196037559;22/04/2026;AGROFORTRESS, SOCIEDAD ANONIMA;TERBUTRINA 50 SC;Terbutryn;TAHUAL AGRICOLA, S.A.;CHINA;0.1%;10,000.00;LITROS; $39,300.00 ; Q300,137.64 ;7.63709;Agrequima; Q1,350.62 ;;;;;
RDON-REVAI-12398-12.pdf;CC937990;2295611599;HERBICIDA;2295611599;14/04/2026;TRIBO SA;D-CLEAN 72 SL;2,4-D;COMERCIALIZADORA DE INSUMOS AGRÍCOLAS;CHINA;0.1%;3,600.00;LITROS; $7,812.00 ; Q59,711.49 ;7.64356;Agrequima; Q268.70 ;;;;;
RDON-REVAI-12492-08.pdf;67B70440;4153688084;HERBICIDA;4153688084;28/04/2026;DUWEST GUATEMALA SOCIEDAD ANONIMA;DIUREX  80 WG;DIURON;DUWEST INC;ISRAEL;0.1%;10,500.00;KILOGRAMOS; $57,855.00 ; Q441,659.86 ;7.63391;Agrequima; Q1,987.47 ;;;;;
RDON-REVAI-12495-03.pdf;CF89B4C5;948391079;INSECTICIDA        ;948391079;29/04/2026;ADAMA GUATEMALA, SOCIEDAD ANONIMA;BRALIC 11.6 EC;Allium sativum;IIN850215MIA;ISRAEL;0.1%;312.00;LITROS; $29,568.00 ; Q225,715.61 ;7.63378;Agrequima; Q1,015.72 ;;;;;
67025;7515C351;156582455;FUNGICIDA                ;156582455;4/05/2026;BAYER S.A.                              ;TRIFLOXYSTROBIN AE C642802-PU-02 ANALYTICAL STANDARDS   ;TRIFLOXISTROBIN    ;BAYER AG                ;SUIZA                    ;0.1%;0.1;KILOS ; $10.63 ; Q81.17 ;7.63627;Agrequima; Q0.37 ;;;;;
67026;57579490;1915634758;FUNGICIDA                ;1915634758;4/05/2026;BAYER S.A.                              ;PROPAMOCARB AE B039744 00 1C97 0001 ANALYTICAL STANDARDS;PROPAMOCARB        ;BAYER AG                                        ;ALEMANIA                 ;0.1%;0.1;LITROS; $10.63 ; Q81.17 ;7.63627;Agrequima; Q0.37 ;;;;;
67027;26A1D03C;1845972962;FUNGICIDA                ;1845972962;4/05/2026;BAYER S.A.                              ;FLUOXASTROBIN AE 1228646 00 1B99 0001 ANALYTICAL        ;FLUOXASTROBIN      ;BAYER  AG                                       ;ALEMANIA                 ;0.1%;0.1;KILOS ; $10.63 ; Q81.17 ;7.63627;Agrequima; Q0.37 ;;;;;
67028;EA0C470C;1544569166;FUNGICIDA                ;1544569166;4/05/2026;BAYER S.A.                              ;FLUOPYRAM AE C656948-PU-01 ANALYTICAL STANDARDS         ;FLUOPYRAM          ;BAYER AG                                        ;ALEMANIA                 ;0.1%;0.1;KILOS ; $10.63 ; Q81.17 ;7.63627;Agrequima; Q0.37 ;;;;;
67029;E8E56AE1;2016036672;INSECTICIDA              ;2016036672;4/05/2026;BAYER S.A.                              ;ETHIPROLE AE 0316423-PU-03 ANALYTICAL STANDARDS         ;ETHIPROLE          ;BAYER AG                                        ;ALEMANIA                 ;0.1%;0.1;KILOS ; $10.63 ; Q81.17 ;7.63627;Agrequima; Q0.37 ;;;;;
67030;47DC9707;558777363;INSECTICIDA              ;558777363;4/05/2026;BAYER S.A.                              ;DELTAMETHRIN AE F032640-PU-03 ANALYTICAL STANDARDS      ;DELTAMETRINA       ;BAYER AG                                        ;INDIA                    ;0.1%;0.1;KILOS ; $10.63 ; Q81.17 ;7.63627;Agrequima; Q0.37 ;;;;;
67031;B795D13F;689652878;FUNGICIDA                ;689652878;4/05/2026;BAYER S.A.                              ;FLUOPICOLIDE AE C638206-PU-01  ANALYTICAL STANDARDS     ;FLUOPICOLIDE       ;BAYER AG                                        ;SUIZA                    ;0.1%;0.1;KILOS ; $10.63 ; Q81.17 ;7.63627;Agrequima; Q0.37 ;;;;;
67032;C182C432;1320304893;HERBICIDA;1320304893;4/05/2026;DISTRIBUIDORA DE QUIMICOS AGRICOLAS, S.A;2,4-D TÉCNICO 98%                                       ;2,4-D              ;RAINBOW AGROSCIENCES (CENTRAL AMERICA) CO. LTD. ;CHINA                    ;0.1%;3,000.00;KILOS ; $7,350.00 ; Q56,126.58 ;7.63627;Agrequima; Q252.57 ;;;;;
67033;B7A52BCE;2391687212;HERBICIDA;2391687212;4/05/2026;DISTRIBUIDORA DE QUIMICOS AGRICOLAS, S.A;2,4-D TÉCNICO 98%                                       ;2,4-D              ;RAINBOW AGROSCIENCES (CENTRAL aMERICA ) CO. LTD.;CHINA                    ;0.1%;21,000.00;KILOS ; $51,450.00 ; Q392,886.09 ;7.63627;Agrequima; Q1,767.99 ;;;;;
67034;7E9EFCAA;3762506281;INSECTICIDA              ;3762506281;4/05/2026;OLEFINAS, S.A.                          ;CONCENTRADO REFINSADO DE PIRETRO AL 50%                 ;PYRETHRIN (PIRETRO);McLAUGHLIN GORMLEY KING COMPANY                 ;ESTADOS UNIDOS DE AMERICA;0.1%;14.52;LITROS; $642.93 ; Q4,909.59 ;7.63627;Agrequima; Q22.09 ;;;;;
67035;29320A2C;550194806;FUNGICIDA;550194806;6/05/2026;AGRO INSUMOS, S.A.;SICO  25  EC                         ;DIFECONAZOLE                    ;SYNGENTA CROP PROTECTION AG ;COLOMBIA;0.1%;3,600.00;LITROS; $44,741.39 ; Q341,657.33 ;7.63627;Agrequima; Q1,537.46 ;;;;;
67036;A30FB2FE;2304590711;FUNGICIDA;2304590711;6/05/2026;AGRO INSUMOS, S.A.;ORONDIS ULTRA 28  SC             ;MANDIPROPAMID, OXATHIAPIPROLIN            ;SYNGENTA CROP PROTECTION AG;ESTADOS UNIDOS DE AMERICA;0.1%;156;LITROS; $10,888.71 ; Q83,149.13 ;7.63627;Agrequima; Q374.17 ;;;;;
67037;CDD95772;1717325284;FUNGICIDA;1717325284;6/05/2026;AGRO INSUMOS, S.A.;MIRAVIS DUO 20 SC                    ;DIFENOCONAZOLE, PYDIFLUMETOFEN  ;SYNGENTA CROP PROTECTION AG ;COLOMBIA;0.1%;4,596.00;LITROS; $142,380.82 ; Q1,087,258.38 ;7.63627;Agrequima; Q4,892.66 ;;;;;
67038;4D49F078;2791722293;FUNGICIDA;2791722293;6/05/2026;AGRO INSUMOS, S.A.;MIRAVIS DUO 20 SC                    ;DIFENOCONAZOLE, PYDIFLUMETOFEN  ;SYNGENTA CROP PROTECTION AG ;COLOMBIA;0.1%;1,716.00;LITROS; $53,160.46 ; Q405,947.63 ;7.63627;Agrequima; Q1,826.76 ;;;;;
67039;1E907241;1431258993;FUNGICIDA            ;1431258993;6/05/2026;AGRO INSUMOS, S.A.;CARIAL FLEX 43 WG                ;CYMOXANIL, MANDIPROPAMID                  ;SYNGENTA CROP PROTECTION AG;FRANCIA                  ;0.1%;376;KILOS ; $11,793.45 ; Q90,057.97 ;7.63627;Agrequima; Q405.26 ;;;;;
67040;66B3E7FE;3089318693;FUNGICIDA            ;3089318693;6/05/2026;AGRO INSUMOS, S.A.;REVUS  OPTI  44  SC                  ;CLOROTALONIL, MANDIPROPAMID     ;SYNGENTA CROP PROTECTION AG ;COLOMBIA;0.1%;1,116.00;LITROS; $18,339.42 ; Q140,044.76 ;7.63627;Agrequima; Q630.20 ;;;;;
67041;149450AA;545998712;FUNGICIDA            ;545998712;6/05/2026;AGRO INSUMOS, S.A.;SICO  25  EC                         ;DIFECONAZOLE                    ;SYNGENTA CROP PROTECTION AG ;COLOMBIA;0.1%;3,000.00;LITROS; $37,284.50 ; Q284,714.51 ;7.63627;Agrequima; Q1,281.22 ;;;;;
67042;B38AD250;3857925166;INSECTICIDA;3857925166;6/05/2026;AGRO INSUMOS, S.A.;AMPLIGO  15  SC                  ;CLORANTRANILIPROLE, LAMBDA CIHALOTRINA    ;SYNGENTA CROP PROTECTION AG;FRANCIA                  ;0.1%;240;LITROS; $14,702.60 ; Q112,273.02 ;7.63627;Agrequima; Q505.23 ;;;;;
67043;E6BB0F2B;1484474069;FUNGICIDA            ;1484474069;6/05/2026;AGRO INSUMOS, S.A.;MERTECT  50  SC                      ;TIABENDAZOL                     ;SYNGENTA CROP PROTECTION AG ;COLOMBIA;0.1%;1,332.00;LITROS; $52,055.62 ; Q397,510.77 ;7.63627;Agrequima; Q1,788.80 ;;;;;
67044;A73A6A0A;2218412421;FUNGICIDA            ;2218412421;6/05/2026;AGRO INSUMOS, S.A.;BRAVO  72  SC                    ;CLOROTALONIL                              ;SYNGENTA CROP PROTECTION AG;COLOMBIA                 ;0.1%;504;LITROS; $4,019.85 ; Q30,696.66 ;7.63627;Agrequima; Q138.13 ;;;;;
67045;0B8373C3;2401585441;FUNGICIDA            ;2401585441;6/05/2026;AGRO INSUMOS, S.A.;BRAVO  72  SC                    ;CLOROTALONIL                              ;SYNGENTA CROP PROTECTION AG;COLOMBIA                 ;0.1%;10,404.00;LITROS; $82,981.21 ; Q633,666.92 ;7.63627;Agrequima; Q2,851.50 ;;;;;
67046;729BF8C0;3777774828;FUNGICIDA            ;3777774828;6/05/2026;AGRO INSUMOS, S.A.;BRAVO  72  SC                    ;CLOROTALONIL                              ;SYNGENTA CROP PROTECTION AG;COLOMBIA                 ;0.1%;9,600.00;LITROS; $76,568.59 ; Q584,698.43 ;7.63627;Agrequima; Q2,631.14 ;;;;;
67047;57A6DEC6;4058268254;INSECTICIDA;4058268254;6/05/2026;AGRO INSUMOS, S.A.;CURYOM   55  EC                      ;LUFENURON, PROFENOFOS           ;SYNGENTA CROP PROTECTION AG ;COLOMBIA;0.1%;7,704.00;LITROS; $195,906.56 ; Q1,495,995.39 ;7.63627;Agrequima; Q6,731.98 ;;;;;
67048;525E3048;415580302;FUNGICIDA            ;415580302;6/05/2026;AGRO INSUMOS, S.A.;RIDOMIL GOLD MZ 68 WP                ;METALAXIL-M, MANCOZEB           ;SYNGENTA  CROP PROTECTION AG;COLOMBIA;0.1%;600;KILOS ; $7,999.71 ; Q61,087.95 ;7.63627;Agrequima; Q274.90 ;;;;;
67049;44E9A613;223102674;INSECTICIDA;223102674;6/05/2026;AGRO INSUMOS, S.A.;INCIPIO 20 SC                    ;ISOCYCLOSERAM                             ;SYNGENTA CROP PROTECTION AG;INGLATERRA               ;0.1%;2,001.60;LITROS; $210,576.57 ; Q1,608,019.54 ;7.63627;Agrequima; Q7,236.09 ;;;;;
67050;E2E714C0;3318040268;FUNGICIDA            ;3318040268;6/05/2026;AGRO INSUMOS, S.A.;INCIPIO 20 SC;ISOCYCLOSERAM;SYNGENTA CROP PROTECTION AG;INGLATERRA;0.1%;384;LITROS; $38,938.53 ; Q297,345.13 ;7.63627;Agrequima; Q1,338.05 ;;;;;
67051;F40C81F9;1373981385;FUNGICIDA            ;1373981385;6/05/2026;AGRO INSUMOS, S.A.;SPYRALE 47.5 EC                  ;DIFENOCONAZOLE, FENPROPIDIN               ;SYNGENTA CROP PROTECTION AG;HUNGRIA                  ;0.1%;2,000.00;LITROS; $21,969.47 ; Q167,764.80 ;7.63627;Agrequima; Q754.94 ;;;;;
67052;A315FCDB;4118432737;FUNGICIDA            ;4118432737;6/05/2026;AGRO INSUMOS, S.A.;RIDOMIL GOLD MZ 68 WP                ;METALAXIL-M, MANCOZEB           ;SYNGENTA CROP PROTECTION AG ;COLOMBIA;0.1%;5,265.00;KILOS ; $53,339.06 ; Q407,311.46 ;7.63627;Agrequima; Q1,832.90 ;;;;;
67053;2D595BDF;2177451254;FUNGICIDA            ;2177451254;6/05/2026;AGRO INSUMOS, S.A.;RIDOMIL GOLD MZ 68 WP                ;METALAXIL-M, MANCOZEB           ;SYNGENTA CROP PROTECTION AG ;COLOMBIA;0.1%;2,940.00;KILOS ; $29,784.77 ; Q227,444.55 ;7.63627;Agrequima; Q1,023.50 ;;;;;
67054;6574FFDE;253576703;FUNGICIDA            ;253576703;6/05/2026;AGRO INSUMOS, S.A.;UNIFORM 44.54 SE                 ;AZOXISTROBIN, METALAXIL-M                 ;SYNGENTA CROP PROTECTION AG;ESTADOS UNIDOS DE AMERICA;0.1%;110.4;LITROS; $4,792.59 ; Q36,597.51 ;7.63627;Agrequima; Q164.69 ;;;;;
67055;9EBF4941;2619034047;FUNGICIDA            ;2619034047;6/05/2026;AGRO INSUMOS, S.A.;REVUS OPTI 44 SC                     ;MANDIPROPAMID, CLOROTALONIL     ;SYNGENTA CROP PROTECTION AG ;COLOMBIA;0.1%;5,940.00;LITROS; $106,790.83 ; Q815,483.61 ;7.63627;Agrequima; Q3,669.68 ;;;;;
67056;44C5D4C1;1297434810;FUNGICIDA;1297434810;6/05/2026;AGRO INSUMOS, S.A.;FOLIO GOLD / RIDOMIL GOLD BRAVO 44 SC;METALAXIL-M, CLOROTALONIL       ;SYNGENTA CROP PROTECTION AG ;COLOMBIA;0.1%;816;LITROS; $9,867.66 ; Q75,352.12 ;7.63627;Agrequima; Q339.08 ;;;;;
67057;2D1F8BEA;3880142516;FUNGICIDA;3880142516;6/05/2026;AGRO INSUMOS, S.A.;CARIAL FLEX 43 WG                ;CYMOXANIL, MANDIPROPAMID                  ;SYNGENTA CROP PROTECTION AG;FRANCIA                  ;0.1%;568;KILOS ; $17,815.64 ; Q136,045.04 ;7.63627;Agrequima; Q612.20 ;;;;;
67058;1A7FE7C8;1653164476;INSECTICIDA;1653164476;6/05/2026;AGRO INSUMOS, S.A.;KARATE  ZEON 5 CS                    ;LAMBDA CYHALOTRINA              ;SYNGENTA CROP PROTECTION AG ;BELGICA ;0.1%;360;LITROS; $5,608.55 ; Q42,828.40 ;7.63627;Agrequima; Q192.73 ;;;;;
67059;8E55EE61;2412725755;INSECTICIDA;2412725755;6/05/2026;AGRO INSUMOS, S.A.;AMPLIGO  15  SC                  ;CLORANTRANILIPROLE, LAMBDA CIHALOTRINA    ;SYNGENTA CROP PROTECTION AG;FRANCIA                  ;0.1%;288;LITROS; $17,643.12 ; Q134,727.63 ;7.63627;Agrequima; Q606.27 ;;;;;
67060;D1EAF0C4;1685736453;INSECTICIDA;1685736453;6/05/2026;AGRO INSUMOS, S.A.;AMPLIGO  15  SC                  ;CLORANTRANILIPROLE, LAMBDA CIHALOTRINA    ;SYNGENTA CROP PROTECTION AG;FRANCIA                  ;0.1%;206.4;LITROS; $13,695.36 ; Q104,581.47 ;7.63627;Agrequima; Q470.62 ;;;;;
67061;A7BFAA53;2316714355;NEMATICIDA,FUNGICIDA;2316714355;6/05/2026;AGRO INSUMOS, S.A.;VANIVA 45 SC                         ;CYCLOBUTRIFLURAN                ;SYNGENTA CROP PROTECTION AG ;COLOMBIA;0.1%;307.2;LITROS; $54,652.17 ; Q417,338.73 ;7.63627;Agrequima; Q1,878.02 ;;;;;
67062;52EC2359;2207665956;FUNGICIDA             ;2207665956;6/05/2026;AGRO INSUMOS, S.A.;BRAVONIL 72 SC                       ;CLOROTALONIL                    ;SYNGENTA CROP PROTECTION AG ;COLOMBIA;0.1%;1,200.00;LITROS; $4,887.04 ; Q37,318.76 ;7.63627;Agrequima; Q167.93 ;;;;;
67063;04DD96B9;2662222189;FUNGICIDA             ;2662222189;6/05/2026;AGRO INSUMOS, S.A.;BRAVONIL 72 SC                       ;CLOROTALONIL                    ;SYNGENTA CROP PROTECTION AG ;COLOMBIA;0.1%;2,200.00;LITROS; $8,959.58 ; Q68,417.77 ;7.63627;Agrequima; Q307.88 ;;;;;
67064;AD09009D;848382711;FUNGICIDA             ;848382711;6/05/2026;AGRO INSUMOS, S.A.;SICO  25  EC                         ;DIFECONAZOLE                    ;SYNGENTA CROP PROTECTION AG ;COLOMBIA;0.1%;2,600.00;LITROS; $32,313.23 ; Q246,752.55 ;7.63627;Agrequima; Q1,110.39 ;;;;;
67065;0AE82C82;3557246968;FUNGICIDA             ;3557246968;6/05/2026;AGRO INSUMOS, S.A.;MERTECT  50  SC                      ;TIABENDAZOL                     ;SYNGENTA CROP PROTECTION AG ;COLOMBIA;0.1%;139.2;LITROS; $7,010.66 ; Q53,535.29 ;7.63627;Agrequima; Q240.91 ;;;;;
67066;0FB56106;1495221067;FUNGICIDA             ;1495221067;6/05/2026;AGRO INSUMOS, S.A.;AMISTAR XTRA / PRIORI XTRA  28 SC;CYPROCONAZOL, AZOXISTROBINA               ;SYNGENTA CROP PROTECTION AG;COLOMBIA                 ;0.1%;1,400.00;LITROS; $27,318.44 ; Q208,610.98 ;7.63627;Agrequima; Q938.75 ;;;;;
67067;FA8C408F;3920121291;FUNGICIDA, INSECTICIDA            ;3920121291;6/05/2026;AGRO INSUMOS, S.A.;FORTENZA MAXX 38.25 FS           ;THIAMETHOXAM+CYANTRANILIPROLE, FLUDIOXOMIL;SYNGENTA CROP PROTECTION AG;ESTADOS UNIDOS DE AMERICA;0.1%;422.4;LITROS; $21,767.51 ; Q166,222.58 ;7.63627;Agrequima; Q748.00 ;;;;;
67068;EBB538F4;1706771915;HERBICIDA;1706771915;6/05/2026;AGRO INSUMOS, S.A.;DUAL  GOLD  96  EC                   ;S-METOLACHLOR                   ;SYNGENTA CROP PROTECTION AG ;COLOMBIA;0.1%;420;LITROS; $3,661.53 ; Q27,960.43 ;7.63627;Agrequima; Q125.82 ;;;;;
67069;A035446F;1584873838;FUNGICIDA             ;1584873838;6/05/2026;AGRO INSUMOS, S.A.;BRAVO  72  SC                    ;CLOROTALONIL                              ;SYNGENTA CROP PROTECTION AG;COLOMBIA                 ;0.1%;9,108.00;LITROS; $72,644.45 ; Q554,732.63 ;7.63627;Agrequima; Q2,496.30 ;;;;;
67070;11B093A7;3170716545;FUNGICIDA;3170716545;6/05/2026;AGRO INSUMOS, S.A.;REVUS  OPTI  44  SC                  ;CLOROTALONIL, MANDIPROPAMID     ;SYNGENTA CROP PROTECTION AG ;COLOMBIA;0.1%;180;LITROS; $2,957.97 ; Q22,587.86 ;7.63627;Agrequima; Q101.65 ;;;;;
67071;87454095;2168932698;INSECTICIDA;2168932698;6/05/2026;AGRO INSUMOS, S.A.;INCIPIO 20 SC;ISOCYCLOSERAM;SYNGENTA CROP PROTECTION AG;INGLATERRA;0.1%;48;LITROS; $4,867.32 ; Q37,168.17 ;7.63627;Agrequima; Q167.26 ;;;;;
67072;4735F1A1;3139650600;FUNGICIDA             ;3139650600;6/05/2026;AGRO INSUMOS, S.A.;SOLVIGO  10.8  SC                ;ABAMECTINA, THIAMETHOXAM                  ;SYNGENTA CROP PROTECTION AG;ESTADOS UNIDOS DE AMERICA;0.1%;564;LITROS; $19,507.56 ; Q148,965.00 ;7.63627;Agrequima; Q670.34 ;;;;;
67073;3FA038BA;4249436929;FUNGICIDA             ;4249436929;6/05/2026;AGRO INSUMOS, S.A.;AMISTAR TOP 32.5 SC              ;AZOXISTROBINA, DIFENOCONAZOLE             ;SYNGENTA CROP PROTECTION AG;COLOMBIA                 ;0.1%;444;LITROS; $31,243.69 ; Q238,585.25 ;7.63627;Agrequima; Q1,073.63 ;;;;;
67074;1A5F3DB1;3165604692;FUNGICIDA             ;3165604692;6/05/2026;AGRO INSUMOS, S.A.;AMISTAR XTRA / PRIORI XTRA  28 SC;CYPROCONAZOL, AZOXISTROBINA               ;SYNGENTA CROP PROTECTION AG;COLOMBIA                 ;0.1%;4,640.00;LITROS; $90,541.11 ; Q691,396.36 ;7.63627;Agrequima; Q3,111.28 ;;;;;
67075;687ED87C;1850558037;FUNGICIDA             ;1850558037;6/05/2026;AGRO INSUMOS, S.A.;FOLIO GOLD / RIDOMIL GOLD BRAVO 44 SC;METALAXIL-M, CLOROTALONIL       ;SYNGENTA CROP PROTECTION AG ;COLOMBIA;0.1%;1,740.00;LITROS; $21,041.33 ; Q160,677.28 ;7.63627;Agrequima; Q723.05 ;;;;;
67076;A402CF87;2249803496;FUNGICIDA;2249803496;6/05/2026;AGRO INSUMOS, S.A.;MIRAVIS DUO 20 SC                ;DIFENOCONAZOLE, PYDIFLUMETOFEN            ;SYNGENTA CROP PROTECTION AG;ESTADOS UNIDOS DE AMERICA;0.1%;216;LITROS; $4,695.69 ; Q35,857.56 ;7.63627;Agrequima; Q161.36 ;;;;;
67077;63B29E3E;4280762635;INSECTICIDA           ;4280762635;6/05/2026;AGRO INSUMOS, S.A.;VERDAVIS 25 ZC                       ;ISOCYCLOSERAM+LAMBDA-CYHALOTHRIN;SYNGENTA CROP PROTECTION AG ;BRASIL  ;0.1%;180;LITROS; $11,436.80 ; Q87,334.49 ;7.63627;Agrequima; Q393.01 ;;;;;
67078;F1CE8EF6;916343816;FUNGICIDA;916343816;6/05/2026;AGRO INSUMOS, S.A.;SCORE 25 EC                          ;DIFENOCONAZOLE                  ;SYNGENTA CROP PROTECTION AG ;COLOMBIA;0.1%;852;LITROS; $16,356.74 ; Q124,904.48 ;7.63627;Agrequima; Q562.07 ;;;;;
67079;37693C18;1948666857;FUNGICIDA             ;1948666857;6/05/2026;AGRO INSUMOS, S.A.;SCORE 25 EC                          ;DIFENOCONAZOLE                  ;SYNGENTA CROP PROTECTION AG ;COLOMBIA;0.1%;292.8;LITROS; $8,532.03 ; Q65,152.88 ;7.63627;Agrequima; Q293.19 ;;;;;
67080;50B8B501;946881479;FUNGICIDA,INSECTICIDA;946881479;6/05/2026;AGRO INSUMOS, S.A.;VERDADERO  60  WG                    ;THIAMETHOXAM, CIPROCONAZOLE     ;SYNGENTA CROP PROTECTION AG ;BRASIL  ;0.1%;560;KILOS ; $23,251.42 ; Q177,554.12 ;7.63627;Agrequima; Q798.99 ;;;;;
67081;21E77059;2377205227;FUNGICIDA;2377205227;6/05/2026;AGRO INSUMOS, S.A.;REFLECT   12.5  EC               ;ISOPYRAZAM                                ;SYNGENTA CROP PROTECTION AG;COREA                    ;0.1%;160;LITROS; $3,463.65 ; Q26,449.37 ;7.63627;Agrequima; Q119.02 ;;;;;
67082;BABC4B76;2513389411;INSECTICIDA;2513389411;6/05/2026;AGRO INSUMOS, S.A.;CURYOM   55  EC                      ;LUFENURON, PROFENOFOS           ;SYNGENTA CROP PROTECTION AG ;COLOMBIA;0.1%;2,124.00;LITROS; $54,011.62 ; Q412,447.31 ;7.63627;Agrequima; Q1,856.01 ;;;;;
67083;808CE55A;1478903598;INSECTICIDA;1478903598;7/05/2026;AGRO INSUMOS, S.A.    ;AMPLIGO  15  SC     ;CLORANTRANILIPROLE, LAMBDA CIHALOTRINA;SYNGENTA CROP PROTECTION AG                 ;FRANCIA                  ;0.1%;288;LITROS; $17,643.12 ; Q134,727.63 ;7.63627;Agrequima; Q606.27 ;;;;;
67084;6758B733;4248653682;FUNGICIDA  ;4248653682;7/05/2026;AGRO INSUMOS, S.A.    ;ORONDIS OPTI 40.6 SC;CHLOROTHALONIL, OXATHIAPIPROLIN       ;SYNGENTA CROP PROTECTION AG                 ;ESTADOS UNIDOS DE AMERICA;0.1%;3,456.00;LITROS; $50,230.02 ; Q383,569.99 ;7.63627;Agrequima; Q1,726.06 ;;;;;
67085;E0AD3105;3547547719;HERBICIDA;3547547719;7/05/2026;AGRO INSUMOS, S.A.    ;FUSILADE  12.5  EC  ;FLUAZIFOP-P-BUTYL                     ;SYNGENTA CROP PROTECTION AG                 ;MEXICO                   ;0.1%;2,940.00;LITROS; $34,504.43 ; Q263,485.14 ;7.63627;Agrequima; Q1,185.68 ;;;;;
67086;64080FD1;2022591667;INSECTICIDA;2022591667;7/05/2026;AGRO INSUMOS, S.A.    ;MINECTO DUO 40 WG   ;THIAMETHOXAM, CYANTRANILIPROLE        ;SYNGENTA CROP PROTECTION AG                 ;ESTADOS UNIDOS DE AMERICA;0.1%;540;KILOS ; $62,930.34 ; Q480,553.07 ;7.63627;Agrequima; Q2,162.49 ;;;;;
67087;B1754AA3;2129415814;FUMIGANTE  ;2129415814;7/05/2026;CLASSIC GUATEMALA, S.A;TRI-LONE 113.74 GE  ;1,3 DICLOROPROPENO;ZOLI HENDRIX & DAIL DE HONDURAS S.A. DE C.V.;HONDURAS                 ;0.1%;50,359.42;LITROS; $370,141.77 ; Q2,826,502.49 ;7.63627;Agrequima; Q12,719.26 ;;;;;
67088;F7F7AE57;3962850185;FUMIGANTE  ;3962850185;7/05/2026;CLASSIC GUATEMALA, S.A;STRIKE LC 142.50 GE ;CHLOROPICRIN + 1,3 DICHLOROPRONE      ;ZOLI HENDRIX & DAIL DE HONDURAS S.A. DE C.V.;HONDURAS                 ;0.1%;8,970.45;LITROS; $94,189.72 ; Q719,258.13 ;7.63627;Agrequima; Q3,236.66 ;;;;;
67089;7000FE06;1532251685;RODENTICIDA;1532251685;8/05/2026;DUWEST GUATEMALA SOCIEDAD ANONIMA;RACUMIN/RACUMIN POLVO 0.75 CP;COUMATETRALYL;DUWEST INC;GUATEMALA;0.1%;4,500.00;KILOS; $70,674.44 ; Q539,689.11 ;7.63627;Agrequima; Q2,428.60 ;;;;;
67090;A0DBFFA6;3399765565;HERBICIDA;3399765565;11/05/2026;AGRIAVANCES, S.A.                       ;GALANTE 54 EC         ;HALOXYFOP-P-METHYL               ;RAINBOW AGROSCIENCES (CENTRAL AMERICA) CO., LTD.;CHINA     ;0.1%;408;LITROS; $10,457.04 ; Q79,779.79 ;7.62929;Agrequima; Q359.01 ;;;;;
67091;AF3CF292;401884339;HERBICIDA;401884339;11/05/2026;AGRIAVANCES, S.A.                       ;TAURINO 48 EC         ;FLUROXYPIR + TRICLOPYR           ;RAINBOW AGROSCIENCES (CENTRAL AMERICA) CO., LTD ;CHINA     ;0.1%;2,000.00;LITROS; $34,252.00 ; Q261,318.44 ;7.62929;Agrequima; Q1,175.93 ;;;;;
67092;C927C8FF;2298693478;INSECTICIDA/ ACARICIDA;2298693478;11/05/2026;AGRIAVANCES, S.A.                       ;OLUGA 15 SC           ;CHLORFENAPYR + EMAMECTIN BENZOATO;RAINBOW AGROSCIENCES (CENTRAL AMERICA) CO. LTD. ;CHINA     ;0.1%;1,008.00;LITROS; $37,886.40 ; Q289,046.33 ;7.62929;Agrequima; Q1,300.71 ;;;;;
67093;42501-8E1;566250254;INSECTICIDA           ;566250254;11/05/2026;AGRIAVANCES, S.A.                       ;ZEUS 30 SC            ;IMIDACLOPRID+BIFENTHRIN          ;RAINBOW AGROSCIENCES (CENTRAL AMERICA) CO., LTD ;CHINA     ;0.1%;1,008.00;LITROS; $16,551.36 ; Q126,275.13 ;7.62929;Agrequima; Q568.24 ;;;;;
67094;3D796565;1318404763;HERBICIDA;1318404763;11/05/2026;AGRICENTER GUATEMALA, S.A               ;PILARSTAR SUPER 60 SL ;GLUFOSINATE AMMONIUM             ;PILARQUIN (SHANGHAI) Co. Ltd.                   ;CHINA     ;0.1%;13,516.00;LITROS; $116,523.00 ; Q888,987.76 ;7.62929;Agrequima; Q4,000.44 ;;;;;
67095;3D62BFEF;3518188784;FUNGICIDA;3518188784;11/05/2026;AGRICENTER GUATEMALA, S.A               ;ICHIBAN 72 SC         ;CLOROTALONIL                     ;PILARQUIM (SHANGHAI) Co., Ltd.                  ;CHINA     ;0.1%;5,000.00;LITROS; $22,500.00 ; Q171,659.03 ;7.62929;Agrequima; Q772.47 ;;;;;
67096;1A7BBDB9;2746634092;NEMATICIDA;2746634092;11/05/2026;AGRICENTER GUATEMALA, S.A               ;NEMACUR  10  GR       ;FENAMIPHOS                       ;AMVAC DE COSTA RICA, S.R.L.                     ;GUATEMALA ;0.1%;15,600.00;KILOS ; $60,996.00 ; Q465,356.17 ;7.62929;Agrequima; Q2,094.10 ;;;;;
67097;6FA1BC8D;1658340482;INSECTICIDA/ NEMATICIDA;1658340482;11/05/2026;AGRICENTER GUATEMALA, S.A               ;COUNTER  10 GR        ;TERBUFOS                         ;AMVAC LATAM S. DE R.L.                          ;COSTA RICA;0.1%;8,000.00;KILOS ; $25,680.00 ; Q195,920.17 ;7.62929;Agrequima; Q881.64 ;;;;;
67098;4F324D45;3045738626;NEMATICIDA;3045738626;11/05/2026;AGRICENTER GUATEMALA, S.A               ;NEMACUR  10  GR       ;FENAMIPHOS                       ;AMVAC DE COSTA RICA, S.R.L.                     ;GUATEMALA ;0.1%;8,400.00;KILOS ; $32,844.00 ; Q250,576.40 ;7.62929;Agrequima; Q1,127.59 ;;;;;
67099;E0B6B106;720913274;FUNGICIDA;720913274;11/05/2026;DISTRIBUIDORA DE QUIMICOS AGRICOLAS, S.A;CLOROTALONIL    72  SC;CLOROTALONIL                     ;KONTORO Gmbh                                    ;CHINA     ;0.1%;5,600.00;LITROS; $25,144.00 ; Q191,830.87 ;7.62929;Agrequima; Q863.24 ;;;;;
67100;7FDC816;3503901574;FUNGICIDA             ;3503901574;11/05/2026;DISTRIBUIDORA DE QUIMICOS AGRICOLAS, S.A;KPITAN 50 WP          ;CAPTAN                           ;KONTIRO Gmbh                                    ;CHINA     ;0.1%;5,000.00;KILOS ; $21,950.00 ; Q167,462.92 ;7.62929;Agrequima; Q753.58 ;;;;;
67101;730A35B9;3568059634;FUNGICIDA;3568059634;11/05/2026;DISTRIBUIDORA DE QUIMICOS AGRICOLAS, S.A;BENOMIL  50  WP       ;BENOMIL                          ;KONTORO GmbH                                    ;CHINA     ;0.1%;3,000.00;KILOS ; $26,220.00 ; Q200,039.98 ;7.62929;Agrequima; Q900.18 ;;;;;
67102;8C75E15A;2442480978;INSECTICIDA-ACARICIDA;2442480978;11/05/2026;DISTRIBUIDORA DE QUIMICOS AGRICOLAS, S.A;ABAMECTIN 1.8 EC      ;ABAMECTINA                       ;KONTORO GmbH                                    ;CHINA     ;0.1%;800;LITROS; $10,504.00 ; Q80,138.06 ;7.62929;Agrequima; Q360.62 ;;;;;
67103;0AC55972;1106921352;INSECTICIDA;1106921352;11/05/2026;DISTRIBUIDORA DE QUIMICOS AGRICOLAS, S.A;SICARIO  20  SC       ;FIPRONIL                         ;KONTORO GmbH                                    ;CHINA     ;0.1%;400;LITROS; $7,432.00 ; Q56,700.88 ;7.62929;Agrequima; Q255.15 ;;;;;
67104;C1C5A58D;1474120288;FUNGICIDA  ;1474120288;13/05/2026;GREENLIFE;CLOROMAX 72 SC;CHLOROTHALONIL      ;RAINBOW AGROSCIENCES (CETRAL AMERICA) CO.,     ;CHINA;0.1%;10,000.00;LITROS; $41,100.00 ; Q313,563.82 ;7.62929;Agrequima; Q1,411.04 ;;;;;
67105;3583E2ED;2484882810;HERBICIDA;2484882810;13/05/2026;GREENLIFE;GLUFOX 20 SL  ;GLUFOSINATE AMMONIUM;NINGBO YIHWEI CHEMICALS CO., LTD               ;CHINA;0.1%;32,000.00;LITROS; $70,080.00 ; Q534,660.64 ;7.62929;Agrequima; Q2,405.97 ;;;;;
67106;9857813F;656033228;INSECTICIDA;656033228;13/05/2026;GREENLIFE;CIPERMET 25 EC;CYPERMETHRIN        ;RAINBOW AGROSCIENCES (CENTRAL AMERICA) CO., LTD;CHINA;0.1%;2,000.00;LITROS; $10,260.00 ; Q78,276.52 ;7.62929;Agrequima; Q352.24 ;;;;;
67107;CC163BBD;3092859793;NEMATICIDA-FUNGICIDA;3092859793;14/05/2026;HIGH Q INTERNATIONAL, S.A.;AGROCELHONE FE 127.30 EC;DICLOROPROPENO Y CLOROPICRINA;AGROQUIMICOS  DE LEVANTE, S.A.;ESPAÑA;0.1%;14,328.00;LITROS; $108,892.80 ; Q830,774.75 ;7.62929;Agrequima; Q3,738.49 ;;;;;
67108;BD5ED7B7;1353730009;NEMATICIDA-FUNGICIDA;1353730009;14/05/2026;HIGH Q INTERNATIONAL, S.A.;AGROCELHONE FE 127.30 EC;DICLOROPROPENO Y CLOROPICRINA;AGROQUIMICOS DE LEVANTE, S.A  ;ESPAÑA;0.1%;17,193.60;LITROS; $130,671.36 ; Q996,929.70 ;7.62929;Agrequima; Q4,486.18 ;;;;;
67109;C101A2B6;884756005;NEMATICIDA-FUNGICIDA;884756005;14/05/2026;HIGH Q INTERNATIONAL, S.A.;AGROCELHONE FE 127.30 EC;DICLOROPROPENO Y CLOROPICRINA;AGROQUIMICOS DE LEVNATE,, S.A.;ESPAÑA;0.1%;17,193.60;LITROS; $130,671.36 ; Q996,929.70 ;7.62929;Agrequima; Q4,486.18 ;;;;;
67110;AD758053;984302782;HERBICIDA;984302782;15/05/2026;AGRO INSUMOS, S.A.                                         ;FUSILADE   12.5   EC        ;FLUAZIFOP-P-BUTYL              ;SYNGENTA CROP PROTECTION AG;MEXICO                   ;0.1%;2,750.00;LITROS; $28,037.08 ; Q213,903.01 ;7.62929;Agrequima; Q962.56 ;;;;;
67111;DE110569;852377943;HERBICIDA;852377943;15/05/2026;AGRO INSUMOS, S.A.                                         ;FUSILADE   12.5   EC        ;FLUAZIFOP-P-BUTYL              ;SYNGENTA CROP PROTECTION AG;MEXICO                   ;0.1%;360;LITROS; $6,228.61 ; Q47,519.87 ;7.62929;Agrequima; Q213.84 ;;;;;
67112;B7E7004A;3531754154;HERBICIDA;3531754154;15/05/2026;AGRO INSUMOS, S.A.                                         ;FLEX 25 SL                  ;FOMESAFEN                      ;SYNGENTA CROP PROTECTION AG;MEXICO                   ;0.1%;1,080.00;LITROS; $20,076.28 ; Q153,167.76 ;7.62929;Agrequima; Q689.25 ;;;;;
67113;8260C54E;932596127;HERBICIDA;932596127;15/05/2026;AGRO INSUMOS, S.A.                                         ;ELUMIS 10.5 OD              ;MESOTRIONE+NICOSULFURON        ;SYNGENTA CROP PROTECTION AG;FRANCIA                  ;0.1%;3,468.00;LITROS; $42,177.73 ; Q321,786.13 ;7.62929;Agrequima; Q1,448.04 ;;;;;
67114;F42231F7;1764576045;HERBICIDA;1764576045;15/05/2026;AGRO INSUMOS, S.A.                                         ;FUSILADE   12.5   EC        ;FLUAZIFOP-P-BUTYL              ;SYNGENTA CROP PROTECTION AG;MEXICO                   ;0.1%;1,800.00;LITROS; $31,143.04 ; Q237,599.28 ;7.62929;Agrequima; Q1,069.20 ;;;;;
67115;961510B3;389038801;FUNGICIDA;389038801;15/05/2026;INVERSIONES COMERCIALES AGRICOLAS Y PECUARIAS EL EXITO, S.A;T-22/ROOTSHIELD T-22 1.15 WP;TRICHODERMA HARZIANUM CEPA T-22;BIOWORKS INC               ;ESTADOS UNIDOS DE AMERICA;0.1%;363.6;KILOS ; $16,917.09 ; Q129,065.39 ;7.62929;Agrequima; Q580.79 ;;;;;
67116;21069B2D;3062056364;INSECTICIDA;3062056364;18/05/2026;AGRO INSUMOS, S.A.;A24118A;ISOSYCLOSERAM Y CLORFENAPIR             ;SYNGENTA CROP PROTECCION DE CULTIVOS Ltda;BRASIL;0.1%;2;LITROS; $349.97 ; Q2,667.91 ;7.62326;Agrequima; Q12.01 ;;;;;
67117;F58488E9;4101851058;NEMATICIDA ;4101851058;18/05/2026;AGRO INSUMOS, S.A.;A23780B;AZOTOBACTER SALINESTRIS (1X107 UFC/GRAMO;SYNGENTA CROP PROTECTION AG              ;ESPAÑA;0.1%;3;KILOS ; $128.82 ; Q982.03 ;7.62326;Agrequima; Q4.42 ;;;;;
67118;991CF19D;1051020378;BIOLOGICO  ;1051020378;18/05/2026;AGRO INSUMOS, S.A.;A24420A;BACILLUS VELEZENSIS                     ;SYNGENTA PROTECCION DE CULTIVOS Ltda     ;BRASIL;0.1%;5;LITROS; $411.29 ; Q3,135.37 ;7.62326;Agrequima; Q14.11 ;;;;;
67119;B0A975C7;3581034498;INSECTICIDA MICROBIANO;3581034498;19/05/2026;AGRICENTER GUATEMALA, S.A          ;XENTARI 10.3 WG;BACILLUS THURINGIENSIS SUBESP. AIZAWAI                   ;SUMITOMO CHEMICAL CHILE, S.A ;ESTADOS UNIDOS DE AMERICA;0.1%;3,024.00;KILOS ; $62,899.20 ; Q479,496.96 ;7.62326;Agrequima; Q2,157.74 ;;;;;
67120;7CDFC7CE;692273455;INSECTICIDA           ;692273455;19/05/2026;AGRICENTER GUATEMALA, S.A          ;DIPEL 6.4 WG   ;BACILLUS THURINGIENSIS SUB-ESPECIE KURSTAKI CEPA ABTS-351;SUMITOMO CHEMICAL CHILE, S.A.;ESTADOS UNIDOS DE AMERICA;0.1%;1,752.00;KILOS ; $27,506.40 ; Q209,688.44 ;7.62326;Agrequima; Q943.60 ;;;;;
67121;850E1A6F;1667514442;INSECTICIDA           ;1667514442;19/05/2026;CORTEVA AGRISCIENCES GUATEMALA, S.A;S7M-24-55      ;CHLORATRANILIPROLE                                       ;CORTEVA AGRISCIENCE LLC      ;ESTADOS UNIDOS DE AMERICA;0.1%;24;LITROS; $42.16 ; Q321.40 ;7.62326;Agrequima; Q1.45 ;;;;;
67122;B2E54175;1396589293;INSECTICIDA           ;1396589293;19/05/2026;CORTEVA AGRISCIENCES GUATEMALA, S.A;AA5-2-191      ;SULFOXAFLOR                                              ;CORTEVA AGRISCIENCE LLC      ;ESTADOS UNIDOS DE AMERICA;0.1%;4;LITROS; $58.30 ; Q444.44 ;7.62326;Agrequima; Q2.00 ;;;;;
67123;BE351F63;1960722615;FUNGICIDA  ;1960722615;20/05/2026;GREENLIFE;CIAZOXANIL 24 SC   ;CYAZOFAMID+CYMOXANIL      ;NINGBO  YIHWEI CHEMICALS CO., LTD;CHINA;0.1%;4,004.00;LITROS; $52,594.28 ; Q400,939.87 ;7.62326;Agrequima; Q1,804.23 ;;;;;
67124;6A6CF6ED;1748190836;FUNGICIDA  ;1748190836;20/05/2026;GREENLIFE;DIFENOX TOP 32.5 SC;AZOXYSTROBIN+TRIAZOL      ;NINGBO YIHWEI CHEMICALS CO., LTD.;CHINA;0.1%;2,000.00;LITROS; $17,400.00 ; Q132,644.72 ;7.62326;Agrequima; Q596.90 ;;;;;
67125;5E8D4577;4231809410;INSECTICIDA;4231809410;20/05/2026;GREENLIFE;VIRTUS 35 SC       ;CHLORFENAPYR+INDOXACARB   ;NINGBO YIHWEI CHEMICALS CO., LTD ;CHINA;0.1%;3,004.00;LITROS; $61,652.56 ; Q469,993.49 ;7.62326;Agrequima; Q2,114.97 ;;;;;
67126;8E23CF01;1316045768;FUNGICIDA;1316045768;20/05/2026;GREENLIFE;CLOROMAX CT 60 SC  ;DIMETOMORPH+CHLOROTHALONIL;NINGBO YIHWEI CHEMICALS CO., LTD.;CHINA;0.1%;2,000.00;LITROS; $12,660.00 ; Q96,510.47 ;7.62326;Agrequima; Q434.30 ;;;;;
67127;AB4B6470;64702541;RODENTICIDA;64702541;22/05/2026;DUWEST GUATEMALA SOCIEDAD ANONIMA;RACUMIN/RACUMIN POLVO 0.75 CP;COUMATETRALYL;DUWEST INC            ;GUATEMALA;0.1%;4,500.00;KILOS; $70,674.44 ; Q538,769.63 ;7.62326;Agrequima; Q2,424.46 ;;;;;
67128;DFEFE4F0;3766764337;FUNGICIDA  ;3766764337;22/05/2026;CORPOAGRIMA, S.A.                ;MANCOZEB  80 WP              ;MANCOZEB     ;UPL COSTA RICA, S.A   ;INDIA    ;0.1%;12,800.00;KILOS; $49,920.00 ; Q380,553.14 ;7.62326;Agrequima; Q1,712.49 ;;;;;
67129;A5979789;2161004044;INSECTICIDA;2161004044;22/05/2026;OLEFINAS, S.A.                   ;BIFENTHRIN TECNICO 96%       ;BIFENTHRIN   ;PEROCHEM LIMITED CORP.;CHINA    ;0.1%;1,200.00;KILOS; $422,214.00 ; Q3,218,647.10 ;7.62326;Agrequima; Q14,483.91 ;;;;;
67130;585C0C63;357124710;FUNGICIDA;357124710;25/05/2026;HENDRIX  AND DAIL GUATEMALA, S.A.;TRI - LONE 113,74 GE;1,3 DICHLOROPROPENE       ;ZOLI HENDRIX DAIL DE HONDURAS S.A. DE C.V.     ;HONDURAS  ;0.1%;2,838.75;LITROS; $17,032.50 ; Q129,805.70 ;7.62106;Agrequima; Q584.13 ;;;;;
67131;F74FA3F6;3666759202;FUNGICIDA-NEMATICIDA;3666759202;25/05/2026;HENDRIX  AND DAIL GUATEMALA, S.A.;STRIKE LC 124, 40 GE;CLOROPICRIN+DICLOROPROPENO;ZOLI HENDRIX AND DAIL DE HONDURAS, S.A. DE C.V.;HONDURAS  ;0.1%;1,419.37;LITROS; $9,084.00 ; Q69,229.71 ;7.62106;Agrequima; Q311.53 ;;;;;
67132;A45CD710;3108916753;FUNGICIDA;3108916753;25/05/2026;BANANERA TEPEYAC, S.A            ;VONDOZEB   62  SC   ;MANCOZEB                  ;UPL COSTA RICA, S.A.                           ;COSTA RICA;0.1%;17,000.00;LITROS; $110,670.00 ; Q843,422.71 ;7.62106;Agrequima; Q3,795.40 ;;;;;
67133;96879A50;1261192942;INSECTICIDA;1261192942;26/05/2026;AGRICENTER GUATEMALA, S.A               ;PLEO 50 EC       ;PYRIDALYL ;SUMITOMO CHEMICAL CHILE, S.A                  ;JAPON    ;0.1%;800;LITROS; $84,000.00 ; Q640,169.04 ;7.62106;Agrequima; Q2,880.76 ;;;;;
67134;2E3EDE31;3838004447;INSECTICIDA;3838004447;26/05/2026;AGRICENTER GUATEMALA, S.A               ;PLEO 50 EC       ;PYRIDALYL ;SUMITOMO CHEMICAL CHILE, S.A                  ;JAPON    ;0.1%;600;LITROS; $63,000.00 ; Q480,126.78 ;7.62106;Agrequima; Q2,160.57 ;;;;;
67135;FCC03EB4;4002893387;NEMATICIDA               ;4002893387;26/05/2026;AGRICENTER GUATEMALA, S.A               ;NEMACUR 10 GR    ;FENAMIPHOS;AMVAC DE COSTA RICA, S.R.L.                   ;GUATEMALA;0.1%;15,000.00;KILOS ; $58,650.00 ; Q446,975.17 ;7.62106;Agrequima; Q2,011.39 ;;;;;
67136;41CF0680;865747090;FUNGICIDA;865747090;26/05/2026;DISTRIBUIDORA DE QUIMICOS AGRICOLAS, S.A;KPITAN 50 WP     ;CAPTAN    ;KONTORO Gmbh                                  ;CHINA    ;0.1%;20,000.00;KILOS ; $87,800.00 ; Q669,129.07 ;7.62106;Agrequima; Q3,011.08 ;;;;;
67137;D1883DC1;3906684324;HERBICIDA;3906684324;26/05/2026;DISTRIBUIDORA DE QUIMICOS AGRICOLAS, S.A;2,4-D TÉCNICO 98%;2,4-D     ;RAINBOW AGROSCIECES (CENTRAL AMERICA) CO. LTD.;CHINA    ;0.1%;24,000.00;KILOS ; $58,800.00 ; Q448,118.33 ;7.62106;Agrequima; Q2,016.53 ;;;;;
67138;9F9DB8CC;1240419831;FUNGICIDA;1240419831;27/05/2026;AGRO INSUMOS, S.A.;BANKIT  25  SC;AZOXISTROBINA;SYNGENTA CROP PROTECTION AG;INGLATERRA;0.1%;2,400.00;LITROS; $38,244.22 ; Q291,461.50 ;7.62106;Agrequima; Q1,311.58 ;;;;;
67139;F9F1CF39;3389146215;INSECTICIDA            ;3389146215;28/05/2026;AGRO INSUMOS, S.A.   ;INCIPIO 20 SC     ;ISOCYCLOSERAM                   ;SYNGENTA CROP PROTECTION AG;INGLATERRA               ;0.1%;240;LITROS; $24,336.58 ; Q185,470.54 ;7.62106;Agrequima; Q834.62 ;;;;;
67140;1ED16A1F;2697808611;FUNGICIDA              ;2697808611;28/05/2026;AGRO INSUMOS, S.A.   ;UNIFORM 44.54 SE  ;AZOXISTROBIN, METALAXIL-M       ;SYNGENTA CROP PROTECTION AG;ESTADOS UNIDOS DE AMERICA;0.1%;139.2;LITROS; $6,042.82 ; Q46,052.69 ;7.62106;Agrequima; Q207.24 ;;;;;
67141;6BA15618;2250001646;FUNGICIDA              ;2250001646;28/05/2026;AGRO INSUMOS, S.A.   ;UNIFORM 44.54 SE  ;AZOXISTROBIN, METALAXIL-M       ;SYNGENTA CROP PROTECTION AG;ESTADOS UNIDOS DE AMERICA;0.1%;156;LITROS; $5,122.96 ; Q39,042.39 ;7.62106;Agrequima; Q175.69 ;;;;;
67142;BF35A0C2;3324792263;FUNGICIDA              ;3324792263;28/05/2026;AGRO INSUMOS, S.A.   ;SEEKER  75  EC    ;FENPROPIDIN                     ;SYNGENTA CROP PROTECTION AG;COLOMBIA                 ;0.1%;4,000.00;LITROS; $47,313.72 ; Q360,580.70 ;7.62106;Agrequima; Q1,622.61 ;;;;;
67143;4963CB20;1041450379;INSECTICIDA;1041450379;28/05/2026;AGRO INSUMOS, S.A.   ;VERDAVIS 25 ZC    ;ISOCYCLOSERAM+LAMBDA-CYHALOTHRIN;SYNGENTA CROP PROTECTION AG;BRASIL                   ;0.1%;600;LITROS; $38,122.67 ; Q290,535.16 ;7.62106;Agrequima; Q1,307.41 ;;;;;
67144;EE3231CA;1264208805;INSECTICIDA;1264208805;28/05/2026;AGRO INSUMOS, S.A.   ;MINECTO STAR 60 WG;CYANTRANILIPROLE+PYMETROZINE    ;SYNGENTA CROP PROTECTION AG;KOREA                    ;0.1%;400;KILOS ; $26,419.42 ; Q201,343.98 ;7.62106;Agrequima; Q906.05 ;;;;;
67145;01598F62;4219817530;INSECTICIDA-NEMATICIDA;4219817530;28/05/2026;AGRO INSUMOS, S.A.   ;SOLVIGO 10.8 SC   ;THIAMETHOXAM, ABAMECTINA        ;SYNGENTA CROP PROTECTION AG;ESTADOS UNIDOS DE AMERICA;0.1%;432;LITROS; $14,941.96 ; Q113,873.57 ;7.62106;Agrequima; Q512.43 ;;;;;
67146;3035BE76;344474453;FUNGICIDA;344474453;28/05/2026;AGRO INSUMOS, S.A.   ;GRADUATE 47.79 SC ;FLUDIOXONIL, AZOXYSTROBIN       ;SYNGENTA CROP PROTECTION AG;ESTADOS UNIDOS DE AMERICA;0.1%;144;LITROS; $9,057.22 ; Q69,025.62 ;7.62106;Agrequima; Q310.62 ;;;;;
67147;F6370366;3179171790;FUNGICIDA;3179171790;28/05/2026;BANANERA TEPEYAC, S.A;VONDOZEB 62 SC    ;MANCOZEB                        ;UPL COSTA RICA, S.A        ;COSTA RICA               ;0.1%;17,000.00;LITROS; $110,670.00 ; Q843,422.71 ;7.62106;Agrequima; Q3,795.40 ;;;;;
67148;39D73AEF;705382080;INSECTICIDA;705382080;29/05/2026;EMPAQUES Y DISTRIBUCION DE PRODUCTOS, S.A;PADAN 50 SP         ;CARTAP                         ;SUMITOMO CHEMICAL CHILE S.A.         ;JAPON   ;0.1%;2,000.00;KILOS ; $38,800.00 ; Q295,697.13 ;7.62106;Agrequima; Q1,330.64 ;;;;;
67149;B4AE50BF;636175952;HERBICIDA  ;636175952;29/05/2026;SEMILLAS E INSUMOS AGROPECUARIOS, S.A    ;TERRANO D 18.9 SL   ;2,4-D+ AMINOPYRALID            ;DOW  AGROSCIENCES DE COLOMBIA, S.A   ;COLOMBIA;0.1%;22,990.00;LITROS; $77,016.92 ; Q586,950.57 ;7.62106;Agrequima; Q2,641.28 ;;;;;
67150;819F3DEC;1579305799;HERBICIDA;1579305799;29/05/2026;SEMILLAS E INSUMOS AGROPECUARIOS, S.A    ;COMBATRAN XT 22.5 ME;FLUROXIPIR, 2,4-D, AMINOPYRALID;CORTEVA AGRISCIENCE DE COLOMBIA S.A.S;COLOMBIA;0.1%;5,700.00;LITROS; $61,047.14 ; Q465,243.92 ;7.62106;Agrequima; Q2,093.60 ;;;;;
RDON-REVAI-12516-06.pdf;0201FAC5;1483555629;INSECTICIDA;1483555629;4/05/2026;INVERSIONES COMERCIALES E INDUSTRIALES, SOCIEDAD ANONIMA;Dibrom 90 EC;Naled;AMVAC LATAM S. DE R. L.;ESTADOS UNIDOS DE AMERICA;0.1%;2,496.00;LITROS; $41,808.00 ; Q319,194.05 ;7.63476;Agrequima; Q1,436.37 ;;;;;
RDON-REVAI-12531-20.pdf;E5AF2BAA;3763553602;INSECTICIDA;3763553602;5/05/2026;BAYER, SOCIEDAD ANONIMA;REGENT 20 SC;Fipronil;BAYER AG;COLOMBIA;0.1%;1,600.00;LITROS; $84,320.00 ; Q643,375.93 ;7.63017;Agrequima; Q2,895.19 ;;;;;
RDON-REVAI-12528-12.pdf;0EFC3B46;3608496913;FUNGICIDA;3608496913;5/05/2026;EL COLONO AGROPECUARIO, SOCIEDAD ANONIMA;BANAZEB 80 WP;Mancozeb;DISTRIBUIDORA INQUISA S.A.;COSTA RICA;0.1%;4,608.00;KILOGRAMOS; $23,973.28 ; Q182,920.20 ;7.63017;Agrequima; Q823.14 ;;;;;
RDON-REVAI-12545-42.pdf;00B71DD4;1953186454;HERBICIDA;1953186454;7/05/2026;NEGOCIOS RELACIONADOS, SOCIEDAD ANONIMA;GUERRERO 35.6  SL;Glifosato;TAHUAL AGRICOLA, S.A.;CHINA;0.1%;10,000.00;LITROS; $25,500.00 ; Q194,595.60 ;7.6312;Agrequima; Q875.68 ;;;;;
RDON-REVAI-12544-44.pdf;59B4C115;22889438;HERBICIDA;22889438;7/05/2026;TECNICA UNIVERSAL SOCIEDAD ANONIMA;PASTAR  D  36 SL;2,4-D, Aminopiralid;CORTEVA AGRISCIENCES DE COLOMBIA S.A.S.;COLOMBIA;0.1%;14,329.00;LITROS; $129,545.90 ; Q988,470.19 ;7.63027;Agrequima; Q4,448.12 ;;;;;
RDON-REVAI-12543-13.pdf;1141EF53;3313058009;INSECTICIDA;3313058009;7/05/2026;TECNICA UNIVERSAL SOCIEDAD ANONIMA;TARGET 24 SC;Sulfoxaflor;CORTEVA AGRISCIENCES DE COLOMBIA S.A.S.;ESTADOS UNIDOS DE AMERICA;0.1%;115.20;LITROS; $13,870.18 ; Q105,833.22 ;7.63027;Agrequima; Q476.25 ;;;;;
RDON-REVAI-12549-49.pdf;71C95580;2589281464;FUNGICIDA;2589281464;8/05/2026;EMPRESA CENTROAMERICANA DE SERVICIOS, S.A.;SAPROL  19 EC;Triforine;AGRO TRADING CORPORATION, S. A .;JAPON;0.1%;800.00;LITROS; $18,795.56 ; Q143,415.20 ;7.63027;Agrequima; Q645.37 ;;;;;
RDON-REVAI-12541-27.pdf;32D22AEC;3582935043;MATERIA TÉCNICA FUNGICIDA;3582935043;6/05/2026;BAYER, SOCIEDAD ANONIMA;PYRIMETHANIL TECNICO;Pyrimethanil;BAYER AG;ALEMANIA;0.1%;18,000.00;KILOGRAMOS; $221,400.00 ; Q1,689,319.64 ;7.63017;Agrequima; Q7,601.94 ;;;;;
RDON-REVAI-12546-42.pdf;C2FA5C7E;22630278;HERBICIDA;22630278;7/05/2026;NEGOCIOS RELACIONADOS, SOCIEDAD ANONIMA;GUERRERO 35.6  SL;Glifosato;TAHUAL AGRICOLA, S.A.;CHINA;0.1%;2,000.00;LITROS; $5,360.00 ; Q40,903.23 ;7.6312;Agrequima; Q184.06 ;;;;;
RDON-REVAI-12570-06.pdf;8FA7A01C;2122141130;INSECTICIDA;2122141130;11/05/2026;PROMOCIONES AGRICOLAS INDUSTRIALES Y COMERCIALES SOCIEDAD ANONIMA;FIDATO  40 WG;SPINETORAM, SULFOXAFLOR;AGRO TRADING CORPORATION, S.A.;ESTADOS UNIDOS DE AMERICA;0.1%;270.00;KILOGRAMOS; $48,641.27 ; Q370,878.98 ;7.62478;Agrequima; Q1,668.96 ;;;;;
RDON-REVAI-12567-06.pdf;26A4EF70;470958684;FUNGICIDA, BACTERICIDA;470958684;11/05/2026;DUWEST GUATEMALA SOCIEDAD ANONIMA;BLUE SHIELD / NUCOP / COPERNICO  20 WG;METALLICCOPPER;DUWEST INC;MEXICO;0.1%;1,680.00;KILOGRAMOS; $23,309.60 ; Q177,730.57 ;7.62478;Agrequima; Q799.79 ;;;;;
RDON-REVAI-12571-03.pdf;6AA2CB46;52579601;HERBICIDA;52579601;12/05/2026;NEGOCIOS RELACIONADOS, SOCIEDAD ANONIMA;HEDOMINA 72 SL;2,4-D;TAHUAL AGRICOLA, S.A.;CHINA;0.1%;2,000.00;LITROS; $6,020.00 ; Q45,901.18 ;7.62478;Agrequima; Q206.56 ;;;;;
RDON-REVAI-12572-01.pdf;AC0A7D40;2123517675;HERBICIDA;2123517675;12/05/2026;NEGOCIOS RELACIONADOS, SOCIEDAD ANONIMA;HEDOMINA 72 SL;2,4-D;TAHUAL AGRICOLA, S.A.;CHINA;0.1%;4,600.00;LITROS; $12,440.00 ; Q94,852.26 ;7.62478;Agrequima; Q426.84 ;;;;;
RDON-REVAI-12590-58.pdf;4CF24F72;2851358223;INSECTICIDA;2851358223;15/05/2026;AGROFORTRESS, SOCIEDAD ANONIMA;PANTERA 30 WG;Indoxacarb;TAHUAL AGRICOLA, S.A.;CHINA;0.1%;2,000.00;KILOGRAMOS; $93,940.00 ; Q716,218.29 ;7.62421;Agrequima; Q3,222.98 ;;;;;
RDON-REVAI-12547-42.pdf;33D1F6EA;3071230595;HERBICIDA;3071230595;7/05/2026;NEGOCIOS RELACIONADOS, SOCIEDAD ANONIMA;GUERRERO 35.6  SL;Glifosato;TAHUAL AGRICOLA, S.A.;CHINA;0.1%;7,000.00;LITROS; $15,750.00 ; Q120,191.40 ;7.6312;Agrequima; Q540.86 ;;;;;
RDON-REVAI-12551-46.pdf;F707997C;966217191;FUNGICIDA;966217191;8/05/2026;BASF DE GUATEMALA  SOCIEDAD ANONIMA;Cumora 50 SC;Boscalid;BASF DE COSTA RICA, S.A.;ESPAÑA;0.1%;240.00;LITROS; $11,899.20 ; Q90,782.45 ;7.62929;Agrequima; Q408.52 ;;;;;
RDON-REVAI-12560-46.pdf;1254F11D;3871493699;HERBICIDA;3871493699;8/05/2026;BASF DE GUATEMALA  SOCIEDAD ANONIMA;PROWL 45.5 CS;Pendimethalin;BASF DE COSTA RICA, S.A.;ESTADOS UNIDOS DE AMERICA;0.1%;2,000.00;LITROS; $12,060.00 ; Q92,009.24 ;7.62929;Agrequima; Q414.04 ;;;;;
RDON-REVAI-12563-47.pdf;FADC4A91;1244155211;FUNGICIDA, ACARICIDA;1244155211;8/05/2026;BASF DE GUATEMALA  SOCIEDAD ANONIMA;KUMULUS 80 WG;SULPHUR;BASF DE COSTA RICA, S.A.;ALEMANIA;0.1%;1,040.00;KILOGRAMOS; $3,005.60 ; Q22,930.59 ;7.62929;Agrequima; Q103.19 ;;;;;
RDON-REVAI-12530-20.pdf;D50C37AB;3493481802;FUNGICIDA;3493481802;5/05/2026;BAYER, SOCIEDAD ANONIMA;TRIVIA 72,7 WP;FLUOPICOLIDE, PROPINEB;BAYER AG;COLOMBIA;0.1%;6,825.00;KILOGRAMOS; $99,235.50 ; Q757,183.74 ;7.63017;Agrequima; Q3,407.33 ;;;;;
RDON-REVAI-12527-42.pdf;F62F07D8;52775417;FUNGICIDA;52775417;5/05/2026;EL COLONO AGROPECUARIO, SOCIEDAD ANONIMA;BANAZEB 43.5 SC;Mancozeb;DISTRIBUIDORA INQUISA S.A.;COSTA RICA;0.1%;2,820.00;LITROS; $9,568.14 ; Q73,006.53 ;7.63017;Agrequima; Q328.53 ;;;;;
RDON-REVAI-12526-12.pdf;B0A1FA5C;3622981385;INSECTICIDA;3622981385;5/05/2026;EL COLONO AGROPECUARIO, SOCIEDAD ANONIMA;RAIZATE 24 SL;Oxamyl;DISTRIBUIDORA INQUISA S.A.;COSTA RICA;0.1%;640.00;LITROS; $3,819.06 ; Q29,140.08 ;7.63017;Agrequima; Q131.13 ;;;;;
RDON-REVAI-12525-42.pdf;703EA5A0;576211500;INSECTICIDA;576211500;5/05/2026;EL COLONO AGROPECUARIO, SOCIEDAD ANONIMA;RAIZATE 24 SL;Oxamyl;DISTRIBUIDORA INQUISA S.A.;COSTA RICA;0.1%;100.00;LITROS; $689.35 ; Q5,259.86 ;7.63017;Agrequima; Q23.67 ;;;;;
RDON-REVAI-12524-15.pdf;747A1637;1860911464;INSECTICIDA;1860911464;5/05/2026;EL COLONO AGROPECUARIO, SOCIEDAD ANONIMA;RAIZATE 24 SL;Oxamyl;DISTRIBUIDORA INQUISA S.A.;COSTA RICA;0.1%;2,000.00;LITROS; $15,704.55 ; Q119,828.39 ;7.63017;Agrequima; Q539.23 ;;;;;
RDON-REVAI-12573-02.pdf;443F94A3;780748022;HERBICIDA;780748022;12/05/2026;NEGOCIOS RELACIONADOS, SOCIEDAD ANONIMA;PARAQUAT 20 SL;Paraquat;TAHUAL AGRICOLA, S.A.;CHINA;0.1%;7,000.00;LITROS; $16,880.00 ; Q128,706.29 ;7.62478;Agrequima; Q579.18 ;;;;;
RDON-REVAI-12575-15.pdf;30860526;1753762503;INSECTICIDA;1753762503;12/05/2026;DUWEST GUATEMALA SOCIEDAD ANONIMA;DANTOTSU  50  WG;Clothianidin;DUWEST INC;JAPON;0.1%;1,600.00;KILOGRAMOS; $104,000.00 ; Q792,987.52 ;7.62488;Agrequima; Q3,568.44 ;;;;;
RDON-REVAI-12578-17.pdf;D87CD7EE;1629636187;MATERIA TECNICA PARA FOMULAR INSECTICIDA,ACARICIDA;1629636187;13/05/2026;PROMOCIONES AGRICOLAS INDUSTRIALES Y COMERCIALES SOCIEDAD ANONIMA;Cipermetrina Tecnica;CYPERMETHRIN;AGRO TRADING CORPORATION, S.A.;INDIA;0.1%;960.00;KILOGRAMOS; $8,586.35 ; Q65,469.89 ;7.62488;Agrequima; Q294.61 ;;;;;
RDON-REVAI-12577-46.pdf;40ABCF7A;521357002;MATERIA TÉCNICA INSECTICIDA;521357002;13/05/2026;PROMOCIONES AGRICOLAS INDUSTRIALES Y COMERCIALES SOCIEDAD ANONIMA;CIPERMETRINA TECNICA;CYPERMETHRIN;AGRO TRADING CORPORATION, S.A.;INDIA;0.1%;1,125.00;LITROS; $10,062.12 ; Q76,722.46 ;7.62488;Agrequima; Q345.25 ;;;;;
RDON-REVAI-12556-46.pdf;D47E1A0E;392315427;FUNGICIDA;392315427;8/05/2026;BASF DE GUATEMALA  SOCIEDAD ANONIMA;Cumora 50 SC;Boscalid;BASF DE COSTA RICA, S.A.;ESPAÑA;0.1%;40.00;LITROS; $1,983.20 ; Q15,130.41 ;7.62929;Agrequima; Q68.09 ;;;;;
RDON-REVAI-12564-46.pdf;DB993764;2223587479;INSECTICIDA;2223587479;8/05/2026;MARKETING ARM GUATEMALA SOCIEDAD ANONIMA;NEWMECTIN 1.8 EC;Abamectin;MARKETING ARM PANAMA;CHINA;0.1%;1,056.00;LITROS; $59,334.16 ; Q452,677.51 ;7.62929;Agrequima; Q2,037.05 ;;;;;
RDON-REVAI-12640-21.pdf;B9630E2A;3150463288;HERBICIDA;3150463288;22/05/2026;AGROFORTRESS, SOCIEDAD ANONIMA;KUMPEL 75  WG;Trifloxysulfuronsodium;TAHUAL AGRICOLA, S.A.;CHINA;0.1%;96.00;KILOGRAMOS; $12,728.64 ; Q96,988.55 ;7.61971;Agrequima; Q436.45 ;;;;;
RDON-REVAI-12636-11.pdf;1C21DB4C;2399619196;MATERIA TECNICA PARA FOMULAR INSECTICIDA,ACARICIDA;2399619196;21/05/2026;PROMOCIONES AGRICOLAS INDUSTRIALES Y COMERCIALES SOCIEDAD ANONIMA;Cipermetrina Tecnica;Cypermethrin;AGRO TRADING CORPORATION, S.A.;INDIA;0.1%;960.00;KILOGRAMOS; $8,680.77 ; Q66,163.44 ;7.62184;Agrequima; Q297.74 ;;;;;
RDON-REVAI-12642-04.pdf;C0C3D8C8;589778635;FUNGICIDA;589778635;22/05/2026;NEGOCIOS RELACIONADOS, SOCIEDAD ANONIMA;CLOROTALONIL 72 SC;Chlorothalonil;TAHUAL AGRICOLA, S.A.;CHINA;0.1%;1,200.00;LITROS; $5,832.00 ; Q44,450.57 ;7.62184;Agrequima; Q200.03 ;;;;;
RDON-REVAI-12674-15.pdf;67CA3EF1;1825394145;INSECTICIDA;1825394145;25/05/2026;AGRO-CHILE, SOCIEDAD ANONIMA;ULISES 45 SC;Lufenuron, Thiodicarb;ANASAC INTERNACIONAL CORPORATION, S.A.;CHINA;0.1%;640.00;LITROS; $17,280.00 ; Q131,618.13 ;7.61679;Agrequima; Q592.28 ;;;;;
RDON-REVAI-12673-44.pdf;4BA34445;1386433708;FUNGICIDA;1386433708;25/05/2026;AGRO-CHILE, SOCIEDAD ANONIMA;SURANO / BINARE 50 SC;Difenoconazole, Pyrimethanil;ANASAC INTERNACIONAL CORPORATION, S.A.;CHINA;0.1%;2,000.00;LITROS; $26,000.00 ; Q198,036.54 ;7.61679;Agrequima; Q891.16 ;;;;;
RDON-REVAI-12672-14.pdf;F9AD3E8A;2707114210;INSECTICIDA;2707114210;25/05/2026;AGRO-CHILE, SOCIEDAD ANONIMA;TEMPANO 32.8 WP;Imidacloprid, Lambda-Cyhalothrin;ANASAC INTERNACIONAL CORPORATION, S.A.;CHINA;0.1%;700.00;KILOGRAMOS; $20,300.00 ; Q154,620.84 ;7.61679;Agrequima; Q695.79 ;;;;;
RDON-REVAI-12523-10.pdf;1B5AB09D;2280801574;HERBICIDA;2280801574;5/05/2026;DUWEST GUATEMALA SOCIEDAD ANONIMA;CLINCHER 18 EC;Cyhalofop;DUWEST INC;COLOMBIA;0.1%;960.00;LITROS; $33,964.80 ; Q259,157.20 ;7.63017;Agrequima; Q1,166.21 ;;;;;
RDON-REVAI-12522-39.pdf;61C0B034;4243999030;HERBICIDA;4243999030;5/05/2026;DUWEST GUATEMALA SOCIEDAD ANONIMA;FLASH 7.5 SL;2,4-D, Picloram;DUWEST INC;COLOMBIA;0.1%;100.00;LITROS; $370.00 ; Q2,823.16 ;7.63017;Agrequima; Q12.70 ;;;;;
RDON-REVAI-12521-09.pdf;BB5AADAE;2731295832;HERBICIDA;2731295832;5/05/2026;DUWEST GUATEMALA SOCIEDAD ANONIMA;FLASH 7.5 SL;2,4-D, Picloram;DUWEST INC;COLOMBIA;0.1%;516.00;LITROS; $2,089.80 ; Q15,945.53 ;7.63017;Agrequima; Q71.75 ;;;;;
RDON-REVAI-12520-39.pdf;72EB5BAC;4238953324;HERBICIDA;4238953324;5/05/2026;DUWEST GUATEMALA SOCIEDAD ANONIMA;FLASH 7.5 SL;2,4-D, Picloram;DUWEST INC;COLOMBIA;0.1%;912.00;LITROS; $3,483.84 ; Q26,582.29 ;7.63017;Agrequima; Q119.62 ;;;;;
RDON-REVAI-12519-11.pdf;DFF11615;3299361508;HERBICIDA;3299361508;5/05/2026;DUWEST GUATEMALA SOCIEDAD ANONIMA;FLASH 7.5 SL;2,4-D, Picloram;DUWEST INC;COLOMBIA;0.1%;1,036.00;LITROS; $1,163.28 ; Q8,876.02 ;7.63017;Agrequima; Q39.94 ;;;;;
RDON-REVAI-12534-17.pdf;E91CE45E;3731508399;FUNGICIDA;3731508399;6/05/2026;GLOBAL AGROINSUMOS DE GUATEMALA SOCIEDAD ANONIMA;PILARICH 72 SC;Chlorothalonil;PILARQUIM (SHANGHAI) CO., LTD;CHINA;0.1%;6,048.00;LITROS; $32,054.40 ; Q244,580.52 ;7.63017;Agrequima; Q1,100.61 ;;;;;
RDON-REVAI-12533-47.pdf;7ACEC372;974340866;FUNGICIDA;974340866;6/05/2026;GLOBAL AGROINSUMOS DE GUATEMALA SOCIEDAD ANONIMA;PILARICH 72 SC;Chlorothalonil;PILARQUIM (SHANGHAI) CO., LTD;CHINA;0.1%;3,200.00;LITROS; $15,200.00 ; Q115,978.58 ;7.63017;Agrequima; Q521.90 ;;;;;
RDON-REVAI-12532-19.pdf;089C309C;2728478280;FUNGICIDA;2728478280;6/05/2026;GLOBAL AGROINSUMOS DE GUATEMALA SOCIEDAD ANONIMA;PILARMIX 60 SC;Azoxystrobin, Chlorothalonil;PILARQUIM (SHANGHAI) CO., LTD;CHINA;0.1%;1,600.00;LITROS; $14,720.00 ; Q112,316.10 ;7.63017;Agrequima; Q505.42 ;;;;;
RDON-REVAI-12529-47.pdf;B17C7128;2999601528;INSECTICIDA;2999601528;5/05/2026;BAYER, SOCIEDAD ANONIMA;MURALLA DELTA 19 OD;DELTAMETRINA, IMIDACLOPRID;BAYER AG;COLOMBIA;0.1%;13,000.00;LITROS; $235,040.00 ; Q1,793,395.16 ;7.63017;Agrequima; Q8,070.28 ;;;;;
RDON-REVAI-12580-59.pdf;38E240CD;669601257;INSECTICIDA;669601257;13/05/2026;BAYER, SOCIEDAD ANONIMA;CONFIDOR 70 WG;Imidacloprid;BAYER AG;ALEMANIA;0.1%;2,500.00;KILOGRAMOS; $200,625.00 ; Q1,529,607.13 ;7.62421;Agrequima; Q6,883.23 ;;;;;
RDON-REVAI-12581-57.pdf;09234AEB;906969238;FUNGICIDA;906969238;13/05/2026;BAYER, SOCIEDAD ANONIMA;NATIVO / CONSIST FULL 75 WG;Tebuconazol, Trifloxystrobin;BAYER AG;ALEMANIA;0.1%;5,850.00;KILOGRAMOS; $191,353.50 ; Q1,458,919.27 ;7.62421;Agrequima; Q6,565.14 ;;;;;
RDON-REVAI-12591-58.pdf;8A43C8CE;3129426952;INSECTICIDA;3129426952;15/05/2026;AGROFORTRESS, SOCIEDAD ANONIMA;DEFIENDE 60 FS;Imidacloprid, Thiodicarb;TAHUAL AGRICOLA, S.A.;CHINA;0.1%;4,996.80;LITROS; $91,091.66 ; Q694,501.95 ;7.62421;Agrequima; Q3,125.26 ;;;;;
RDON-REVAI-12593-00.pdf;B28DB594;3375320274;HERBICIDA;3375320274;15/05/2026;AGROFORTRESS, SOCIEDAD ANONIMA;HALOFOR 75 WG;HALOSULFURON-METHYL;TAHUAL AGRICOLA, S.A.;CHINA;0.1%;550.00;LITROS; $34,727.00 ; Q264,765.94 ;7.62421;Agrequima; Q1,191.45 ;;;;;
RDON-REVAI-12597-59.pdf;7D9CE62D;1489650026;INSECTICIDA;1489650026;15/05/2026;AGROFORTRESS, SOCIEDAD ANONIMA;TEMPUS 50 WG;Clothianidin;TAHUAL AGRICOLA, S.A.;CHINA;0.1%;1,500.00;KILOGRAMOS; $20,790.00 ; Q158,507.33 ;7.62421;Agrequima; Q713.28 ;;;;;
RDON-REVAI-12671-44.pdf;1C84ED28;309150012;INSECTICIDA;309150012;25/05/2026;AGRO-CHILE, SOCIEDAD ANONIMA;TEMPANO 32.8 WP;Imidacloprid, Lambda-Cyhalothrin;ANASAC INTERNACIONAL CORPORATION, S.A.;CHINA;0.1%;700.00;KILOGRAMOS; $22,400.00 ; Q170,616.10 ;7.61679;Agrequima; Q767.77 ;;;;;
RDON-REVAI-12670-14.pdf;33A327DC;2342079640;FUNGICIDA;2342079640;25/05/2026;AGRO-CHILE, SOCIEDAD ANONIMA;ITAKI / OMITAK 45 SC;Azoxystrobin, Dimethomorph;ANASAC INTERNACIONAL CORPORATION, S.A.;CHINA;0.1%;3,000.00;LITROS; $66,000.00 ; Q502,708.14 ;7.61679;Agrequima; Q2,262.19 ;;;;;
RDON-REVAI-12669-46.pdf;FD7A383C;1552109115;INSECTICIDA;1552109115;25/05/2026;AGRO-CHILE, SOCIEDAD ANONIMA;CONTRINO / TEJO 5 SG;Emamectinbenzoate;ANASAC INTERNACIONAL CORPORATION, S.A.;CHINA;0.1%;500.00;KILOGRAMOS; $17,500.00 ; Q133,293.83 ;7.61679;Agrequima; Q599.82 ;;;;;
RDON-REVAI-12668-41.pdf;B527A550;293422550;DESINFECTANTE DE SUELO;293422550;25/05/2026;INVERSIONES COMERCIALES E INDUSTRIALES, SOCIEDAD ANONIMA;VAPAM 51 GE;METAM-SODIUM;AMVAC LATAM S. DE R. L.;ESTADOS UNIDOS DE AMERICA;0.1%;7,488.00;LITROS; $13,328.64 ; Q101,521.45 ;7.61679;Agrequima; Q456.85 ;;;;;
RDON-REVAI-12667-12.pdf;48AE7954;2800044744;INSECTICIDA;2800044744;25/05/2026;INVERSIONES COMERCIALES E INDUSTRIALES, SOCIEDAD ANONIMA;Dibrom 90 EC;Naled;AMVAC LATAM S. DE R. L.;ESTADOS UNIDOS DE AMERICA;0.1%;6,656.00;LITROS; $106,163.20 ; Q808,622.80 ;7.61679;Agrequima; Q3,638.80 ;;;;;
RDON-REVAI-12540-26.pdf;A8156776;4286793501;MATERIA TÉCNICA INSECTICIDA;4286793501;6/05/2026;BAYER, SOCIEDAD ANONIMA;FLUPYRADIFURONE TECNICO;Flupyradifurone;BAYER AG;ALEMANIA;0.1%;5,500.00;KILOGRAMOS; $946,715.00 ; Q7,223,596.39 ;7.63017;Agrequima; Q32,506.18 ;;;;;
RDON-REVAI-12542-56.pdf;451EA027;1316831640;FUNGICIDA, ACARICIDA;1316831640;6/05/2026;TECNICA UNIVERSAL SOCIEDAD ANONIMA;COSAVET DF  80 WG;SULPHUR;SML LIMITED;INDIA;0.1%;38,000.00;KILOGRAMOS; $57,000.00 ; Q434,978.40 ;7.6312;Agrequima; Q1,957.40 ;;;;;
RDON-REVAI-12607-55.pdf;99E05039;2291351652;FUNGICIDA;2291351652;18/05/2026;FERTICA GUATEMALA, SOCIEDAD ANONIMA.;AZOCONAZOL 28 SC;AZOXYSTROBIN, CYPROCONAZOLE;SHARDA CROPCHEM LIMITED;INDIA;0.1%;2,440.00;LITROS; $46,360.00 ; Q353,246.05 ;7.61963;Agrequima; Q1,589.61 ;;;;;
RDON-REVAI-12606-26.pdf;51F322D9;4187835878;HERBICIDA;4187835878;18/05/2026;FERTICA GUATEMALA, SOCIEDAD ANONIMA.;FOMEXAFLEX 37.5 SL;Fluazifop-P-Butyl, Fomesafen;SHARDA CROPCHEM LIMITED;INDIA;0.1%;3,380.00;LITROS; $54,756.00 ; Q417,220.46 ;7.61963;Agrequima; Q1,877.49 ;;;;;
RDON-REVAI-12605-55.pdf;8D60FD50;3753790634;HERBICIDA;3753790634;18/05/2026;FERTICA GUATEMALA, SOCIEDAD ANONIMA.;FOMEXAFLEX 37.5 SL;Fluazifop-P-Butyl, Fomesafen;SHARDA CROPCHEM LIMITED;INDIA;0.1%;1,590.00;LITROS; $26,235.00 ; Q199,900.99 ;7.61963;Agrequima; Q899.55 ;;;;;
RDON-REVAI-12604-25.pdf;0F40433F;4046603273;INSECTICIDA, ACARICIDA;4046603273;18/05/2026;FERTICA GUATEMALA, SOCIEDAD ANONIMA.;CIPROMETRINA 25;Cipermetrina;SHARDA CROPCHEM LIMITED;INDIA;0.1%;4,030.00;LITROS; $23,575.50 ; Q179,636.59 ;7.61963;Agrequima; Q808.36 ;;;;;
RDON-REVAI-12603-55.pdf;13927773;1235108709;INSECTICIDA, ACARICIDA;1235108709;18/05/2026;FERTICA GUATEMALA, SOCIEDAD ANONIMA.;CIPROMETRINA 25;Cipermetrina;SHARDA CROPCHEM LIMITED;INDIA;0.1%;1,150.00;LITROS; $7,302.50 ; Q55,642.35 ;7.61963;Agrequima; Q250.39 ;;;;;
RDON-REVAI-12602-26.pdf;DC9A12D3;3947974456;INSECTICIDA;3947974456;18/05/2026;FERTICA GUATEMALA, SOCIEDAD ANONIMA.;SPECT 24.7 SC;LambdaCyhalotrina, Tiametoxam;SHARDA CROPCHEM LIMITED;INDIA;0.1%;2,640.00;LITROS; $43,560.00 ; Q331,911.08 ;7.61963;Agrequima; Q1,493.60 ;;;;;
RDON-REVAI-12608-23.pdf;B56EA666;1330988171;FUNGICIDA;1330988171;18/05/2026;NEGOCIOS RELACIONADOS, SOCIEDAD ANONIMA;CLOROTALONIL 72 SC;Chlorothalonil;TAHUAL AGRICOLA, S.A.;CHINA;0.1%;1,200.00;LITROS; $5,400.00 ; Q41,146.00 ;7.61963;Agrequima; Q185.16 ;;;;;
RDON-REVAI-12623-27.pdf;6DE01404;112872401;DESINFECTANTE DE SUELO;112872401;20/05/2026;INVERSIONES COMERCIALES E INDUSTRIALES, SOCIEDAD ANONIMA;VAPAM 51 GE;METAM-SODIUM;AMVAC LATAM S. DE R. L.;ESTADOS UNIDOS DE AMERICA;0.1%;14,976.00;LITROS; $26,657.28 ; Q203,211.91 ;7.62313;Agrequima; Q914.45 ;;;;;
RDON-REVAI-12614-26.pdf;2C575538;2925940068;HERBICIDA;2925940068;19/05/2026;AGROFORTRESS, SOCIEDAD ANONIMA;AMETRINA 50 SC;Ametryn;TAHUAL AGRICOLA, S.A.;CHINA;0.1%;16,000.00;LITROS; $51,920.00 ; Q395,615.34 ;7.61971;Agrequima; Q1,780.27 ;;;;;
RDON-REVAI-12539-26.pdf;4DD5FDC7;1246777257;HERBICIDA  TÉCNICO;1246777257;6/05/2026;BAYER, SOCIEDAD ANONIMA;GLIFOSATO SAL DE POTASIO TECNICO;GLYPHOSATEPOTASSIUMSALT;BAYER CROPSCIENCE LP;ESTADOS UNIDOS DE AMERICA;0.1%;59,910.00;KILOGRAMOS; $174,346.62 ; Q1,330,946.41 ;7.63391;Agrequima; Q5,989.26 ;;;;;
RDON-REVAI-12558-46.pdf;2BCCCE51;3606661477;FUNGICIDA;3606661477;8/05/2026;BASF DE GUATEMALA  SOCIEDAD ANONIMA;Cumora 50 SC;Boscalid;BASF DE COSTA RICA, S.A.;ESPAÑA;0.1%;630.00;LITROS; $22,780.80 ; Q173,801.33 ;7.62929;Agrequima; Q782.11 ;;;;;
RDON-REVAI-12616-28.pdf;1A640528;3515761209;HERBICIDA;3515761209;19/05/2026;AGROFORTRESS, SOCIEDAD ANONIMA;TERBUTRINA 50 SC;Terbutryn;TAHUAL AGRICOLA, S.A.;CHINA;0.1%;5,000.00;LITROS; $19,650.00 ; Q149,727.30 ;7.61971;Agrequima; Q673.77 ;;;;;
RDON-REVAI-12618-24.pdf;E3AF557F;61753884;INSECTICIDA;61753884;19/05/2026;EMPRESA CENTROAMERICANA DE SERVICIOS, S.A.;HACHI - HACHI 15.9 SC;Tolfenpyrad;AGRO TRADING CORPORATION, S. A .;JAPON;0.1%;540.00;LITROS; $16,674.67 ; Q127,056.15 ;7.61971;Agrequima; Q571.75 ;;;;;
RDON-REVAI-12639-51.pdf;2D73BD53;2503164861;HERBICIDA;2503164861;22/05/2026;AGROFORTRESS, SOCIEDAD ANONIMA;ATAJO 15 SL;GLUFOSINATE-P;TAHUAL AGRICOLA, S.A.;CHINA;0.1%;4,000.00;LITROS; $10,720.00 ; Q81,683.29 ;7.61971;Agrequima; Q367.57 ;;;;;
RDON-REVAI-12620-27.pdf;132A4088;2997897948;HERBICIDA;2997897948;19/05/2026;DUWEST GUATEMALA SOCIEDAD ANONIMA;DIUREX  80 SC;Diuron;DUWEST INC;ISRAEL;0.1%;3,840.00;LITROS; $21,120.00 ; Q160,928.28 ;7.61971;Agrequima; Q724.18 ;;;;;
RDON-REVAI-12632-09.pdf;ABD041CC;1556893061;HERBICIDA;1556893061;21/05/2026;EL COLONO AGROPECUARIO, SOCIEDAD ANONIMA;PILLARXONE 20 SL;ParaquatDichloride;AGROS CROPSCIENCE LP;CHINA;0.1%;6,000.00;LITROS; $16,920.00 ; Q128,961.53 ;7.62184;Agrequima; Q580.33 ;;;;;
RDON-REVAI-12631-40.pdf;A0E6E18F;4185279617;HERBICIDA;4185279617;21/05/2026;EL COLONO AGROPECUARIO, SOCIEDAD ANONIMA;PILLARXONE 20 SL;ParaquatDichloride;AGROS CROPSCIENCE LP;CHINA;0.1%;2,506.00;LITROS; $6,916.56 ; Q52,716.91 ;7.62184;Agrequima; Q237.23 ;;;;;
RDON-REVAI-12589-57.pdf;5DD71ECD;1960394855;INSECTICIDA;1960394855;15/05/2026;AGROFORTRESS, SOCIEDAD ANONIMA;TEMPUS 50 WG;Clothianidin;TAHUAL AGRICOLA, S.A.;CHINA;0.1%;1,400.00;KILOGRAMOS; $19,404.00 ; Q147,940.17 ;7.62421;Agrequima; Q665.73 ;;;;;
RDON-REVAI-12701-02.pdf;3119B292;2445363275;INSECTICIDA;2445363275;29/05/2026;MARKETING ARM GUATEMALA SOCIEDAD ANONIMA;NEWMECTIN 1.8 EC;Abamectin;MARKETING ARM PANAMA;CHINA;0.1%;396.00;LITROS; $23,773.27 ; Q181,209.37 ;7.6224;Agrequima; Q815.44 ;;;;;
RDON-REVAI-12700-29.pdf;2E02A78C;3787147257;INSECTICIDA;3787147257;29/05/2026;MARKETING ARM GUATEMALA SOCIEDAD ANONIMA;NEWMECTIN 1.8 EC;Abamectin;MARKETING ARM PANAMA;CHINA;0.1%;270.00;LITROS; $15,859.94 ; Q120,890.81 ;7.6224;Agrequima; Q544.01 ;;;;;
RDON-REVAI-12699-59.pdf;D3CE76A6;3301199376;INSECTICIDA;3301199376;29/05/2026;MARKETING ARM GUATEMALA SOCIEDAD ANONIMA;NEWMECTIN 1.8 EC;Abamectin;MARKETING ARM PANAMA;CHINA;0.1%;528.00;LITROS; $29,692.89 ; Q226,331.08 ;7.6224;Agrequima; Q1,018.49 ;;;;;
RDON-REVAI-12698-35.pdf;00ACD3E7;2041529584;INSECTICIDA;2041529584;29/05/2026;MARKETING ARM GUATEMALA SOCIEDAD ANONIMA;BENZOTIN 5.7 EC;Emamectinbenzoate;MARKETING ARM PANAMA;CHINA;0.1%;528.00;LITROS; $29,817.50 ; Q227,280.91 ;7.6224;Agrequima; Q1,022.76 ;;;;;
RDON-REVAI-12630-09.pdf;32C4FA1E;2890157381;HERBICIDA;2890157381;21/05/2026;EL COLONO AGROPECUARIO, SOCIEDAD ANONIMA;PILLARXONE 20 SL;ParaquatDichloride;AGROS CROPSCIENCE LP;CHINA;0.1%;6,000.00;LITROS; $15,720.00 ; Q119,815.32 ;7.62184;Agrequima; Q539.17 ;;;;;
RDON-REVAI-12629-38.pdf;FA6C021F;2037205369;HERBICIDA;2037205369;21/05/2026;EL COLONO AGROPECUARIO, SOCIEDAD ANONIMA;PRADERA  72  SL;2,4-D;AGROS CROPSCIENCE LP;CHINA;0.1%;2,002.00;LITROS; $5,265.26 ; Q40,130.97 ;7.62184;Agrequima; Q180.59 ;;;;;
RDON-REVAI-12628-10.pdf;4A9C7162;3520546191;HERBICIDA;3520546191;21/05/2026;EL COLONO AGROPECUARIO, SOCIEDAD ANONIMA;PRADERA  72  SL;2,4-D;AGROS CROPSCIENCE LP;CHINA;0.1%;11,000.00;LITROS; $27,720.00 ; Q211,277.40 ;7.62184;Agrequima; Q950.75 ;;;;;
RDON-REVAI-12638-40.pdf;604048F6;4250222987;FUNGICIDA, BACTERICIDA;4250222987;21/05/2026;MARKETING ARM GUATEMALA SOCIEDAD ANONIMA;PHYTON 6.6 SL;METALLICCOPPER(EQUIVALENTEA24%DESULFATODECOBREPENTAHIDRATADO);MARKETING ARM INTERNATIONAL, INC;ESTADOS UNIDOS DE AMERICA;0.1%;1,280.00;LITROS; $40,174.14 ; Q306,200.87 ;7.62184;Agrequima; Q1,377.90 ;;;;;
RDON-REVAI-12637-12.pdf;93A85D5A;2882683178;FUNGICIDA, BACTERICIDA;2882683178;21/05/2026;MARKETING ARM GUATEMALA SOCIEDAD ANONIMA;PHYTON 6.6 SL;METALLICCOPPER(EQUIVALENTEA24%DESULFATODECOBREPENTAHIDRATADO);MARKETING ARM INTERNATIONAL, INC;ESTADOS UNIDOS DE AMERICA;0.1%;1,056.00;LITROS; $37,722.79 ; Q287,517.07 ;7.62184;Agrequima; Q1,293.83 ;;;;;
RDON-REVAI-12653-16.pdf;172CD9A3;366890959;HERBICIDA;366890959;25/05/2026;BARILLAS,GALVEZ,,MANUEL,ANTONIO;TIGERBULL   48  SL;Mcpa, Picloram, Triclopyr;AGROQUIMICA INDUSTRIAL RIMAC, S.A.;COSTA RICA;0.1%;640.00;LITROS; $5,760.00 ; Q43,897.31 ;7.62106;Agrequima; Q197.54 ;;;;;
RDON-REVAI-12652-44.pdf;FB9909A6;245908746;HERBICIDA;245908746;25/05/2026;BARILLAS,GALVEZ,,MANUEL,ANTONIO;FANTASMA 12.5 EC;Fluazifop-P-Butyl;AGROQUIMICA INDUSTRIAL RIMAC, S.A.;COSTA RICA;0.1%;1,280.00;LITROS; $10,880.00 ; Q82,917.13 ;7.62106;Agrequima; Q373.13 ;;;;;
RDON-REVAI-12651-14.pdf;DBCD8C4F;3069068411;HERBICIDA;3069068411;25/05/2026;BARILLAS,GALVEZ,,MANUEL,ANTONIO;RIMAXONE 20  SL;Paraquat;AGROQUIMICA INDUSTRIAL RIMAC, S.A.;COSTA RICA;0.1%;1,500.00;LITROS; $4,464.80 ; Q34,026.51 ;7.62106;Agrequima; Q153.12 ;;;;;
RDON-REVAI-12650-46.pdf;6BE56B56;3297200211;HERBICIDA;3297200211;25/05/2026;BARILLAS,GALVEZ,,MANUEL,ANTONIO;GREEN  GO  PARAQUAT  20  SL;Paraquat;AGROQUIMICA INDUSTRIAL RIMAC, S.A.;COSTA RICA;0.1%;450.00;LITROS; $1,269.99 ; Q9,678.67 ;7.62106;Agrequima; Q43.55 ;;;;;
RDON-REVAI-12649-15.pdf;4718981E;1057637559;HERBICIDA;1057637559;25/05/2026;BARILLAS,GALVEZ,,MANUEL,ANTONIO;RIMAXATO 75 WG;Glifosato;AGROQUIMICA INDUSTRIAL RIMAC, S.A.;COSTA RICA;0.1%;800.00;KILOGRAMOS; $5,600.00 ; Q42,677.94 ;7.62106;Agrequima; Q192.05 ;;;;;
RDON-REVAI-12648-44.pdf;B35AE140;1235438584;HERBICIDA;1235438584;25/05/2026;BARILLAS,GALVEZ,,MANUEL,ANTONIO;GREEN GO GLIFOSATO 35.6 SL;Glifosato;AGROQUIMICA INDUSTRIAL RIMAC, S.A.;COSTA RICA;0.1%;3,652.00;LITROS; $10,876.06 ; Q82,887.11 ;7.62106;Agrequima; Q372.99 ;;;;;
RDON-REVAI-12565-08.pdf;0F09C033;3873917409;INSECTICIDA, NEMATICIDA;3873917409;11/05/2026;DUWEST GUATEMALA SOCIEDAD ANONIMA;VYDATE 24 SL;Oxamyl;DUWEST INC;ESTADOS UNIDOS DE AMERICA;0.1%;10,400.00;LITROS; $165,672.00 ; Q1,263,212.55 ;7.62478;Agrequima; Q5,684.46 ;;;;;
RDON-REVAI-12566-06.pdf;C669F46B;1263157931;INSECTICIDA;1263157931;11/05/2026;EMPRESA CENTROAMERICANA DE SERVICIOS, S.A.;KORCEL 40 WG;Acetamiprid, Fipronil;AGRO TRADING CORPORATION, S. A .;INDIA;0.1%;250.00;KILOGRAMOS; $4,526.52 ; Q34,513.72 ;7.62478;Agrequima; Q155.31 ;;;;;
RDON-REVAI-12592-58.pdf;BB9B3BBF;682968171;HERBICIDA;682968171;15/05/2026;AGROFORTRESS, SOCIEDAD ANONIMA;FORZA 60 WP;Metsulfuron-Methyl;TAHUAL AGRICOLA, S.A.;CHINA;0.1%;2,000.00;KILOGRAMOS; $25,360.00 ; Q193,349.97 ;7.62421;Agrequima; Q870.07 ;;;;;
RDON-REVAI-12594-58.pdf;0C8D52CC;2129088372;HERBICIDA;2129088372;15/05/2026;AGROFORTRESS, SOCIEDAD ANONIMA;AUDAZ 48 SC;Mesotrione;TAHUAL AGRICOLA, S.A.;CHINA;0.1%;1,240.00;LITROS; $9,188.40 ; Q70,054.29 ;7.62421;Agrequima; Q315.24 ;;;;;
RDON-REVAI-12647-14.pdf;06E8E95C;2337032237;HERBICIDA;2337032237;25/05/2026;BARILLAS,GALVEZ,,MANUEL,ANTONIO;RIMAXATO 35.6 SL;Glifosato;AGROQUIMICA INDUSTRIAL RIMAC, S.A.;COSTA RICA;0.1%;600.00;LITROS; $2,370.00 ; Q18,061.91 ;7.62106;Agrequima; Q81.28 ;;;;;
RDON-REVAI-12646-43.pdf;10A7A784;2260812208;HERBICIDA;2260812208;25/05/2026;BARILLAS,GALVEZ,,MANUEL,ANTONIO;TRIGGER 48 EC;Triclopir;AGROQUIMICA INDUSTRIAL RIMAC, S.A.;COSTA RICA;0.1%;320.00;LITROS; $3,264.00 ; Q24,875.14 ;7.62106;Agrequima; Q111.94 ;;;;;
RDON-REVAI-12645-15.pdf;8E9BAB43;1014187668;INSECTICIDA;1014187668;25/05/2026;BARILLAS,GALVEZ,,MANUEL,ANTONIO;RIMPIRIFOS  48  EC;Clorpirifos;AGROQUIMICA INDUSTRIAL RIMAC, S.A.;COSTA RICA;0.1%;1,600.00;LITROS; $8,344.00 ; Q63,590.12 ;7.62106;Agrequima; Q286.16 ;;;;;
RDON-REVAI-12644-16.pdf;3174A492;3757789157;INSECTICIDA, NEMATICIDA;3757789157;25/05/2026;BARILLAS,GALVEZ,,MANUEL,ANTONIO;GREEN GO OXAMIL 10 GR;Oxamyl;AGROQUIMICA INDUSTRIAL RIMAC, S.A.;COSTA RICA;0.1%;4,500.00;KILOGRAMOS; $15,840.00 ; Q120,717.59 ;7.62106;Agrequima; Q543.23 ;;;;;
RDON-REVAI-12665-04.pdf;737702EA;401165908;FUNGICIDA;401165908;25/05/2026;GLOBAL AGROINSUMOS DE GUATEMALA SOCIEDAD ANONIMA;GLOBAXIL 72 WP;Mancozeb, Metalaxyl;TAHUAL AGRICOLA, S.A.;CHINA;0.1%;7,000.00;KILOGRAMOS; $37,870.00 ; Q288,447.84 ;7.61679;Agrequima; Q1,298.02 ;;;;;
RDON-REVAI-12656-25.pdf;0E7A4227;279529067;RODENTICIDA;279529067;25/05/2026;DUWEST GUATEMALA SOCIEDAD ANONIMA;RAMIK  GREEN  0.005 GB;DIPHACINONE;VISION AGRICOLA, S.A. DE C.V.;ESTADOS UNIDOS DE AMERICA;0.1%;3,375.00;KILOGRAMOS; $31,526.87 ; Q240,133.55 ;7.61679;Agrequima; Q1,080.60 ;;;;;
RDON-REVAI-12676-41.pdf;9279BB78;1688030390;INSECTICIDA;1688030390;26/05/2026;ARYSTA LIFESCIENCE DE GUATEMALA, SOCIEDAD ANONIMA;TETRAEDRO 10 EC;Pyriproxyfen;UPL COSTA RICA, S.A.;CHINA;0.1%;1,400.00;LITROS; $12,180.00 ; Q92,843.27 ;7.6226;Agrequima; Q417.79 ;;;;;
RDON-REVAI-12536-55.pdf;A000D8A4;2548256049;FUNGICIDA;2548256049;6/05/2026;DUWEST GUATEMALA SOCIEDAD ANONIMA;CURZATE M 72 WP;Cymoxanil, Mancozeb;DUWEST INC;COLOMBIA;0.1%;13,000.00;KILOGRAMOS; $172,640.00 ; Q1,317,450.37 ;7.6312;Agrequima; Q5,928.53 ;;;;;
RDON-REVAI-12550-35.pdf;9B3243FB;4273030389;FUNGICIDA;4273030389;8/05/2026;PROMOCIONES AGRICOLAS INDUSTRIALES Y COMERCIALES SOCIEDAD ANONIMA;APROACH POWER 13 EC;Cyproconazole, Picoxystrobin;AGRO TRADING CORPORATION, S.A.;COLOMBIA;0.1%;608.00;LITROS; $23,609.01 ; Q180,143.12 ;7.63027;Agrequima; Q810.64 ;;;;;
RDON-REVAI-12553-16.pdf;AC9B3082;1707820855;HERBICIDA;1707820855;8/05/2026;BASF DE GUATEMALA  SOCIEDAD ANONIMA;HEAT / KELTOR 70 WG;Saflufenacil;BASF DE COSTA RICA, S.A.;BRAZIL;0.1%;432.00;KILOGRAMOS; $58,968.00 ; Q449,883.97 ;7.62929;Agrequima; Q2,024.48 ;;;;;
RDON-REVAI-12562-46.pdf;B21B08A7;2834844000;NEMATICIDA;2834844000;8/05/2026;TECNICA UNIVERSAL SOCIEDAD ANONIMA;NEMACUR 40 EC;Fenamiphos;AMVAC DE COSTA RICA S.R.L;GUATEMALA;0.1%;1,000.00;LITROS; $15,525.86 ; Q118,451.29 ;7.62929;Agrequima; Q533.03 ;;;;;
RDON-REVAI-12517-02.pdf;9C3AAD54;142888190;FUNGICIDA;142888190;4/05/2026;DUWEST GUATEMALA SOCIEDAD ANONIMA;INDOZEB 80 WP;Mancozeb;DUWEST INC;INDIA;0.1%;44,800.00;KILOGRAMOS; $145,600.00 ; Q1,111,043.02 ;7.63079;Agrequima; Q4,999.69 ;;;;;
RDON-REVAI-12587-57.pdf;59F6A9E4;437471283;INSECTICIDA;437471283;15/05/2026;AGROFORTRESS, SOCIEDAD ANONIMA;BRUJULA 5 WG;EmamectinBenzoato;TAHUAL AGRICOLA, S.A.;CHINA;0.1%;1,900.00;KILOGRAMOS; $20,216.00 ; Q154,131.03 ;7.62421;Agrequima; Q693.59 ;;;;;
RDON-REVAI-12588-57.pdf;F7C56314;1950630992;INSECTICIDA;1950630992;15/05/2026;AGROFORTRESS, SOCIEDAD ANONIMA;FIPRONIL / PIKUDO 20 SC;Fipronil;TAHUAL AGRICOLA, S.A.;CHINA;0.1%;2,000.00;LITROS; $35,400.00 ; Q269,897.03 ;7.62421;Agrequima; Q1,214.54 ;;;;;
RDON-REVAI-12518-38.pdf;BF7E4007;3787540116;FUNGICIDA;3787540116;4/05/2026;DUWEST GUATEMALA SOCIEDAD ANONIMA;ZORVEC  ENCANTIA 33 SE;Famoxadone, Oxathiapiprolin;DUWEST INC;ESTADOS UNIDOS DE AMERICA;0.1%;1,104.00;LITROS; $138,938.40 ; Q1,060,209.75 ;7.63079;Agrequima; Q4,770.94 ;;;;;
RDON-REVAI-12535-02.pdf;AF5ACB4B;2266579243;FUNGICIDA;2266579243;6/05/2026;SOLUFERT, S. A.;DITHANE  62  SC;Mancozeb;UPL COSTA RICA S.A.;COSTA RICA;0.1%;15,000.00;LITROS; $97,650.00 ; Q745,086.10 ;7.63017;Agrequima; Q3,352.89 ;;;;;
RDON-REVAI-12548-13.pdf;0AC3A4CF;2455586607;FUNGICIDA, BACTERICIDA;2455586607;7/05/2026;TECNOLOGIA PARA LA AGRICULTURA, SOCIEDAD ANONIMA;BLUE SHIELD / NUCOP / COPERNICO / COBRE  AZUL / KUPRAZUL 40 WG;METALLICCOPPER;ALBAUGH MEXICO;MEXICO;0.1%;2,500.00;KILOGRAMOS; $35,100.00 ; Q267,855.12 ;7.6312;Agrequima; Q1,205.35 ;;;;;
RDON-REVAI-12561-46.pdf;CD6664F1;2067418803;FUNGICIDA, ACARICIDA;2067418803;8/05/2026;BASF DE GUATEMALA  SOCIEDAD ANONIMA;KUMULUS 80 WG;SULPHUR;BASF DE COSTA RICA, S.A.;ALEMANIA;0.1%;2,100.00;KILOGRAMOS; $6,069.00 ; Q46,302.16 ;7.62929;Agrequima; Q208.36 ;;;;;
RDON-REVAI-12559-46.pdf;CDE8D7E6;626936934;NEMATICIDA;626936934;8/05/2026;TECNICA UNIVERSAL SOCIEDAD ANONIMA;NEMACUR 40 EC;FENAMIPHOS;AMVAC DE COSTA RICA S.R.L;GUATEMALA;0.1%;1,362.24;LITROS; $19,761.86 ; Q150,768.96 ;7.62929;Agrequima; Q678.46 ;;;;;
RDON-REVAI-12555-15.pdf;2A65AF1C;379470724;RODENTICIDA;379470724;8/05/2026;BASF DE GUATEMALA  SOCIEDAD ANONIMA;STORM 0.005 BB;FLOCOUMAFEN;BASF DE COSTA RICA, S.A.;REINO UNIDO;0.1%;500.00;KILOGRAMOS; $2,560.00 ; Q19,530.98 ;7.62929;Agrequima; Q87.89 ;;;;;
RDON-REVAI-12557-47.pdf;28AF075B;726353221;FUNGICIDA;726353221;8/05/2026;BASF DE GUATEMALA  SOCIEDAD ANONIMA;Cumora 50 SC;Boscalid;BASF DE COSTA RICA, S.A.;ESPAÑA;0.1%;1,890.00;LITROS; $68,342.40 ; Q521,403.99 ;7.62929;Agrequima; Q2,346.32 ;;;;;
RDON-REVAI-12552-16.pdf;C7296432;126701267;FUNGICIDA;126701267;8/05/2026;BASF DE GUATEMALA  SOCIEDAD ANONIMA;FORUM 15 DC;Dimethomorph;BASF DE COSTA RICA, S.A.;ESPAÑA;0.1%;900.00;LITROS; $27,063.00 ; Q206,471.48 ;7.62929;Agrequima; Q929.12 ;;;;;
RDON-REVAI-12554-16.pdf;FF4F3E7B;2373928507;FUNGICIDA;2373928507;8/05/2026;BASF DE GUATEMALA  SOCIEDAD ANONIMA;CABRIO TEAM / GUELUZ 18.7 WG;Dimethomorph, Pyraclostrobin;BASF DE COSTA RICA, S.A.;ALEMANIA;0.1%;675.00;KILOGRAMOS; $20,648.25 ; Q157,531.49 ;7.62929;Agrequima; Q708.89 ;;;;;
RDON-REVAI-12579-39.pdf;A4178BD3;3157082570;MATERIA TÉCNICA FUNGICIDA;3157082570;13/05/2026;BAYER, SOCIEDAD ANONIMA;SPIROXAMINE TECNICO;Spiroxamine;BAYER AG;ALEMANIA;0.1%;18,000.00;LITROS; $155,179.80 ; Q1,183,123.38 ;7.62421;Agrequima; Q5,324.06 ;;;;;
RDON-REVAI-12586-58.pdf;4BBBFE28;2306754153;INSECTICIDA;2306754153;14/05/2026;AGRO-CHILE, SOCIEDAD ANONIMA;CONTRINO / TEJO 5 SG;Emamectinbenzoate;ANASAC INTERNACIONAL CORPORATION, S.A.;CHINA;0.1%;200.00;KILOGRAMOS; $4,600.00 ; Q35,076.15 ;7.62525;Agrequima; Q157.84 ;;;;;
RDON-REVAI-12585-30.pdf;23009727;1806648681;INSECTICIDA;1806648681;14/05/2026;AGRO-CHILE, SOCIEDAD ANONIMA;CONTRINO / TEJO 5 SG;Emamectinbenzoate;ANASAC INTERNACIONAL CORPORATION, S.A.;CHINA;0.1%;300.00;KILOGRAMOS; $7,350.00 ; Q56,045.59 ;7.62525;Agrequima; Q252.21 ;;;;;
RDON-REVAI-12584-59.pdf;77C12299;2110606571;FUNGICIDA;2110606571;14/05/2026;AGRO-CHILE, SOCIEDAD ANONIMA;SCANNER 37 SC;Azoxistrobin, Ciproconazol, Tebuconazol;ANASAC INTERNACIONAL CORPORATION, S.A.;CHINA;0.1%;500.00;LITROS; $12,500.00 ; Q95,315.63 ;7.62525;Agrequima; Q428.92 ;;;;;
RDON-REVAI-12576-15.pdf;E2A8A437;500910762;FUNGICIDA;500910762;13/05/2026;PROMOCIONES AGRICOLAS INDUSTRIALES Y COMERCIALES SOCIEDAD ANONIMA;ASGARD 70 WG;Thiophanate-Methyl;AGRO TRADING CORPORATION, S.A.;CHINA;0.1%;400.00;KILOGRAMOS; $4,996.40 ; Q38,096.95 ;7.62488;Agrequima; Q171.44 ;;;;;
RDON-REVAI-12612-24.pdf;006C859E;3756150706;HERBICIDA;3756150706;18/05/2026;FERTICA GUATEMALA, SOCIEDAD ANONIMA.;AMINAL 72 SL;2,4-D;TOP GENERIC AGROCHEMICALS TRADING LLC DWC-BRANCH;CHINA;0.1%;1,056.00;LITROS; $2,724.48 ; Q20,759.53 ;7.61963;Agrequima; Q93.42 ;;;;;
RDON-REVAI-12611-53.pdf;E719D643;1220693580;HERBICIDA;1220693580;18/05/2026;FERTICA GUATEMALA, SOCIEDAD ANONIMA.;AMINAL 72 SL;2,4-D;TOP GENERIC AGROCHEMICALS TRADING LLC DWC-BRANCH;CHINA;0.1%;5,688.00;LITROS; $13,196.16 ; Q100,549.86 ;7.61963;Agrequima; Q452.47 ;;;;;
RDON-REVAI-12610-24.pdf;DF9B45DB;330055760;HERBICIDA;330055760;18/05/2026;FERTICA GUATEMALA, SOCIEDAD ANONIMA.;AMINAL 72 SL;2,4-D;TOP GENERIC AGROCHEMICALS TRADING LLC DWC-BRANCH;CHINA;0.1%;6,600.00;LITROS; $14,256.00 ; Q108,625.45 ;7.61963;Agrequima; Q488.81 ;;;;;
RDON-REVAI-12609-52.pdf;0F8E614B;68634171;HERBICIDA;68634171;18/05/2026;FERTICA GUATEMALA, SOCIEDAD ANONIMA.;THUNDER 20 SL;ParaquatDichloride;TOP GENERIC AGROCHEMICALS TRADING LLC DWC-BRANCH;CHINA;0.1%;7,800.00;LITROS; $19,812.00 ; Q150,960.11 ;7.61963;Agrequima; Q679.32 ;;;;;
RDON-REVAI-12619-28.pdf;7795F599;869485171;FUNGICIDA;869485171;19/05/2026;EMPRESA CENTROAMERICANA DE SERVICIOS, S.A.;MONCUT  50 WP;Flutolanil;AGRO TRADING CORPORATION, S. A .;JAPON;0.1%;150.00;KILOGRAMOS; $5,588.32 ; Q42,581.38 ;7.61971;Agrequima; Q191.62 ;;;;;
RDON-REVAI-12613-31.pdf;4EAF954C;2876459055;INSECTICIDA;2876459055;19/05/2026;AGROFORTRESS, SOCIEDAD ANONIMA;TEMPUS 50 WG;Clothianidin;TAHUAL AGRICOLA, S.A.;CHINA;0.1%;6,000.00;KILOGRAMOS; $81,900.00 ; Q624,054.25 ;7.61971;Agrequima; Q2,808.24 ;;;;;
RDON-REVAI-12615-25.pdf;595200CD;601508254;INSECTICIDA;601508254;19/05/2026;AGROFORTRESS, SOCIEDAD ANONIMA;FIPRONIL / PIKUDO 20 SC;Fipronil;TAHUAL AGRICOLA, S.A.;CHINA;0.1%;756.00;LITROS; $13,615.56 ; Q103,746.62 ;7.61971;Agrequima; Q466.86 ;;;;;
RDON-REVAI-12617-28.pdf;C2A2CE41;1866221822;HERBICIDA;1866221822;19/05/2026;AGROFORTRESS, SOCIEDAD ANONIMA;FORASTERO 35.6 SL;GLYPHOSATE;TAHUAL AGRICOLA, S.A.;CHINA;0.1%;3,000.00;LITROS; $6,390.00 ; Q48,689.95 ;7.61971;Agrequima; Q219.10 ;;;;;
RDON-REVAI-12641-21.pdf;441C48F3;3717745322;INSECTICIDA;3717745322;22/05/2026;AGROFORTRESS, SOCIEDAD ANONIMA;INVICTO / KPAZ 70 WG;Imidacloprid;TAHUAL AGRICOLA, S.A.;CHINA;0.1%;600.00;KILOGRAMOS; $9,018.00 ; Q68,714.54 ;7.61971;Agrequima; Q309.22 ;;;;;
RDON-REVAI-12627-39.pdf;A9731DD2;3209773388;FUNGICIDA;3209773388;21/05/2026;ADAMA GUATEMALA, SOCIEDAD ANONIMA;MIRAGE 45 EC;Prochloraz;ADAMA MAKHTESHIM LTD;ISRAEL;0.1%;8,000.00;LITROS; $120,000.00 ; Q914,775.60 ;7.62313;Agrequima; Q4,116.49 ;;;;;
RDON-REVAI-12624-35.pdf;08E2DAAC;2525187985;INSECTICIDA;2525187985;21/05/2026;DUWEST GUATEMALA SOCIEDAD ANONIMA;MARSHAL 25 EC;Carbosulfan;DUWEST INC;ESTADOS UNIDOS DE AMERICA;0.1%;1,000.00;LITROS; $16,080.00 ; Q122,559.19 ;7.62184;Agrequima; Q551.52 ;;;;;
RDON-REVAI-12625-40.pdf;6BFFEBC4;3558492546;FUNGICIDA;3558492546;21/05/2026;EMPRESA CENTROAMERICANA DE SERVICIOS, S.A.;BELLKUTE 30 SC;IMINOCTADINETRIS(ALBESILATE);AGRO TRADING CORPORATION, S. A .;JAPON;0.1%;400.00;LITROS; $14,821.70 ; Q112,968.63 ;7.62184;Agrequima; Q508.36 ;;;;;
RDON-REVAI-12634-12.pdf;20CF5211;2554413708;MATERIA TÉCNICA FUNGICIDA;2554413708;21/05/2026;BAYER, SOCIEDAD ANONIMA;PROPINEB TK 83%;Propineb;BAYER AG;ALEMANIA;0.1%;19,950.00;KILOGRAMOS; $82,992.00 ; Q632,551.75 ;7.62184;Agrequima; Q2,846.48 ;;;;;
RDON-REVAI-12635-09.pdf;2751654;2900184674;MATERIA TÉCNICA FUNGICIDA;2900184674;21/05/2026;BAYER, SOCIEDAD ANONIMA;PROPINEB TK 83%;PROPINEB;BAYER AG;ALEMANIA;0.1%;19,950.00;KILOGRAMOS; $82,992.00 ; Q632,551.75 ;7.62184;Agrequima; Q2,846.48 ;;;;;
RDON-REVAI-12626-38.pdf;5DE38282;4283256405;MOLUSQUICIDA;4283256405;21/05/2026;EMPRESA CENTROAMERICANA DE SERVICIOS, S.A.;AXCELA  3 GR;METHALDEHYDE;AGRO TRADING CORPORATION, S. A .;SUIZA;0.1%;250.00;KILOGRAMOS; $1,021.48 ; Q7,785.56 ;7.62184;Agrequima; Q35.04 ;;;;;
RDON-REVAI-12643-14.pdf;562B01B7;2282438910;HERBICIDA;2282438910;22/05/2026;AGROFORTRESS, SOCIEDAD ANONIMA;ATAJO 15 SL;GLUFOSINATE-P;TAHUAL AGRICOLA, S.A.;CHINA;0.1%;4,000.00;LITROS; $10,200.00 ; Q77,734.81 ;7.62106;Agrequima; Q349.81 ;;;;;
RDON-REVAI-12697-58.pdf;A9E04B98;333071350;FUNGICIDA;333071350;27/05/2026;TECNICA UNIVERSAL SOCIEDAD ANONIMA;TRD ´PLUS  50  SC;COPPERSULPHATE(Equivalentea1.85%decobremetálico), Sulphur;BIOSCIENTIA BANF S.A.;COSTA RICA;0.1%;1,200.00;LITROS; $5,820.00 ; Q44,354.16 ;7.62099;Agrequima; Q199.59 ;;;;;
RDON-REVAI-12696-33.pdf;0BD53BB4;1730626836;HERBICIDA;1730626836;27/05/2026;AGRO-CHILE, SOCIEDAD ANONIMA;ZEA MAX 4 SC;Nicosulfuron;ANASAC INTERNACIONAL CORPORATION, S.A.;CHINA;0.1%;15,996.00;LITROS; $73,421.64 ; Q559,545.58 ;7.62099;Agrequima; Q2,517.96 ;;;;;
RDON-REVAI-12569-06.pdf;CDAE45FB;1877756914;REGULADOR DE CRECIMIENTO;1877756914;11/05/2026;MAXIAGRO, SOCIEDAD ANONIMA;ROOTING 81.017;EXTRACTODEORIGENVEGETAL,AUXINAS,VITAMINAS,CITOCININAS,P2O5;AGROENZYMAS DE PANAMA, S.A.;MEXICO;0.1%;600.00;LITROS; $10,092.50 ; Q76,953.09 ;7.62478;Agrequima; Q346.29 ;;;;;
RDON-REVAI-12568-07.pdf;913F30B3;2383824074;INSECTICIDA;2383824074;11/05/2026;PROMOCIONES AGRICOLAS INDUSTRIALES Y COMERCIALES SOCIEDAD ANONIMA;EXALT 6 SC;Spinetoram;AGRO TRADING CORPORATION, S.A.;COLOMBIA;0.1%;680.00;LITROS; $81,489.51 ; Q621,339.59 ;7.62478;Agrequima; Q2,796.03 ;;;;;
RDON-REVAI-12583-28.pdf;9.88815E+11;3884731053;HERBICIDA;3884731053;14/05/2026;NEGOCIOS RELACIONADOS, SOCIEDAD ANONIMA;PARAQUAT 20 SL;Paraquat;TAHUAL AGRICOLA, S.A.;CHINA;0.1%;4,000.00;LITROS; $10,320.00 ; Q78,687.73 ;7.62478;Agrequima; Q354.09 ;;;;;
RDON-REVAI-12622-59.pdf;019E31F8;3510520943;MATERIA TÉCNICA FUNGICIDA;3510520943;20/05/2026;BAYER, SOCIEDAD ANONIMA;SPIROXAMINE TECNICO;SPIROXAMINE;BAYER AG;ALEMANIA;0.1%;18,000.00;LITROS; $155,179.80 ; Q1,182,955.79 ;7.62313;Agrequima; Q5,323.30 ;;;;;
RDON-REVAI-12664-17.pdf;E06748EE;2130723231;FUNGICIDA;2130723231;25/05/2026;TRIBO SA;TRICLORO 72 SC;CHLOROTHALONIL;COMERCIALIZADORA DE INSUMOS AGRICOLAS;CHINA;0.1%;2,400.00;LITROS; $10,392.00 ; Q79,198.06 ;7.62106;Agrequima; Q356.39 ;;;;;
RDON-REVAI-12663-47.pdf;87158387;222515047;FUNGICIDA;222515047;25/05/2026;TRIBO SA;TRICLORO 72 SC;CHLOROTHALONIL;COMERCIALIZADORA DE INSUMOS AGRICOLAS;CHINA;0.1%;3,000.00;LITROS; $11,760.00 ; Q89,623.67 ;7.62106;Agrequima; Q403.31 ;;;;;
RDON-REVAI-12680-50.pdf;4AA95A37;3915007519;HERBICIDA;3915007519;26/05/2026;AGROFORTRESS, SOCIEDAD ANONIMA;FORASTERO 35.6 SL;GLYPHOSATE;TAHUAL AGRICOLA, S.A.;CHINA;0.1%;400.00;LITROS; $808.00 ; Q6,159.06 ;7.6226;Agrequima; Q27.72 ;;;;;
RDON-REVAI-12681-50.pdf;F35189BA;1607880347;HERBICIDA;1607880347;26/05/2026;AGROFORTRESS, SOCIEDAD ANONIMA;FORASTERO 35.6 SL;GLYPHOSATE;TAHUAL AGRICOLA, S.A.;CHINA;0.1%;2,000.00;LITROS; $4,040.00 ; Q30,795.30 ;7.6226;Agrequima; Q138.58 ;;;;;
RDON-REVAI-12682-22.pdf;D128C85D;2860270395;HERBICIDA;2860270395;26/05/2026;AGROFORTRESS, SOCIEDAD ANONIMA;HEXACTO 75 WP;Hexazinone;TAHUAL AGRICOLA, S.A.;CHINA;0.1%;10,000.00;KILOGRAMOS; $113,500.00 ; Q865,165.10 ;7.6226;Agrequima; Q3,893.24 ;;;;;
RDON-REVAI-12574-10.pdf;4622F5B9;3999678862;INSECTICIDA, NEMATICIDA;3999678862;12/05/2026;TECNICA UNIVERSAL SOCIEDAD ANONIMA;COUNTER 10 GR;TERBUFOS;AMVAC DE COSTA RICA S.R.L;COSTA RICA;0.1%;2,655.00;KILOGRAMOS; $6,658.18 ; Q50,767.82 ;7.62488;Agrequima; Q228.46 ;;;;;
RDON-REVAI-12596-59.pdf;E7295F98;3741076901;INSECTICIDA;3741076901;15/05/2026;AGROFORTRESS, SOCIEDAD ANONIMA;FUERTE   40 FS;Imidacloprid, Thiodicarb;TAHUAL AGRICOLA, S.A.;CHINA;0.1%;1,250.00;LITROS; $20,187.50 ; Q153,913.74 ;7.62421;Agrequima; Q692.61 ;;;;;
RDON-REVAI-12601-20.pdf;133ABCF4;2590589194;FUNGICIDA;2590589194;18/05/2026;GLOBAL AGROINSUMOS DE GUATEMALA SOCIEDAD ANONIMA;PILARICH   75 WP;Chlorothalonil;PILARQUIM (SHANGHAI) CO., LTD;CHINA;0.1%;7,200.00;KILOGRAMOS; $40,320.00 ; Q307,369.84 ;7.62326;Agrequima; Q1,383.16 ;;;;;
RDON-REVAI-12600-50.pdf;42A2140B;1139100857;FUNGICIDA;1139100857;18/05/2026;GLOBAL AGROINSUMOS DE GUATEMALA SOCIEDAD ANONIMA;ACTIVPRO 29.5 SE;Azoxystrobin, Propiconazole;PILARQUIM (SHANGHAI) CO., LTD;CHINA;0.1%;1,008.00;LITROS; $18,648.00 ; Q142,158.55 ;7.62326;Agrequima; Q639.71 ;;;;;
RDON-REVAI-12599-52.pdf;35A6B56B;1187398401;FUNGICIDA;1187398401;18/05/2026;GLOBAL AGROINSUMOS DE GUATEMALA SOCIEDAD ANONIMA;ACTIVPRO 29.5 SE;Azoxystrobin, Propiconazole;PILARQUIM (SHANGHAI) CO., LTD;CHINA;0.1%;1,000.00;LITROS; $19,000.00 ; Q144,841.94 ;7.62326;Agrequima; Q651.79 ;;;;;
RDON-REVAI-12633-11.pdf;5D6E1169;2694663722;FUNGICIDA;2694663722;21/05/2026;EL COLONO AGROPECUARIO, SOCIEDAD ANONIMA;BANAZEB 60 SC;Mancozeb;DISTRIBUIDORA INQUISA S.A.;COSTA RICA;0.1%;18,000.00;LITROS; $91,050.00 ; Q693,968.53 ;7.62184;Agrequima; Q3,122.86 ;;;;;
RDON-REVAI-12662-18.pdf;DE51546D;1506034533;FUNGICIDA;1506034533;25/05/2026;TRIBO SA;TRICLORO 72 SC;Chlorothalonil;COMERCIALIZADORA DE INSUMOS AGRICOLAS;CHINA;0.1%;3,000.00;LITROS; $11,490.00 ; Q87,565.98 ;7.62106;Agrequima; Q394.05 ;;;;;
RDON-REVAI-12661-48.pdf;D799A9FE;4124394136;HERBICIDA;4124394136;25/05/2026;TRIBO SA;PARAQUAT 20 SL;Paraquat;COMERCIALIZADORA DE INSUMOS AGRICOLAS;CHINA;0.1%;8,000.00;LITROS; $15,840.00 ; Q120,717.59 ;7.62106;Agrequima; Q543.23 ;;;;;
RDON-REVAI-12660-16.pdf;4D280DFF;2144751224;HERBICIDA;2144751224;25/05/2026;TRIBO SA;PARAQUAT 20 SL;Paraquat;COMERCIALIZADORA DE INSUMOS AGRICOLAS;CHINA;0.1%;6,000.00;LITROS; $15,240.00 ; Q116,144.95 ;7.62106;Agrequima; Q522.65 ;;;;;
RDON-REVAI-12659-47.pdf;5FBB2ECE;3423421202;HERBICIDA;3423421202;25/05/2026;TRIBO SA;PARAQUAT 20 SL;Paraquat;COMERCIALIZADORA DE INSUMOS AGRICOLAS;CHINA;0.1%;4,200.00;LITROS; $9,786.00 ; Q74,579.69 ;7.62106;Agrequima; Q335.61 ;;;;;
RDON-REVAI-12658-16.pdf;4F7B610B;2151368152;HERBICIDA;2151368152;25/05/2026;TRIBO SA;PARAQUAT 20 SL;Paraquat;COMERCIALIZADORA DE INSUMOS AGRICOLAS;CHINA;0.1%;4,000.00;LITROS; $9,000.00 ; Q68,589.54 ;7.62106;Agrequima; Q308.65 ;;;;;
RDON-REVAI-12657-46.pdf;5D5766A8;3460317577;HERBICIDA;3460317577;25/05/2026;TRIBO SA;PARAQUAT 20 SL;Paraquat;COMERCIALIZADORA DE INSUMOS AGRICOLAS;CHINA;0.1%;5,400.00;LITROS; $11,934.00 ; Q90,949.73 ;7.62106;Agrequima; Q409.27 ;;;;;
RDON-REVAI-12695-06.pdf;EAC6E6E8;3508030769;FUNGICIDA;3508030769;26/05/2026;ADAMA GUATEMALA, SOCIEDAD ANONIMA;OXICOB 50 WP;COPPER(EQUIVALENTEA87.57DECOPPEROXYCHLORIDE);IIN850215MIA;MEXICO;0.1%;2,000.00;KILOGRAMOS; $20,620.00 ; Q157,146.26 ;7.62106;Agrequima; Q707.16 ;;;;;
RDON-REVAI-12654-44.pdf;DCB75B1B;3646769782;MATERIA TÉCNICA INSECTICIDA;3646769782;25/05/2026;PROMOCIONES AGRICOLAS INDUSTRIALES Y COMERCIALES SOCIEDAD ANONIMA;CIPERMETRINA TECNICA;Cypermethrin;AGRO TRADING CORPORATION, S.A.;INDIA;0.1%;1,125.00;LITROS; $10,142.70 ; Q77,254.82 ;7.61679;Agrequima; Q347.65 ;;;;;
RDON-REVAI-12655-54.pdf;E5BF87A7;3596241895;MATERIA TECNICA PARA FOMULAR INSECTICIDA,ACARICIDA;3596241895;25/05/2026;PROMOCIONES AGRICOLAS INDUSTRIALES Y COMERCIALES SOCIEDAD ANONIMA;Permetrina Técnica;PERMETHRIN;AGRO TRADING CORPORATION, S.A.;INDIA;0.1%;3,600.00;KILOGRAMOS; $32,108.13 ; Q244,560.88 ;7.61679;Agrequima; Q1,100.52 ;;;;;
RDON-REVAI-12666-32.pdf;56DF7596;2358527930;HERBICIDA;2358527930;25/05/2026;GLOBAL AGROINSUMOS DE GUATEMALA SOCIEDAD ANONIMA;COMBATE 60 WP;METSULFURON-METHYL;TAHUAL AGRICOLA, S.A.;CHINA;0.1%;2,500.00;KILOGRAMOS; $37,750.00 ; Q287,533.82 ;7.61679;Agrequima; Q1,293.90 ;;;;;
RDON-REVAI-12691-25.pdf;1607B619;3098689756;HERBICIDA;3098689756;26/05/2026;SUCAMPO;4XQUAT  20  SL;Paraquat;RAINBOW AGROSCIENCES(CENTRAL AMERICA)CO., LTD.;CHINA;0.1%;4,940.00;LITROS; $12,461.60 ; Q94,917.39 ;7.61679;Agrequima; Q427.13 ;;;;;
RDON-REVAI-12690-55.pdf;8A2248DD;492129426;HERBICIDA;492129426;26/05/2026;SUCAMPO;4XGLU 15 SL;GlufosinateAmmonium;RAINBOW AGROSCIENCES(CENTRAL AMERICA)CO., LTD.;CHINA;0.1%;3,310.00;LITROS; $8,696.00 ; Q66,235.61 ;7.61679;Agrequima; Q298.06 ;;;;;
RDON-REVAI-12689-25.pdf;F1016B93;78399595;HERBICIDA;78399595;26/05/2026;SUCAMPO;4XZATTO 35.6 SL;GLYPHOSATE;RAINBOW AGROSCIENCES(CENTRAL AMERICA)CO., LTD.;CHINA;0.1%;4,310.00;LITROS; $11,833.40 ; Q90,132.52 ;7.61679;Agrequima; Q405.60 ;;;;;
RDON-REVAI-12688-55.pdf;EA300849;3774760685;HERBICIDA;3774760685;26/05/2026;SUCAMPO;4XTOCHO  60 WG;METSULFURONMETIL;RAINBOW AGROSCIENCES(CENTRAL AMERICA)CO., LTD.;CHINA;0.1%;100.00;KILOGRAMOS; $3,225.00 ; Q24,564.15 ;7.61679;Agrequima; Q110.54 ;;;;;
RDON-REVAI-12687-26.pdf;7F19249C;1924547195;FUNGICIDA;1924547195;26/05/2026;SUCAMPO;CAMPODAZIM  50 SC;Carbendazim;RAINBOW AGROSCIENCES(CENTRAL AMERICA)CO., LTD.;CHINA;0.1%;600.00;LITROS; $2,970.00 ; Q22,621.87 ;7.61679;Agrequima; Q101.80 ;;;;;
RDON-REVAI-12595-58.pdf;05BC473C;2711767677;HERBICIDA;2711767677;15/05/2026;AGROFORTRESS, SOCIEDAD ANONIMA;Macana 20 EC;Fluroxipir;TAHUAL AGRICOLA, S.A.;CHINA;0.1%;3,000.00;LITROS; $16,430.00 ; Q125,265.77 ;7.62421;Agrequima; Q563.70 ;;;;;
RDON-REVAI-12598-58.pdf;1AAECF9A;1565607859;FUNGICIDA;1565607859;15/05/2026;AGROFORTRESS, SOCIEDAD ANONIMA;TBZ 50 SC;Thiabendazole;TAHUAL AGRICOLA, S.A.;CHINA;0.1%;1,000.00;LITROS; $26,870.00 ; Q204,862.52 ;7.62421;Agrequima; Q921.88 ;;;;;
RDON-REVAI-12621-19.pdf;9B72AA90;64504639;FUNGICIDA;64504639;20/05/2026;SOLUFERT, S. A.;DITHANE  62  SC;Mancozeb;UPL COSTA RICA S.A.;COSTA RICA;0.1%;15,000.00;LITROS; $97,650.00 ; Q744,064.68 ;7.61971;Agrequima; Q3,348.29 ;;;;;
RDON-REVAI-12686-55.pdf;24E7A606;1852130236;HERBICIDA;1852130236;26/05/2026;SUCAMPO;CAMPOTRAZINA   90 WG;Atrazine;RAINBOW AGROSCIENCES(CENTRAL AMERICA)CO., LTD.;CHINA;0.1%;424.00;KILOGRAMOS; $2,090.32 ; Q15,921.53 ;7.61679;Agrequima; Q71.65 ;;;;;
RDON-REVAI-12685-27.pdf;C9145E7F;186207602;HERBICIDA;186207602;26/05/2026;SUCAMPO;4XMILPIAX   4 OD;Nicosulfuron;RAINBOW AGROSCIENCES(CENTRAL AMERICA)CO., LTD.;CHINA;0.1%;600.00;LITROS; $2,436.00 ; Q18,554.50 ;7.61679;Agrequima; Q83.50 ;;;;;
RDON-REVAI-12684-59.pdf;8FE3B015;1105544965;HERBICIDA;1105544965;26/05/2026;SUCAMPO;LENKOR  32 SC;GlufosinatodeAmonio, Oxyfluorfen;RAINBOW AGROSCIENCES(CENTRAL AMERICA)CO., LTD.;CHINA;0.1%;640.00;LITROS; $5,088.00 ; Q38,754.23 ;7.61679;Agrequima; Q174.39 ;;;;;
RDON-REVAI-12692-25.pdf;226F15F2;644237392;MATERIA TÉCNICA FUNGICIDA;644237392;26/05/2026;BAYER, SOCIEDAD ANONIMA;SPIROXAMINE TECNICO;Spiroxamine;BAYER AG;ALEMANIA;0.1%;18,000.00;LITROS; $155,179.80 ; Q1,182,873.54 ;7.6226;Agrequima; Q5,322.93 ;;;;;
RDON-REVAI-12694-32.pdf;1948A08C;162483332;FUNGICIDA;162483332;26/05/2026;GLOBAL AGROINSUMOS DE GUATEMALA SOCIEDAD ANONIMA;VONDOZEB 80 WP;Mancozeb;UPL COSTA RICA S.A.;INDIA;0.1%;6,400.00;KILOGRAMOS; $24,448.00 ; Q186,357.32 ;7.6226;Agrequima; Q838.61 ;;;;;
RDON-REVAI-12693-26.pdf;49CB3F21;3526247554;INSECTICIDA;3526247554;26/05/2026;BAYER, SOCIEDAD ANONIMA;CURBIX  20  SC;Ethiprole;BAYER AG;BRAZIL;0.1%;9,800.00;LITROS; $103,003.03 ; Q785,150.90 ;7.6226;Agrequima; Q3,533.18 ;;;;;
RDON-REVAI-12679-48.pdf;D14E23D5;1123436861;REGULADOR DE CRECIMIENTO;1123436861;26/05/2026;AGROFORTRESS, SOCIEDAD ANONIMA;ETHEPHON / OPTILUX 48 SL;Ethephon;TAHUAL AGRICOLA, S.A.;CHINA;0.1%;3,000.00;LITROS; $8,910.00 ; Q67,917.37 ;7.6226;Agrequima; Q305.63 ;;;;;
RDON-REVAI-12683-23.pdf;A67129F2;774459109;HERBICIDA;774459109;26/05/2026;AGROFORTRESS, SOCIEDAD ANONIMA;HEXACTO 75 WP;Hexazinone;TAHUAL AGRICOLA, S.A.;CHINA;0.1%;10,000.00;KILOGRAMOS; $113,500.00 ; Q865,165.10 ;7.6226;Agrequima; Q3,893.24 ;;;;;
RDON-REVAI-12677-43.pdf;00D7968E;609241430;FUNGICIDA;609241430;26/05/2026;ARYSTA LIFESCIENCE DE GUATEMALA, SOCIEDAD ANONIMA;PIRAMIDE 40 SC;Pyrimethanil;UPL COSTA RICA, S.A.;COSTA RICA;0.1%;10,940.00;LITROS; $62,467.40 ; Q476,164.00 ;7.6226;Agrequima; Q2,142.74 ;;;;;
RDON-REVAI-12678-17.pdf;20238839;2285981568;HERBICIDA;2285981568;26/05/2026;ARYSTA LIFESCIENCE DE GUATEMALA, SOCIEDAD ANONIMA;FIST  45.6  CS;Pendimethalin;UPL MAURITIUS LIMITED;INDIA;0.1%;12,800.00;LITROS; $39,808.00 ; Q303,440.46 ;7.6226;Agrequima; Q1,365.48 ;;;;;
RDON-REVAI-12538-25.pdf;02FEE56D;2507622527;HERBICIDA  TÉCNICO;2507622527;6/05/2026;BAYER, SOCIEDAD ANONIMA;GLIFOSATO SAL DE POTASIO TECNICO;GLYPHOSATEPOTASSIUMSALT;BAYER CROPSCIENCE LP;ESTADOS UNIDOS DE AMERICA;0.1%;20,040.00;KILOGRAMOS; $58,319.25 ; Q445,203.91 ;7.63391;Agrequima; Q2,003.42 ;;;;;
RDON-REVAI-12537-26.pdf;1CA05EA3;3511961924;FUNGICIDA;3511961924;6/05/2026;BAYER, SOCIEDAD ANONIMA;ESFERA MAX / SPHERE MAX / APACHE PLUS 53.5 SC;Ciproconazole, Trifloxystrobin;BAYER AG;COLOMBIA;0.1%;10,000.00;LITROS; $397,300.00 ; Q3,031,875.76 ;7.6312;Agrequima; Q13,643.44 ;;;;;
RDON-REVAI-12582-29.pdf;FCDB182F;4173808415;FUMIGANTE;4173808415;14/05/2026;DUWEST GUATEMALA SOCIEDAD ANONIMA;FOSFURO  DE  ALUMINIO 56.8 GE;AluminiumPhosphide;DELICIA FREYBERG GMBH;ALEMANIA;0.1%;2,160.00;KILOGRAMOS; $48,830.00 ; Q372,340.96 ;7.62525;Agrequima; Q1,675.53 ;;;;;
RDON-REVAI-12675-29.pdf;A2A78AF5;7555619;INSECTICIDA;7555619;26/05/2026;DUWEST GUATEMALA SOCIEDAD ANONIMA;SEVIN 80 WP;CARBARYL ;Duwest Inc - China                                             ;CHINA;0.1%;8000;KILOGRAMOS; $133,920.00 ; Q1,020,818.59 ;7.6226;Agrequima; Q4,593.68 ;;;;;
4237119140;.;4237119140;Fungicida;4237119140;29/05/2026;Rainbow Agroindustria, S.A.;Derozim 50 Sc;Carbendazim;Rainbow Agrosciences (Central America) Co., Ltd.;China;0.1%;800;Litros; $2,896.00 ; Q22,058.22 ;7.6243;Gremiagro; Q99.26 ;;;;;
2072202819;.;2072202819;Fungicida;2072202819;29/05/2026;Rainbow Agroindustria, S.A.;Cautela 50 Wg|;Boscalid;Rainbow Agrosciences (Central America) Co., Ltd.;China;0.1%;600;Kilogramos; $12,804.00 ; Q97,525.38 ;7.6243;Gremiagro; Q438.86 ;;;;;
24137277;.;24137277;Herbicida;24137277;29/05/2026;Rainbow Agroindustria, S.A.;Legatus 88 Wg;Atrazine, Mesotrione;Rainbow Agrosciences (Central America) Co., Ltd.;China;0.1%;800;Kilogramos; $4,600.00 ; Q35,037.23 ;7.6243;Gremiagro; Q157.67 ;;;;;
2094810055;.;2094810055;Herbicida;2094810055;29/05/2026;Rainbow Agroindustria, S.A.;Gramilant 12.5 Ec;Haloxyfop-P-Methyl;Rainbow Agrosciences (Central America) Co., Ltd.;China;0.1%;4800;Litros; $20,064.00 ; Q152,823.27 ;7.6243;Gremiagro; Q687.70 ;;;;;
3459665297;.;3459665297;Herbicida;3459665297;29/05/2026;Rainbow Agroindustria, S.A.;Oxigol 24 Ec;Oxyfluorfen;Rainbow Agrosciences (Central America) Co., Ltd.;China;0.1%;4800;Litros; $32,016.00 ; Q243,859.15 ;7.6243;Gremiagro; Q1,097.37 ;;;;;
3353363196;.;3353363196;Herbicida;3353363196;29/05/2026;Rainbow Agroindustria, S.A.;Revolver 35,6 Sl;Glyphosate;Rainbow Agrosciences (Central America) Co., Ltd.;China;0.1%;9600;Litros; $19,584.00 ; Q149,167.22 ;7.6243;Gremiagro; Q671.25 ;;;;;
2312915741;.;2312915741;Insecticida;2312915741;29/05/2026;Rainbow Agroindustria, S.A.;Confront 15 Od;Spirotetramat;Rainbow Agrosciences (Central America) Co., Ltd.;China;0.1%;1600;Litros; $18,320.00 ; Q139,677.18 ;7.6243;Gremiagro; Q628.55 ;;;;;
1453543103;.;1453543103;Fungicida;1453543103;29/05/2026;Rainbow Agroindustria, S.A.;Epoxiconazol 12.5 Sc;Epoxiconazole;Rainbow Agrosciences (Central America) Co., Ltd.;China;0.1%;2000;Litros; $11,560.00 ; Q88,136.91 ;7.6243;Gremiagro; Q396.62 ;;;;;
4003285571;.;4003285571;Insecticida;4003285571;29/05/2026;Rainbow Agroindustria, S.A.;Kaindor 70 Wg;Imidacloprid;Rainbow Agrosciences (Central America) Co., Ltd.;China;0.1%;360;Kilogramos; $3,675.60 ; Q28,023.88 ;7.6243;Gremiagro; Q126.11 ;;;;;
2309179892;.;2309179892;Fungicida;2309179892;29/05/2026;Rainbow Agroindustria, S.A.;Bosbel 38  Wg;Boscalid, Pyraclostrobin;Rainbow Agrosciences (Central America) Co., Ltd.;China;0.1%;1800;Kilogramos; $31,824.00 ; Q242,635.72 ;7.6243;Gremiagro; Q1,091.86 ;;;;;
3300936470;.;3300936470;Fungicida;3300936470;29/05/2026;Rainbow Agroindustria, S.A.;Aztrostar  Xtra  28 Sc;Azoxystrobin, Ciproconazole;Rainbow Agrosciences (Central America) Co., Ltd.;China;0.1%;432;Litros; $3,412.80 ; Q26,020.21 ;7.6243;Gremiagro; Q117.09 ;;;;;
1632979196;.;1632979196;Fungicida;1632979196;29/05/2026;Rainbow Agroindustria, S.A.;Epoxiconazol + Carbendazim / Fungicar Xtra 25 Sc;Carbendazim, Epoxiconazole;Rainbow Agrosciences (Central America) Co., Ltd.;China;0.1%;432;Litros; $3,710.88 ; Q28,292.86 ;7.6243;Gremiagro; Q127.32 ;;;;;
3606530560;.;3606530560;Fungicida;3606530560;29/05/2026;Rainbow Agroindustria, S.A.;Tutela 10 Sl;Cyproconazole;Rainbow Agrosciences (Central America) Co., Ltd.;China;0.1%;432;Litros; $2,220.48 ; Q16,929.61 ;7.6243;Gremiagro; Q76.18 ;;;;;
3518057798;.;3518057798;Insecticida;3518057798;29/05/2026;Rainbow Agroindustria, S.A.;Choque 10 Od;Cyantraniliprole;Rainbow Agrosciences (Central America) Co., Ltd.;China;0.1%;432;Litros; $6,099.84 ; Q46,507.01 ;7.6243;Gremiagro; Q209.28 ;;;;;
2233615169;.;2233615169;Fungicida;2233615169;29/05/2026;Rainbow Agroindustria, S.A.;Fusarim Plus / Kraken Plus  32.5  Sc;Azoxystrobin, Flutriafol;Rainbow Agrosciences (Central America) Co., Ltd.;China;0.1%;240;Litros; $2,424.00 ; Q18,481.30 ;7.6243;Gremiagro; Q83.17 ;;;;;
808537664;.;808537664;Fungicida;808537664;29/05/2026;Rainbow Agroindustria, S.A.;Aztrostar  25 Sc;Azoxystrobin;Rainbow Agrosciences (Central America) Co., Ltd.;China;0.1%;2016;Litros; $13,345.92 ; Q101,753.30 ;7.6243;Gremiagro; Q457.89 ;;;;;
2372880858;.;2372880858;Herbicida;2372880858;29/05/2026;Rainbow Agroindustria, S.A.;Cegar Plus 32 Sc;Glufosinateammonium, Oxyfluorfen;Rainbow Agrosciences (Central America) Co., Ltd.;China;0.1%;2400;Litros; $12,216.00 ; Q93,138.45 ;7.6243;Gremiagro; Q419.12 ;;;;;
992890595;.;992890595;Herbicida;992890595;29/05/2026;Rainbow Agroindustria, S.A.;Terbupax  50 Sc;Terbutryn;Rainbow Agrosciences (Central America) Co., Ltd.;China;0.1%;800;Litros; $3,184.00 ; Q24,275.77 ;7.6243;Gremiagro; Q109.24 ;;;;;
399722933;.;399722933;Herbicida;399722933;29/05/2026;Rainbow Agroindustria, S.A.;Dimaster 46.5 Sl;2,4-D, Dicamba;Rainbow Agrosciences (Central America) Co., Ltd.;China;0.1%;4000;Litros; $10,120.00 ; Q77,157.92 ;7.6243;Gremiagro; Q347.21 ;;;;;
3629402292;.;3629402292;Herbicida;3629402292;29/05/2026;Rainbow Agroindustria, S.A.;2,4-D / Dimaxine 72 Sl;2,4-D;Rainbow Agrosciences (Central America) Co., Ltd.;China;0.1%;4000;Litros; $9,320.00 ; Q71,058.48 ;7.6243;Gremiagro; Q319.76 ;;;;;
1247498038;.;1247498038;Fungicida;1247498038;27/05/2026;Agrocentro Sociedad Anonima;Vondozeb 80 Wp;Mancozeb;Upl Costa Rica S.A.;India;0.1%;67200;Kilogramos; $228,480.00 ; Q1,740,284.18 ;7.6226;Gremiagro; Q7,831.28 ;;;;;
2433633386;.;2433633386;Herbicida;2433633386;27/05/2026;Disagro De Guatemala, Sociedad Anonima;2,4-D + Picloram / Pastizal 30.4 Sl;2,4-D, Picloram;Incofe S.A.S.;China;0.1%;2016;Litros; $5,140.80 ; Q39,186.26 ;7.6226;Gremiagro; Q176.34 ;;;;;
4252320950;.;4252320950;Herbicida;4252320950;27/05/2026;Disagro De Guatemala, Sociedad Anonima;2,4-D + Picloram / Pastizal 30.4 Sl;2,4-D, Picloram;Incofe S.A.S.;China;0.1%;3500;Litros; $9,485.00 ; Q72,300.36 ;7.6226;Gremiagro; Q325.35 ;;;;;
498157037;.;498157037;Herbicida;498157037;27/05/2026;Disagro De Guatemala, Sociedad Anonima;2,4-D + Picloram / Pastizal 30.4 Sl;2,4-D, Picloram;Incofe S.A.S.;China;0.1%;4500;Litros; $12,645.00 ; Q96,387.78 ;7.6226;Gremiagro; Q433.75 ;;;;;
3078637431;.;3078637431;Materia Técnica Herbicida;3078637431;27/05/2026;Disagro De Guatemala, Sociedad Anonima;Paraquat Tecnico;Paraquat;Incofe S.A.S.;China;0.1%;173684.21;Litros; $516,780.00 ; Q3,939,207.23 ;7.6226;Gremiagro; Q17,726.43 ;;;;;
2658223105;.;2658223105;Fungicida;2658223105;27/05/2026;Agrocentro Sociedad Anonima;Vondozeb 80 Wp;Mancozeb;Upl Costa Rica S.A.;India;0.1%;22400;Kilogramos; $76,160.00 ; Q580,537.22 ;7.6226;Gremiagro; Q2,612.42 ;;;;;
1884506980;.;1884506980;Fungicida;1884506980;27/05/2026;Agrocentro Sociedad Anonima;Vondozeb 80 Wp;Mancozeb;Upl Costa Rica S.A.;India;0.1%;67200;Kilogramos; $228,480.00 ; Q1,741,611.65 ;7.6226;Gremiagro; Q7,837.25 ;;;;;
3149220244;.;3149220244;Fungicida;3149220244;27/05/2026;Agrocentro Sociedad Anonima;Vondozeb 80 Wp;Mancozeb;Upl Costa Rica S.A.;India;0.1%;67200;Kilogramos; $228,480.00 ; Q1,741,611.65 ;7.6226;Gremiagro; Q7,837.25 ;;;;;
1692288918;.;1692288918;Herbicida;1692288918;26/05/2026;Disagro De Guatemala, Sociedad Anonima;Wedex / Pendimetalina 45.5 Cs;Pendimethalin;Fertilizantes Del Norte S. A. De C. V. Fenorsa;India;0.1%;5000;Litros; $28,375.52 ; Q216,130.38 ;7.61679;Gremiagro; Q972.59 ;;;;;
645089589;.;645089589;Materia Técnica Herbicida;645089589;22/05/2026;Agrocentro Sociedad Anonima;Paraquat Tecnico 42;Paraquat;Korsa Chemicals, S.A.;China;0.1%;44109.29;Litros; $140,210.40 ; Q1,068,842.11 ;7.62106;Gremiagro; Q4,809.79 ;;;;;
979062213;.;979062213;Materia Técnica Fungicida;979062213;22/05/2026;Agrocentro Sociedad Anonima;Carbendazim Tecnico;Carbendazim;Korsa Chemicals, S.A.;China;0.1%;1400;Kilogramos; $8,274.00 ; Q63,073.78 ;7.62106;Gremiagro; Q283.83 ;;;;;
2977385465;.;2977385465;Herbicida;2977385465;22/05/2026;Agrocentro Sociedad Anonima;Nicozent 4 Od;Nicosulfuron;Korsa Chemicals, S.A.;China;0.1%;10600;Litros; $31,482.00 ; Q239,991.38 ;7.62106;Gremiagro; Q1,079.96 ;;;;;
2413644537;.;2413644537;Fungicida;2413644537;22/05/2026;Agrocentro Sociedad Anonima;Halcon Extra 28 Sc;Azoxystrobin, Cyproconazole;Korsa Chemicals, S.A.;China;0.1%;3800;Litros; $38,038.00 ; Q289,968.62 ;7.62106;Gremiagro; Q1,304.86 ;;;;;
2154907040;.;2154907040;Insecticida;2154907040;22/05/2026;Agrocentro Sociedad Anonima;Kungfidol 35 Sc;Imidacloprid;Korsa Chemicals, S.A.;China;0.1%;1200;Litros; $9,060.00 ; Q69,065.56 ;7.62106;Gremiagro; Q310.80 ;;;;;
2563458011;.;2563458011;Fungicida;2563458011;22/05/2026;Agrocentro Sociedad Anonima;Atomik 32,5 Sc;Azoxystrobin, Flutriafol;Korsa Chemicals, S.A.;China;0.1%;2200;Litros; $22,352.00 ; Q170,392.20 ;7.62106;Gremiagro; Q766.76 ;;;;;
3742843678;.;3742843678;Insecticida;3742843678;22/05/2026;Disagro De Guatemala, Sociedad Anonima;Winner;Spinetoram;Corteva Agriscience De Colombia S.A.S.;Estados Unidos;0.1%;608;Litros; $52,075.27 ; Q396,909.38 ;7.62106;Gremiagro; Q1,786.09 ;;;;;
3132639389;.;3132639389;Fungicida;3132639389;20/05/2026;Rainbow Agroindustria, S.A.;Clorotalonil / Dacomax 72 Sc;Clorotalonil;Rainbow Agrosciences (Central America) Co., Ltd.;China;0.1%;18400;Litros; $68,264.00 ; Q520,385.35 ;7.62313;Gremiagro; Q2,341.73 ;;;;;
14108775;.;14108775;Herbicida;14108775;20/05/2026;Disagro De Guatemala, Sociedad Anonima;Paraquat 42% Tecnico;Paraquat;Incofe S.A.S.;China;0.1%;57894.74;Litros; $180,840.00 ; Q1,377,948.36 ;7.61971;Gremiagro; Q6,200.77 ;;;;;
2625258178;.;2625258178;Biocida;2625258178;19/05/2026;Disagro De Guatemala, Sociedad Anonima;Basamid 97 Mg;Dazomet;Incofe S.A.S.;China;0.1%;16000;Kilogramos; $119,040.00 ; Q907,050.28 ;7.61971;Gremiagro; Q4,081.73 ;;;;;
3626453504;.;3626453504;Materia Técnica Insecticida;3626453504;19/05/2026;Disagro De Guatemala, Sociedad Anonima;Profenofos Tecnico;Profenofos;Global Fertilizer Trading Company Limited;India;0.1%;20000;Kilogramos; $119,400.00 ; Q909,793.37 ;7.61971;Gremiagro; Q4,094.07 ;;;;;
1082737450;.;1082737450;Herbicida;1082737450;18/05/2026;Bestenfelden Guatemala, Sociedad Anonima;2,4-D 72 Sl;2,4-D;Tahual Agricola, S.A.;China;0.1%;6000;Litros; $13,080.00 ; Q99,664.76 ;7.61963;Gremiagro; Q448.49 ;;;;;
4266017167;.;4266017167;Insecticida;4266017167;18/05/2026;Rainbow Agrosciences (Guatemala) Sociedad Anonima;Cyperius / Cipermetrina 25 Ec;Cypermethrin;Rainbow Agrosciences (Central America) Co., Ltd.;India;0.1%;468;Litros; $3,173.04 ; Q24,188.91 ;7.62326;Gremiagro; Q108.85 ;;;;;
3188343524;.;3188343524;Insecticida;3188343524;18/05/2026;Rainbow Agrosciences (Guatemala) Sociedad Anonima;Cyperius / Cipermetrina 25 Ec;Cypermethrin;Rainbow Agrosciences (Central America) Co., Ltd.;India;0.1%;384;Litros; $2,810.88 ; Q21,428.07 ;7.62326;Gremiagro; Q96.43 ;;;;;
2190888258;.;2190888258;Insecticida;2190888258;18/05/2026;Rainbow Agrosciences (Guatemala) Sociedad Anonima;Clorpirifos / Barrida / Pirifos 48 Ec;Chlorpyrifos;Rainbow Agrosciences (Central America) Co., Ltd.;China;0.1%;468;Litros; $3,144.96 ; Q23,974.85 ;7.62326;Gremiagro; Q107.89 ;;;;;
3448457969;.;3448457969;Herbicida;3448457969;18/05/2026;Rainbow Agrosciences (Guatemala) Sociedad Anonima;Glifosato / Revolver 35,6 Sl;Glyphosate;Rainbow Agrosciences (Central America) Co., Ltd.;China;0.1%;3600;Litros; $8,280.00 ; Q63,120.59 ;7.62326;Gremiagro; Q284.04 ;;;;;
4192158617;.;4192158617;Herbicida;4192158617;18/05/2026;Rainbow Agrosciences (Guatemala) Sociedad Anonima;Refuerzo 24 Sl;Picloram;Rainbow Agrosciences (Central America) Co., Ltd.;China;0.1%;1152;Litros; $6,024.96 ; Q45,929.84 ;7.62326;Gremiagro; Q206.68 ;;;;;
1755072193;.;1755072193;Herbicida;1755072193;18/05/2026;Rainbow Agrosciences (Guatemala) Sociedad Anonima;Metsulfuron Metil/ Podador 60 Wg;Metsulfuron-Methyl;Rainbow Agrosciences (Central America) Co., Ltd.;China;0.1%;1080;Kilogramos; $21,945.60 ; Q167,297.01 ;7.62326;Gremiagro; Q752.84 ;;;;;
3966911630;.;3966911630;Herbicida;3966911630;18/05/2026;Rainbow Agrosciences (Guatemala) Sociedad Anonima;Oxigol 24 Ec;Oxyfluorfen;Rainbow Agrosciences (Central America) Co., Ltd.;China;0.1%;1008;Litros; $7,993.44 ; Q60,936.07 ;7.62326;Gremiagro; Q274.21 ;;;;;
183844899;.;183844899;Herbicida;183844899;18/05/2026;Rainbow Agroindustria, S.A.;Torban   30.4  Sl;2,4-D, Picloram;Rainbow Agrosciences (Central America) Co., Ltd.;China;0.1%;800;Litros; $2,048.00 ; Q15,612.44 ;7.62326;Gremiagro; Q70.26 ;;;;;
1666863070;.;1666863070;Herbicida;1666863070;18/05/2026;Rainbow Agroindustria, S.A.;Glifosato /  Revolver 35.6 Sl;Glyphosate;Rainbow Agrosciences (Central America) Co., Ltd.;China;0.1%;20000;Litros; $41,400.00 ; Q315,602.96 ;7.62326;Gremiagro; Q1,420.21 ;;;;;
1026705000;.;1026705000;Herbicida;1026705000;18/05/2026;Rainbow Agroindustria, S.A.;Diquat 20 Sl;Diquat;Rainbow Agrosciences (Central America) Co., Ltd.;China;0.1%;14000;Litros; $37,380.00 ; Q284,957.46 ;7.62326;Gremiagro; Q1,282.31 ;;;;;
3972616151;.;3972616151;Herbicida;3972616151;18/05/2026;Rainbow Agroindustria, S.A.;Glifosato/ Revolver Xtra / Llanero Xtra 68 Sg;Glyphosate;Rainbow Agrosciences (Central America) Co., Ltd.;China;0.1%;8000;Kilogramos; $30,000.00 ; Q228,697.80 ;7.62326;Gremiagro; Q1,029.14 ;;;;;
3556591045;.;3556591045;Herbicida;3556591045;18/05/2026;Rainbow Agroindustria, S.A.;Glifosato /  Revolver 35.6 Sl;Glyphosate;Rainbow Agrosciences (Central America) Co., Ltd.;China;0.1%;3000;Litros; $6,210.00 ; Q47,340.44 ;7.62326;Gremiagro; Q213.03 ;;;;;
333923865;.;333923865;Herbicida;333923865;18/05/2026;Rainbow Agroindustria, S.A.;Paraquat / Terraquat / Lavax 20 Sl;Paraquat;Rainbow Agrosciences (Central America) Co., Ltd.;China;0.1%;20000;Litros; $39,600.00 ; Q301,881.10 ;7.62326;Gremiagro; Q1,358.46 ;;;;;
1124417722;.;1124417722;Herbicida;1124417722;18/05/2026;Rainbow Agroindustria, S.A.;Glufosinato De Amonio / Cegar 15 Sl;Glufosinateammonium;Rainbow Agrosciences (Central America) Co., Ltd.;China;0.1%;16000;Litros; $32,480.00 ; Q247,603.48 ;7.62326;Gremiagro; Q1,114.22 ;;;;;
21447726;.;21447726;Herbicida;21447726;18/05/2026;Rainbow Agroindustria, S.A.;Grasidim 24 Ec;Clethodim;Rainbow Agrosciences (Central America) Co., Ltd.;China;0.1%;4800;Litros; $21,984.00 ; Q167,589.75 ;7.62326;Gremiagro; Q754.15 ;;;;;
2413775570;.;2413775570;Fungicida;2413775570;15/05/2026;Rainbow Agroindustria, S.A.;Carbendazim  /  Derozim 50 Sc;Carbendazim;Rainbow Agrosciences (Central America) Co., Ltd.;China;0.1%;800;Litros; $3,112.00 ; Q23,723.59 ;7.62326;Gremiagro; Q106.76 ;;;;;
2561232624;.;2561232624;Herbicida;2561232624;14/05/2026;Bestenfelden Guatemala, Sociedad Anonima;Ametrina 50 Sc;Ametryn;Tahual Agricola, S.A.;China;0.1%;16000;Litros; $49,760.00 ; Q379,414.03 ;7.62488;Gremiagro; Q1,707.36 ;;;;;
3644671013;.;3644671013;Herbicida;3644671013;14/05/2026;Disagro De Guatemala, Sociedad Anonima;Herbafuron 80 Sc;Diuron;Incofe S.A.S.;China;0.1%;16000;Litros; $84,800.00 ; Q646,533.01 ;7.62525;Gremiagro; Q2,909.40 ;;;;;
4261431288;.;4261431288;Herbicida;4261431288;14/05/2026;Disagro De Guatemala, Sociedad Anonima;Magnum 60 Wp;Metsulfuron-Methyl;Incofe S.A.S.;China;0.1%;1000;Kilogramos; $13,950.00 ; Q106,357.73 ;7.62525;Gremiagro; Q478.61 ;;;;;
2136294141;.;2136294141;Insecticida;2136294141;14/05/2026;Disagro De Guatemala, Sociedad Anonima;Clorfos 48 Ec;Chlorpyrifos;Incofe S.A.S.;China;0.1%;16000;Litros; $75,200.00 ; Q573,340.59 ;7.62525;Gremiagro; Q2,580.03 ;;;;;
884294808;.;884294808;Regulador De Crecimiento;884294808;14/05/2026;Agrocentro Sociedad Anonima;Deploy 25 Ec;Trinexapac-Ethyl;Korsa Chemicals, S.A.;China;0.1%;20000;Litros; $230,800.00 ; Q1,759,822.30 ;7.62421;Gremiagro; Q7,919.20 ;;;;;
3684061118;.;3684061118;Herbicida;3684061118;14/05/2026;Agrocentro Sociedad Anonima;Kronex 80 Sc;Diuron;Korsa Chemicals, S.A.;Malasia;0.1%;16000;Litros; $73,760.00 ; Q562,411.15 ;7.62421;Gremiagro; Q2,530.85 ;;;;;
377704221;.;377704221;Herbicida;377704221;14/05/2026;Agrocentro Sociedad Anonima;Puntivo 20 Sl;Glufosinate-Pammonium;Korsa Chemicals, S.A.;China;0.1%;22000;Litros; $60,940.00 ; Q464,660.19 ;7.62421;Gremiagro; Q2,090.97 ;;;;;
2395160783;.;2395160783;Fungicida;2395160783;14/05/2026;Agrocentro Sociedad Anonima;Fungitane 80 Wp;Mancozeb;Korsa Chemicals, S.A.;Bulgaria;0.1%;6700;Kilogramos; $29,949.00 ; Q228,357.53 ;7.62421;Gremiagro; Q1,027.61 ;;;;;
1269842697;.;1269842697;Fungicida;1269842697;14/05/2026;Agrocentro Sociedad Anonima;Mancozeb Tecnico;Mancozeb;Upl Costa Rica S.A.;India;0.1%;72000;Kilogramos; $270,000.00 ; Q2,058,717.60 ;7.62421;Gremiagro; Q9,264.23 ;;;;;
868239293;.;868239293;Fungicida;868239293;14/05/2026;Agrocentro Sociedad Anonima;Mancozeb Tecnico;Mancozeb;Upl Costa Rica S.A.;India;0.1%;72000;Kilogramos; $270,000.00 ; Q2,058,717.60 ;7.62421;Gremiagro; Q9,264.23 ;;;;;
3360182024;.;3360182024;Fungicida;3360182024;14/05/2026;Agrocentro Sociedad Anonima;Mancozeb Tecnico;Mancozeb;Upl Costa Rica S.A.;India;0.1%;24000;Kilogramos; $90,000.00 ; Q686,239.20 ;7.62421;Gremiagro; Q3,088.08 ;;;;;
1687306924;.;1687306924;Fungicida;1687306924;14/05/2026;Agrocentro Sociedad Anonima;Mancozeb Tecnico;Mancozeb;Upl Costa Rica S.A.;India;0.1%;24000;Kilogramos; $90,000.00 ; Q686,239.20 ;7.62421;Gremiagro; Q3,088.08 ;;;;;
2741914910;.;2741914910;Fungicida;2741914910;14/05/2026;Agrocentro Sociedad Anonima;Mancozeb Tecnico;Mancozeb;Agria, S.A.;Bulgaria;0.1%;48000;Kilogramos; $167,040.00 ; Q1,273,659.96 ;7.62421;Gremiagro; Q5,731.47 ;;;;;
586435139;.;586435139;Insecticida;586435139;13/05/2026;Disagro De Guatemala, Sociedad Anonima;Quilubrisa Distrom;Acetamiprid, Indoxacarb;Global Fertilizer Trading Company Limited;India;0.1%;900;Litros; $36,567.00 ; Q278,818.99 ;7.62488;Gremiagro; Q1,254.69 ;;;;;
4163650144;.;4163650144;Insecticida;4163650144;13/05/2026;Disagro De Guatemala, Sociedad Anonima;Distrom 22.2;Acetamiprid, Indoxacarb;Global Fertilizer Trading Company Limited;India;0.1%;1070;Litros; $43,420.60 ; Q331,076.86 ;7.62488;Gremiagro; Q1,489.85 ;;;;;
1092177909;.;1092177909;Insecticida;1092177909;13/05/2026;Disagro De Guatemala, Sociedad Anonima;Quilubrisa Distrom;Acetamiprid, Indoxacarb;Global Fertilizer Trading Company Limited;India;0.1%;1200;Litros; $47,460.00 ; Q361,876.80 ;7.62488;Gremiagro; Q1,628.45 ;;;;;
3904458435;.;3904458435;Insecticida;3904458435;13/05/2026;Disagro De Guatemala, Sociedad Anonima;Distrom 22.2 Sc;Acetamiprid, Indoxacarb;Global Fertilizer Trading Company Limited;India;0.1%;1820;Litros; $71,890.00 ; Q548,152.62 ;7.62488;Gremiagro; Q2,466.69 ;;;;;
1057440609;.;1057440609;Herbicida;1057440609;13/05/2026;Bestenfelden Guatemala, Sociedad Anonima;Ametrina 50 Sc;Ametryn;Tahual Agricola, S.A.;China;0.1%;16000;Litros; $49,760.00 ; Q379,414.03 ;7.62421;Gremiagro; Q1,707.36 ;;;;;
408374809;.;408374809;Fungicida;408374809;12/05/2026;Agrocentro Sociedad Anonima;Mancozeb Tecnico;Mancozeb;Agria, S.A.;Bulgaria;0.1%;72000;Kilogramos; $250,560.00 ; Q1,912,073.47 ;7.63027;Gremiagro; Q8,604.33 ;;;;;
484000929;.;484000929;Fungicida;484000929;8/05/2026;Disagro De Guatemala, Sociedad Anonima;Tranca 72 Wp;Cymoxanil, Mancozeb;Global Fertilizer Trading Company Limited;India;0.1%;12600;Kilogramos; $72,324.00 ; Q551,851.65 ;7.62929;Gremiagro; Q2,483.33 ;;;;;
1470579504;.;1470579504;Materia Técnica Insecticida;1470579504;8/05/2026;Bestenfelden Guatemala, Sociedad Anonima;Clorpirifos Tecnico;Chlorpyrifos;Tahual Agricola, S.A.;India;0.1%;1134;Litros; $8,618.40 ; Q65,760.72 ;7.63027;Gremiagro; Q295.92 ;;;;;
1841448284;.;1841448284;Materia Técnica Herbicida;1841448284;7/05/2026;Agrocentro Sociedad Anonima;Dicloruro De Paraquat 45 Tk;Paraquat;Korsa Chemicals, S.A.;China;0.1%;65759.19;Litros; $231,379.20 ; Q1,765,700.95 ;7.63027;Gremiagro; Q7,945.65 ;;;;;
2574075932;.;2574075932;Herbicida;2574075932;7/05/2026;Rainbow Agrosciences (Guatemala) Sociedad Anonima;Metomax Plus 96 Ec;S-Metolachlor;Rainbow Agrosciences (Central America) Co., Ltd.;China;0.1%;800;Litros; $4,648.00 ; Q35,469.82 ;7.6312;Gremiagro; Q159.61 ;;;;;
1188709053;.;1188709053;Herbicida;1188709053;7/05/2026;Rainbow Agrosciences (Guatemala) Sociedad Anonima;Cegar Plus 32Sc;Glufosinateammonium, Oxyfluorfen;Rainbow Agrosciences (Central America) Co., Ltd.;China;0.1%;4000;Litros; $22,320.00 ; Q170,328.38 ;7.6312;Gremiagro; Q766.48 ;;;;;
3670101894;.;3670101894;Herbicida;3670101894;6/05/2026;Bestenfelden Guatemala, Sociedad Anonima;Ametrina 50 Sc;Ametryn;Tahual Agricola, S.A.;China;0.1%;16000;Litros; $49,760.00 ; Q379,677.26 ;7.6312;Gremiagro; Q1,708.55 ;;;;;
977686511;.;977686511;Herbicida;977686511;6/05/2026;Bestenfelden Guatemala, Sociedad Anonima;Ametrina 50 Sc;Ametryn;Tahual Agricola, S.A.;China;0.1%;16000;Litros; $49,760.00 ; Q379,677.26 ;7.6312;Gremiagro; Q1,708.55 ;;;;;
2772911028;.;2772911028;Herbicida;2772911028;6/05/2026;Bestenfelden Guatemala, Sociedad Anonima;Ametrina 50 Sc;Ametryn;Tahual Agricola, S.A.;China;0.1%;16000;Litros; $49,760.00 ; Q379,677.26 ;7.6312;Gremiagro; Q1,708.55 ;;;;;
2629519064;.;2629519064;Herbicida;2629519064;6/05/2026;Rainbow Agrosciences (Guatemala) Sociedad Anonima;Torban Q / Sementhal 16.5 Sl;2,4-D, Picloram;Rainbow Agrosciences (Central America) Co., Ltd.;China;0.1%;728;Litros; $1,645.28 ; Q12,553.77 ;7.63017;Gremiagro; Q56.49 ;;;;;
1805599018;.;1805599018;Herbicida;1805599018;5/05/2026;Rainbow Agrosciences (Guatemala) Sociedad Anonima;Oxigol 24 Ec;Oxyfluorfen;Rainbow Agrosciences (Central America) Co., Ltd.;China;0.1%;1600;Litros; $12,272.00 ; Q93,637.45 ;7.63017;Gremiagro; Q421.37 ;;;;;
3582149368;.;3582149368;Herbicida;3582149368;5/05/2026;Rainbow Agrosciences (Guatemala) Sociedad Anonima;Recorte 20 Ec;Fluroxypyr;Rainbow Agrosciences (Central America) Co., Ltd.;China;0.1%;1008;Litros; $7,066.08 ; Q53,915.39 ;7.63017;Gremiagro; Q242.62 ;;;;;
2141274130;.;2141274130;Herbicida;2141274130;5/05/2026;Rainbow Agrosciences (Guatemala) Sociedad Anonima;Diupax 80 Sc;Diuron;Rainbow Agrosciences (Central America) Co., Ltd.;China;0.1%;576;Litros; $3,628.80 ; Q27,688.36 ;7.63017;Gremiagro; Q124.60 ;;;;;
1344752400;.;1344752400;Herbicida;1344752400;5/05/2026;Rainbow Agrosciences (Guatemala) Sociedad Anonima;Glufosinato De Amonio / Cegar 15 Sl;Glufosinateammonium;Rainbow Agrosciences (Central America) Co., Ltd.;China;0.1%;1600;Litros; $3,456.00 ; Q26,369.87 ;7.63017;Gremiagro; Q118.66 ;;;;;
3752149133;.;3752149133;Herbicida;3752149133;5/05/2026;Rainbow Agrosciences (Guatemala) Sociedad Anonima;Glufosinato De Amonio / Cegar 15 Sl;Glufosinateammonium;Rainbow Agrosciences (Central America) Co., Ltd.;China;0.1%;4032;Litros; $10,926.72 ; Q83,372.73 ;7.63017;Gremiagro; Q375.18 ;;;;;
1458523602;.;1458523602;Herbicida;1458523602;5/05/2026;Rainbow Agrosciences (Guatemala) Sociedad Anonima;Glufosinato De Amonio / Cegar 15 Sl;Glufosinateammonium;Rainbow Agrosciences (Central America) Co., Ltd.;China;0.1%;3024;Litros; $7,650.72 ; Q58,376.29 ;7.63017;Gremiagro; Q262.69 ;;;;;
2766161781;.;2766161781;Insecticida;2766161781;5/05/2026;Rainbow Agrosciences (Guatemala) Sociedad Anonima;Intruder Plus 50.6 Wg;Emamectinbenzoate, Methoxyfenozide;Rainbow Agrosciences (Central America) Co., Ltd.;China;0.1%;360;Kilogramos; $17,586.00 ; Q134,184.17 ;7.63017;Gremiagro; Q603.83 ;;;;;
3746385712;.;3746385712;Fungicida;3746385712;5/05/2026;Rainbow Agrosciences (Guatemala) Sociedad Anonima;Milor 24 Ec;Metalaxil;Rainbow Agrosciences (Central America) Co., Ltd.;China;0.1%;2880;Litros; $23,155.20 ; Q176,678.11 ;7.63017;Gremiagro; Q795.05 ;;;;;
2110603684;.;2110603684;Fungicida;2110603684;5/05/2026;Rainbow Agrosciences (Guatemala) Sociedad Anonima;Aztrostar Top 32.5 Sc;Azoxystrobin, Difenoconazole;Rainbow Agrosciences (Central America) Co., Ltd.;China;0.1%;576;Litros; $5,927.04 ; Q45,224.32 ;7.63017;Gremiagro; Q203.51 ;;;;;
2415939269;.;2415939269;Fungicida;2415939269;5/05/2026;Rainbow Agrosciences (Guatemala) Sociedad Anonima;Aztrostar 50 Wg;Azoxystrobin;Rainbow Agrosciences (Central America) Co., Ltd.;China;0.1%;360;Kilogramos; $8,859.60 ; Q67,600.25 ;7.63017;Gremiagro; Q304.20 ;;;;;
88166158;.;88166158;Fungicida;88166158;5/05/2026;Rainbow Agrosciences (Guatemala) Sociedad Anonima;Aztrostar Xtra 28 Sc;Azoxistrobin, Ciproconazol;Rainbow Agrosciences (Central America) Co., Ltd.;China;0.1%;1728;Litros; $17,141.76 ; Q130,794.54 ;7.63017;Gremiagro; Q588.58 ;;;;;
2054636570;.;2054636570;Fungicida;2054636570;5/05/2026;Rainbow Agrosciences (Guatemala) Sociedad Anonima;Dacomax  Forte 90 Wg;Chlorothalonil;Rainbow Agrosciences (Central America) Co., Ltd.;China;0.1%;720;Kilogramos; $5,846.40 ; Q44,609.03 ;7.63017;Gremiagro; Q200.74 ;;;;;
578243389;.;578243389;Fungicida;578243389;5/05/2026;Rainbow Agrosciences (Guatemala) Sociedad Anonima;Carbendazim / Derozim 50 Sc;Carbendazim;Rainbow Agrosciences (Central America) Co., Ltd.;China;0.1%;1600;Litros; $5,888.00 ; Q44,926.44 ;7.63017;Gremiagro; Q202.17 ;;;;;
2161593762;.;2161593762;Herbicida;2161593762;7/05/2026;Agrocentro Sociedad Anonima;Ammonium Glufosinate;Glufosinato de Amonio;Agrofina, S.A.;Argentina;0.1%; 10.00 ;Kilogramos; $41.19 ; Q314.54 ;7.63627;Gremiagro; Q1.42 ;;;;;
4005056244;.;4005056244;Herbicida;4005056244;7/05/2026;Agrocentro Sociedad Anonima;Ammonium Glufosinate 40% SL;Glufosinato de Amonio;Agrofina, S.A.;Argentina;0.1%;250;Mililitros; $42.70 ; Q326.07 ;7.63627;Gremiagro; Q1.47 ;;;;;
3640544759;.;3640544759;Herbicida;3640544759;7/05/2026;Agrocentro Sociedad Anonima;Pendimentalina 500 g/LEC;Pendimetalina;NGC Agrosciences INT'L CO., Limited;China;0.1%;10;Litros; $1,650.00 ; Q12,599.85 ;7.63627;Gremiagro; Q56.70 ;;;;;
1150240103;.;1150240103;Insecticida;1150240103;14/05/2026;Agrocentro Sociedad Anonima;Acequinocyl 15 SC;Acequinocyl;Yongnong BiosciencesCo., Ltd.;China;0.1%;3;Litros; $300.00 ; Q2,288.79 ;7.62929;Gremiagro; Q10.30 ;;;;;
67151;E86137FB;2774223508;BIOESTIMULANTE AGRICOLA;2774223508;1/06/2026;BAYER S.A.;APH-1037-01;EXTRACTO DE ALGAS DE ASCOPHYLLUM NODOSUM;ACADIAN PLANT HEALTH;REINO UNIDO;0.1%;1.5;LITROS; $63.61 ; Q484.86 ;7.6224;Agrequima; Q2.18 ;;;;;
67152;79F82F2A;1105874053;BIOESTIMULANTE AGRICOLA;1105874053;1/06/2026;BAYER S.A.;APH-1036-01;ESTRACTO DE ALGS DE ASCOPHYLLUM NODOSUM ;ACADIAN PLANT HEALT ;REINO UNIDO;0.1%;1.5;LITROS; $63.62 ; Q484.94 ;7.6224;Agrequima; Q2.18 ;;;;;
67153;13EBD609;2676510147;HERBICIDA;2676510147;2/06/2026;AGRO INSUMOS, S.A.;TOUCHDOWN PRO 36 SL;GLYPHOSATE;SYNGENTA CROP PROTECTION AG;CHINA;0.1%;19,000.00;LITROS; $56,326.45 ; Q429,342.73 ;7.6224;Agrequima; Q1,932.04 ;;;;;
67154;96F61E4E;2813414201;HERBICIDA;2813414201;2/06/2026;AGRO INSUMOS, S.A.;TOUCHDOWN PRO 36 SL;GLYPHOSATE;SYNGENTA CROP PROTECTION AG;CHINA;0.1%;19,720.00;LITROS; $55,654.57 ; Q424,221.39 ;7.6224;Agrequima; Q1,909.00 ;;;;;
67155;84958F93;4161489990;FUNGICIDA            ;4161489990;3/06/2026;AVANCES AGRICOLAS DE GUATEMALA, S.A;AZOXY 50 WG                      ;AZOXYSTROBIN                   ;ZELLAG AG                  ;CHINA                    ;0.1%;300;KILOS ; $6,711.00 ; Q51,153.93 ;7.6224;Agrequima; Q230.19 ;;;;;
67156;4CFA0F2C;23413042;INSECTICIDA          ;23413042;3/06/2026;AVANCES AGRICOLAS DE GUATEMALA, S.A;DUAL NINJA 4.6 EC                ;LAMBDA -CYHALOTHRIN+ACETAMIPRID;ZELLAG AG                  ;CHINA                    ;0.1%;2,004.00;LITROS; $12,785.52 ; Q97,456.35 ;7.6224;Agrequima; Q438.55 ;;;;;
67157;33DE9892;2703639177;FUNGICIDA            ;2703639177;3/06/2026;AGRO INSUMOS, S.A.                 ;MERTECT  50  SC                  ;TIABENDAZOL                    ;SYNGENTA CROP PROTECTION AG;COLOMBIA                 ;0.1%;8,000.00;LITROS; $186,275.08 ; Q1,419,863.17 ;7.6224;Agrequima; Q6,389.38 ;;;;;
67158;007A1985;1824932984;INSECTICIDA;1824932984;3/06/2026;AGRO INSUMOS, S.A.                 ;MINECTO STAR 60 WG               ;CYANTRANILIPROLE+PYMETROZINE   ;SYNGENTA CROP PROTECTION AG;KOREA                    ;0.1%;232;KILOS ; $15,323.26 ; Q116,800.02 ;7.6224;Agrequima; Q525.60 ;;;;;
67159;8082089C;2310226595;INSECTICIDA;2310226595;3/06/2026;AGRO INSUMOS, S.A.                 ;INCIPIO 20 SC                    ;ISOCYCLOSERAM                  ;SYNGENTA CROP PROTECTION AG;INGLATERRA               ;0.1%;648;LITROS; $68,172.27 ; Q519,636.31 ;7.6224;Agrequima; Q2,338.36 ;;;;;
67160;DB6D4A9F;9652276;INSECTICIDA;9652276;3/06/2026;AGRO INSUMOS, S.A.                 ;ACTARA  25  WG                   ;THIAMETHOXAM                   ;SYNGENTA CROP PROTECTION AG;ESTADOS UNIDOS DE AMERICA;0.1%;21;KILOS ; $3,045.64 ; Q23,215.09 ;7.6224;Agrequima; Q104.47 ;;;;;
67161;E39D550F;1297368705;INSECTICIDA;1297368705;3/06/2026;AGRO INSUMOS, S.A.                 ;MATCH 5 EC                       ;LUFENURON                      ;SYNGENTA CROP PROTECTION AG;COLOMBIA                 ;0.1%;324;LITROS; $3,404.26 ; Q25,948.63 ;7.6224;Agrequima; Q116.77 ;;;;;
67162;17FFAFC3;1849574004;INSECTICIDA-ACARICIDA        ;1849574004;3/06/2026;AGRO INSUMOS, S.A.                 ;VERTIMEC/AGRIMEC/ASTALEC 1.8 EC  ;ABAMECTINA                     ;SYNGENTA CROP PROTECTION AG;ESTADOS UNIDOS DE AMERICA;0.1%;360;LITROS; $27,231.95 ; Q207,572.82 ;7.6224;Agrequima; Q934.08 ;;;;;
67163;2578A787;597118924;FUNGICIDA            ;597118924;3/06/2026;AGRO INSUMOS, S.A.                 ;SCORE 25 EC                      ;DIFENOCONAZOLE                 ;SYNGENTA CROP PROTECTION AG;COLOMBIA                 ;0.1%;1,857.60;LITROS; $54,129.39 ; Q412,595.86 ;7.6224;Agrequima; Q1,856.68 ;;;;;
67164;213181D1;3076342183;FUNGICIDA            ;3076342183;3/06/2026;AGRO INSUMOS, S.A.                 ;SICO  25  EC                     ;DIFECONAZOLE                   ;SYNGENTA CROP PROTECTION AG;COLOMBIA                 ;0.1%;780;LITROS; $9,567.11 ; Q72,924.34 ;7.6224;Agrequima; Q328.16 ;;;;;
67165;022EBE08;2747287230;INSECTICIDA;2747287230;3/06/2026;AGRO INSUMOS, S.A.                 ;VOLIAM FLEXI 30 SC               ;CLORANTRANILIPROLE, TIAMETOXAM ;SYNGENTA CROP PROTECTION AG;ESTADOS UNIDOS DE AMERICA;0.1%;96;LITROS; $7,300.89 ; Q55,650.30 ;7.6224;Agrequima; Q250.43 ;;;;;
67166;10DF0C4C;383992753;FUNGICIDA            ;383992753;3/06/2026;AGRO INSUMOS, S.A.                 ;AMISTAR TOP 32.5 SC              ;AZOXISTROBINA, DIFENOCONAZOLE  ;SYNGENTA CROP PROTECTION AG;COLOMBIA                 ;0.1%;588;LITROS; $41,376.78 ; Q315,390.37 ;7.6224;Agrequima; Q1,419.26 ;;;;;
67167;19A59757;325601967;FUNGICIDA            ;325601967;3/06/2026;AGRO INSUMOS, S.A.                 ;ORONDIS ULTRA 28  SC             ;MANDIPROPAMID, OXATHIAPIPROLIN ;SYNGENTA CROP PROTECTION AG;ESTADOS UNIDOS DE AMERICA;0.1%;2,400.00;LITROS; $106,455.43 ; Q811,445.87 ;7.6224;Agrequima; Q3,651.51 ;;;;;
67168;5C6048B5;2195213137;INSECTICIDA;2195213137;3/06/2026;AGRO INSUMOS, S.A.                 ;KARATE  ZEON 5 CS                ;LAMBDA CYHALOTRINA             ;SYNGENTA CROP PROTECTION AG;BELGICA                  ;0.1%;636;LITROS; $6,798.81 ; Q51,823.25 ;7.6224;Agrequima; Q233.20 ;;;;;
67169;654F57A8;1919240559;FUNGICIDA            ;1919240559;3/06/2026;AGRO INSUMOS, S.A.                 ;AMISTAR XTRA / PRIORI XTRA  28 SC;CYPROCONAZOL, AZOXISTROBINA    ;SYNGENTA CROP PROTECTION AG;COLOMBIA                 ;0.1%;300;LITROS; $5,853.95 ; Q44,621.15 ;7.6224;Agrequima; Q200.80 ;;;;;
67170;66FFCE07;1662798389;FUNGICIDA            ;1662798389;3/06/2026;AGRO INSUMOS, S.A.                 ;KARATE  ZEON 5 CS                ;LAMBDA CYHALOTRINA             ;SYNGENTA CROP PROTECTION AG;BELGICA                  ;0.1%;1,200.00;LITROS; $18,695.18 ; Q142,502.14 ;7.6224;Agrequima; Q641.26 ;;;;;
67171;3E913EA3;2579907493;INSECTICIDA;2579907493;3/06/2026;AGRO INSUMOS, S.A.                 ;KARATE  ZEON 5 CS                ;LAMBDA CYHALOTRINA             ;SYNGENTA CROP PROTECTION AG;BELGICA                  ;0.1%;734.4;LITROS; $12,949.41 ; Q98,705.58 ;7.6224;Agrequima; Q444.18 ;;;;;
67172;81D4B0C4;3491385311;FUNGICIDA            ;3491385311;3/06/2026;AGRO INSUMOS, S.A.                 ;MIRAVIS DUO 20 SC                ;DIFENOCONAZOLE, PYDIFLUMETOFEN ;SYNGENTA CROP PROTECTION AG;COLOMBIA                 ;0.1%;480;LITROS; $14,870.06 ; Q113,345.55 ;7.6224;Agrequima; Q510.05 ;;;;;
67173;8EDDB3EF;2590330622;FUNGICIDA            ;2590330622;3/06/2026;AGRO INSUMOS, S.A.                 ;REVUS  OPTI  44  SC              ;CLOROTALONIL, MANDIPROPAMID    ;SYNGENTA CROP PROTECTION AG;COLOMBIA                 ;0.1%;996;LITROS; $16,367.44 ; Q124,759.17 ;7.6224;Agrequima; Q561.42 ;;;;;
67174;9F1246D0;1026574760;FUNGICIDA            ;1026574760;3/06/2026;AGRO INSUMOS, S.A.                 ;SPYRALE 47.5 EC                  ;DIFENOCONAZOLE, FENPROPIDIN    ;SYNGENTA CROP PROTECTION AG;HUNGRIA                  ;0.1%;2,000.00;LITROS; $21,969.47 ; Q167,460.09 ;7.6224;Agrequima; Q753.57 ;;;;;
67175;5ADD2AC8;3983820285;FUNGICIDA            ;3983820285;3/06/2026;AGRO INSUMOS, S.A.                 ;AMISTAR TOP 32.5 SC              ;AZOXISTROBINA, DIFENOCONAZOLE  ;SYNGENTA CROP PROTECTION AG;COLOMBIA                 ;0.1%;576;LITROS; $49,467.14 ; Q377,058.33 ;7.6224;Agrequima; Q1,696.76 ;;;;;
67176;63A4358E;3822011466;FUNGICIDA            ;3822011466;3/06/2026;AGRO INSUMOS, S.A.                 ;SPYRALE 47.5 EC                  ;DIFENOCONAZOLE, FENPROPIDIN    ;SYNGENTA CROP PROTECTION AG;HUNGRIA                  ;0.1%;3,000.00;LITROS; $32,954.21 ; Q251,190.17 ;7.6224;Agrequima; Q1,130.36 ;;;;;
67177;07FCE0A2;3679143621;HERBICIDA;3679143621;3/06/2026;AGRO INSUMOS, S.A.                 ;TOUCHDOWN PRO 36 SL              ;GLYPHOSATE                     ;SYNGENTA CROP PROTECTION AG;CHINA                    ;0.1%;3,200.00;LITROS; $8,898.42 ; Q67,827.32 ;7.6224;Agrequima; Q305.22 ;;;;;
67178;269FF75B;3845212555;HERBICIDA;3845212555;3/06/2026;AGRO INSUMOS, S.A.                 ;TOUCHDOWN PRO 36 SL              ;GLYPHOSATE                     ;SYNGENTA CROP PROTECTION AG;CHINA                    ;0.1%;10,560.00;LITROS; $29,802.85 ; Q227,169.24 ;7.6224;Agrequima; Q1,022.26 ;;;;;
67179;81B8A71B;4095954223;HERBICIDA;4095954223;3/06/2026;AGRO INSUMOS, S.A.                 ;TOUCHDOWN PRO 36 SL              ;GLYPHOSATE                     ;SYNGENTA CROP PROTECTION AG;CHINA                    ;0.1%;5,520.00;LITROS; $16,644.87 ; Q126,873.86 ;7.6224;Agrequima; Q570.93 ;;;;;
67180;578D758F;651249805;FUNGICIDA            ;651249805;3/06/2026;AGRO INSUMOS, S.A.                 ;REVUS  OPTI  44  SC              ;CLOROTALONIL, MANDIPROPAMID    ;SYNGENTA CROP PROTECTION AG;COLOMBIA                 ;0.1%;16,008.00;LITROS; $287,795.91 ; Q2,193,695.54 ;7.6224;Agrequima; Q9,871.63 ;;;;;
67181;4D9AB72C;206455770;FUMIGANTE;206455770;3/06/2026;HIGIENE, PROTECCION Y MEDIO AMBIENTE, S. A.;MAGNAPHOS 56 GE;FOSFINA            ;UPL COSTA RICA S.A.;INDIA;0.1%;84.24;KILOS; $3,327.48 ; Q25,363.38 ;7.6224;Agrequima; Q114.14 ;;;;;
67182;2408E89C;2022786590;FUMIGANTE;2022786590;3/06/2026;HIGIENE, PROTECCION Y MEDIO AMBIENTE, S. A.;PHOSAMINE 56 GE;FOSFURO DE ALUMINIO;UPL COSTA RICA S.A.;INDIA;0.1%;1,169.66;KILOS; $24,437.76 ; Q186,274.38 ;7.6224;Agrequima; Q838.23 ;;;;;
67183;8CD209C7;1369524783;HERBICIDA;1369524783;5/06/2026;SEMILLAS E INSUMOS AGROPECUARIOS, S.A;TERRANO D 18.9 SL   ;2,4-D+ AMINOPYRALID            ;CORTEVA AGRISCIENCE DE COLOMBIA, S.A.S;COLOMBIA;0.1%;18,050.00;LITROS; $60,467.83 ; Q460,909.99 ;7.6224;Agrequima; Q2,074.09 ;;;;;
67184;011D8E8A;766133284;HERBICIDA;766133284;5/06/2026;SEMILLAS E INSUMOS AGROPECUARIOS, S.A;COMBATRAN XT 22.5 ME;FLUROXIPIR, 2,4-D, AMINOPYRALID;CORTEVA AGRISCIENCE DE COLOMBIA S.A.S ;COLOMBIA;0.1%;4,750.00;LITROS; $50,872.62 ; Q387,771.46 ;7.6224;Agrequima; Q1,744.97 ;;;;;
67185;2D43248C;3436728088;HERBICIDA;3436728088;8/06/2026;AGRO INSUMOS, S.A.;FLEX 25 SL          ;FOMESAFEN                      ;SYNGENTA CROP PROTECTION AG;MEXICO                   ;0.1%;1,728.00;LITROS; $25,903.30 ; Q197,365.79 ;7.61933;Agrequima; Q888.15 ;;;;;
67186;5DD4137D;1142375468;HERBICIDA;1142375468;8/06/2026;AGRO INSUMOS, S.A.;ECLEON 25 SL        ;FOMESAFEN+FLUAZIFOP-P-BUTYL    ;SYNGENTA CROP PROTECTION AG;MEXICO                   ;0.1%;348;LITROS; $7,132.26 ; Q54,343.04 ;7.61933;Agrequima; Q244.54 ;;;;;
67187;264BDBF2;2213628053;HERBICIDA;2213628053;8/06/2026;AGRO INSUMOS, S.A.;ELUMIS 10.5 OD      ;MESOTRIONE+NICOSULFURON        ;SYNGENTA CROP PROTECTION AG;FRANCIA                  ;0.1%;2,880.00;LITROS; $35,026.49 ; Q266,878.39 ;7.61933;Agrequima; Q1,200.95 ;;;;;
67188;0F509D2B;1138970185;HERBICIDA;1138970185;8/06/2026;AGRO INSUMOS, S.A.;FLEX 25 SL          ;FOMESAFEN                      ;SYNGENTA CROP PROTECTION AG;MEXICO                   ;0.1%;1,080.00;LITROS; $20,076.28 ; Q152,967.80 ;7.61933;Agrequima; Q688.36 ;;;;;
67189;97D33BB1;3367587802;HERBICIDA;3367587802;8/06/2026;AGRO INSUMOS, S.A.;FLEX 25 SL          ;FOMESAFEN                      ;SYNGENTA CROP PROTECTION AG;MEXICO                   ;0.1%;960;LITROS; $14,390.72 ; Q109,647.64 ;7.61933;Agrequima; Q493.41 ;;;;;
67191;18D4E089;1217939127;FUNGICIDA;1217939127;8/06/2026;AGRO INSUMOS, S.A.;BANKIT  25  SC      ;AZOXISTROBINA                  ;SYNGENTA CROP PROTECTION AG;INGLATERRA               ;0.1%;984;LITROS; $20,157.10 ; Q153,583.60 ;7.61933;Agrequima; Q691.13 ;;;;;
67192;5AA0CCE9;284315095;FUNGICIDA;284315095;8/06/2026;AGRO INSUMOS, S.A.;ORONDIS OPTI 40.6 SC;CHLOROTHALONIL, OXATHIAPIPROLIN;SYNGENTA CROP PROTECTION AG;ESTADOS UNIDOS DE AMERICA;0.1%;696;LITROS; $10,115.77 ; Q77,075.39 ;7.61933;Agrequima; Q346.84 ;;;;;
67193;A352E7C4;1373127036;HERBICIDA                         ;1373127036;9/06/2026;FERTILIZANTES INSUMOS Y NUTRIENTES DEL CAMPO, S.A. (FINDECA);MATATO 30.41 SL        ;PICLORAM + 2,4-D;JEBAGRO Gmbh             ;CHINA     ;0.1%;40,048.00;LITROS; $100,760.48 ; Q767,727.35 ;7.61933;Agrequima; Q3,454.77 ;;;;;
67194;22F31B44;3383706090;FUNGICIDA;3383706090;9/06/2026;AGRICENTER GUATEMALA, S.A                                   ;NORDOX 45 WG           ;PHORATE         ;NORDOX AS                ;NORUEGA   ;0.1%;4,870.00;KILOS ; $46,212.00 ; Q352,104.48 ;7.61933;Agrequima; Q1,584.47 ;;;;;
67195;358F28B8;285362071;RODENTICIDA                       ;285362071;9/06/2026;INVERSIONES BALUJE, S.A                                     ;DELRAT PELLETS 0.005 RB;BRODIFACOUM     ;PELGAR INTERNATIONAL, LTD;INGLATERRA;0.1%;10,000.00;KILOS ; $36,000.00 ; Q274,295.88 ;7.61933;Agrequima; Q1,234.33 ;;;;;
67196;AF67AB81;2415806896;INSECTICIDA;2415806896;9/06/2026;OLEFINAS, S.A.                                              ;BUPROFEZIN  TC         ;BUPROFEZIN      ;PETROCHEM LIMITED CORP.  ;JAPON     ;0.1%;8,000.00;KILOS ; $264,000.00 ; Q2,011,503.12 ;7.61933;Agrequima; Q9,051.76 ;;;;;
67197;8349C949;3061596413;INSECTICIDA;3061596413;10/06/2026;OLEFINAS, S.A.;PIRETRINA NATURAL 50%;PYRETHRIN (PIRETRINA)              ;SUMITOMO CHEMICAL BRASIL INDUSTRIA QUIMICA, S.A.;BRASIL  ;0.1%;8;LITROS; $8.00 ; Q60.95 ;7.61933;Agrequima; Q0.27 ;;;;;
67198;AB692D05;1958235611;NEMATICIDA ;1958235611;10/06/2026;BAYER S.A.    ;FLU+BA QS713 SC125   ;FLUOPYRAM+BACILLUS SUBTILIES QST713;BAYER, S.A.                                     ;ALEMANIA;0.1%;215.79;LITROS; $215.79 ; Q1,644.18 ;7.61933;Agrequima; Q7.40 ;;;;;
67199;861B53D6;678121105;FUNGICIDA;678121105;11/06/2026;FORESTAL RIO BLANCO, S.A.              ;PQ-80  11 SL                         ;COPPER - 8 QUINOLINOLATE    ;ISK BIOCIDES INC           ;ESTADOS UNIDOS DE AMERICA;0.1%;14,308.00;LITROS; $166,565.40 ; Q1,269,116.75 ;7.61933;Agrequima; Q5,711.03 ;;;;;
67200;72333E1F;125715631;FUNGICIDA  ;125715631;11/06/2026;BANANERA TEPEYAC, S.A                  ;VONDOZEB   62  SC                    ;MANCOZEB                    ;UPL COSTA RICA, S.A.       ;COSTA RICA               ;0.1%;17,000.00;LITROS; $110,670.00 ; Q843,231.25 ;7.61933;Agrequima; Q3,794.54 ;;;;;
67201;DA465C5D;3300019295;FUNGICIDA  ;3300019295;11/06/2026;AGRO INSUMOS, S.A.                     ;BRAVO  72  SC                        ;CLOROTALONIL                ;SYNGENTA CROP PROTECTION AG;COLOMBIA                 ;0.1%;3,744.00;LITROS; $14,448.36 ; Q110,086.82 ;7.61933;Agrequima; Q495.39 ;;;;;
67202;7287D949;3655419883;FUNGICIDA  ;3655419883;11/06/2026;AGRO INSUMOS, S.A.                     ;QUADRIS OPTI/ AMISTAR OPTI 66 SC     ;CLOROTALONILO, AZOXISTROBINA;SYNGENTA CROP PROTECTION AG;ESTADOS UNIDOS DE AMERICA;0.1%;1,032.00;LITROS; $21,364.95 ; Q162,786.60 ;7.61933;Agrequima; Q732.54 ;;;;;
67203;1A36E51F;3830989620;FUNGICIDA  ;3830989620;11/06/2026;AGRO INSUMOS, S.A.                     ;GRADUATE 47.79 SC                    ;FLUDIOXONIL, AZOXYSTROBIN   ;SYNGENTA CRO PROTECTION AG ;ESTADOS UNIDOS DE AMERICA;0.1%;1,296.00;LITROS; $81,515.02 ; Q621,089.84 ;7.61933;Agrequima; Q2,794.90 ;;;;;
67204;06E9B305;2531412486;FUNGICIDA  ;2531412486;11/06/2026;AGRO INSUMOS, S.A.                     ;FOLIO GOLD / RIDOMIL GOLD BRAVO 44 SC;METALAXIL-M, CLOROTALONIL   ;SYNGENTA CROP PROTECTION AG;COLOMBIA                 ;0.1%;4,644.00;LITROS; $56,158.59 ; Q427,890.83 ;7.61933;Agrequima; Q1,925.51 ;;;;;
67205;A1C3C39C;1209290742;FUNGICIDA  ;1209290742;11/06/2026;AGRO INSUMOS, S.A.                     ;INSPIRE GOLD 33.83 EW                ;DIFENOCONAZOLE, CYPRODINIL  ;SYNGENTA CROP PROTECTION AG;ESTADOS UNIDOS DE AMERICA;0.1%;3,696.00;LITROS; $79,258.95 ; Q603,900.10 ;7.61933;Agrequima; Q2,717.55 ;;;;;
67206;F419D566;473842615;INSECTICIDA;473842615;11/06/2026;EASTCHEM DE GUATEMALA, SOCIEDAD ANONIMA;SPINETORAM 12 SC                     ;SPINETORAM                  ;EASTCHEM CO., LTD          ;CHINA                    ;0.1%;1;LITROS; $31.00 ; Q236.20 ;7.61933;Agrequima; Q1.06 ;;;;;
67207;40C6E90B;2585084140;HERBICIDA;2585084140;16/06/2026;GRUPO FERT, S.A;GLUFOSINATO DE AMONIO 15 SL      ;GLUFOSINATO DE AMONIO     ;AGROHAO COMPANY LTD.;CHINA;0.1%;6,018.48;LITROS; $11,806.44 ; Q89,904.86 ;7.6149;Agrequima; Q404.57 ;;;;;
67208;F4A096BC;1951023185;HERBICIDA;1951023185;16/06/2026;GRUPO FERT, S.A;2,4 - D ONE 72 SL                ;2,4 - D                   ;AGROHAO COMPANY ltd.;CHINA;0.1%;4,020.00;LITROS; $8,988.16 ; Q68,443.94 ;7.6149;Agrequima; Q308.00 ;;;;;
67209;67214B28;396444663;HERBICIDA;396444663;16/06/2026;GRUPO FERT, S.A;NICOSULFURON  4  SC              ;NICOSULFURON              ;AGROHAO COMPANY LTD.;CHINA;0.1%;4,008.00;LITROS; $14,468.08 ; Q110,172.98 ;7.6149;Agrequima; Q495.78 ;;;;;
67210;2172331E;130042223;FUNGICIDA;130042223;16/06/2026;GRUPO FERT, S.A;AZOXISTROBIN + CIPROCONAZOL 28 SC;AZOXISTROBIN, CIPROCONAZOL;AGROHAO COMPANY LTD.;CHINA;0.1%;4,003.00;LITROS; $30,633.16 ; Q233,268.45 ;7.6149;Agrequima; Q1,049.71 ;;;;;
67211;´03268010;399329318;FUNGICIDA;399329318;16/06/2026;GRUPO FERT, S.A;EPOXICONAZOLE  12.5 SC           ;EPOXICONAZOLE             ;AGROHAO COMPANY LTD.;CHINA;0.1%;4,004.00;LITROS; $25,092.52 ; Q191,077.03 ;7.6149;Agrequima; Q859.85 ;;;;;
67212;FDD35767;380980722;FUNGICIDA;380980722;17/06/2026;AGRO INSUMOS, S.A.                   ;BRAVO  72  SC                    ;CLOROTALONIL                          ;SYNGENTA CROP PROTECTION AG;COLOMBIA                 ;0.1%;6,396.00;LITROS; $51,013.82 ; Q388,465.14 ;7.6149;Agrequima; Q1,748.09 ;;;;;
67213;3E9CEBBC;3694347660;FUNGICIDA  ;3694347660;17/06/2026;AGRO INSUMOS, S.A.                   ;BRAVO  72  SC                    ;CLOROTALONIL                          ;SYNGENTA CROP PROTECTION AG;COLOMBIA                 ;0.1%;15,408.00;LITROS; $122,892.59 ; Q935,814.78 ;7.6149;Agrequima; Q4,211.17 ;;;;;
67214;0706AE72;3664856433;FUNGICIDA;3664856433;17/06/2026;AGRO INSUMOS, S.A.                   ;SWITCH 62.5 WG                   ;CIPRODINIL, FLUDIOXONIL               ;SYNGENTA CROP PROTECTION AG;INGLATERRA               ;0.1%;540;KILOS ; $36,023.00 ; Q274,311.54 ;7.6149;Agrequima; Q1,234.40 ;;;;;
67215;0D66BF85;31475720;FUNGICIDA  ;31475720;17/06/2026;AGRO INSUMOS, S.A.                   ;AMISTAR XTRA / PRIORI XTRA  28 SC;CYPROCONAZOL, AZOXISTROBINA           ;SYNGENTA CROP PROTECTION AG;COLOMBIA                 ;0.1%;3,000.00;LITROS; $61,406.04 ; Q467,600.85 ;7.6149;Agrequima; Q2,104.20 ;;;;;
67216;14076474;2965130077;FUNGICIDA  ;2965130077;17/06/2026;AGRO INSUMOS, S.A.                   ;AMISTAR XTRA / PRIORI XTRA  28 SC;CYPROCONAZOL, AZOXISTROBINA           ;SYNGENTA CROP PROTECTION AG;COLOMBIA                 ;0.1%;1,056.00;LITROS; $29,000.08 ; Q220,832.71 ;7.6149;Agrequima; Q993.75 ;;;;;
67217;ECE893F0;1049054943;FUNGICIDA  ;1049054943;17/06/2026;AGRO INSUMOS, S.A.                   ;SCORE 25 EC                      ;DIFENOCONAZOLE                        ;SYNGENTA CROP PROTECTION AG;COLOMBIA                 ;0.1%;276;LITROS; $5,298.66 ; Q40,348.77 ;7.6149;Agrequima; Q181.57 ;;;;;
67218;4BB908FE;2564115108;INSECTICIDA;2564115108;17/06/2026;AGRO INSUMOS, S.A.                   ;ACTARA  25  WG                   ;THIAMETHOXAM                          ;SYNGENTA CROP PROTECTION AG;ESTADOS UNIDOS DE AMERICA;0.1%;120;KILOS ; $17,403.67 ; Q132,527.21 ;7.6149;Agrequima; Q596.37 ;;;;;
67219;EC9768B9;4065085102;FUNGICIDA  ;4065085102;17/06/2026;AGRO INSUMOS, S.A.                   ;AMISTAR XTRA / PRIORI XTRA  28 SC;CYPROCONAZOL, AZOXISTROBINA           ;SYNGENTA CROP PROTECTION AG;COLOMBIA                 ;0.1%;160;LITROS; $3,122.11 ; Q23,774.56 ;7.6149;Agrequima; Q106.99 ;;;;;
67220;59D12E80;4087237636;FUNGICIDA  ;4087237636;17/06/2026;AGRO INSUMOS, S.A.                   ;AMISTAR XTRA / PRIORI XTRA  28 SC;CYPROCONAZOL, AZOXISTROBINA           ;SYNGENTA CROP PROTECTION AG;COLOMBIA                 ;0.1%;1,920.00;LITROS; $39,299.87 ; Q299,264.58 ;7.6149;Agrequima; Q1,346.69 ;;;;;
67221;0994837D;3382919780;FUNGICIDA  ;3382919780;17/06/2026;AGRO INSUMOS, S.A.                   ;CARIAL FLEX 43 WG                ;CYMOXANIL, MANDIPROPAMID              ;SYNGENTA CROP PROTECTION AG;FRANCIA                  ;0.1%;88;KILOS ; $2,760.17 ; Q21,018.42 ;7.6149;Agrequima; Q94.58 ;;;;;
67222;756EE1FA;1687571203;FUNGICIDA;1687571203;17/06/2026;AGRO INSUMOS, S.A.                   ;UNIFORM 44.54 SE                 ;AZOXISTROBIN, METALAXIL-M             ;SYNGENTA CROP PROTECTION AG;ESTADOS UNIDOS DE AMERICA;0.1%;316.8;LITROS; $13,752.63 ; Q104,724.90 ;7.6149;Agrequima; Q471.26 ;;;;;
67223;A7215173;1549749962;FUNGICIDA  ;1549749962;17/06/2026;AGRO INSUMOS, S.A.                   ;UNIFORM 44.54 SE                 ;AZOXISTROBIN, METALAXIL-M             ;SYNGENTA CROP PROTECTION AG;ESTADOS UNIDOS DE AMERICA;0.1%;480;LITROS; $15,762.95 ; Q120,033.29 ;7.6149;Agrequima; Q540.15 ;;;;;
67224;48F63C3F;2735295348;HERBICIDA;2735295348;17/06/2026;AGRO INSUMOS, S.A.                   ;DUAL  GOLD  96  EC               ;S-METOLACHLOR                         ;SYNGENTA CROP PROTECTION AG;COLOMBIA                 ;0.1%;1,356.00;LITROS; $11,821.53 ; Q90,019.77 ;7.6149;Agrequima; Q405.09 ;;;;;
67225;EDC5E151;3913042580;INSECTICIDA;3913042580;17/06/2026;AGRO INSUMOS, S.A.                   ;AMPLIGO  15  SC                  ;CLORANTRANILIPROLE, LAMBDA CIHALOTRINA;SYNGENTA CROP PROTECTION AG;FRANCIA                  ;0.1%;432;LITROS; $26,464.68 ; Q201,525.89 ;7.6149;Agrequima; Q906.87 ;;;;;
67226;1C028980;2480425135;INSECTICIDA;2480425135;17/06/2026;AGRO INSUMOS, S.A.                   ;AMPLIGO  15  SC                  ;CLORANTRANILIPROLE, LAMBDA CIHALOTRINA;SYNGENTA CROP PROTECTION AG;FRANCIA                  ;0.1%;38.4;LITROS; $2,547.97 ; Q19,402.54 ;7.6149;Agrequima; Q87.31 ;;;;;
67227;79067173 ;908609221;FUNGICIDA;908609221;17/06/2026;AGRO INSUMOS, S.A.                   ;BRAVONIL 72 SC                   ;CLOROTALONIL                          ;SYNGENTA CROP PROTECTION AG;COLOMBIA                 ;0.1%;2,124.00;LITROS; $18,344.18 ; Q139,689.10 ;7.6149;Agrequima; Q628.60 ;;;;;
67228;86DB1B69;1317817188;FUNGICIDA;1317817188;17/06/2026;AGRO INSUMOS, S.A.                   ;AMISTAR  50  WG                  ;AZOXISTROBINA                         ;SYNGENTA CROP PROTECTION AG;ESTADOS UNIDOS DE AMERICA;0.1%;158;KILOS ; $8,559.78 ; Q65,181.87 ;7.6149;Agrequima; Q293.32 ;;;;;
67229;F9396172;3282979461;HERBICIDA;3282979461;17/06/2026;SEMILLAS E INSUMOS AGROPECUARIOS, S.A;HERBIMEX 72 SL                   ;2,4 -D                                ;AGROHAO  COMPANY LTD       ;CHINA                    ;0.1%;40,024.00;LITROS; $88,344.28 ; Q672,732.86 ;7.6149;Agrequima; Q3,027.30 ;;;;;
67230;6A08AE7A;1933135596;INSECTICIDA MICROBIOLOGICO;1933135596;17/06/2026;CROPS PROTECTION, S.A;BTK-CROPS 91.3 SC ;BACILLUS THURINGENSIS VAR. KURSTAKI;CROPS PROTECTION S.A.C.;PERU;0.1%;2,000.00;LITROS; $2,887.00 ; Q21,984.22 ;7.6149;Agrequima; Q98.93 ;;;;;
67231;4B640C62;2049723794;PLAGUICIDA BOTANICO       ;2049723794;17/06/2026;CROPS PROTECTION, S.A;CROPS CANELA 20 SL;ACEITE DE CANELA (CINNAMOMUM VERUM);CROPS PROTECTION S.A.C.;PERU;0.1%;100;LITROS; $2,887.00 ; Q21,984.22 ;7.6149;Agrequima; Q98.93 ;;;;;
67232;629EECF2;4060302318;INSECTICIDA;4060302318;18/06/2026;DUWEST GUATEMALA SOCIEDAD ANONIMA    ;ALLECTUS 30 SC      ;BIFENTHRIN+IMIDACLOPRID        ;DUWEST INC                            ;MEXICO  ;0.1%;200;LITROS; $8,081.00 ; Q61,536.01 ;7.6149;Agrequima; Q276.91 ;;;;;
67233;33D71688;3936111438;HERBICIDA  ;3936111438;18/06/2026;SEMILLAS E INSUMOS AGROPECUARIOS, S.A;COMBATRAN XT 22.5 ME;FLUROXIPIR, 2,4-D, AMINOPYRALID;CORTEVA AGRISCIENCE DE COLOMBIA S.A.S.;COLOMBIA;0.1%;4,750.00;LITROS; $50,872.62 ; Q387,389.91 ;7.6149;Agrequima; Q1,743.25 ;;;;;
67234;5A179142;1682458977;HERBICIDA;1682458977;18/06/2026;SEMILLAS E INSUMOS AGROPECUARIOS, S.A;TERRANO D 18.9 SL   ;2,4-D+ AMINOPYRALID            ;CORTEVA AGRISCIENCE DE COLOMBIA S.A.S.;COLOMBIA;0.1%;6,650.00;LITROS; $22,277.50 ; Q169,640.93 ;7.6149;Agrequima; Q763.38 ;;;;;
67235;162199C6;930497932;FUNGICIDA;930497932;19/06/2026;BAYER S.A.;SPIROXAMINE AE 1344293-01-06                             ;SPIROXAMINE   ;BAYER AG;ALEMANIA;0.1%;0.1;KILOS; $21.81 ; Q166.08 ;7.6149;Agrequima; Q0.75 ;;;;;
67236;EF74389C;3074376622;HERBICIDA;3074376622;19/06/2026;BAYER S.A.;INDAZIFLAN BCS-AA10717-PU-01 ANALYTICAL STANDARDS        ;INDAZIFLAN    ;BAYER AG;ALEMANIA;0.1%;0.1;KILOS; $21.79 ; Q165.93 ;7.6149;Agrequima; Q0.75 ;;;;;
67237;FA32DCC4;4212608097;FUNGICIDA  ;4212608097;19/06/2026;BAYER S.A.;PYRIMETHANIL AE B100309-PU-01 ANALYTICAL STANDARDS       ;PYRIMETHANIL  ;BAYER AG;ALEMANIA;0.1%;0.1;KILOS; $21.79 ; Q165.93 ;7.6149;Agrequima; Q0.75 ;;;;;
67238;A3F4177A;3448785443;FUNGICIDA  ;3448785443;19/06/2026;BAYER S.A.;ISOTIANIL BYF 01047-PU-03 ANALYTICAL STANDASRDS          ;ISOTIANIL     ;BAYER AG;ALEMANIA;0.1%;0.1;KILOS; $21.79 ; Q165.93 ;7.6149;Agrequima; Q0.75 ;;;;;
67239;6609483F;3580054237;INSECTICIDA;3580054237;19/06/2026;BAYER S.A.;FLUBENDIAMIDE AE 1302996-PU-01 ANALYTICAL STANDARDS      ;FLUBENDIAMIDE ;BAYER AG;ALEMANIA;0.1%;0.1;KILOS; $21.79 ; Q165.93 ;7.6149;Agrequima; Q0.75 ;;;;;
67240;B023BF24;1250576811;FUNGICIDA  ;1250576811;19/06/2026;BAYER S.A.;TEBUCONAZOLE AE F069623-PU-02 ANALYTICAL STANDARDS       ;TEBUCONAZOLE  ;BAYER AG;ALEMANIA;0.1%;0.1;KILOS; $21.79 ; Q165.93 ;7.6149;Agrequima; Q0.75 ;;;;;
67241;F4F8D177;3155905870;INSECTICIDA;3155905870;19/06/2026;BAYER S.A.;TETRANILIPROLE BCS-CL73507-PU-05 ANALYTICAL STANDARDS    ;TETRANILIPROLE;BAYER AG;ALEMANIA;0.1%;0.1;KILOS; $21.79 ; Q165.93 ;7.6149;Agrequima; Q0.75 ;;;;;
67242;33AF93E3;1241664442;HERBICIDA  ;1241664442;19/06/2026;BAYER S.A.;ISOXAFLUTOLE AE B197278 00 1B99 0002 ANALYTICAL STANDARDS;ISOXAFLUTOLE  ;BAYER AG;FRANCIA ;0.1%;0.1;KILOS; $21.81 ; Q166.08 ;7.6149;Agrequima; Q0.75 ;;;;;
67243;472C586A;49365493;INSECTICIDA         ;49365493;22/06/2026;EMPAQUES Y DISTRIBUCION DE PRODUCTOS, S.A;UNIKUM FORTE 27.5 WG    ;THAMETOXAM+EMAMECTIN BENZOATE                    ;HELM ANDINAS S.A.S           ;ALEMANIA  ;0.1%;648;KILOS ; $23,472.00 ; Q178,751.72 ;7.61553;Agrequima; Q804.38 ;;;;;
67244;A10F744E;3227404041;FUNGICIDA;3227404041;22/06/2026;EMPAQUES Y DISTRIBUCION DE PRODUCTOS, S.A;HELMTIOFAN 50 SC        ;THIOPHANATE METHYL                               ;HELM ANDINAS S.A.S.          ;CHINA     ;0.1%;480;LITROS; $6,336.00 ; Q48,252.00 ;7.61553;Agrequima; Q217.13 ;;;;;
67245;ACCD418E;2228833545;FUNGICIDA           ;2228833545;22/06/2026;EMPAQUES Y DISTRIBUCION DE PRODUCTOS, S.A;HELMSTAR PRISMA 32.5 SC ;AZOXYSTROBIN + DOFECONAZOLE                      ;HELM ANDINAS S.A.S.          ;ALEMANIA  ;0.1%;1,212.00;LITROS; $34,211.28 ; Q260,537.03 ;7.61553;Agrequima; Q1,172.42 ;;;;;
67246;E4E30C05;3647491895;FUNGICIDA           ;3647491895;22/06/2026;BANANERA TEPEYAC, S.A                    ;VONDOZEB   62  SC       ;MANCOZEB                                         ;UPL COSTA RICA, S.A          ;COSTA RICA;0.1%;17,000.00;LITROS; $110,670.00 ; Q842,810.71 ;7.61553;Agrequima; Q3,792.65 ;;;;;
67247;97D23B4B;1209945601;NEMATICIDA-FUNGICIDA;1209945601;22/06/2026;AGROBASSY Y COMPAÑIA LIMITADA            ;AGROCELHONE FE 127.30 EC;DICLOROPROPENO Y CLOROPICRINA                    ;AGROQUIMICOS DE LEVANTE, S.A.;ESPAÑA    ;0.1%;14,328.60;LITROS; $83,644.70 ; Q636,998.72 ;7.61553;Agrequima; Q2,866.49 ;;;;;
67248;34D33D75;2991866391;NEMATICIDA-FUNGICIDA;2991866391;22/06/2026;AGROBASSY Y COMPAÑIA LIMITADA            ;AGROCELHONE FE 127.30 EC;DICLOROPROPENO Y CLOROPICRINA                    ;AGROQUIMICOS DE LEVANTE, S.A.;ESPAÑA    ;0.1%;17,193.60;LITROS; $105,955.56 ; Q806,907.75 ;7.61553;Agrequima; Q3,631.08 ;;;;;
67249;9B7F1D95;3948233071;HERBICIDA           ;3948233071;22/06/2026;ASERSI                                   ;CASALLENA 33.04 EC      ;AMETRYN+PICLORAM+2,4-D+DIURON+CARFENTRAZONE+ETHYL;POLAQUIMIA, S.A. DE C.V.     ;MEXICO    ;0.1%;65;LITROS; $1,979.75 ; Q15,076.85 ;7.61553;Agrequima; Q67.85 ;;;;;
67250;97B9562A;4281616830;FUNGICIDA                  ;4281616830;23/06/2026;BAYER S.A.      ;PENFLUFEN BYF 14182-PU-04 ANALYTICAL STANDARDS           ;PENFLUFEN   ;BAYER AG               ;ALEMANIA                 ;0.1%;0.01;KILOS ; $24.95 ; Q190.01 ;7.61553;Agrequima; Q0.86 ;;;;;
67251;71523FC9;4293936428;INSECTICIDA                ;4293936428;23/06/2026;BAYER S.A.      ;THIACLOPRID AE F158944-PU-01 ANALYTICAL STANDARDS        ;THIACLOPRID ;BAYER AG               ;ALEMANIA                 ;0.1%;0.01;KILOS ; $29.44 ; Q224.20 ;7.61553;Agrequima; Q1.01 ;;;;;
67252;67E67669;2131578640;MATERIA TÉCNICA INSECTICIDA;2131578640;23/06/2026;BAYER S.A.      ;THIODICARB  AE  F092948 00 1B99 0002 ANALYTICAL STANDARDS;THIODICARB  ;BAYER AG               ;ESTADOS UNIDOS DE AMERICA;0.1%;0.01;KILOS ; $29.44 ; Q224.20 ;7.61553;Agrequima; Q1.01 ;;;;;
67253;37D9F5F0;1724270337;INSECTICIDA                ;1724270337;23/06/2026;BAYER S.A.      ;FIPRONIL AE F124964 -PU- 01 ANALYSTICAL STANDARS         ;FIPRONIL    ;BAYER AG               ;ALEMANIA                 ;0.1%;0.01;KILOS ; $29.45 ; Q224.28 ;7.61553;Agrequima; Q1.01 ;;;;;
67254;55638 E-09;3504754013;INSECTICIDA;3504754013;23/06/2026;BAYER S.A.      ;ABAMECTIN AE F074933-01-01  ANALYTICAL STANDARDS         ;ABAMECTIN   ;BAYER AG               ;SUIZA                    ;0.1%;0.01;KILOS ; $29.45 ; Q224.28 ;7.61553;Agrequima; Q1.01 ;;;;;
67255;B2132D68;2637646629;HERBICIDA;2637646629;23/06/2026;BAYER S.A.      ;METRIBUZIN AE F055208-PU-02 ANALYTICAL STANDARDS         ;METRIBUZIN  ;BAYER AG               ;CHINA                    ;0.1%;0.01;KILOS ; $29.44 ; Q224.20 ;7.61553;Agrequima; Q1.01 ;;;;;
67256;ACDF6C0C;2345420894;INSECTICIDA                ;2345420894;23/06/2026;BAYER S.A.      ;TRIFLUMURON AE F067232 00 1B99 0001 ANALYTICAL STANDARDS ;TRIFLUMURON ;BAYER AG               ;ALEMANIA                 ;0.1%;0.01;KILOS ; $29.44 ; Q224.20 ;7.61553;Agrequima; Q1.01 ;;;;;
67257;0234CC63;63981574;INSECTICIDA                ;63981574;23/06/2026;LA CORNETA, S.A.;PICNEAT 10 EC                                            ;PYRIPROXYFEN;ALBAUGH LATAM North LLc;CHINA                    ;0.1%;1,200.00;LITROS; $14,280.00 ; Q108,749.77 ;7.61553;Agrequima; Q489.37 ;;;;;
67258;34D80F42;2634957608;FUNGICIDA             ;2634957608;24/06/2026;AGRO INSUMOS, S.A.;REFLECT   12.5  EC               ;ISOPYRAZAM                                ;SYNGENTA CROP PROTECTION AG             ;COREA                    ;0.1%;11,500.00;LITROS; $248,949.93 ; Q1,895,885.66 ;7.61553;Agrequima; Q8,531.49 ;;;;;
67259;842AF561;606879887;FUNGICIDA             ;606879887;24/06/2026;AGRO INSUMOS, S.A.;BRAVONIL 72 SC                   ;CLOROTALONIL                              ;SYNGENTA CROP PROTECTION AG             ;COLOMBIA                 ;0.1%;2,200.00;LITROS; $8,959.58 ; Q68,231.95 ;7.61553;Agrequima; Q307.04 ;;;;;
67260;7DD9C5EC;2579450215;FUNGICIDA             ;2579450215;24/06/2026;AGRO INSUMOS, S.A.;ALTO/RESTRANA 10 SL              ;CYPROZONAZOLE                             ;SYNGENTA CROP PROTECTION AG             ;COLOMBIA                 ;0.1%;4,800.00;LITROS; $81,806.76 ; Q623,001.83 ;7.61553;Agrequima; Q2,803.51 ;;;;;
67261;13EDD486;3134341944;FUNGICIDA             ;3134341944;24/06/2026;AGRO INSUMOS, S.A.;AMISTAR XTRA / PRIORI XTRA  28 SC;CYPROCONAZOL, AZOXISTROBINA               ;SYNGENTA CROP PROTECTION AG             ;COLOMBIA                 ;0.1%;396;LITROS; $10,875.03 ; Q82,819.12 ;7.61553;Agrequima; Q372.69 ;;;;;
67262;936676D1;1504856684;INSECTICIDA;1504856684;24/06/2026;AGRO INSUMOS, S.A.;INCIPIO 20 SC                    ;ISOCYCLOSERAM                             ;SYNGENTA CROP PROTECTION AG             ;INGLATERRA               ;0.1%;81.6;LITROS; $8,584.66 ; Q65,376.74 ;7.61553;Agrequima; Q294.20 ;;;;;
67263;BE242BEF;4237050382;FUNGICIDA             ;4237050382;24/06/2026;AGRO INSUMOS, S.A.;SPYRALE 47.5 EC                  ;DIFENOCONAZOLE, FENPROPIDIN               ;SYNGENTA CROP PROTECTION AG             ;HUNGRIA                  ;0.1%;7,000.00;LITROS; $76,893.15 ; Q585,582.09 ;7.61553;Agrequima; Q2,635.12 ;;;;;
67264;5B50A82B;3555082340;FUNGICIDA             ;3555082340;24/06/2026;AGRO INSUMOS, S.A.;CARIAL FLEX 43 WG                ;CYMOXANIL, MANDIPROPAMID                  ;SYNGENTA CROP PROTECTION AG             ;FRANCIA                  ;0.1%;496;KILOS ; $15,557.32 ; Q118,477.24 ;7.61553;Agrequima; Q533.15 ;;;;;
67265;70C2A066;880167342;FUNGICIDA             ;880167342;24/06/2026;AGRO INSUMOS, S.A.;CARIAL FLEX 43 WG                ;CYMOXANIL, MANDIPROPAMID                  ;SYNGENTA CROP PROTECTION AG             ;FRANCIA                  ;0.1%;1,120.00;KILOS ; $32,989.08 ; Q251,229.33 ;7.61553;Agrequima; Q1,130.53 ;;;;;
67266;204ABE0A;560482843;INSECTICIDA;560482843;24/06/2026;AGRO INSUMOS, S.A.;ENGEO / CONQUEST  24.7  SC       ;THIAMETHOXAM, LAMBDA CYHALOTRINA          ;SYNGENTA CROP PROTECTION AG             ;ESTADOS UNIDOS DE AMERICA;0.1%;2,044.80;LITROS; $58,482.68 ; Q445,376.60 ;7.61553;Agrequima; Q2,004.19 ;;;;;
67267;9DE29A99;405098286;INSECTICIDA, FUNGICIDA;405098286;24/06/2026;AGRO INSUMOS, S.A.;FORTENZA MAXX 38.25 FS           ;THIAMETHOXAM+CYANTRANILIPROLE, FLUDIOXOMIL;SYNGENTA CROP PROTECTION AG             ;ESTADOS UNIDOS DE AMERICA;0.1%;420;LITROS; $20,273.38 ; Q154,392.53 ;7.61553;Agrequima; Q694.77 ;;;;;
67268;C0AF41F5;225527247;FUNGICIDA;225527247;24/06/2026;AGRO INSUMOS, S.A.;MIRAVIS DUO 20 SC                ;DIFENOCONAZOLE, PYDIFLUMETOFEN            ;SYNGENTA CROP PROTECTION AG             ;ESTADOS UNIDOS DE AMERICA;0.1%;201.6;LITROS; $4,382.64 ; Q33,376.13 ;7.61553;Agrequima; Q150.19 ;;;;;
67269;C2858CA1;1540834179;FUNGICIDA             ;1540834179;24/06/2026;AGRO INSUMOS, S.A.;BRAVO  72  SC                    ;CLOROTALONIL                              ;SYNGENTA CROP PROTECTION AG             ;COLOMBIA                 ;0.1%;800;LITROS; $4,258.26 ; Q32,428.91 ;7.61553;Agrequima; Q145.93 ;;;;;
67270;FE00797A;3951052556;FUNGICIDA             ;3951052556;24/06/2026;AGRO INSUMOS, S.A.;RIDOMIL GOLD MZ 68 WP            ;METALAXIL-M, MANCOZEB                     ;SYNGENTA CROP PROTECTION AG             ;COLOMBIA                 ;0.1%;5,400.00;KILOS ; $54,706.73 ; Q416,620.74 ;7.61553;Agrequima; Q1,874.79 ;;;;;
67271;4F8BBF57;3908389697;FUNGICIDA             ;3908389697;24/06/2026;AGRO INSUMOS, S.A.;RIDOMIL GOLD MZ 68 WP            ;METALAXIL-M, MANCOZEB                     ;SYNGENTA CROP PROTECTION AG             ;COLOMBIA                 ;0.1%;1,140.00;KILOS ; $11,549.20 ; Q87,953.28 ;7.61553;Agrequima; Q395.79 ;;;;;
67272;6CD6CE40;4088351684;FUNGICIDA             ;4088351684;24/06/2026;AGRO INSUMOS, S.A.;AMISTAR  50  WG                  ;AZOXISTROBINA                             ;SYNGENTA CROP PROTECTION AG             ;ESTADOS UNIDOS DE AMERICA;0.1%;408;KILOS ; $22,103.73 ; Q168,331.62 ;7.61553;Agrequima; Q757.49 ;;;;;
67273;0F3283FE;1972258174;FUNGICIDA             ;1972258174;24/06/2026;AGRO INSUMOS, S.A.;AMISTAR  50  WG                  ;AZOXISTROBINA                             ;SYNGENTA CROP PROTECTION AG             ;ESTADOS UNIDOS DE AMERICA;0.1%;460.8;KILOS ; $36,369.84 ; Q276,975.61 ;7.61553;Agrequima; Q1,246.39 ;;;;;
67274;A5FC22E0;2997045683;FUNGICIDA             ;2997045683;24/06/2026;AGRO INSUMOS, S.A.;AMISTAR  50  WG                  ;AZOXISTROBINA                             ;SYNGENTA CROP PROTECTION AG             ;ESTADOS UNIDOS DE AMERICA;0.1%;696;KILOS ; $34,628.82 ; Q263,716.82 ;7.61553;Agrequima; Q1,186.73 ;;;;;
67275;4DEC67C2;3031319723;INSECTICIDA;3031319723;24/06/2026;AGRIAVANCES, S.A. ;ANACONDA 55 EC                   ;CLORPIRIFOS, CIPERMETRINA                 ;AIMCO PESTICIDES LIMITED                ;INDIA                    ;0.1%;13,750.00;LITROS; $94,862.50 ; Q722,428.21 ;7.61553;Agrequima; Q3,250.93 ;;;;;
67276;22813ED1;1409107762;FUNGICIDA;1409107762;24/06/2026;AGRIAVANCES, S.A. ;LAINZUFRE 72 SC                  ;SULPHUR                                   ;LAINCO, S.A                             ;ESPAÑA                   ;0.1%;1,000.00;LITROS; $2,710.00 ; Q20,638.09 ;7.61553;Agrequima; Q92.87 ;;;;;
67277;5B2CAA71;1753629779;FUNGICIDA             ;1753629779;24/06/2026;AGRIAVANCES, S.A. ;CUPRA 52 SC                      ;COPPER                                    ;LAINCO, S.A                             ;ESPAÑA                   ;0.1%;1,000.00;LITROS; $11,090.00 ; Q84,456.23 ;7.61553;Agrequima; Q380.05 ;;;;;
67278;A16121B3;266357868;FUNGICIDA;266357868;24/06/2026;AGRO INSUMOS, S.A.;A25583B                          ;AZOXYSTROBIN Y FENEPTAMIDOQUIN            ;SYNGENTA CROP PROTECTION AG (MUNCHWILEN);INGLATERRA               ;0.1%;2;LITROS; $166.76 ; Q1,269.97 ;7.61553;Agrequima; Q5.71 ;;;;;
67279;7E217BA9;1531727802;INSECTICIDA           ;1531727802;24/06/2026;AGRO INSUMOS, S.A.;CGA 184699/SYN547407 SC (200/200);ISOSYCLOSERAM Y LEFENURON                 ;SYNGENTA CROP PROTECTION AG             ;INGLATERRA               ;0.1%;2;LITROS; $169.43 ; Q1,290.30 ;7.61553;Agrequima; Q5.81 ;;;;;
67280;5C5BC1D6;1571901297;HERBICIDA  ;1571901297;25/06/2026;AVANCES AGRICOLAS DE GUATEMALA, S.A;PILARSATO  35.6  SL;GLIFOSATO               ;PILARQUIM (SHANGHAI) CO., LTD     ;CHINA;0.1%;16,000.00;LITROS; $46,400.00 ; Q353,360.59 ;7.61553;Agrequima; Q1,590.12 ;;;;;
67281;9AB5E2F5;2618379064;INSECTICIDA;2618379064;25/06/2026;INSUMOS MODERNOS, S.A              ;TORNADO 20 EC      ;ACETAMIPRID+PYRIPROXIFEN;PARIJAT INDUSTRIES (INDIA) LIMITED;INDIA;0.1%;1,500.00;LITROS; $13,545.00 ; Q103,152.35 ;7.61553;Agrequima; Q464.19 ;;;;;
67282;8699478F;829376420;HERBICIDA  ;829376420;25/06/2026;INSUMOS MODERNOS, S.A              ;ANIQUILADOR 18 EC  ;FLUROXYOYR MEPTYL       ;PARIJAT INDUSTRIES (INDIA) LIMITED;INDIA;0.1%;300;LITROS; $2,964.00 ; Q22,572.43 ;7.61553;Agrequima; Q101.58 ;;;;;
67283;4E4A8A2E;2428649687;FUNGICIDA;2428649687;26/06/2026;AGRO INSUMOS, S.A.;A21008A;OXATHIAPIPROLIN;SYNGENTA CROP PROTECTION  AG (MUNCHWILEN);ESTADOS UNIDOS DE AMERICA;0.1%;0.5;LITROS; $131.96 ; Q1,004.95 ;7.61553;Agrequima; Q4.52 ;;;;;
67284;AEB1839E;1814906083;FUNGICIDA BACTERICIDA   ;1814906083;30/06/2026;TECNOLOGIA AGROCOMERCIAL, S.A;MEGA COBRO 30.8 SC;COBRE METALICO, FOSFITO POTASICO                            ;SAMPOLK, S.A ;HONDURAS;0.1%;900;LITROS; $18,000.00 ; Q137,216.34 ;7.62313;Agrequima; Q617.47 ;;;;;
67285;AD212A4D;3506389683;FUNGICIDA MICROBIOLOGICO;3506389683;30/06/2026;TECNOLOGIA AGROCOMERCIAL, S.A;MEGA BACILLUS 2 SC;BACILLUS SUBTILIS+BACILLUS MEGATERIUM+BACILLUS LICHENIFORMIS;SAMPOLK, S.A ;HONDURAS;0.1%;1,200.00;LITROS; $14,520.00 ; Q110,687.85 ;7.62313;Agrequima; Q498.10 ;;;;;
67286;460B0B1C;2145603449;NEMATICIDA              ;2145603449;30/06/2026;TECNOLOGIA AGROCOMERCIAL, S.A;BIO NEMAT 1,2 SL  ;BACILLUS FIRMUS                                             ;SAMPOLK, S.A.;HONDURAS;0.1%;300;LITROS; $6,600.00 ; Q50,312.66 ;7.62313;Agrequima; Q226.41 ;;;;;
67287;4F2FD1AB;3118875636;FUNGICIDA;3118875636;30/06/2026;BANANERA TEPEYAC, S.A;HELCORE 25 EC;DIFENOCONAZOLE;HELM ANDINA SAS;CHINA;0.1%;5,000.00;LITROS; $62,804.51 ; Q478,766.94 ;7.62313;Agrequima; Q2,154.45 ;;;;;
RDON-REVAI-12828-23.pdf;25165464;3170386852;FUNGICIDA;3170386852;16/06/2026;DUWEST GUATEMALA SOCIEDAD ANONIMA;NANOK 25 SC;AZOXISTROBIN, FLUTRIAFOL;DUWEST INC;ALEMANIA;0.1%;660.00;LITROS; $23,545.00 ; Q179,263.15 ;7.61364;Agrequima; Q806.68 ;;;;;
RDON-REVAI-12829-08.pdf;4A427739;1988642420;INSECTICIDA, NEMATICIDA;1988642420;16/06/2026;DUWEST GUATEMALA SOCIEDAD ANONIMA;VYDATE 24 SL;Oxamyl;DUWEST INC;ESTADOS UNIDOS DE AMERICA;0.1%;8,000.00;LITROS; $127,440.00 ; Q970,282.28 ;7.61364;Agrequima; Q4,366.27 ;;;;;
RDON-REVAI-12836-49.pdf;4BABDA64;3248180686;FUNGICIDA;3248180686;16/06/2026;BAYER, SOCIEDAD ANONIMA;NATIVO / CONSIST FULL 75 WG;TEBUCONAZOL, TRIFLOXYSTROBIN;BAYER AG;ALEMANIA;0.1%;7,650.00;KILOGRAMOS; $250,231.50 ; Q1,905,172.56 ;7.61364;Agrequima; Q8,573.28 ;;;;;
RDON-REVAI-12860-09.pdf;33FC0F89;3300478446;FUNGICIDA;3300478446;19/06/2026;ADAMA GUATEMALA, SOCIEDAD ANONIMA;ODEON / CLOROTAL 72 SC;CHLOROTHALONIL;ADAMA CELSIUS B.V., CURACAO BRANCH;CHINA;0.1%;32,000.00;LITROS; $107,840.00 ; Q821,571.49 ;7.61843;Agrequima; Q3,697.07 ;;;;;
RDON-REVAI-12841-36.pdf;493530000;2673036128;HERBICIDA;2673036128;17/06/2026;FERTICA GUATEMALA, SOCIEDAD ANONIMA.;Comander 35.6 SL;GLYPHOSATE;SICHUAN LESHAN FUHUA TONGDA AGRO-CHEMICAL TECHNOLOGY CO., LTD;CHINA;0.1%;2,352.00;LITROS; $4,562.88 ; Q34,761.98 ;7.61843;Agrequima; Q156.43 ;;;;;
RDON-REVAI-12840-07.pdf;3BB47800;1922516907;HERBICIDA;1922516907;17/06/2026;FERTICA GUATEMALA, SOCIEDAD ANONIMA.;Comander 35.6 SL;GLYPHOSATE;SICHUAN LESHAN FUHUA TONGDA AGRO-CHEMICAL TECHNOLOGY CO., LTD;CHINA;0.1%;3,850.00;LITROS; $7,392.00 ; Q56,315.43 ;7.61843;Agrequima; Q253.42 ;;;;;
RDON-REVAI-12839-36.pdf;DD9996A7;1537494277;HERBICIDA;1537494277;17/06/2026;FERTICA GUATEMALA, SOCIEDAD ANONIMA.;Comander 35.6 SL;GLYPHOSATE;SICHUAN LESHAN FUHUA TONGDA AGRO-CHEMICAL TECHNOLOGY CO., LTD;CHINA;0.1%;13,080.00;LITROS; $23,413.20 ; Q178,371.83 ;7.61843;Agrequima; Q802.67 ;;;;;
RDON-REVAI-12838-07.pdf;113819FD;3923002305;HERBICIDA;3923002305;17/06/2026;FERTICA GUATEMALA, SOCIEDAD ANONIMA.;Comander 35.6 SL;GLYPHOSATE;SICHUAN LESHAN FUHUA TONGDA AGRO-CHEMICAL TECHNOLOGY CO., LTD;CHINA;0.1%;16,800.00;LITROS; $28,560.00 ; Q217,582.36 ;7.61843;Agrequima; Q979.12 ;;;;;
RDON-REVAI-12719-29.pdf;F9D32C6C;2275823088;MATERIA TÉCNICA INSECTICIDA;2275823088;2/06/2026;BAYER, SOCIEDAD ANONIMA;ETHIPROLE TECNICO;ETHIPROLE;BAYER AG;INDIA;0.1%;1,000.00;KILOGRAMOS; $72,353.54 ; Q551,383.18 ;7.62068;Agrequima; Q2,481.22 ;;;;;
RDON-REVAI-12708-20.pdf;B6092240;2498511865;FUNGICIDA;2498511865;2/06/2026;DUWEST GUATEMALA SOCIEDAD ANONIMA;MANCOZEB TECNICO;Mancozeb;DUWEST INC;INDIA;0.1%;67,200.00;KILOGRAMOS; $227,136.00 ; Q1,730,930.77 ;7.62068;Agrequima; Q7,789.19 ;;;;;
RDON-REVAI-12737-31.pdf;E2B44BA1;3664072199;MATERIA TECNICA PARA FOMULAR INSECTICIDA,ACARICIDA;3664072199;3/06/2026;BAYER, SOCIEDAD ANONIMA;Spiromesifen Tecnico;SPIROMESIFEN;BAYER AG;ALEMANIA;0.1%;13,500.00;KILOGRAMOS; $2,618,325.00 ; Q19,953,416.96 ;7.62068;Agrequima; Q89,790.38 ;;;;;
RDON-REVAI-12734-30.pdf;8D8A9C62;2812232807;MATERIA TÉCNICA FUNGICIDA;2812232807;3/06/2026;BAYER, SOCIEDAD ANONIMA;PYRIMETHANIL TECNICO;PYRIMETHANIL;BAYER AG;ALEMANIA;0.1%;18,000.00;KILOGRAMOS; $221,400.00 ; Q1,687,218.55 ;7.62068;Agrequima; Q7,592.48 ;;;;;
RDON-REVAI-12730-07.pdf;1B422DCD;4186129439;INSECTICIDA;4186129439;3/06/2026;TECNIAGRO INDUSTRIAL DE GUATEMALA SOCIEDAD ANONIMA;CLORPIRIFOS 97 TC;CLORPIRIFOS;SHANGHAI SINOGREATLAND INDUSTRIAL CO., LTD;CHINA;0.1%;1,500.00;KILOGRAMOS; $6,720.00 ; Q51,210.97 ;7.62068;Agrequima; Q230.45 ;;;;;
RDON-REVAI-12729-32.pdf;753AA3F6;4143203863;INSECTICIDA;4143203863;3/06/2026;TECNIAGRO INDUSTRIAL DE GUATEMALA SOCIEDAD ANONIMA;CIPERMETRINA 95 TC;Cipermetrina;SHANGHAI SINOGREATLAND INDUSTRIAL CO., LTD;CHINA;0.1%;1,600.00;KILOGRAMOS; $13,776.00 ; Q104,982.49 ;7.62068;Agrequima; Q472.42 ;;;;;
RDON-REVAI-12728-07.pdf;22A1DE8C;2267890467;MATERIA TÉCNICA HERBICIDA;2267890467;3/06/2026;TECNIAGRO INDUSTRIAL DE GUATEMALA SOCIEDAD ANONIMA;PARAQUAT 45 TC;DiclorurodeParaquat;SHANGHAI SINOGREATLAND INDUSTRIAL CO., LTD;CHINA;0.1%;4,400.00;LITROS; $8,624.00 ; Q65,720.74 ;7.62068;Agrequima; Q295.74 ;;;;;
RDON-REVAI-12727-33.pdf;D826AAF0;4168893084;HERBICIDA;4168893084;3/06/2026;TECNIAGRO INDUSTRIAL DE GUATEMALA SOCIEDAD ANONIMA;GLIFOSATO TECNICO 95% TC;GLYPHOSATE;SHANGHAI SINOGREATLAND INDUSTRIAL CO., LTD;CHINA;0.1%;50.00;KILOGRAMOS; $4,445.00 ; Q33,873.92 ;7.62068;Agrequima; Q152.43 ;;;;;
RDON-REVAI-12726-03.pdf;085E41C8;977420290;HERBICIDA;977420290;3/06/2026;TECNIAGRO INDUSTRIAL DE GUATEMALA SOCIEDAD ANONIMA;GLIFOSATO TECNICO 95% TC;GLYPHOSATE;SHANGHAI SINOGREATLAND INDUSTRIAL CO., LTD;CHINA;0.1%;150.00;KILOGRAMOS; $1,837.50 ; Q14,003.00 ;7.62068;Agrequima; Q63.01 ;;;;;
RDON-REVAI-12725-33.pdf;890B69D7;490292582;MATERIA TÉCNICA FUNGICIDA;490292582;3/06/2026;TECNIAGRO INDUSTRIAL DE GUATEMALA SOCIEDAD ANONIMA;CLOROTALONIL 98 TC;Chlorothalonil;SHANGHAI SINOGREATLAND INDUSTRIAL CO., LTD;CHINA;0.1%;500.00;KILOGRAMOS; $1,680.00 ; Q12,802.74 ;7.62068;Agrequima; Q57.61 ;;;;;
RDON-REVAI-12724-04.pdf;4B6A93FB;3395308210;REGULADOR DE CRECIMIENTO;3395308210;3/06/2026;TECNIAGRO INDUSTRIAL DE GUATEMALA SOCIEDAD ANONIMA;ETHEPHON / MADURA / JET 48 SL;Ethephon;SHANGHAI SINOGREATLAND INDUSTRIAL CO., LTD;CHINA;0.1%;2,600.00;LITROS; $4,186.00 ; Q31,900.17 ;7.62068;Agrequima; Q143.55 ;;;;;
RDON-REVAI-12723-06.pdf;9DB3D4E5;4101917688;INSECTICIDA;4101917688;3/06/2026;TECNIAGRO INDUSTRIAL DE GUATEMALA SOCIEDAD ANONIMA;DIAZINON 95 TC;Diazinon;SHANGHAI SINOGREATLAND INDUSTRIAL CO., LTD;CHINA;0.1%;880.00;LITROS; $4,804.80 ; Q36,615.84 ;7.62068;Agrequima; Q164.77 ;;;;;
RDON-REVAI-12722-03.pdf;2E881F04;3018081978;INSECTICIDA;3018081978;3/06/2026;TECNIAGRO INDUSTRIAL DE GUATEMALA SOCIEDAD ANONIMA;MALATION 95 TC;Malathion;SHANGHAI SINOGREATLAND INDUSTRIAL CO., LTD;CHINA;0.1%;1,500.00;LITROS; $5,355.00 ; Q40,808.74 ;7.62068;Agrequima; Q183.64 ;;;;;
RDON-REVAI-12721-32.pdf;CC604976;1415007837;HERBICIDA;1415007837;3/06/2026;TECNIAGRO INDUSTRIAL DE GUATEMALA SOCIEDAD ANONIMA;2,4-D 98 TC;2,4-D;SHANGHAI SINOGREATLAND INDUSTRIAL CO., LTD;CHINA;0.1%;1,800.00;KILOGRAMOS; $4,032.00 ; Q30,726.58 ;7.62068;Agrequima; Q138.27 ;;;;;
RDON-REVAI-12720-34.pdf;9250507A;1552501749;RODENTICIDA;1552501749;3/06/2026;TECNIAGRO INDUSTRIAL DE GUATEMALA SOCIEDAD ANONIMA;BRODIFACOUM / ULTIMO CEBO / RATA K / KLERAKILL / KILLRAT 0.005 BB;Brodifacoum;SHANGHAI SINOGREATLAND INDUSTRIAL CO., LTD;CHINA;0.1%;1,700.00;KILOGRAMOS; $2,142.00 ; Q16,323.50 ;7.62068;Agrequima; Q73.46 ;;;;;
RDON-REVAI-12733-14.pdf;58C312B8;3671607841;HERBICIDA;3671607841;3/06/2026;QUIMICOS AGRICOLAS INSECTROL SOCIEDAD ANONIMA;ATRAZINA  90 WG;Atrazine;RAINBOW AGROSCIENCES(CENTRAL AMERICA)CO., LTD.;CHINA;0.1%;5,000.00;KILOGRAMOS; $21,500.00 ; Q163,790.23 ;7.61815;Agrequima; Q737.06 ;;;;;
RDON-REVAI-12732-15.pdf;4054B2B7;2937865948;HERBICIDA;2937865948;3/06/2026;QUIMICOS AGRICOLAS INSECTROL SOCIEDAD ANONIMA;NICOSULFURON 4 OD;Nicosulfuron;RAINBOW AGROSCIENCES(CENTRAL AMERICA)CO., LTD.;CHINA;0.1%;2,400.00;LITROS; $7,584.00 ; Q57,776.05 ;7.61815;Agrequima; Q259.99 ;;;;;
RDON-REVAI-12746-53.pdf;FFAED09F;316755822;HERBICIDA;316755822;4/06/2026;FERTICA GUATEMALA, SOCIEDAD ANONIMA.;GESATRINA  80  WP;ATRAZINA;AGROS CROPSCIENCE LP;CHINA;0.1%;11,120.00;KILOGRAMOS; $43,256.80 ; Q329,519.06 ;7.61774;Agrequima; Q1,482.84 ;;;;;
RDON-REVAI-12745-23.pdf;51AB2FF3;3707914857;HERBICIDA;3707914857;4/06/2026;FERTICA GUATEMALA, SOCIEDAD ANONIMA.;GESATRINA  80  WP;ATRAZINA;AGROS CROPSCIENCE LP;CHINA;0.1%;2,432.00;KILOGRAMOS; $9,363.20 ; Q71,326.42 ;7.61774;Agrequima; Q320.97 ;;;;;
RDON-REVAI-12744-51.pdf;93304D5B;2964472090;HERBICIDA;2964472090;4/06/2026;FERTICA GUATEMALA, SOCIEDAD ANONIMA.;GESATRINA  90  WG;ATRAZINA;AGROS CROPSCIENCE LP;CHINA;0.1%;15,376.00;KILOGRAMOS; $68,576.96 ; Q522,401.45 ;7.61774;Agrequima; Q2,350.81 ;;;;;
RDON-REVAI-12743-21.pdf;BC2151B3;2125676635;HERBICIDA;2125676635;4/06/2026;FERTICA GUATEMALA, SOCIEDAD ANONIMA.;GESATRINA  90  WG;Atrazina;AGROS CROPSCIENCE LP;CHINA;0.1%;6,720.00;KILOGRAMOS; $29,568.00 ; Q225,241.34 ;7.61774;Agrequima; Q1,013.59 ;;;;;
RDON-REVAI-12731-03.pdf;0D41EA2C;3968944558;FUNGICIDA;3968944558;3/06/2026;ADAMA GUATEMALA, SOCIEDAD ANONIMA;Folpan 80 WG;Folpet;IIN850215MIA;ISRAEL;0.1%;2,000.00;KILOGRAMOS; $13,000.00 ; Q99,093.80 ;7.6226;Agrequima; Q445.92 ;;;;;
RDON-REVAI-12742-12.pdf;CAF9289D;879181976;FUNGICIDA;879181976;4/06/2026;DUWEST GUATEMALA SOCIEDAD ANONIMA;CURZATE M 72 WP;CYMOXANIL, MANCOZEB;DUWEST INC;COLOMBIA;0.1%;14,000.00;KILOGRAMOS; $185,920.00 ; Q1,416,290.22 ;7.61774;Agrequima; Q6,373.31 ;;;;;
RDON-REVAI-12741-13.pdf;DE5A8DDC;3781904103;FUNGICIDA;3781904103;4/06/2026;DUWEST GUATEMALA SOCIEDAD ANONIMA;KOCIDE / KOCIDE ADVANCED 35 WG;COPPERHIDROXIDE/METALLICCOPPER35%;DUWEST INC;ESTADOS UNIDOS DE AMERICA;0.1%;5,600.00;KILOGRAMOS; $54,880.00 ; Q418,061.57 ;7.61774;Agrequima; Q1,881.28 ;;;;;
RDON-REVAI-12778-09.pdf;896BBAEC;3854454287;FUNGICIDA;3854454287;9/06/2026;BASF DE GUATEMALA  SOCIEDAD ANONIMA;Opus 12.5 SC;Epoxiconazole;BASF DE COSTA RICA, S.A.;ESPAÑA;0.1%;250.00;LITROS; $4,097.50 ; Q31,220.20 ;7.61933;Agrequima; Q140.49 ;;;;;
RDON-REVAI-12783-39.pdf;14185AAB;1460226228;FUNGICIDA, ACARICIDA;1460226228;9/06/2026;BASF DE GUATEMALA  SOCIEDAD ANONIMA;KUMULUS 80 WG;Sulphur;BASF DE COSTA RICA, S.A.;ALEMANIA;0.1%;450.00;KILOGRAMOS; $1,300.50 ; Q9,903.37 ;7.61505;Agrequima; Q44.57 ;;;;;
RDON-REVAI-12765-31.pdf;2A93D60F;386614285;FUNGICIDA;386614285;9/06/2026;DUWEST GUATEMALA SOCIEDAD ANONIMA;EQUATION PRO 52.5 WG;CYMOXANIL, FAMOXADONA;DUWEST INC;AUSTRIA;0.1%;432.00;KILOGRAMOS; $35,121.60 ; Q267,466.79 ;7.61545;Agrequima; Q1,203.60 ;;;;;
RDON-REVAI-12764-00.pdf;9562496E;809713962;FUNGICIDA;809713962;9/06/2026;DUWEST GUATEMALA SOCIEDAD ANONIMA;ZORVEC  ENCANTIA 33 SE;Famoxadone, Oxathiapiprolin;DUWEST INC;ESTADOS UNIDOS DE AMERICA;0.1%;1,056.00;LITROS; $132,897.60 ; Q1,012,075.03 ;7.61545;Agrequima; Q4,554.34 ;;;;;
RDON-REVAI-12769-32.pdf;91FE54D3;327173911;HERBICIDA;327173911;9/06/2026;DUWEST GUATEMALA SOCIEDAD ANONIMA;TORDON XT  26 SL;2,4-D, Aminopyralid;DUWEST INC;COLOMBIA;0.1%;1,620.00;LITROS; $11,080.80 ; Q84,385.28 ;7.61545;Agrequima; Q379.73 ;;;;;
RDON-REVAI-12768-04.pdf;85FEC15A;4020453457;HERBICIDA;4020453457;9/06/2026;DUWEST GUATEMALA SOCIEDAD ANONIMA;TORDON XT  26 SL;2,4-D, Aminopyralid;DUWEST INC;COLOMBIA;0.1%;800.00;LITROS; $4,768.00 ; Q36,310.47 ;7.61545;Agrequima; Q163.40 ;;;;;
RDON-REVAI-12767-32.pdf;6307086D;2408269990;HERBICIDA;2408269990;9/06/2026;DUWEST GUATEMALA SOCIEDAD ANONIMA;TORDON XT  26 SL;2,4-D, Aminopyralid;DUWEST INC;COLOMBIA;0.1%;5,301.00;LITROS; $33,449.31 ; Q254,731.55 ;7.61545;Agrequima; Q1,146.29 ;;;;;
RDON-REVAI-12766-01.pdf;B564BF88;1337544509;HERBICIDA;1337544509;9/06/2026;DUWEST GUATEMALA SOCIEDAD ANONIMA;TORDON XT  26 SL;2,4-D, Aminopyralid;DUWEST INC;COLOMBIA;0.1%;3,570.00;LITROS; $23,276.40 ; Q177,260.26 ;7.61545;Agrequima; Q797.67 ;;;;;
RDON-REVAI-12785-45.pdf;2DD1A8CA;1452167058;INSECTICIDA;1452167058;10/06/2026;AGROFORTRESS, SOCIEDAD ANONIMA;SEIKEN 48 SC;Spinosad;TAHUAL AGRICOLA, S.A.;CHINA;0.1%;80.00;LITROS; $12,669.60 ; Q96,484.71 ;7.61545;Agrequima; Q434.18 ;;;;;
RDON-REVAI-12795-54.pdf;B096FDD2;3227338557;FUNGICIDA;3227338557;12/06/2026;ADAMA GUATEMALA, SOCIEDAD ANONIMA;ODEON / CLOROTAL 72 SC;Chlorothalonil;ADAMA CELSIUS B.V., CURACAO BRANCH;CHINA;0.1%;16,000.00;LITROS; $55,131.96 ; Q419,842.56 ;7.61523;Agrequima; Q1,889.29 ;;;;;
RDON-REVAI-12827-56.pdf;04A7AFB6;2894544990;HERBICIDA;2894544990;16/06/2026;GLOBAL AGROINSUMOS DE GUATEMALA SOCIEDAD ANONIMA;GLUFOSINATO DE AMONIO / NERON 20 SL;GlufosinateAmmonium;TAHUAL AGRICOLA, S.A.;CHINA;0.1%;10,408.00;LITROS; $25,981.20 ; Q197,811.50 ;7.61364;Agrequima; Q890.15 ;;;;;
RDON-REVAI-12735-29.pdf;3B32A48D;3897315279;MATERIA TECNICA PARA FOMULAR FUNGICIDA-NEMATICIDA;3897315279;3/06/2026;BAYER, SOCIEDAD ANONIMA;FLUOPYRAM TECNICO;Fluopyram;BAYER AG;ALEMANIA;0.1%;2,400.00;KILOGRAMOS; $367,200.00 ; Q2,798,313.70 ;7.62068;Agrequima; Q12,592.41 ;;;;;
RDON-REVAI-12739-30.pdf;E517D306;2726510714;MATERIA TÉCNICA FUNGICIDA;2726510714;3/06/2026;BAYER, SOCIEDAD ANONIMA;Tebuconazole / Folicur Tecnico;TEBUCONAZOLE;BAYER AG;ESTADOS UNIDOS DE AMERICA;0.1%;6,000.00;KILOGRAMOS; $280,800.00 ; Q2,139,886.94 ;7.62068;Agrequima; Q9,629.49 ;;;;;
RDON-REVAI-12714-26.pdf;1BE5135B;2414104265;HERBICIDA;2414104265;2/06/2026;FERTICA GUATEMALA, SOCIEDAD ANONIMA.;THUNDER 20 SL;PARAQUATDICHLORIDE;AGROS CROPSCIENCE LP;CHINA;0.1%;1,500.00;LITROS; $4,155.00 ; Q31,663.93 ;7.62068;Agrequima; Q142.49 ;;;;;
RDON-REVAI-12718-00.pdf;31DA23C6;1949909164;HERBICIDA;1949909164;2/06/2026;FERTICA GUATEMALA, SOCIEDAD ANONIMA.;THUNDER 20 SL;PARAQUATDICHLORIDE;AGROS CROPSCIENCE LP;CHINA;0.1%;8,928.00;LITROS; $23,927.04 ; Q182,340.32 ;7.62068;Agrequima; Q820.53 ;;;;;
RDON-REVAI-12717-30.pdf;60260625;376917086;HERBICIDA;376917086;2/06/2026;FERTICA GUATEMALA, SOCIEDAD ANONIMA.;THUNDER 20 SL;ParaquatDichloride;AGROS CROPSCIENCE LP;CHINA;0.1%;4,800.00;LITROS; $12,096.00 ; Q92,179.75 ;7.62068;Agrequima; Q414.81 ;;;;;
RDON-REVAI-12716-57.pdf;CF7D9422;1825458350;HERBICIDA;1825458350;2/06/2026;FERTICA GUATEMALA, SOCIEDAD ANONIMA.;AMINAL 72 SL;2,4-D;AGROS CROPSCIENCE LP;CHINA;0.1%;8,208.00;LITROS; $20,930.40 ; Q159,503.88 ;7.62068;Agrequima; Q717.77 ;;;;;
RDON-REVAI-12715-27.pdf;28A5D704;3306374818;HERBICIDA;3306374818;2/06/2026;FERTICA GUATEMALA, SOCIEDAD ANONIMA.;AMINAL 72 SL;2,4-D;AGROS CROPSCIENCE LP;CHINA;0.1%;7,400.00;LITROS; $18,204.00 ; Q138,726.86 ;7.62068;Agrequima; Q624.27 ;;;;;
RDON-REVAI-12837-48.pdf;D2486FC0;3244706813;FUNGICIDA;3244706813;16/06/2026;BAYER, SOCIEDAD ANONIMA;ALIETTE 80 WG;Fosetyl-Aluminio;BAYER AG;ESTADOS UNIDOS DE AMERICA;0.1%;3,075.00;KILOGRAMOS; $35,977.50 ; Q273,919.73 ;7.61364;Agrequima; Q1,232.64 ;;;;;
RDON-REVAI-12831-39.pdf;1A0066D5;2281392309;FUNGICIDA;2281392309;16/06/2026;AGRO-CHILE, SOCIEDAD ANONIMA;ITAKI / OMITAK 45 SC;Azoxystrobin, Dimethomorph;ANASAC INTERNACIONAL CORPORATION, S.A.;CHINA;0.1%;600.00;LITROS; $16,800.00 ; Q127,909.15 ;7.61364;Agrequima; Q575.59 ;;;;;
RDON-REVAI-12830-15.pdf;9499AEE0;612847408;FUNGICIDA;612847408;16/06/2026;AGRO-CHILE, SOCIEDAD ANONIMA;ITAKI / OMITAK 45 SC;Azoxystrobin, Dimethomorph;ANASAC INTERNACIONAL CORPORATION, S.A.;CHINA;0.1%;1,104.00;LITROS; $24,288.00 ; Q184,920.09 ;7.61364;Agrequima; Q832.14 ;;;;;
RDON-REVAI-12835-37.pdf;6B17C2DB;3962391129;FUNGICIDA;3962391129;16/06/2026;PROMOCIONES AGRICOLAS INDUSTRIALES Y COMERCIALES SOCIEDAD ANONIMA;TACHIGAREN  36  SL;Hymexazol;AGRO TRADING CORPORATION, S.A.;JAPON;0.1%;400.00;LITROS; $17,802.08 ; Q135,538.63 ;7.61364;Agrequima; Q609.92 ;;;;;
RDON-REVAI-12842-00.pdf;EF5ED548;3275965647;ACARICIDA;3275965647;18/06/2026;PROMOCIONES AGRICOLAS INDUSTRIALES Y COMERCIALES SOCIEDAD ANONIMA;SANMITE 20 WP;PYRIDABEN;AGRO TRADING CORPORATION, S.A.;JAPON;0.1%;400.00;KILOGRAMOS; $10,947.01 ; Q83,399.03 ;7.61843;Agrequima; Q375.30 ;;;;;
RDON-REVAI-12844-33.pdf;62D0E5C4;1067205999;INSECTICIDA;1067205999;18/06/2026;PROMOCIONES AGRICOLAS INDUSTRIALES Y COMERCIALES SOCIEDAD ANONIMA;VILLANO 4.6 EC;ACETAMIPRID, LAMBDA-CYHALOTHRIN;AGRO TRADING CORPORATION, S.A.;INDIA;0.1%;1,200.00;LITROS; $3,401.74 ; Q25,919.42 ;7.61946;Agrequima; Q116.64 ;;;;;
RDON-REVAI-12846-35.pdf;BB6837AD;2272609069;INSECTICIDA;2272609069;18/06/2026;DUWEST GUATEMALA SOCIEDAD ANONIMA;CORAGEN 20 SC;Chloratraniliprole;DUWEST INC;ESTADOS UNIDOS DE AMERICA;0.1%;800.00;LITROS; $106,128.00 ; Q808,638.05 ;7.61946;Agrequima; Q3,638.87 ;;;;;
RDON-REVAI-12713-53.pdf;B71D5DFE;3762046845;FUNGICIDA;3762046845;2/06/2026;ARYSTA LIFESCIENCE DE GUATEMALA, SOCIEDAD ANONIMA;BUSTER 72  WP;CYMOXANIL, MANCOZEB;UPL MAURITIUS LIMITED;INDIA;0.1%;400.00;KILOGRAMOS; $2,684.00 ; Q20,453.98 ;7.62068;Agrequima; Q92.04 ;;;;;
RDON-REVAI-12712-23.pdf;3DC715BA;1958561408;HERBICIDA;1958561408;2/06/2026;ARYSTA LIFESCIENCE DE GUATEMALA, SOCIEDAD ANONIMA;FIST  45.6  CS;PENDIMETHALIN;UPL MAURITIUS LIMITED;INDIA;0.1%;5,200.00;LITROS; $16,172.00 ; Q123,241.56 ;7.62068;Agrequima; Q554.59 ;;;;;
RDON-REVAI-12763-02.pdf;0578FB1A;2771734305;MATERIA TÉCNICA INSECTICIDA;2771734305;9/06/2026;BAYER, SOCIEDAD ANONIMA;ETHIPROLE TECNICO;ETHIPROLE;BAYER AG;INDIA;0.1%;2,000.00;KILOGRAMOS; $144,707.07 ; Q1,102,400.17 ;7.61815;Agrequima; Q4,960.80 ;;;;;
RDON-REVAI-12845-06.pdf;29060948;3282649230;INSECTICIDA;3282649230;18/06/2026;DUWEST GUATEMALA SOCIEDAD ANONIMA;PREZA  10 OD;Cyantraniliprole;DUWEST INC;ESTADOS UNIDOS DE AMERICA;0.1%;800.00;LITROS; $86,304.00 ; Q657,589.88 ;7.61946;Agrequima; Q2,959.15 ;;;;;
RDON-REVAI-12851-38.pdf;3F32E468;1223249291;MATERIA TÉCNICA FUNGICIDA;1223249291;18/06/2026;BAYER, SOCIEDAD ANONIMA;PROPAMOCARB HYDROCHLORIDE TECNICO;PROPAMOCARBHYDROCLORIDE;BAYER AG;ALEMANIA;0.1%;18,348.62;LITROS; $356,400.00 ; Q2,715,575.54 ;7.61946;Agrequima; Q12,220.09 ;;;;;
RDON-REVAI-12853-08.pdf;1BC19829;682051359;MATERIA TÉCNICA FUNGICIDA;682051359;18/06/2026;BAYER, SOCIEDAD ANONIMA;PROPAMOCARB HYDROCHLORIDE TECNICO;PROPAMOCARBHYDROCLORIDE;BAYER AG;ALEMANIA;0.1%;18,348.62;LITROS; $356,400.00 ; Q2,715,575.54 ;7.61946;Agrequima; Q12,220.09 ;;;;;
RDON-REVAI-12850-08.pdf;BB80A718;4208346761;FUNGICIDA;4208346761;18/06/2026;EMPRESA CENTROAMERICANA DE SERVICIOS, S.A.;MONCUT  50 WP;Flutolanil;AGRO TRADING CORPORATION, S. A .;JAPON;0.1%;150.00;KILOGRAMOS; $5,577.51 ; Q42,497.61 ;7.61946;Agrequima; Q191.24 ;;;;;
RDON-REVAI-12854-09.pdf;2321EFCF;1163544537;MATERIA TÉCNICA FUNGICIDA;1163544537;18/06/2026;BAYER, SOCIEDAD ANONIMA;PROPAMOCARB HYDROCHLORIDE TECNICO;PROPAMOCARBHYDROCLORIDE;BAYER AG;ALEMANIA;0.1%;18,348.62;LITROS; $356,400.00 ; Q2,715,575.54 ;7.61946;Agrequima; Q12,220.09 ;;;;;
RDON-REVAI-12847-11.pdf;396BE083;1076120198;HERBICIDA;1076120198;18/06/2026;ARYSTA LIFESCIENCE DE GUATEMALA, SOCIEDAD ANONIMA;PHASE 1 67 SL;ACIDOFOSFORICO+ACIDOCITRICO+ACIDOPENTANDIOICO, AlcoholTridecilicoPolioxietilenico, Dietilenglicol;GRUPO BIOQUIMICO MEXICANO S.A. DE C.V;MEXICO;0.1%;2,004.00;LITROS; $8,021.61 ; Q61,120.34 ;7.61946;Agrequima; Q275.04 ;;;;;
RDON-REVAI-12864-44.pdf;CDD06136;2140097827;MATERIA TÉCNICA INSECTICIDA;2140097827;19/06/2026;BAYER, SOCIEDAD ANONIMA;THIODICARB TÉCNICO;THIODICARB;BAYER AG;CHINA;0.1%;3,520.00;KILOGRAMOS; $198,316.80 ; Q1,511,066.92 ;7.61946;Agrequima; Q6,799.80 ;;;;;
RDON-REVAI-12865-43.pdf;8AFDF0C6;1585135671;MATERIA TÉCNICA INSECTICIDA;1585135671;19/06/2026;BAYER, SOCIEDAD ANONIMA;THIODICARB TÉCNICO;THIODICARB;BAYER AG;CHINA;0.1%;400.00;KILOGRAMOS; $22,536.00 ; Q171,712.15 ;7.61946;Agrequima; Q772.70 ;;;;;
RDON-REVAI-12855-29.pdf;7EAAB2ED;1797996658;HERBICIDA;1797996658;19/06/2026;AGROFORTRESS, SOCIEDAD ANONIMA;PARTNER 75 WG;Isoxaflutole;TAHUAL AGRICOLA, S.A.;CHINA;0.1%;500.00;KILOGRAMOS; $19,785.00 ; Q150,751.02 ;7.61946;Agrequima; Q678.38 ;;;;;
RDON-REVAI-12777-09.pdf;BC32113E;52185272;FUNGICIDA;52185272;9/06/2026;BASF DE GUATEMALA  SOCIEDAD ANONIMA;ACROBAT MZ 69 WP;Dimethomorph, Mancozeb;BASF DE COSTA RICA, S.A.;COLOMBIA;0.1%;200.00;KILOGRAMOS; $3,160.00 ; Q24,077.08 ;7.61933;Agrequima; Q108.35 ;;;;;
RDON-REVAI-12779-09.pdf;C5B0F65D;2062110092;FUNGICIDA;2062110092;9/06/2026;BASF DE GUATEMALA  SOCIEDAD ANONIMA;FORUM 15 DC;Dimethomorph;BASF DE COSTA RICA, S.A.;ESPAÑA;0.1%;198.00;LITROS; $5,185.62 ; Q39,510.95 ;7.61933;Agrequima; Q177.80 ;;;;;
RDON-REVAI-12782-40.pdf;BD4CE68F;2338079799;FUNGICIDA;2338079799;9/06/2026;BASF DE GUATEMALA  SOCIEDAD ANONIMA;REGNUM / VIVARUS 25 EC;Pyraclostrobin;BASF DE COSTA RICA, S.A.;ESPAÑA;0.1%;60.00;LITROS; $1,688.40 ; Q12,864.48 ;7.61933;Agrequima; Q57.89 ;;;;;
RDON-REVAI-12789-49.pdf;6B09D802;1008748387;MATERIA TÉCNICA FUNGICIDA;1008748387;10/06/2026;BAYER, SOCIEDAD ANONIMA;PROPINEB TK 83%;PROPINEB;BAYER AG;ALEMANIA;0.1%;19,950.00;KILOGRAMOS; $82,992.00 ; Q632,021.43 ;7.61545;Agrequima; Q2,844.10 ;;;;;
RDON-REVAI-12843-31.pdf;139FD28C;2729394918;INSECTICIDA;2729394918;18/06/2026;PROMOCIONES AGRICOLAS INDUSTRIALES Y COMERCIALES SOCIEDAD ANONIMA;SPINTOR GREEN  24 SC;Spinosad;AGRO TRADING CORPORATION, S.A.;ESTADOS UNIDOS DE AMERICA;0.1%;72.00;LITROS; $16,680.18 ; Q127,093.96 ;7.61946;Agrequima; Q571.92 ;;;;;
RDON-REVAI-12852-39.pdf;8182B9C9;4128457637;MATERIA TÉCNICA FUNGICIDA;4128457637;18/06/2026;BAYER, SOCIEDAD ANONIMA;PROPAMOCARB HYDROCHLORIDE TECNICO;PROPAMOCARBHYDROCLORIDE;BAYER AG;ALEMANIA;0.1%;18,348.62;LITROS; $356,400.00 ; Q2,715,575.54 ;7.61946;Agrequima; Q12,220.09 ;;;;;
RDON-REVAI-12848-38.pdf;F6A7A428;1694517288;HERBICIDA;1694517288;18/06/2026;ARYSTA LIFESCIENCE DE GUATEMALA, SOCIEDAD ANONIMA;PHASE 1 67 SL;ACIDOFOSFORICO+ACIDOCITRICO+ACIDOPENTANDIOICO, AlcoholTridecilicoPolioxietilenico, Dietilenglicol;GRUPO BIOQUIMICO MEXICANO S.A. DE C.V;MEXICO;0.1%;1,440.00;LITROS; $5,805.93 ; Q44,238.05 ;7.61946;Agrequima; Q199.07 ;;;;;
RDON-REVAI-12849-09.pdf;77EEC902;1046626349;HERBICIDA;1046626349;18/06/2026;ARYSTA LIFESCIENCE DE GUATEMALA, SOCIEDAD ANONIMA;PHASE 1 67 SL;ACIDOFOSFORICO+ACIDOCITRICO+ACIDOPENTANDIOICO, AlcoholTridecilicoPolioxietilenico, Dietilenglicol;GRUPO BIOQUIMICO MEXICANO S.A. DE C.V;MEXICO;0.1%;720.00;LITROS; $3,004.06 ; Q22,889.32 ;7.61946;Agrequima; Q103.00 ;;;;;
RDON-REVAI-12856-59.pdf;88E857B8;2716026005;HERBICIDA;2716026005;19/06/2026;AGROFORTRESS, SOCIEDAD ANONIMA;NICOFOR / ILUSTRE 4 SC;Nicosulfuron;TAHUAL AGRICOLA, S.A.;CHINA;0.1%;9,600.00;LITROS; $36,864.00 ; Q280,883.77 ;7.61946;Agrequima; Q1,263.98 ;;;;;
RDON-REVAI-12794-10.pdf;CD3813A0;2007646766;HERBICIDA;2007646766;12/06/2026;MARKETING ARM GUATEMALA SOCIEDAD ANONIMA;NIKOSAM 4 OL;Nicosulfuron;MARKETING ARM PANAMA;CHINA;0.1%;3,168.00;LITROS; $28,656.34 ; Q218,224.62 ;7.61523;Agrequima; Q982.01 ;;;;;
RDON-REVAI-12793-40.pdf;FCD5844C;1198277933;INSECTICIDA;1198277933;12/06/2026;MARKETING ARM GUATEMALA SOCIEDAD ANONIMA;NEWMECTIN 1.8 EC;Abamectin;MARKETING ARM PANAMA;CHINA;0.1%;396.00;LITROS; $23,704.69 ; Q180,516.67 ;7.61523;Agrequima; Q812.33 ;;;;;
RDON-REVAI-12792-10.pdf;A0E171F7;690177298;INSECTICIDA;690177298;12/06/2026;MARKETING ARM GUATEMALA SOCIEDAD ANONIMA;NEWMECTIN 1.8 EC;Abamectin;MARKETING ARM PANAMA;CHINA;0.1%;270.00;LITROS; $15,814.18 ; Q120,428.62 ;7.61523;Agrequima; Q541.93 ;;;;;
RDON-REVAI-12791-40.pdf;14A49022;2052408799;INSECTICIDA;2052408799;12/06/2026;MARKETING ARM GUATEMALA SOCIEDAD ANONIMA;NEWMECTIN 1.8 EC;Abamectin;MARKETING ARM PANAMA;CHINA;0.1%;1,056.00;LITROS; $59,214.46 ; Q450,931.73 ;7.61523;Agrequima; Q2,029.19 ;;;;;
RDON-REVAI-12825-56.pdf;D30D8605;249384734;INSECTICIDA;249384734;15/06/2026;DUWEST GUATEMALA SOCIEDAD ANONIMA;JAVELIN 6.4 WG;BACILLUSTHURINGIENSIS,SUBESPECIEKURSTAKICEPASA-11;CERTIS USA L.L.C.;ESTADOS UNIDOS DE AMERICA;0.1%;3,240.00;KILOGRAMOS; $65,610.00 ; Q499,546.67 ;7.61388;Agrequima; Q2,247.96 ;;;;;
RDON-REVAI-12834-02.pdf;BB3E77C1;2541309302;FUNGICIDA;2541309302;16/06/2026;INVERSIONES COMERCIALES E INDUSTRIALES, SOCIEDAD ANONIMA;DICLOZELL   60  SC;CHLOROTHALONIL, DIMETOMORF;ZELLAG AG;CHINA;0.1%;4,000.00;LITROS; $34,760.00 ; Q264,658.47 ;7.61388;Agrequima; Q1,190.96 ;;;;;
RDON-REVAI-12787-26.pdf;552737DF;1635402842;FUNGICIDA;1635402842;10/06/2026;DUWEST GUATEMALA SOCIEDAD ANONIMA;CONSENTO 45 SC;Fenamidone, PropamocarbHydrocloride;DUWEST INC;COLOMBIA;0.1%;540.00;LITROS; $17,560.80 ; Q133,748.85 ;7.61633;Agrequima; Q601.87 ;;;;;
RDON-REVAI-12786-28.pdf;4A8E0D1A;3607906976;FUNGICIDA;3607906976;10/06/2026;DUWEST GUATEMALA SOCIEDAD ANONIMA;CONSENTO 45 SC;Fenamidone, PropamocarbHydrocloride;DUWEST INC;COLOMBIA;0.1%;540.00;LITROS; $17,560.80 ; Q133,748.85 ;7.61633;Agrequima; Q601.87 ;;;;;
RDON-REVAI-12790-57.pdf;C8B04F60;2010204575;HERBICIDA;2010204575;11/06/2026;NEGOCIOS RELACIONADOS, SOCIEDAD ANONIMA;ZPRIM 90 WG;Atrazine;TAHUAL AGRICOLA, S.A.;CHINA;0.1%;4,000.00;KILOGRAMOS; $18,000.00 ; Q137,074.14 ;7.61523;Agrequima; Q616.83 ;;;;;
RDON-REVAI-12710-47.pdf;C8C15DB2;1972718639;FUNGICIDA;1972718639;2/06/2026;DUWEST GUATEMALA SOCIEDAD ANONIMA;MANCOZEB TECNICO;Mancozeb;DUWEST INC;INDIA;0.1%;67,200.00;KILOGRAMOS; $227,136.00 ; Q1,730,930.77 ;7.62068;Agrequima; Q7,789.19 ;;;;;
RDON-REVAI-12797-43.pdf;F0A6102F;1925991657;HERBICIDA;1925991657;12/06/2026;TECNICA UNIVERSAL SOCIEDAD ANONIMA;PASTAR  D  36 SL;2,4-D, Aminopiralid;CORTEVA AGRISCIENCES DE COLOMBIA S.A.S.;COLOMBIA;0.1%;5,170.00;LITROS; $45,904.27 ; Q349,556.43 ;7.6149;Agrequima; Q1,573.00 ;;;;;
RDON-REVAI-12796-15.pdf;820749F0;4122822929;INSECTICIDA;4122822929;12/06/2026;TECNICA UNIVERSAL SOCIEDAD ANONIMA;TARGET 24 SC;Sulfoxaflor;CORTEVA AGRISCIENCES DE COLOMBIA S.A.S.;ESTADOS UNIDOS DE AMERICA;0.1%;38,400.00;LITROS; $4,623.39 ; Q35,206.65 ;7.6149;Agrequima; Q158.43 ;;;;;
RDON-REVAI-12810-46.pdf;89B64464;437995697;HERBICIDA;437995697;12/06/2026;BARILLAS,GALVEZ,,MANUEL,ANTONIO;TIGERBULL   48  SL;Mcpa, Picloram, Triclopyr;AGROQUIMICA INDUSTRIAL RIMAC, S.A.;COSTA RICA;0.1%;640.00;LITROS; $5,760.00 ; Q43,861.82 ;7.6149;Agrequima; Q197.38 ;;;;;
RDON-REVAI-12747-48.pdf;382F582D;3300738509;FUNGICIDA;3300738509;5/06/2026;BASF DE GUATEMALA  SOCIEDAD ANONIMA;VITELYUM 10 EC;MEFENTRIFLUCONAZOLE;BASF DE COSTA RICA, S.A.;FRANCIA;0.1%;13,600.00;LITROS; $198,832.00 ; Q1,514,650.48 ;7.61774;Agrequima; Q6,815.93 ;;;;;
RDON-REVAI-12809-17.pdf;4F1BF59D;1615153892;HERBICIDA;1615153892;12/06/2026;BARILLAS,GALVEZ,,MANUEL,ANTONIO;BULLGRASS  30.4  SL;2,4-D, Picloram;AGROQUIMICA INDUSTRIAL RIMAC, S.A.;COSTA RICA;0.1%;600.00;LITROS; $2,910.00 ; Q22,159.36 ;7.6149;Agrequima; Q99.72 ;;;;;
RDON-REVAI-12808-47.pdf;73E23D77;1511276761;HERBICIDA;1511276761;12/06/2026;BARILLAS,GALVEZ,,MANUEL,ANTONIO;FANTASMA 12.5 EC;Fluazifop-P-Butyl;AGROQUIMICA INDUSTRIAL RIMAC, S.A.;COSTA RICA;0.1%;640.00;LITROS; $5,440.00 ; Q41,425.06 ;7.6149;Agrequima; Q186.41 ;;;;;
RDON-REVAI-12807-46.pdf;F6582522;1598243742;HERBICIDA;1598243742;12/06/2026;BARILLAS,GALVEZ,,MANUEL,ANTONIO;RIMAXONE 20  SL;Paraquat;AGROQUIMICA INDUSTRIAL RIMAC, S.A.;COSTA RICA;0.1%;922.00;LITROS; $2,766.08 ; Q21,063.42 ;7.6149;Agrequima; Q94.79 ;;;;;
RDON-REVAI-12806-47.pdf;5A7862AD;1683508942;HERBICIDA;1683508942;12/06/2026;BARILLAS,GALVEZ,,MANUEL,ANTONIO;GREEN  GO  PARAQUAT  20  SL;Paraquat;AGROQUIMICA INDUSTRIAL RIMAC, S.A.;COSTA RICA;0.1%;1,026.00;LITROS; $2,985.00 ; Q22,730.48 ;7.6149;Agrequima; Q102.29 ;;;;;
RDON-REVAI-12805-18.pdf;214B2BE9;3939322564;HERBICIDA;3939322564;12/06/2026;BARILLAS,GALVEZ,,MANUEL,ANTONIO;RIMAXATO 75 WG;Glifosato;AGROQUIMICA INDUSTRIAL RIMAC, S.A.;COSTA RICA;0.1%;400.00;KILOGRAMOS; $2,800.00 ; Q21,321.72 ;7.6149;Agrequima; Q95.95 ;;;;;
RDON-REVAI-12804-17.pdf;DA655ECB;1165510602;HERBICIDA;1165510602;12/06/2026;BARILLAS,GALVEZ,,MANUEL,ANTONIO;GREEN GO GLIFOSATO 35.6 SL;Glifosato;AGROQUIMICA INDUSTRIAL RIMAC, S.A.;COSTA RICA;0.1%;1,602.00;LITROS; $5,077.25 ; Q38,662.75 ;7.6149;Agrequima; Q173.98 ;;;;;
RDON-REVAI-12803-46.pdf;E437D931;1956201407;HERBICIDA;1956201407;12/06/2026;BARILLAS,GALVEZ,,MANUEL,ANTONIO;RIMAXATO 35.6 SL;Glifosato;AGROQUIMICA INDUSTRIAL RIMAC, S.A.;COSTA RICA;0.1%;922.00;LITROS; $3,288.60 ; Q25,042.36 ;7.6149;Agrequima; Q112.69 ;;;;;
RDON-REVAI-12802-46.pdf;3819DEDF;1350453496;HERBICIDA;1350453496;12/06/2026;BARILLAS,GALVEZ,,MANUEL,ANTONIO;TRIGGER 48 EC;Triclopir;AGROQUIMICA INDUSTRIAL RIMAC, S.A.;COSTA RICA;0.1%;1,280.00;LITROS; $12,864.00 ; Q97,958.07 ;7.6149;Agrequima; Q440.81 ;;;;;
RDON-REVAI-12801-16.pdf;8D2DECCE;975914329;INSECTICIDA;975914329;12/06/2026;BARILLAS,GALVEZ,,MANUEL,ANTONIO;RIMAC CIPERMETRINA 25 EC;Cipermetrina;AGROQUIMICA INDUSTRIAL RIMAC, S.A.;COSTA RICA;0.1%;600.00;LITROS; $3,540.00 ; Q26,956.75 ;7.6149;Agrequima; Q121.31 ;;;;;
RDON-REVAI-12756-45.pdf;A897E6AE;689194999;HERBICIDA;689194999;5/06/2026;CORPORACION AGRICOLA GALLINA CIEGA SOCIEDAD ANONIMA;GLUFAM 15 SL;GlufosinateAmmonium;RAINBOW AGROSCIENCES (CENTRAL AMERICA) CO., LTD;CHINA;0.1%;1,600.00;LITROS; $4,080.00 ; Q31,086.87 ;7.61933;Agrequima; Q139.89 ;;;;;
RDON-REVAI-12755-16.pdf;3ADABB6F;4027403881;FUNGICIDA;4027403881;5/06/2026;CORPORACION AGRICOLA GALLINA CIEGA SOCIEDAD ANONIMA;GALLICLOR  72  SC;Chlorothalonil;RAINBOW AGROSCIENCES (CENTRAL AMERICA) CO., LTD;CHINA;0.1%;504.00;LITROS; $2,630.88 ; Q20,045.54 ;7.61933;Agrequima; Q90.20 ;;;;;
RDON-REVAI-12754-45.pdf;18DACC77;4192946574;FUNGICIDA;4192946574;5/06/2026;CORPORACION AGRICOLA GALLINA CIEGA SOCIEDAD ANONIMA;EPOXICAR 25 SC;Carbendazim, Epoxiconazole;RAINBOW AGROSCIENCES (CENTRAL AMERICA) CO., LTD;CHINA;0.1%;1,008.00;LITROS; $14,827.68 ; Q112,976.99 ;7.61933;Agrequima; Q508.40 ;;;;;
RDON-REVAI-12753-14.pdf;6F770F8F;2082556809;FUNGICIDA;2082556809;5/06/2026;CORPORACION AGRICOLA GALLINA CIEGA SOCIEDAD ANONIMA;GALLICLOR  72  SC;Chlorothalonil;RAINBOW AGROSCIENCES (CENTRAL AMERICA) CO., LTD;CHINA;0.1%;800.00;LITROS; $3,736.00 ; Q28,465.82 ;7.61933;Agrequima; Q128.10 ;;;;;
RDON-REVAI-12752-45.pdf;DD19CCFB;2872659816;FUNGICIDA;2872659816;5/06/2026;CORPORACION AGRICOLA GALLINA CIEGA SOCIEDAD ANONIMA;GALLEPOX 12.5 SC;Epoxiconazole;RAINBOW AGROSCIENCES (CENTRAL AMERICA) CO., LTD;CHINA;0.1%;504.00;LITROS; $5,503.68 ; Q41,934.35 ;7.61933;Agrequima; Q188.70 ;;;;;
RDON-REVAI-12751-16.pdf;DE4899B1-929E6F55;262425040-1351437773;FUNGICIDA;262425040-1351437773;5/06/2026;CORPORACION AGRICOLA GALLINA CIEGA SOCIEDAD ANONIMA;CLEANLEAF 10 SL;CYPROCONAZOLE;RAINBOW AGROSCIENCES (CENTRAL AMERICA) CO., LTD;CHINA;0.1%;504.00;LITROS; $6,526.80 ; Q49,729.84 ;7.61933;Agrequima; Q223.78 ;;;;;
RDON-REVAI-12750-44.pdf;E963DB45;2688174663;HERBICIDA;2688174663;5/06/2026;CORPORACION AGRICOLA GALLINA CIEGA SOCIEDAD ANONIMA;HERBILLINA 72 SL;2,4-D;RAINBOW AGROSCIENCES (CENTRAL AMERICA) CO., LTD;CHINA;0.1%;800.00;LITROS; $2,000.00 ; Q15,238.66 ;7.61933;Agrequima; Q68.57 ;;;;;
RDON-REVAI-12749-15.pdf;1A052E40;2716617077;HERBICIDA;2716617077;5/06/2026;CORPORACION AGRICOLA GALLINA CIEGA SOCIEDAD ANONIMA;GALLIFATO 35.6 SL;GLYPHOSATE;RAINBOW AGROSCIENCES (CENTRAL AMERICA) CO., LTD;CHINA;0.1%;1,600.00;LITROS; $3,680.00 ; Q28,039.13 ;7.61933;Agrequima; Q126.18 ;;;;;
RDON-REVAI-12762-16.pdf;91CB150B;1314734436;HERBICIDA;1314734436;5/06/2026;CORPORACION AGRICOLA GALLINA CIEGA SOCIEDAD ANONIMA;HERBILLINA 72 SL;2,4-D;RAINBOW AGROSCIENCES (CENTRAL AMERICA) CO., LTD;CHINA;0.1%;1,440.00;LITROS; $3,916.80 ; Q29,843.39 ;7.61933;Agrequima; Q134.30 ;;;;;
RDON-REVAI-12761-45.pdf;706C1ACD;2529053594;HERBICIDA;2529053594;5/06/2026;CORPORACION AGRICOLA GALLINA CIEGA SOCIEDAD ANONIMA;GALLIQUAT   20 SL;Paraquat;RAINBOW AGROSCIENCES (CENTRAL AMERICA) CO., LTD;CHINA;0.1%;800.00;LITROS; $1,976.00 ; Q15,055.80 ;7.61933;Agrequima; Q67.75 ;;;;;
RDON-REVAI-12760-14.pdf;6C5710E3;4233121415;FUNGICIDA;4233121415;5/06/2026;CORPORACION AGRICOLA GALLINA CIEGA SOCIEDAD ANONIMA;CARBZIM 50 SC;Carbendazim;RAINBOW AGROSCIENCES (CENTRAL AMERICA) CO., LTD;CHINA;0.1%;504.00;LITROS; $2,580.48 ; Q19,661.53 ;7.61933;Agrequima; Q88.48 ;;;;;
RDON-REVAI-12759-45.pdf;CC005B9A;998329479;INSECTICIDA, ACARICIDA;998329479;5/06/2026;CORPORACION AGRICOLA GALLINA CIEGA SOCIEDAD ANONIMA;GABAMECTIN 1.8 EC;Abamectin;RAINBOW AGROSCIENCES (CENTRAL AMERICA) CO., LTD;CHINA;0.1%;252.00;LITROS; $3,820.32 ; Q29,108.28 ;7.61933;Agrequima; Q130.99 ;;;;;
RDON-REVAI-12758-14.pdf;A7D5AFE4;1075595904;HERBICIDA;1075595904;5/06/2026;CORPORACION AGRICOLA GALLINA CIEGA SOCIEDAD ANONIMA;GALLIFATO 35.6 SL;GLYPHOSATE;RAINBOW AGROSCIENCES (CENTRAL AMERICA) CO., LTD;CHINA;0.1%;1,600.00;LITROS; $4,080.00 ; Q31,086.87 ;7.61933;Agrequima; Q139.89 ;;;;;
RDON-REVAI-12757-45.pdf;A990FD97;361972752;FUNGICIDA;361972752;5/06/2026;CORPORACION AGRICOLA GALLINA CIEGA SOCIEDAD ANONIMA;CARBZIM 50 SC;Carbendazim;RAINBOW AGROSCIENCES (CENTRAL AMERICA) CO., LTD;CHINA;0.1%;400.00;LITROS; $1,928.00 ; Q14,690.07 ;7.61933;Agrequima; Q66.11 ;;;;;
RDON-REVAI-12800-45.pdf;D03308E0;1846690387;INSECTICIDA;1846690387;12/06/2026;BARILLAS,GALVEZ,,MANUEL,ANTONIO;RIMPIRIFOS  48  EC;Clorpirifos;AGROQUIMICA INDUSTRIAL RIMAC, S.A.;COSTA RICA;0.1%;2,400.00;LITROS; $12,720.00 ; Q96,861.53 ;7.6149;Agrequima; Q435.88 ;;;;;
RDON-REVAI-12799-16.pdf;88E17E0D;2416791025;INSECTICIDA, NEMATICIDA;2416791025;12/06/2026;BARILLAS,GALVEZ,,MANUEL,ANTONIO;GREEN GO OXAMIL 10 GR;Oxamyl;AGROQUIMICA INDUSTRIAL RIMAC, S.A.;COSTA RICA;0.1%;4,410.00;KILOGRAMOS; $15,435.00 ; Q117,535.98 ;7.6149;Agrequima; Q528.91 ;;;;;
RDON-REVAI-12798-17.pdf;82DDE81D;1272139114;INSECTICIDA;1272139114;12/06/2026;PROMOCIONES AGRICOLAS INDUSTRIALES Y COMERCIALES SOCIEDAD ANONIMA;FIDATO  40 WG;Spinetoram, Sulfoxaflor;AGRO TRADING CORPORATION, S.A.;ESTADOS UNIDOS DE AMERICA;0.1%;180.00;KILOGRAMOS; $33,429.24 ; Q254,560.32 ;7.6149;Agrequima; Q1,145.52 ;;;;;
RDON-REVAI-12823-49.pdf;F2A177FA;1174948410;HERBICIDA;1174948410;12/06/2026;BARILLAS,GALVEZ,,MANUEL,ANTONIO;HENGSTIER  16 SL;2,4-D, Picloram;AGROQIMICA INDUSTRIAL RIMAC, S.A.;COSTA RICA;0.1%;640.00;LITROS; $1,664.00 ; Q12,671.19 ;7.6149;Agrequima; Q57.02 ;;;;;
RDON-REVAI-12822-44.pdf;06AC41C9;1644514569;HERBICIDA;1644514569;12/06/2026;BARILLAS,GALVEZ,,MANUEL,ANTONIO;TIGERBULL   48  SL;Mcpa, Picloram, Triclopyr;AGROQIMICA INDUSTRIAL RIMAC, S.A.;COSTA RICA;0.1%;1,730.00;LITROS; $15,480.00 ; Q117,878.65 ;7.6149;Agrequima; Q530.45 ;;;;;
RDON-REVAI-12821-49.pdf;7C83652B;2845329809;HERBICIDA;2845329809;12/06/2026;BARILLAS,GALVEZ,,MANUEL,ANTONIO;ALIADO 60  WP;METSULFURONMETIL;AGROQIMICA INDUSTRIAL RIMAC, S.A.;COSTA RICA;0.1%;10.00;KILOGRAMOS; $410.00 ; Q3,122.11 ;7.6149;Agrequima; Q14.05 ;;;;;
RDON-REVAI-12820-20.pdf;4A4FF420;784285865;HERBICIDA;784285865;12/06/2026;BARILLAS,GALVEZ,,MANUEL,ANTONIO;BULLGRASS  30.4  SL;2,4-D, Picloram;AGROQIMICA INDUSTRIAL RIMAC, S.A.;COSTA RICA;0.1%;1,870.00;LITROS; $8,446.00 ; Q64,315.45 ;7.6149;Agrequima; Q289.42 ;;;;;
RDON-REVAI-12819-52.pdf;B68C5507;2796310101;HERBICIDA;2796310101;12/06/2026;BARILLAS,GALVEZ,,MANUEL,ANTONIO;SELLADOR 24  EC;Oxyfluorfen;AGROQIMICA INDUSTRIAL RIMAC, S.A.;COSTA RICA;0.1%;180.00;LITROS; $2,238.00 ; Q17,042.15 ;7.6149;Agrequima; Q76.69 ;;;;;
RDON-REVAI-12818-21.pdf;5F98A5A7;218189238;HERBICIDA;218189238;12/06/2026;BARILLAS,GALVEZ,,MANUEL,ANTONIO;FANTASMA 12.5 EC;Fluazifop-P-Butyl;AGROQIMICA INDUSTRIAL RIMAC, S.A.;COSTA RICA;0.1%;640.00;LITROS; $5,440.00 ; Q41,425.06 ;7.6149;Agrequima; Q186.41 ;;;;;
RDON-REVAI-12817-11.pdf;11FF6BDF;2692500398;HERBICIDA;2692500398;12/06/2026;BARILLAS,GALVEZ,,MANUEL,ANTONIO;RIMAXONE 20  SL;Paraquat;AGROQIMICA INDUSTRIAL RIMAC, S.A.;COSTA RICA;0.1%;300.00;LITROS; $960.00 ; Q7,310.30 ;7.6149;Agrequima; Q32.90 ;;;;;
RDON-REVAI-12816-18.pdf;CC12BCC7;1137201043;HERBICIDA;1137201043;12/06/2026;BARILLAS,GALVEZ,,MANUEL,ANTONIO;GREEN  GO  PARAQUAT  20  SL;Paraquat;AGROQIMICA INDUSTRIAL RIMAC, S.A.;COSTA RICA;0.1%;576.00;LITROS; $1,680.00 ; Q12,793.03 ;7.6149;Agrequima; Q57.57 ;;;;;
RDON-REVAI-12815-47.pdf;901B5FD1;2298761038;HERBICIDA;2298761038;12/06/2026;BARILLAS,GALVEZ,,MANUEL,ANTONIO;GREEN GO GLIFOSATO 35.6 SL;Glifosato;AGROQIMICA INDUSTRIAL RIMAC, S.A.;COSTA RICA;0.1%;1,602.00;LITROS; $5,077.25 ; Q38,662.75 ;7.6149;Agrequima; Q173.98 ;;;;;
RDON-REVAI-12814-28.pdf;1E201DD0;2456308418;HERBICIDA;2456308418;12/06/2026;BARILLAS,GALVEZ,,MANUEL,ANTONIO;TRIGGER 48 EC;Triclopir;AGROQIMICA INDUSTRIAL RIMAC, S.A.;COSTA RICA;0.1%;1,280.00;LITROS; $12,864.00 ; Q97,958.07 ;7.6149;Agrequima; Q440.81 ;;;;;
RDON-REVAI-12813-45.pdf;1B3FAE03;2114143853;INSECTICIDA;2114143853;12/06/2026;BARILLAS,GALVEZ,,MANUEL,ANTONIO;RIMAC CIPERMETRINA 25 EC;Cipermetrina;AGROQIMICA INDUSTRIAL RIMAC, S.A.;COSTA RICA;0.1%;1,022.00;LITROS; $7,040.00 ; Q53,608.90 ;7.6149;Agrequima; Q241.24 ;;;;;
RDON-REVAI-12773-41.pdf;A273B13C;2186167344;FUNGICIDA;2186167344;9/06/2026;BASF DE GUATEMALA  SOCIEDAD ANONIMA;REGNUM / VIVARUS 25 EC;Pyraclostrobin;BASF DE COSTA RICA, S.A.;ESPAÑA;0.1%;4,000.00;LITROS; $112,560.00 ; Q857,631.78 ;7.61933;Agrequima; Q3,859.34 ;;;;;
RDON-REVAI-12776-09.pdf;B4A7E23C;1337280126;FUNGICIDA;1337280126;9/06/2026;BASF DE GUATEMALA  SOCIEDAD ANONIMA;CABRIO TEAM / GUELUZ 18.7 WG;Dimethomorph, Pyraclostrobin;BASF DE COSTA RICA, S.A.;ALEMANIA;0.1%;1,005.00;KILOGRAMOS; $20,994.45 ; Q159,963.64 ;7.61933;Agrequima; Q719.84 ;;;;;
RDON-REVAI-12781-40.pdf;E077740B;3362603059;FUNGICIDA;3362603059;9/06/2026;BASF DE GUATEMALA  SOCIEDAD ANONIMA;Cumora 50 SC;Boscalid;BASF DE COSTA RICA, S.A.;ESPAÑA;0.1%;200.00;LITROS; $8,900.00 ; Q67,812.04 ;7.61933;Agrequima; Q305.15 ;;;;;
RDON-REVAI-12772-04.pdf;6AB51389;3935783831;FUNGICIDA;3935783831;9/06/2026;BASF DE GUATEMALA  SOCIEDAD ANONIMA;Opera /Viathan 18.3 SE;Epoxicolazone, Pyraclostrobin;BASF DE COSTA RICA, S.A.;BRAZIL;0.1%;2,840.00;LITROS; $71,539.60 ; Q545,083.82 ;7.61933;Agrequima; Q2,452.88 ;;;;;
RDON-REVAI-12788-51.pdf;CEACEF00;2683391922;MATERIA TECNICA PARA FOMULAR INSECTICIDA,ACARICIDA;2683391922;10/06/2026;BAYER, SOCIEDAD ANONIMA;Spiromesifen Tecnico;SPIROMESIFEN;BAYER AG;ALEMANIA;0.1%;13,500.00;KILOGRAMOS; $2,618,325.00 ; Q19,939,723.12 ;7.61545;Agrequima; Q89,728.75 ;;;;;
RDON-REVAI-12824-23.pdf;77F8A9F8;2530428939;FUNGICIDA;2530428939;15/06/2026;DUWEST GUATEMALA SOCIEDAD ANONIMA;MANCOZEB TECNICO;Mancozeb;DUWEST INC;INDIA;0.1%;44,800.00;KILOGRAMOS; $168,000.00 ; Q1,279,131.84 ;7.61388;Agrequima; Q5,756.09 ;;;;;
RDON-REVAI-12826-24.pdf;FAC628AF;3496758900;REGULADOR DE CRECIMIENTO;3496758900;15/06/2026;MAXIAGRO, SOCIEDAD ANONIMA;MAXIPHON  48 SL;ETHEPHON;LUCID TECHNOLOGY (SHANGHAI) CO. LTD;CHINA;0.1%;5,000.00;LITROS; $19,000.00 ; Q144,663.72 ;7.61388;Agrequima; Q650.99 ;;;;;
RDON-REVAI-12812-15.pdf;D3C2A0D2;3086436701;INSECTICIDA;3086436701;12/06/2026;BARILLAS,GALVEZ,,MANUEL,ANTONIO;RIMPIRIFOS  48  EC;Clorpirifos;AGROQIMICA INDUSTRIAL RIMAC, S.A.;COSTA RICA;0.1%;3,200.00;LITROS; $18,560.00 ; Q141,332.54 ;7.6149;Agrequima; Q636.00 ;;;;;
RDON-REVAI-12811-46.pdf;882CEA47;3005632276;INSECTICIDA, NEMATICIDA;3005632276;12/06/2026;BARILLAS,GALVEZ,,MANUEL,ANTONIO;GREEN GO OXAMIL 10 GR;Oxamyl;AGROQIMICA INDUSTRIAL RIMAC, S.A.;COSTA RICA;0.1%;3,150.00;KILOGRAMOS; $11,025.00 ; Q83,954.27 ;7.6149;Agrequima; Q377.79 ;;;;;
RDON-REVAI-12833-31.pdf;08C580E7;4196223489;INSECTICIDA;4196223489;16/06/2026;INVERSIONES COMERCIALES E INDUSTRIALES, SOCIEDAD ANONIMA;ZELLTICIDA  30 SC;IMIDACLOPRID, LAMBDA-CYHALOTHRIN;ZELLAG AG;CHINA;0.1%;600.00;LITROS; $5,970.00 ; Q45,454.86 ;7.61388;Agrequima; Q204.55 ;;;;;
RDON-REVAI-12832-59.pdf;8FEA2A99;676678222;FUNGICIDA;676678222;16/06/2026;INVERSIONES COMERCIALES E INDUSTRIALES, SOCIEDAD ANONIMA;ACENTOZELL  32  SC;AZOXISTROBINA, TEBUCONAZOL;ZELLAG AG;CHINA;0.1%;2,200.00;LITROS; $23,980.00 ; Q182,580.84 ;7.61388;Agrequima; Q821.61 ;;;;;
RDON-REVAI-12709-44.pdf;48212A32;3055767425;FUNGICIDA;3055767425;2/06/2026;SOLUFERT, S. A.;DITHANE  62  SC;Mancozeb;UPL COSTA RICA S.A.;COSTA RICA;0.1%;15,000.00;LITROS; $97,650.00 ; Q743,927.97 ;7.61831;Agrequima; Q3,347.68 ;;;;;
RDON-REVAI-12703-59.pdf;1B4E5C3E;1876903746;FUMIGANTE AL SUELO;1876903746;1/06/2026;GLOBAL AGROINSUMOS DE GUATEMALA SOCIEDAD ANONIMA;METAM SODIO 51 SL;METAM-SODIUM;BESTENFELDEN PANAMA, S.A.;CHINA;0.1%;16,800.00;LITROS; $21,840.00 ; Q166,383.89 ;7.61831;Agrequima; Q748.73 ;;;;;
RDON-REVAI-12704-59.pdf;B716606D;261571222;FUMIGANTE AL SUELO;261571222;1/06/2026;GLOBAL AGROINSUMOS DE GUATEMALA SOCIEDAD ANONIMA;METAM SODIO 51 SL;METAM-SODIUM;BESTENFELDEN PANAMA, S.A.;CHINA;0.1%;33,600.00;LITROS; $43,680.00 ; Q332,767.78 ;7.61831;Agrequima; Q1,497.46 ;;;;;
RDON-REVAI-12705-25.pdf;F70731BF;2623557051;INSECTICIDA;2623557051;1/06/2026;BAYER, SOCIEDAD ANONIMA;CERTERO DUO 48 SC;Thiodicarb, Triflumuron;BAYER AG;COLOMBIA;0.1%;3,240.00;LITROS; $62,449.60 ; Q475,760.41 ;7.61831;Agrequima; Q2,140.92 ;;;;;
RDON-REVAI-12736-29.pdf;F6A59222;1740525344;MATERIA TECNICA PARA FOMULAR INSECTICIDA,ACARICIDA;1740525344;3/06/2026;BAYER, SOCIEDAD ANONIMA;Spiromesifen Tecnico;Spiromesifen;BAYER AG;ALEMANIA;0.1%;2,500.00;KILOGRAMOS; $484,875.00 ; Q3,695,077.21 ;7.62068;Agrequima; Q16,627.85 ;;;;;
RDON-REVAI-12738-30.pdf;7AF69A47;445665053;MATERIA TÉCNICA FUNGICIDA;445665053;3/06/2026;BAYER, SOCIEDAD ANONIMA;PROPINEB TK 83%;Propineb;BAYER AG;ALEMANIA;0.1%;19,950.00;KILOGRAMOS; $82,992.00 ; Q632,455.47 ;7.62068;Agrequima; Q2,846.05 ;;;;;
RDON-REVAI-12711-20.pdf;3E661FC2;1407274548;FUNGICIDA;1407274548;2/06/2026;DUWEST GUATEMALA SOCIEDAD ANONIMA;MANCOZEB TECNICO;Mancozeb;DUWEST INC;INDIA;0.1%;67,200.00;KILOGRAMOS; $227,136.00 ; Q1,730,930.77 ;7.62068;Agrequima; Q7,789.19 ;;;;;
RDON-REVAI-12740-10.pdf;6C7E4820;1892108219;FUNGICIDA;1892108219;4/06/2026;GLOBAL AGROINSUMOS DE GUATEMALA SOCIEDAD ANONIMA;VONDOZEB 80 WP;MANCOZEB;UPL COSTA RICA S.A.;INDIA;0.1%;12,800.00;KILOGRAMOS; $48,896.00 ; Q372,497.06 ;7.61815;Agrequima; Q1,676.24 ;;;;;
RDON-REVAI-12774-40.pdf;CE6034EC;220023562;FUNGICIDA;220023562;9/06/2026;BASF DE GUATEMALA  SOCIEDAD ANONIMA;Cumora 50 SC;Boscalid;BASF DE COSTA RICA, S.A.;ESPAÑA;0.1%;2,000.00;LITROS; $89,000.00 ; Q678,120.37 ;7.61933;Agrequima; Q3,051.54 ;;;;;
RDON-REVAI-12748-21.pdf;1601E1E6;4281483934;FUNGICIDA;4281483934;5/06/2026;ADAMA GUATEMALA, SOCIEDAD ANONIMA;MIRADOR 25 SC;Azoxystrobin;ADAMA ANDINA B.V. SUCURSAL COLOMBIA;COLOMBIA;0.1%;252.00;LITROS; $3,354.12 ; Q25,552.19 ;7.61815;Agrequima; Q114.98 ;;;;;
RDON-REVAI-12775-10.pdf;5F43BD09;1527729927;FUNGICIDA;1527729927;9/06/2026;BASF DE GUATEMALA  SOCIEDAD ANONIMA;FORUM 15 DC;Dimethomorph;BASF DE COSTA RICA, S.A.;ESPAÑA;0.1%;300.00;LITROS; $8,058.00 ; Q61,396.56 ;7.61933;Agrequima; Q276.28 ;;;;;
RDON-REVAI-12780-40.pdf;97A64373;3318890585;FUNGICIDA;3318890585;9/06/2026;BASF DE GUATEMALA  SOCIEDAD ANONIMA;Opera /Viathan 18.3 SE;Epoxicolazone, Pyraclostrobin;BASF DE COSTA RICA, S.A.;BRAZIL;0.1%;2,560.00;LITROS; $72,806.40 ; Q554,735.99 ;7.61933;Agrequima; Q2,496.31 ;;;;;
RDON-REVAI-12770-05.pdf;03DD4984;2212251050;FUNGICIDA;2212251050;9/06/2026;BASF DE GUATEMALA  SOCIEDAD ANONIMA;REGNUM / VIVARUS 25 EC;Pyraclostrobin;BASF DE COSTA RICA, S.A.;ESPAÑA;0.1%;6,090.00;LITROS; $166,317.90 ; Q1,267,230.97 ;7.61933;Agrequima; Q5,702.54 ;;;;;
RDON-REVAI-12784-48.pdf;F9C7AFA6;3363653965;INSECTICIDA;3363653965;10/06/2026;AGROFORTRESS, SOCIEDAD ANONIMA;FORAMIL 90 SP;Methomyl;TAHUAL AGRICOLA, S.A.;CHINA;0.1%;10,000.00;KILOGRAMOS; $110,530.00 ; Q841,735.69 ;7.61545;Agrequima; Q3,787.81 ;;;;;
RDON-REVAI-12771-04.pdf;EFE1F322;1118522381;FUNGICIDA, ACARICIDA;1118522381;9/06/2026;BASF DE GUATEMALA  SOCIEDAD ANONIMA;KUMULUS 80 WG;Sulphur;BASF DE COSTA RICA, S.A.;ALEMANIA;0.1%;12,850.00;KILOGRAMOS; $20,174.50 ; Q153,629.83 ;7.61505;Agrequima; Q691.33 ;;;;;
RDON-REVAI-12706-52.pdf;060B2E9D;2742439817;INSECTICIDA;2742439817;1/06/2026;BAYER, SOCIEDAD ANONIMA;MURALLA DELTA 19 OD;DELTAMETRINA, IMIDACLOPRID;BAYER AG;COLOMBIA;0.1%;13,000.00;LITROS; $235,040.00 ; Q1,790,607.58 ;7.61831;Agrequima; Q8,057.73 ;;;;;
RDON-REVAI-12702-26.pdf;F7A43212;2593341441;INSECTICIDA;2593341441;1/06/2026;ARYSTA LIFESCIENCE DE GUATEMALA, SOCIEDAD ANONIMA;KUMKOP 48 SC;Spinosad;ALBAUGH COLOMBIA S.A.S;CHINA;0.1%;169.25;LITROS; $38,927.50 ; Q296,561.76 ;7.61831;Agrequima; Q1,334.53 ;;;;;
RDON-REVAI-12707-20.pdf;13003DBE;3775678949;INSECTICIDA;3775678949;2/06/2026;PROMOCIONES AGRICOLAS INDUSTRIALES Y COMERCIALES SOCIEDAD ANONIMA;EXALT 6 SC;SPINETORAM;AGRO TRADING CORPORATION, S.A.;COLOMBIA;0.1%;336.00;LITROS; $38,767.25 ; Q295,432.81 ;7.62068;Agrequima; Q1,329.45 ;;;;;
RDON-REVAI-12878-46.pdf;3D148C3C;2850046949;HERBICIDA;2850046949;24/06/2026;QUIMICOS AGRICOLAS INSECTROL SOCIEDAD ANONIMA;PARAQUAT TECNICO 42%;ParaquatDichloride;RAINBOW AGROSCIENCES(CENTRAL AMERICA)CO., LTD.;CHINA;0.1%;12,300.81;LITROS; $34,584.00 ; Q263,643.17 ;7.62327;Agrequima; Q1,186.39 ;;;;;
RDON-REVAI-12899-26.pdf;9FEDC390;2126463706;FUNGICIDA;2126463706;30/06/2026;BASF DE GUATEMALA  SOCIEDAD ANONIMA;ZAMPRO DM 52.5 SC;Ametoctradin, Dimethomorph;BASF DE COSTA RICA, S.A.;ESPAÑA;0.1%;150.00;LITROS; $6,667.50 ; Q50,827.22 ;7.62313;Agrequima; Q228.72 ;;;;;
RDON-REVAI-12884-19.pdf;D02A9C2F;1336819735;INSECTICIDA;1336819735;26/06/2026;DUWEST GUATEMALA SOCIEDAD ANONIMA;DANTOTSU  50  WG;Clothianidin;DUWEST INC;JAPON;0.1%;1,600.00;KILOGRAMOS; $104,000.00 ; Q792,805.52 ;7.62313;Agrequima; Q3,567.62 ;;;;;
RDON-REVAI-12859-35.pdf;C74E00DB;3707060865;FUNGICIDA;3707060865;19/06/2026;EMPRESA CENTROAMERICANA DE SERVICIOS, S.A.;DITHANE  80 WP;MANCOZEB;AGRO TRADING CORPORATION, S. A .;INDIA;0.1%;7,500.00;KILOGRAMOS; $35,722.02 ; Q272,042.11 ;7.61553;Agrequima; Q1,224.19 ;;;;;
RDON-REVAI-12892-27.pdf;1146696C;3432334035;FUNGICIDA;3432334035;30/06/2026;BASF DE GUATEMALA  SOCIEDAD ANONIMA;BELLIS 38 WG;Boscalid, Pyraclostrobin;BASF DE COSTA RICA, S.A.;ESTADOS UNIDOS DE AMERICA;0.1%;48.00;KILOGRAMOS; $3,572.16 ; Q27,213.14 ;7.61812;Agrequima; Q122.46 ;;;;;
RDON-REVAI-12894-26.pdf;3484EC39;3137882808;FUNGICIDA;3137882808;30/06/2026;BASF DE GUATEMALA  SOCIEDAD ANONIMA;LONSELOR 30 SC;Fluxapyroxad;BASF DE COSTA RICA, S.A.;ESPAÑA;0.1%;8,400.00;LITROS; $258,972.00 ; Q1,974,177.22 ;7.62313;Agrequima; Q8,883.80 ;;;;;
RDON-REVAI-12900-26.pdf;231F3EDF;149505849;FUNGICIDA;149505849;30/06/2026;BASF DE GUATEMALA  SOCIEDAD ANONIMA;FORUM 15 DC;Dimethomorph;BASF DE COSTA RICA, S.A.;ESPAÑA;0.1%;130.00;LITROS; $3,515.20 ; Q26,796.83 ;7.62313;Agrequima; Q120.59 ;;;;;
RDON-REVAI-12868-53.pdf;B587385F;3371715535;INSECTICIDA;3371715535;22/06/2026;AGROFORTRESS, SOCIEDAD ANONIMA;FORAMIL 90 SP;Methomyl;TAHUAL AGRICOLA, S.A.;CHINA;0.1%;5,000.00;KILOGRAMOS; $55,265.00 ; Q421,089.46 ;7.61946;Agrequima; Q1,894.90 ;;;;;
RDON-REVAI-12889-54.pdf;B4AB619A;730089360;MATERIA TÉCNICA INSECTICIDA;730089360;30/06/2026;BAYER, SOCIEDAD ANONIMA;THIACLOPRID TÉCNICO;Thiacloprid;BAYER AG;ALEMANIA;0.1%;1,000.00;KILOGRAMOS; $122,520.00 ; Q933,985.89 ;7.62313;Agrequima; Q4,202.94 ;;;;;
RDON-REVAI-12887-55.pdf;29688487;2502117614;MATERIA TÉCNICA INSECTICIDA;2502117614;30/06/2026;BAYER, SOCIEDAD ANONIMA;TETRANILIPROLE 90 TC;TETRANILIPROLE;BAYER AG;ALEMANIA;0.1%;600.00;KILOGRAMOS; $221,562.00 ; Q1,688,995.93 ;7.62313;Agrequima; Q7,600.48 ;;;;;
RDON-REVAI-12869-21.pdf;9BD62C03;2332509965;MATERIA TÉCNICA FUNGICIDA;2332509965;22/06/2026;DUWEST GUATEMALA SOCIEDAD ANONIMA;CLOROTALONIL TECNICO;Chlorothalonil;DUWEST INC;CHINA;0.1%;45,000.00;KILOGRAMOS; $190,350.00 ; Q1,451,053.28 ;7.62308;Agrequima; Q6,529.74 ;;;;;
RDON-REVAI-12877-08.pdf;B7167D25;1156729700;FUNGICIDA;1156729700;23/06/2026;EMPRESA CENTROAMERICANA DE SERVICIOS, S.A.;TSAR 50 SC;Thiophanate-Methyl;AGRO TRADING CORPORATION, S. A .;CHINA;0.1%;480.00;LITROS; $4,282.75 ; Q32,633.78 ;7.61982;Agrequima; Q146.85 ;;;;;
RDON-REVAI-12907-59.pdf;801ADB7F;3192603676;HERBICIDA;3192603676;30/06/2026;BARILLAS,GALVEZ,,MANUEL,ANTONIO;TIGERBULL   48  SL;Mcpa, Picloram, Triclopyr;AGROQUIMICA INDUSTRIAL RIMAC, S.A.;COSTA RICA;0.1%;2,820.00;LITROS; $25,200.00 ; Q191,976.62 ;7.61812;Agrequima; Q863.89 ;;;;;
RDON-REVAI-12906-30.pdf;EBCED8F5;3235072140;HERBICIDA;3235072140;30/06/2026;BARILLAS,GALVEZ,,MANUEL,ANTONIO;BULLGRASS  30.4  SL;2,4-D, Picloram;AGROQUIMICA INDUSTRIAL RIMAC, S.A.;COSTA RICA;0.1%;1,830.00;LITROS; $7,845.00 ; Q59,764.15 ;7.61812;Agrequima; Q268.94 ;;;;;
RDON-REVAI-12905-01.pdf;E0A3FE08;923945164;HERBICIDA;923945164;30/06/2026;BARILLAS,GALVEZ,,MANUEL,ANTONIO;FANTASMA 12.5 EC;Fluazifop-P-Butyl;AGROQUIMICA INDUSTRIAL RIMAC, S.A.;COSTA RICA;0.1%;1,920.00;LITROS; $16,320.00 ; Q124,327.72 ;7.61812;Agrequima; Q559.47 ;;;;;
RDON-REVAI-12904-30.pdf;D51FE049;1240482849;HERBICIDA;1240482849;30/06/2026;BARILLAS,GALVEZ,,MANUEL,ANTONIO;GREEN  GO  PARAQUAT  20  SL;Paraquat;AGROQUIMICA INDUSTRIAL RIMAC, S.A.;COSTA RICA;0.1%;600.00;LITROS; $1,992.00 ; Q15,175.30 ;7.61812;Agrequima; Q68.29 ;;;;;
RDON-REVAI-12903-01.pdf;963ED419;1756055383;HERBICIDA;1756055383;30/06/2026;BARILLAS,GALVEZ,,MANUEL,ANTONIO;TRIGGER 48 EC;Triclopir;AGROQUIMICA INDUSTRIAL RIMAC, S.A.;COSTA RICA;0.1%;5,768.22;LITROS; $58,677.80 ; Q447,014.52 ;7.61812;Agrequima; Q2,011.57 ;;;;;
RDON-REVAI-12879-32.pdf;ACF940BE;392186862;FUNGICIDA;392186862;24/06/2026;BAYER, SOCIEDAD ANONIMA;Previcur Energy 84 SL;FOSETYL-ALUMINIO, PROPAMOCARB;BAYER AG;ALEMANIA;0.1%;18,000.00;LITROS; $313,380.00 ; Q2,387,899.19 ;7.61982;Agrequima; Q10,745.55 ;;;;;
RDON-REVAI-12880-30.pdf;B4F31186;1123500368;MATERIA TECNICA PARA FOMULAR FUNGICIDA-NEMATICIDA;1123500368;24/06/2026;BAYER, SOCIEDAD ANONIMA;FLUOPYRAM TECNICO;FLUOPYRAM;BAYER AG;ESTADOS UNIDOS DE AMERICA;0.1%;8,000.00;KILOGRAMOS; $1,224,000.00 ; Q9,326,659.68 ;7.61982;Agrequima; Q41,969.97 ;;;;;
RDON-REVAI-12882-50.pdf;820A611C;3436202215;HERBICIDA;3436202215;25/06/2026;NEGOCIOS RELACIONADOS, SOCIEDAD ANONIMA;HEDOMINA 72 SL;2,4-D;TAHUAL AGRICOLA, S.A.;CHINA;0.1%;2,300.00;LITROS; $6,220.00 ; Q47,416.74 ;7.62327;Agrequima; Q213.38 ;;;;;
RDON-REVAI-12891-57.pdf;A168C961;1119504571;FUNGICIDA;1119504571;30/06/2026;BASF DE GUATEMALA  SOCIEDAD ANONIMA;ACROBAT MZ 69 WP;Dimethomorph, Mancozeb;BASF DE COSTA RICA, S.A.;COLOMBIA;0.1%;1,005.00;KILOGRAMOS; $18,813.60 ; Q143,418.52 ;7.62313;Agrequima; Q645.38 ;;;;;
RDON-REVAI-12883-55.pdf;C52EBBBC;1669417821;FUNGICIDA;1669417821;25/06/2026;SEDIAGRO;MANCOZEB 80 WP;Mancozeb;UPL COSTA RICA, S.A.;INDIA;0.1%;12,800.00;KILOGRAMOS; $54,134.79 ; Q412,676.54 ;7.62313;Agrequima; Q1,857.04 ;;;;;
RDON-REVAI-12866-39.pdf;C0BCFFE4;3484107463;HERBICIDA;3484107463;20/06/2026;ADAMA GUATEMALA, SOCIEDAD ANONIMA;AMETREX 50 SC;Ametryn;33265511;ISRAEL;0.1%;8,000.00;LITROS; $23,040.00 ; Q175,461.81 ;7.61553;Agrequima; Q789.58 ;;;;;
RDON-REVAI-12895-26.pdf;71B22C18;860572299;FUNGICIDA;860572299;30/06/2026;BASF DE GUATEMALA  SOCIEDAD ANONIMA;CRELYON 40SC;MEFENTRIFLUCONAZOLE, Pyraclostrobin;BASF DE COSTA RICA, S.A.;BRAZIL;0.1%;250.00;LITROS; $6,712.50 ; Q51,170.26 ;7.62313;Agrequima; Q230.27 ;;;;;
RDON-REVAI-12898-26.pdf;33D0C62A;864503057;COADYUVANTE;864503057;30/06/2026;BASF DE GUATEMALA  SOCIEDAD ANONIMA;BREAK THRU 100 SL;polyether-polymethylsiloxanocopolymer;BASF DE COSTA RICA, S.A.;ESTADOS UNIDOS DE AMERICA;0.1%;114.00;LITROS; $2,762.22 ; Q21,056.76 ;7.62313;Agrequima; Q94.76 ;;;;;
RDON-REVAI-12897-25.pdf;CB8471DF;3803795166;FUNGICIDA, ACARICIDA;3803795166;30/06/2026;BASF DE GUATEMALA  SOCIEDAD ANONIMA;KUMULUS 80 WG;Sulphur;BASF DE COSTA RICA, S.A.;ALEMANIA;0.1%;710.00;KILOGRAMOS; $2,144.20 ; Q16,334.77 ;7.61812;Agrequima; Q73.51 ;;;;;
RDON-REVAI-12902-26.pdf;57AF3FB2;2783595453;FUNGICIDA;2783595453;30/06/2026;BASF DE GUATEMALA  SOCIEDAD ANONIMA;CABRIO TEAM / GUELUZ 18.7 WG;Dimethomorph, Pyraclostrobin;BASF DE COSTA RICA, S.A.;ALEMANIA;0.1%;400.00;KILOGRAMOS; $8,522.00 ; Q64,921.62 ;7.61812;Agrequima; Q292.15 ;;;;;
RDON-REVAI-12888-55.pdf;D7E6FB06;4287122526;MATERIA TÉCNICA INSECTICIDA;4287122526;30/06/2026;BAYER, SOCIEDAD ANONIMA;THIACLOPRID TÉCNICO;Thiacloprid;BAYER AG;ALEMANIA;0.1%;4,500.00;KILOGRAMOS; $551,340.00 ; Q4,202,936.49 ;7.62313;Agrequima; Q18,913.21 ;;;;;
RDON-REVAI-12901-27.pdf;465D7E62;321605312;INSECTICIDA;321605312;30/06/2026;BASF DE GUATEMALA  SOCIEDAD ANONIMA;SIEGE PRO 0.73 GR;Hydramethylnon;BASF DE COSTA RICA, S.A.;ESTADOS UNIDOS DE AMERICA;0.1%;510.30;KILOGRAMOS; $6,593.08 ; Q50,259.91 ;7.62313;Agrequima; Q226.17 ;;;;;
RDON-REVAI-12857-58.pdf;59E255A0;1522093893;HERBICIDA;1522093893;19/06/2026;AGROFORTRESS, SOCIEDAD ANONIMA;NICOFOR / ILUSTRE 4 SC;Nicosulfuron;TAHUAL AGRICOLA, S.A.;CHINA;0.1%;5,890.00;LITROS; $23,529.20 ; Q179,279.80 ;7.61946;Agrequima; Q806.76 ;;;;;
RDON-REVAI-12867-22.pdf;ADA5C8F6;2066631692;FUNGICIDA;2066631692;22/06/2026;ADAMA GUATEMALA, SOCIEDAD ANONIMA;FOLPAN 48 SC;Folpet;ADAMA MAKHTESHIM LTD;ISRAEL;0.1%;9,600.00;LITROS; $46,080.00 ; Q351,271.53 ;7.62308;Agrequima; Q1,580.72 ;;;;;
RDON-REVAI-12858-30.pdf;68D76BCF;2286503390;INSECTICIDA;2286503390;19/06/2026;AGROFORTRESS, SOCIEDAD ANONIMA;FORAMIL 90 SP;Methomyl;TAHUAL AGRICOLA, S.A.;CHINA;0.1%;325.00;KILOGRAMOS; $3,592.23 ; Q27,370.85 ;7.61946;Agrequima; Q123.17 ;;;;;
RDON-REVAI-12893-25.pdf;7259F227;1203783168;COADYUVANTE;1203783168;30/06/2026;BASF DE GUATEMALA  SOCIEDAD ANONIMA;BREAK THRU 100 SL;polyether-polymethylsiloxanocopolymer;BASF DE COSTA RICA, S.A.;ESTADOS UNIDOS DE AMERICA;0.1%;312.00;LITROS; $8,377.20 ; Q63,860.48 ;7.62313;Agrequima; Q287.37 ;;;;;
RDON-REVAI-12896-25.pdf;B9B82B3D;1943290703;FUNGICIDA, ACARICIDA;1943290703;30/06/2026;BASF DE GUATEMALA  SOCIEDAD ANONIMA;KUMULUS 80 WG;Sulphur;BASF DE COSTA RICA, S.A.;ALEMANIA;0.1%;610.00;KILOGRAMOS; $1,842.20 ; Q14,034.10 ;7.61812;Agrequima; Q63.15 ;;;;;
RDON-REVAI-12881-52.pdf;095E0729;2643085764;MATERIA TÉCNICA INSECTICIDA;2643085764;25/06/2026;QUIMICOS AGRICOLAS INSECTROL SOCIEDAD ANONIMA;CIPERMETRINA TECNICA;Cypermethrin;HEMANI INDUSTRIES LTD.;INDIA;0.1%;20,000.00;KILOGRAMOS; $148,000.00 ; Q1,128,223.24 ;7.62313;Agrequima; Q5,077.00 ;;;;;
RDON-REVAI-12861-36.pdf;339A7C74;2885831999;INSECTICIDA;2885831999;19/06/2026;EMPRESA CENTROAMERICANA DE SERVICIOS, S.A.;INTREPID 24 SC;Methoxyfenozide;AGRO TRADING CORPORATION, S. A .;COLOMBIA;0.1%;160.00;LITROS; $8,485.35 ; Q64,620.44 ;7.61553;Agrequima; Q290.79 ;;;;;
RDON-REVAI-12863-06.pdf;D1FB24AA;3948233630;INSECTICIDA;3948233630;19/06/2026;EMPRESA CENTROAMERICANA DE SERVICIOS, S.A.;Zapador 20 SC;Fipronil;AGRO TRADING CORPORATION, S. A .;INDIA;0.1%;1,000.00;LITROS; $15,977.57 ; Q121,677.66 ;7.61553;Agrequima; Q547.55 ;;;;;
RDON-REVAI-12875-43.pdf;F39A14B5;3592572487;HERBICIDA;3592572487;23/06/2026;EL COLONO AGROPECUARIO, SOCIEDAD ANONIMA;INQUIGRASS 35.6 SL;GLYPHOSATE;DISTRIBUIDORA INQUISA S.A.;COSTA RICA;0.1%;567.00;LITROS; $2,428.48 ; Q18,504.58 ;7.61982;Agrequima; Q83.27 ;;;;;
RDON-REVAI-12874-42.pdf;178FAEC8;3813163074;HERBICIDA;3813163074;23/06/2026;EL COLONO AGROPECUARIO, SOCIEDAD ANONIMA;INQUIGRASS 35.6 SL;GLYPHOSATE;DISTRIBUIDORA INQUISA S.A.;COSTA RICA;0.1%;5,760.00;LITROS; $19,341.06 ; Q147,375.40 ;7.61982;Agrequima; Q663.19 ;;;;;
RDON-REVAI-12873-12.pdf;DDE4563E;399065247;HERBICIDA;399065247;23/06/2026;EL COLONO AGROPECUARIO, SOCIEDAD ANONIMA;INQUIGRASS 35.6 SL;GLYPHOSATE;DISTRIBUIDORA INQUISA S.A.;COSTA RICA;0.1%;1,000.00;LITROS; $5,150.94 ; Q39,249.24 ;7.61982;Agrequima; Q176.62 ;;;;;
RDON-REVAI-12872-12.pdf;5328FF2C;1615611906;INSECTICIDA;1615611906;23/06/2026;EL COLONO AGROPECUARIO, SOCIEDAD ANONIMA;RAIZATE 24 SL;Oxamyl;DISTRIBUIDORA INQUISA S.A.;COSTA RICA;0.1%;160.00;LITROS; $1,169.52 ; Q8,911.53 ;7.61982;Agrequima; Q40.10 ;;;;;
RDON-REVAI-12871-41.pdf;1AA113B9;596266349;FUNGICIDA;596266349;23/06/2026;EL COLONO AGROPECUARIO, SOCIEDAD ANONIMA;ELIXIR  50 SC;Carbendazim;DISTRIBUIDORA INQUISA S.A.;COSTA RICA;0.1%;1,000.00;LITROS; $5,813.37 ; Q44,296.83 ;7.61982;Agrequima; Q199.34 ;;;;;
RDON-REVAI-12870-11.pdf;F1569932;372329915;FUNGICIDA;372329915;23/06/2026;EL COLONO AGROPECUARIO, SOCIEDAD ANONIMA;BANAZEB 80 WP;Mancozeb;DISTRIBUIDORA INQUISA S.A.;COSTA RICA;0.1%;1,600.00;KILOGRAMOS; $8,826.28 ; Q67,254.66 ;7.61982;Agrequima; Q302.65 ;;;;;
RDON-REVAI-12862-37.pdf;5F1D9509;1679311364;MATERIA TÉCNICA INSECTICIDA;1679311364;19/06/2026;BAYER, SOCIEDAD ANONIMA;FLUPYRADIFURONE TECNICO;FLUPYRADIFURONE;BAYER AG;ALEMANIA;0.1%;4,500.00;KILOGRAMOS; $774,585.00 ; Q5,898,875.31 ;7.61553;Agrequima; Q26,544.94 ;;;;;
RDON-REVAI-12876-06.pdf;ACFDA0D0;3139322165;INSECTICIDA;3139322165;23/06/2026;EMPRESA CENTROAMERICANA DE SERVICIOS, S.A.;APPLAUD 25 SC;BUPROFEZIN;AGRO TRADING CORPORATION, S. A .;JAPON;0.1%;900.00;LITROS; $16,560.38 ; Q126,116.07 ;7.61553;Agrequima; Q567.52 ;;;;;
RDON-REVAI-12886-39.pdf;FB32DB09;595086277;MATERIA TÉCNICA INSECTICIDA;595086277;30/06/2026;AGROFORTRESS, SOCIEDAD ANONIMA;CLORPIRIFOS  TECNICO;Chlorpyrifos;TAHUAL AGRICOLA, S.A.;CHINA;0.1%;2,000.00;KILOGRAMOS; $14,200.00 ; Q108,201.44 ;7.61982;Agrequima; Q486.91 ;;;;;
RDON-REVAI-12885-10.pdf;EE10A92F;1392528445;FUNGICIDA;1392528445;26/06/2026;SOLUFERT, S. A.;DITHANE  62  SC;Mancozeb;UPL COSTA RICA S.A.;COSTA RICA;0.1%;15,000.00;LITROS; $97,650.00 ; Q744,398.64 ;7.62313;Agrequima; Q3,349.79 ;;;;;
RDON-REVAI-12890-56.pdf;6D96E7F0;1079263874;HERBICIDA;1079263874;30/06/2026;BASF DE GUATEMALA  SOCIEDAD ANONIMA;FINALE 15 SL;GlufosinatodeAmonio;BASF DE COSTA RICA, S.A.;ALEMANIA;0.1%;10,000.00;LITROS; $43,500.00 ; Q331,606.15 ;7.62313;Agrequima; Q1,492.23 ;;;;;
1460292681;.;1460292681;Insecticida;1460292681;30/06/2026;Disagro De Guatemala, Sociedad Anonima;Cipermetrina Tecnica;Cipermetrina;Global Fertilizer Trading Company Limited;India;0.1%;14634.15;Litros; $117,720.00 ; Q897,394.86 ;7.62313;Gremiagro; Q4,038.28 ;;;;;
1288260224;.;1288260224;Herbicida;1288260224;30/06/2026;Bestenfelden Guatemala, Sociedad Anonima;Ametrina 50 Sc;Ametryn;Tahual Agricola, S.A.;China;0.1%;16000;Litros; $49,760.00 ; Q379,326.95 ;7.62313;Gremiagro; Q1,706.97 ;;;;;
3588442414;.;3588442414;Insecticida;3588442414;30/06/2026;Disagro De Guatemala, Sociedad Anonima;Clorpirifos / Clorfos 48 Ec;Chlorpyrifos;Incofe S.A.S.;China;0.1%;16000;Kilogramos; $79,360.00 ; Q604,971.60 ;7.62313;Gremiagro; Q2,722.37 ;;;;;
1618299305;.;1618299305;Desinfectante De Suelo;1618299305;26/06/2026;Quimicos Y Lubricantes, Sociedad Anonima;Mercenario 51Sl;Metam-Sodium;Taminco Bv;Belgica;0.1%;100800;Litros; $123,984.00 ; Q945,146.15 ;7.62313;Gremiagro; Q4,253.16 ;;;;;
2013348917;.;2013348917;Herbicida;2013348917;25/06/2026;Disagro De Guatemala, Sociedad Anonima;Nicosulfuron / Quitamata 4 Sc;Nicosulfuron;Fertilizantes Del Norte S. A. De C. V. Fenorsa;China;0.1%;5000;Litros; $25,173.54 ; Q191,901.17 ;7.62313;Gremiagro; Q863.56 ;;;;;
1547847067;.;1547847067;Herbicida;1547847067;22/06/2026;Disagro De Guatemala, Sociedad Anonima;Clefox 22.5 Ec;Clethodim, Haloxifop-Pmethyl;Incofe S.A.S.;China;0.1%;14400;Litros; $90,144.00 ; Q686,848.60 ;7.61553;Gremiagro; Q3,090.82 ;;;;;
1902726590;.;1902726590;Herbicida;1902726590;22/06/2026;Disagro De Guatemala, Sociedad Anonima;Clefox 22.5 Ec;Clethodim, Haloxifop-Pmethyl;Incofe S.A.S.;China;0.1%;3600;Litros; $26,100.00 ; Q198,867.91 ;7.61553;Gremiagro; Q894.91 ;;;;;
2400996214;.;2400996214;Herbicida;2400996214;19/06/2026;Agrocentro Sociedad Anonima;Glifosato Tecnico;Glifosato;Korsa Chemicals, S.A.;China;0.1%;75600;Kilogramos; $449,064.00 ; Q3,421,625.19 ;7.61946;Gremiagro; Q15,397.31 ;;;;;
4146154602;.;4146154602;Materia Técnica Herbicida;4146154602;19/06/2026;Agrocentro Sociedad Anonima;Dicloruro De Paraquat 45 Tk;Paraquat;Korsa Chemicals, S.A.;China;0.1%;65764.97;Litros; $237,369.60 ; Q1,807,246.68 ;7.61946;Gremiagro; Q8,132.61 ;;;;;
3829419925;.;3829419925;Materia Técnica Herbicida;3829419925;19/06/2026;Agrocentro Sociedad Anonima;Dicloruro De Paraquat 45 Tk;Paraquat;Korsa Chemicals, S.A.;China;0.1%;109608.29;Litros; $395,616.00 ; Q3,012,077.80 ;7.61946;Gremiagro; Q13,554.35 ;;;;;
256264013;.;256264013;Insecticida;256264013;18/06/2026;Disagro De Guatemala, Sociedad Anonima;Landris 8.8 1L;Acetamiprid, Cypermethrin;Global Fertilizer Trading Company Limited;India;0.1%;13008;Litros; $46,568.64 ; Q354,630.90 ;7.6149;Gremiagro; Q1,595.84 ;;;;;
2316255304;.;2316255304;Insecticida;2316255304;18/06/2026;Disagro De Guatemala, Sociedad Anonima;Landris 8.8 500Ml;Acetamiprid, Cypermethrin;Global Fertilizer Trading Company Limited;India;0.1%;2508;Litros; $10,082.16 ; Q76,777.97 ;7.6149;Gremiagro; Q345.50 ;;;;;
3652405083;.;3652405083;Insecticida;3652405083;18/06/2026;Disagro De Guatemala, Sociedad Anonima;Acetamiprid + Cipermetrina / Landris 8.8 Ec;Acetamiprid, Cypermethrin;Global Fertilizer Trading Company Limited;India;0.1%;1000;Litros; $4,680.00 ; Q35,639.28 ;7.6149;Gremiagro; Q160.38 ;;;;;
3054784225;.;3054784225;Insecticida;3054784225;18/06/2026;Disagro De Guatemala, Sociedad Anonima;Thiamethoxam / Task 25 Wg;Thiamethoxam;Global Fertilizer Trading Company Limited;India;0.1%;1600;Kilogramos; $11,008.00 ; Q83,828.45 ;7.6149;Gremiagro; Q377.23 ;;;;;
740574869;.;740574869;Insecticida;740574869;18/06/2026;Disagro De Guatemala, Sociedad Anonima;Thiamethoxam / Task 25 Wg;Thiamethoxam;Global Fertilizer Trading Company Limited;India;0.1%;240;Kilogramos; $1,963.20 ; Q14,950.22 ;7.6149;Gremiagro; Q67.28 ;;;;;
1156075249;.;1156075249;Insecticida;1156075249;18/06/2026;Disagro De Guatemala, Sociedad Anonima;Thiamethoxam / Task 25 Wg;Thiamethoxam;Global Fertilizer Trading Company Limited;India;0.1%;72;Kilogramos; $619.92 ; Q4,720.83 ;7.6149;Gremiagro; Q21.24 ;;;;;
1369917559;.;1369917559;Insecticida;1369917559;18/06/2026;Disagro De Guatemala, Sociedad Anonima;Task 25Wg 13Gr;Thiamethoxam;Global Fertilizer Trading Company Limited;India;0.1%;98.8;Kilogramos; $1,679.60 ; Q12,790.54 ;7.6149;Gremiagro; Q57.56 ;;;;;
3354806423;.;3354806423;Materia Técnica Herbicida;3354806423;18/06/2026;Agrocentro Sociedad Anonima;Dicloruro De Paraquat 45 Tk;Paraquat;Korsa Chemicals, S.A.;China;0.1%;109531.33;Litros; $395,616.00 ; Q3,012,077.80 ;7.61946;Gremiagro; Q13,554.35 ;;;;;
2667989810;.;2667989810;Materia Técnica Fungicida;2667989810;18/06/2026;Agrocentro Sociedad Anonima;Clorotalonil 98% Tc;Chlorothalonil;Korsa Chemicals, S.A.;China;0.1%;16000;Kilogramos; $71,200.00 ; Q542,091.17 ;7.61946;Gremiagro; Q2,439.41 ;;;;;
4038543617;.;4038543617;Fungicida, Bactericida;4038543617;18/06/2026;Disagro De Guatemala, Sociedad Anonima;Futron  3.0 Wp;Bacilluslicheniformiscepamallerauco, Bacillussubtiliscepaantumávida, Bacillussubtiliscepavilcún, Brevibacillusbreviscepamaguellines, Brevibacillusbreviscepamaguellinesi;Global Fertilizer Trading Company Limited;Chile;0.1%;2698;Kilogramos; $90,389.14 ; Q688,716.44 ;7.61946;Gremiagro; Q3,099.22 ;;;;;
2766160175;.;2766160175;Desinfectante De Suelo;2766160175;18/06/2026;Quimicos Y Lubricantes, Sociedad Anonima;Mercenario 51 Sl;Metam-Sodium;Taminco Bv;Belgica;0.1%;218400;Litros; $268,632.00 ; Q2,046,554.09 ;7.61843;Gremiagro; Q9,209.49 ;;;;;
1465535505;.;1465535505;Herbicida;1465535505;16/06/2026;Disagro De Guatemala, Sociedad Anonima;Quitamata 4 Sc;Nicosulfuron;Incofe S.A.S.;China;0.1%;96610;Litros; $334,905.60 ; Q2,550,272.65 ;7.61364;Gremiagro; Q11,476.23 ;;;;;
2511751074;.;2511751074;Insecticida;2511751074;15/06/2026;Disagro De Guatemala, Sociedad Anonima;Clothianidin Tecnico;Clothianidin;Incofe S.A.S.;China;0.1%;200;Kilogramos; $6,246.00 ; Q47,564.73 ;7.6149;Gremiagro; Q214.04 ;;;;;
131484804;.;131484804;Herbicida;131484804;12/06/2026;Agrocentro Sociedad Anonima;Dibromuro De Diquat Tecnico;Diquatdibromide;Korsa Chemicals, S.A.;China;0.1%;17600;Kilogramos; $67,056.00 ; Q510,646.86 ;7.61523;Gremiagro; Q2,297.91 ;;;;;
731595446;.;731595446;Fungicida;731595446;12/06/2026;Quimicos Y Lubricantes, Sociedad Anonima;Ziram Granuflo 76 Wg;Ziram;Taminco Bv;Belgica;0.1%;19960;Kilogramos; $93,812.00 ; Q714,503.15 ;7.61633;Gremiagro; Q3,215.26 ;;;;;
3446161842;.;3446161842;Herbicida;3446161842;12/06/2026;Agrocentro Sociedad Anonima;Puntivo 20 Sl;Glufosinate-Pammonium;Korsa Chemicals, S.A.;China;0.1%;22000;Litros; $60,940.00 ; Q464,085.52 ;7.61523;Gremiagro; Q2,088.38 ;;;;;
916211739;.;916211739;Herbicida;916211739;11/06/2026;Rainbow Agrosciences (Guatemala) Sociedad Anonima;Leñador 16 Ew;Fluroxypyr, Picloram;Rainbow Agrosciences (Central America) Co., Ltd.;China;0.1%;728;Litros; $5,212.48 ; Q39,699.97 ;7.61633;Gremiagro; Q178.65 ;;;;;
2172931720;.;2172931720;Herbicida;2172931720;11/06/2026;Rainbow Agrosciences (Guatemala) Sociedad Anonima;Atrapax Plus / Legatus 88 Wg;Atrazine, Mesotrione;Rainbow Agrosciences (Central America) Co., Ltd.;China;0.1%;720;Kilogramos; $5,623.20 ; Q42,828.15 ;7.61633;Gremiagro; Q192.73 ;;;;;
1482377200;.;1482377200;Herbicida;1482377200;11/06/2026;Rainbow Agrosciences (Guatemala) Sociedad Anonima;Grasidim 24 Ec;Clethodim;Rainbow Agrosciences (Central America) Co., Ltd.;China;0.1%;576;Litros; $4,694.40 ; Q35,754.10 ;7.61633;Gremiagro; Q160.89 ;;;;;
3324660904;.;3324660904;Herbicida;3324660904;11/06/2026;Rainbow Agrosciences (Guatemala) Sociedad Anonima;Diupax 80 Wg;Diuron;Rainbow Agrosciences (Central America) Co., Ltd.;China;0.1%;600;Kilogramos; $5,088.00 ; Q38,751.89 ;7.61633;Gremiagro; Q174.38 ;;;;;
1248215388;.;1248215388;Herbicida;1248215388;11/06/2026;Rainbow Agrosciences (Guatemala) Sociedad Anonima;Revolver Plus 54 Sl;Glyphosate;Rainbow Agrosciences (Central America) Co., Ltd.;China;0.1%;1600;Litros; $6,720.00 ; Q51,181.74 ;7.61633;Gremiagro; Q230.32 ;;;;;
3869003530;.;3869003530;Insecticida;3869003530;11/06/2026;Rainbow Agrosciences (Guatemala) Sociedad Anonima;Bunker 24.7 Sc;Lambda-Cyhalothrin, Thiamethoxam;Rainbow Agrosciences (Central America) Co., Ltd.;China;0.1%;468;Litros; $4,740.84 ; Q36,107.80 ;7.61633;Gremiagro; Q162.49 ;;;;;
2980794279;.;2980794279;Insecticida;2980794279;11/06/2026;Rainbow Agrosciences (Guatemala) Sociedad Anonima;Bunker 24.7 Sc;Lambda-Cyhalothrin, Thiamethoxam;Rainbow Agrosciences (Central America) Co., Ltd.;China;0.1%;480;Litros; $4,459.20 ; Q33,962.74 ;7.61633;Gremiagro; Q152.83 ;;;;;
1698513851;.;1698513851;Insecticida;1698513851;11/06/2026;Rainbow Agrosciences (Guatemala) Sociedad Anonima;Deltaprid 19 Od;Deltamethrin, Imidacloprid;Rainbow Agrosciences (Central America) Co., Ltd.;China;0.1%;576;Litros; $9,446.40 ; Q71,946.90 ;7.61633;Gremiagro; Q323.76 ;;;;;
3963963110;.;3963963110;Insecticida, Acaricida;3963963110;11/06/2026;Rainbow Agrosciences (Guatemala) Sociedad Anonima;Abamectin / Abamectan / Trespass 1.8 Ec;Abamectin;Rainbow Agrosciences (Central America) Co., Ltd.;China;0.1%;1008;Litros; $6,108.48 ; Q46,524.20 ;7.61633;Gremiagro; Q209.36 ;;;;;
3047047623;.;3047047623;Fungicida;3047047623;11/06/2026;Rainbow Agrosciences (Guatemala) Sociedad Anonima;Zancor 18.3 Se;Epoxiconazole, Piraclostrobin;Rainbow Agrosciences (Central America) Co., Ltd.;China;0.1%;1008;Litros; $11,350.08 ; Q86,445.95 ;7.61633;Gremiagro; Q389.01 ;;;;;
401752164;.;401752164;Fungicida;401752164;11/06/2026;Rainbow Agrosciences (Guatemala) Sociedad Anonima;Antraneb 70 Wp;Propineb;Rainbow Agrosciences (Central America) Co., Ltd.;China;0.1%;4012;Kilogramos; $24,997.88 ; Q190,392.10 ;7.61633;Gremiagro; Q856.76 ;;;;;
1965707137;.;1965707137;Fungicida;1965707137;11/06/2026;Rainbow Agrosciences (Guatemala) Sociedad Anonima;Captan 80 Wg;Captan;Rainbow Agrosciences (Central America) Co., Ltd.;China;0.1%;480;Kilogramos; $3,412.80 ; Q25,993.01 ;7.61633;Gremiagro; Q116.97 ;;;;;
812663890;.;812663890;Fungicida;812663890;11/06/2026;Rainbow Agrosciences (Guatemala) Sociedad Anonima;Bosbel/Patrimony 38 Wg;Boscalid, Pyraclostrobin;Rainbow Agrosciences (Central America) Co., Ltd.;China;0.1%;360;Litros; $11,707.20 ; Q89,165.90 ;7.61633;Gremiagro; Q401.25 ;;;;;
1529432143;.;1529432143;Fungicida;1529432143;11/06/2026;Rainbow Agrosciences (Guatemala) Sociedad Anonima;Clorotalonil / Dacomax  72 Sc;Chlorothalonil;Rainbow Agrosciences (Central America) Co., Ltd.;China;0.1%;3600;Litros; $18,792.00 ; Q143,126.07 ;7.61633;Gremiagro; Q644.07 ;;;;;
313149821;.;313149821;Herbicida;313149821;11/06/2026;Bestenfelden Guatemala, Sociedad Anonima;Ametrina 50 Sc;Ametryn;Tahual Agricola, S.A.;China;0.1%;16060;Litros; $49,946.60 ; Q380,409.79 ;7.61633;Gremiagro; Q1,711.84 ;;;;;
2535736949;.;2535736949;Fungicida;2535736949;10/06/2026;Rainbow Agroindustria, S.A.;Aztrostar  25 Sc;Azoxystrobin;Rainbow Agrosciences (Central America) Co., Ltd.;China;0.1%;2016;Litros; $13,224.96 ; Q100,714.02 ;7.61545;Gremiagro; Q453.21 ;;;;;
2936753929;.;2936753929;Insecticida, Acaricida;2936753929;10/06/2026;Rainbow Agroindustria, S.A.;Aplacador 10 Ec;Bifenthrin;Rainbow Agrosciences (Central America) Co., Ltd.;China;0.1%;2000;Litros; $8,960.00 ; Q68,234.43 ;7.61545;Gremiagro; Q307.05 ;;;;;
2051163867;.;2051163867;Herbicida;2051163867;10/06/2026;Rainbow Agroindustria, S.A.;Atrapax Plus / Legatus 88 Wg;Atrazine, Mesotrione;Rainbow Agrosciences (Central America) Co., Ltd.;China;0.1%;500;Kilogramos; $3,135.00 ; Q23,874.44 ;7.61545;Gremiagro; Q107.43 ;;;;;
2328905834;.;2328905834;Fungicida;2328905834;10/06/2026;Rainbow Agroindustria, S.A.;Candido   88  Ol;Fenpropimorph;Rainbow Agrosciences (Central America) Co., Ltd.;China;0.1%;1600;Litros; $23,232.00 ; Q176,922.13 ;7.61545;Gremiagro; Q796.15 ;;;;;
130433267;.;130433267;Fungicida;130433267;10/06/2026;Rainbow Agroindustria, S.A.;Sigilo  25  Ec;Difenoconazole;Rainbow Agrosciences (Central America) Co., Ltd.;China;0.1%;1200;Litros; $5,400.00 ; Q41,123.43 ;7.61545;Gremiagro; Q185.06 ;;;;;
504449192;.;504449192;Herbicida;504449192;9/06/2026;Rainbow Agrosciences (Guatemala) Sociedad Anonima;2,4-D / Dimaxine 72 Sl;2,4-D;Rainbow Agrosciences (Central America) Co., Ltd.;China;0.1%;8640;Litros; $26,611.20 ; Q202,656.26 ;7.61545;Gremiagro; Q911.95 ;;;;;
4257368805;.;4257368805;Materia Técnica Insecticida;4257368805;5/06/2026;Disagro De Guatemala, Sociedad Anonima;Thiodicarb Tecnico;Thiodicarb;Incofe S.A.S.;China;0.1%;250;Kilogramos; $13,255.00 ; Q100,994.22 ;7.61933;Gremiagro; Q454.47 ;;;;;
2917549687;.;2917549687;Herbicida;2917549687;5/06/2026;Rainbow Agroindustria, S.A.;Revolver Plus 54 Sl;Glyphosate;Rainbow Agrosciences (Central America) Co., Ltd.;China;0.1%;16000;Litros; $51,360.00 ; Q391,398.12 ;7.61933;Gremiagro; Q1,761.29 ;;;;;
2191607631;.;2191607631;Herbicida;2191607631;5/06/2026;Rainbow Agroindustria, S.A.;Profitol  75  Wg;Isoxaflutole;Rainbow Agrosciences (Central America) Co., Ltd.;China;0.1%;1000;Kilogramos; $33,320.00 ; Q253,921.06 ;7.61933;Gremiagro; Q1,142.64 ;;;;;
3226290893;.;3226290893;Fungicida;3226290893;5/06/2026;Rainbow Agroindustria, S.A.;Clorotalonil / Dacomax 72 Sc;Clorotalonil;Rainbow Agrosciences (Central America) Co., Ltd.;China;0.1%;1600;Litros; $5,936.00 ; Q45,236.36 ;7.61933;Gremiagro; Q203.56 ;;;;;
776293663;.;776293663;Herbicida;776293663;3/06/2026;Bestenfelden Guatemala, Sociedad Anonima;Ametrina 50 Sc;Ametryn;Tahual Agricola, S.A.;China;0.1%;16000;Litros; $49,760.00 ; Q379,079.14 ;7.61815;Gremiagro; Q1,705.86 ;;;;;
1070940510;.;1070940510;Insecticida;1070940510;2/06/2026;Rainbow Agroindustria, S.A.;Bunker 24.7 Sc - 0.25 L;Lambda-Cyhalothrin, Thiamethoxam;Agro Iris, S.A.;China;0.1%;360;Litros; $7,747.20 ; Q59,020.57 ;7.62068;Gremiagro; Q265.59 ;;;;;
770064740;.;770064740;Insecticida;770064740;1/06/2026;Rainbow Agroindustria, S.A.;Respaldo 70 Wg;Acetamiprid;Agro Iris, S.A.;China;0.1%;40;Kilogramos; $7,576.00 ; Q57,747.30 ;7.6224;Gremiagro; Q259.86 ;;;;;
3357753563;.;3357753563;Herbicida;3357753563;1/06/2026;Rainbow Agroindustria, S.A.;Terbupax  50 Sc;Terbutryn;Agro Iris, S.A.;China;0.1%;800;Litros; $3,664.00 ; Q27,928.47 ;7.6224;Gremiagro; Q125.68 ;;;;;
628049480;.;628049480;Herbicida;628049480;11/06/2026;Agrocentro Sociedad Anonima;Isoxaflutole 750 g/Kg WG;Isoxaflutol;Flagchem International, CO. LTD.;China;0.1%;3;Kilogramos; $360.09 ; Q2,743.64 ;7.61933;Gremiagro; Q12.35 ;;;;;
2926594075;.;2926594075;I.A. Formular Herbicidas;2926594075;25/06/2026;Agrocentro Sociedad Anonima;2,4 -D Técnico 98%;2,4 -D;Korsa Chemicals, S.A.;China;0.1%;40000;Kilogramos; $121,200.00 ; Q923,002.24 ;7.61553;Gremiagro; Q4,153.51 ;;;;;
;;;;;;;;;;;;;;;;;;;;;;;
;;;;;;;;;;;;;;;;;;;;;;;
;;;;;;;;;;;;;;;;;;;;;;;
;;;;;;;;;;;;;;;;;;;;;;;
;;;;;;;;;;;;;;;;;;;;;;;
;;;;;;;;;;;;;;;;;;;;;;;
;;;;;;;;;;;;;;;;;;;;;;;
;;;;;;;;;;;;;;;;;;;;;;;
;;;;;;;;;;;;;;;;;;;;;;;
;;;;;;;;;;;;;;;;;;;;;;;
;;;;;;;;;;;;;;;;;;;;;;;
;;;;;;;;;;;;;;;;;;;;;;;
;;;;;;;;;;;;;;;;;;;;;;;
;;;;;;;;;;;;;;;;;;;;;;;
;;;;;;;;;;;;;;;;;;;;;;;
;;;;;;;;;;;;;;;;;;;;;;;
;;;;;;;;;;;;;;;;;;;;;;;
;;;;;;;;;;;;;;;;;;;;;;;
;;;;;;;;;;;;;;;;;;;;;;;
;;;;;;;;;;;;;;;;;;;;;;;
;;;;;;;;;;;;;;;;;;;;;;;
;;;;;;;;;;;;;;;;;;;;;;;
;;;;;;;;;;;;;;;;;;;;;;;
;;;;;;;;;;;;;;;;;;;;;;;
;;;;;;;;;;;;;;;;;;;;;;;
;;;;;;;;;;;;;;;;;;;;;;;
;;;;;;;;;;;;;;;;;;;;;;;
;;;;;;;;;;;;;;;;;;;;;;;
;;;;;;;;;;;;;;;;;;;;;;;
;;;;;;;;;;;;;;;;;;;;;;;
;;;;;;;;;;;;;;;;;;;;;;;
;;;;;;;;;;;;;;;;;;;;;;;
;;;;;;;;;;;;;;;;;;;;;;;
;;;;;;;;;;;;;;;;;;;;;;;
;;;;;;;;;;;;;;;;;;;;;;;
;;;;;;;;;;;;;;;;;;;;;;;
;;;;;;;;;;;;;;;;;;;;;;;
;;;;;;;;;;;;;;;;;;;;;;;
;;;;;;;;;;;;;;;;;;;;;;;
;;;;;;;;;;;;;;;;;;;;;;;
;;;;;;;;;;;;;;;;;;;;;;;
;;;;;;;;;;;;;;;;;;;;;;;
;;;;;;;;;;;;;;;;;;;;;;;
;;;;;;;;;;;;;;;;;;;;;;;
;;;;;;;;;;;;;;;;;;;;;;;
;;;;;;;;;;;;;;;;;;;;;;;
;;;;;;;;;;;;;;;;;;;;;;;
;;;;;;;;;;;;;;;;;;;;;;;
;;;;;;;;;;;;;;;;;;;;;;;
;;;;;;;;;;;;;;;;;;;;;;;
;;;;;;;;;;;;;;;;;;;;;;;
;;;;;;;;;;;;;;;;;;;;;;;
;;;;;;;;;;;;;;;;;;;;;;;
;;;;;;;;;;;;;;;;;;;;;;;
;;;;;;;;;;;;;;;;;;;;;;;
;;;;;;;;;;;;;;;;;;;;;;;
;;;;;;;;;;;;;;;;;;;;;;;
;;;;;;;;;;;;;;;;;;;;;;;
;;;;;;;;;;;;;;;;;;;;;;;
;;;;;;;;;;;;;;;;;;;;;;;
;;;;;;;;;;;;;;;;;;;;;;;
;;;;;;;;;;;;;;;;;;;;;;;
;;;;;;;;;;;;;;;;;;;;;;;
;;;;;;;;;;;;;;;;;;;;;;;
;;;;;;;;;;;;;;;;;;;;;;;
;;;;;;;;;;;;;;;;;;;;;;;
;;;;;;;;;;;;;;;;;;;;;;;
;;;;;;;;;;;;;;;;;;;;;;;
;;;;;;;;;;;;;;;;;;;;;;;
;;;;;;;;;;;;;;;;;;;;;;;
;;;;;;;;;;;;;;;;;;;;;;;
;;;;;;;;;;;;;;;;;;;;;;;
;;;;;;;;;;;;;;;;;;;;;;;
;;;;;;;;;;;;;;;;;;;;;;;
;;;;;;;;;;;;;;;;;;;;;;;
;;;;;;;;;;;;;;;;;;;;;;;
;;;;;;;;;;;;;;;;;;;;;;;
;;;;;;;;;;;;;;;;;;;;;;;
;;;;;;;;;;;;;;;;;;;;;;;
;;;;;;;;;;;;;;;;;;;;;;;
;;;;;;;;;;;;;;;;;;;;;;;
;;;;;;;;;;;;;;;;;;;;;;;
;;;;;;;;;;;;;;;;;;;;;;;
;;;;;;;;;;;;;;;;;;;;;;;
;;;;;;;;;;;;;;;;;;;;;;;
;;;;;;;;;;;;;;;;;;;;;;;
;;;;;;;;;;;;;;;;;;;;;;;
;;;;;;;;;;;;;;;;;;;;;;;
;;;;;;;;;;;;;;;;;;;;;;;
;;;;;;;;;;;;;;;;;;;;;;;
;;;;;;;;;;;;;;;;;;;;;;;
;;;;;;;;;;;;;;;;;;;;;;;
;;;;;;;;;;;;;;;;;;;;;;;
;;;;;;;;;;;;;;;;;;;;;;;
;;;;;;;;;;;;;;;;;;;;;;;
;;;;;;;;;;;;;;;;;;;;;;;
;;;;;;;;;;;;;;;;;;;;;;;
;;;;;;;;;;;;;;;;;;;;;;;
;;;;;;;;;;;;;;;;;;;;;;;
;;;;;;;;;;;;;;;;;;;;;;;
;;;;;;;;;;;;;;;;;;;;;;;
;;;;;;;;;;;;;;;;;;;;;;;
;;;;;;;;;;;;;;;;;;;;;;;
;;;;;;;;;;;;;;;;;;;;;;;
;;;;;;;;;;;;;;;;;;;;;;;
;;;;;;;;;;;;;;;;;;;;;;;
;;;;;;;;;;;;;;;;;;;;;;;
;;;;;;;;;;;;;;;;;;;;;;;
;;;;;;;;;;;;;;;;;;;;;;;
;;;;;;;;;;;;;;;;;;;;;;;
;;;;;;;;;;;;;;;;;;;;;;;
;;;;;;;;;;;;;;;;;;;;;;;
;;;;;;;;;;;;;;;;;;;;;;;
;;;;;;;;;;;;;;;;;;;;;;;
;;;;;;;;;;;;;;;;;;;;;;;
;;;;;;;;;;;;;;;;;;;;;;;
;;;;;;;;;;;;;;;;;;;;;;;
;;;;;;;;;;;;;;;;;;;;;;;
;;;;;;;;;;;;;;;;;;;;;;;
;;;;;;;;;;;;;;;;;;;;;;;
;;;;;;;;;;;;;;;;;;;;;;;
;;;;;;;;;;;;;;;;;;;;;;;
;;;;;;;;;;;;;;;;;;;;;;;
;;;;;;;;;;;;;;;;;;;;;;;
;;;;;;;;;;;;;;;;;;;;;;;
;;;;;;;;;;;;;;;;;;;;;;;
;;;;;;;;;;;;;;;;;;;;;;;
;;;;;;;;;;;;;;;;;;;;;;;
;;;;;;;;;;;;;;;;;;;;;;;
;;;;;;;;;;;;;;;;;;;;;;;
;;;;;;;;;;;;;;;;;;;;;;;
;;;;;;;;;;;;;;;;;;;;;;;
;;;;;;;;;;;;;;;;;;;;;;;
;;;;;;;;;;;;;;;;;;;;;;;
;;;;;;;;;;;;;;;;;;;;;;;
;;;;;;;;;;;;;;;;;;;;;;;
;;;;;;;;;;;;;;;;;;;;;;;
;;;;;;;;;;;;;;;;;;;;;;;
;;;;;;;;;;;;;;;;;;;;;;;
;;;;;;;;;;;;;;;;;;;;;;;
;;;;;;;;;;;;;;;;;;;;;;;
;;;;;;;;;;;;;;;;;;;;;;;
;;;;;;;;;;;;;;;;;;;;;;;
;;;;;;;;;;;;;;;;;;;;;;;
;;;;;;;;;;;;;;;;;;;;;;;
;;;;;;;;;;;;;;;;;;;;;;;
;;;;;;;;;;;;;;;;;;;;;;;
;;;;;;;;;;;;;;;;;;;;;;;
;;;;;;;;;;;;;;;;;;;;;;;
;;;;;;;;;;;;;;;;;;;;;;;
;;;;;;;;;;;;;;;;;;;;;;;
;;;;;;;;;;;;;;;;;;;;;;;
;;;;;;;;;;;;;;;;;;;;;;;
;;;;;;;;;;;;;;;;;;;;;;;
;;;;;;;;;;;;;;;;;;;;;;;
;;;;;;;;;;;;;;;;;;;;;;;
;;;;;;;;;;;;;;;;;;;;;;;
;;;;;;;;;;;;;;;;;;;;;;;
;;;;;;;;;;;;;;;;;;;;;;;
;;;;;;;;;;;;;;;;;;;;;;;
;;;;;;;;;;;;;;;;;;;;;;;
;;;;;;;;;;;;;;;;;;;;;;;
;;;;;;;;;;;;;;;;;;;;;;;
;;;;;;;;;;;;;;;;;;;;;;;
;;;;;;;;;;;;;;;;;;;;;;;
;;;;;;;;;;;;;;;;;;;;;;;
;;;;;;;;;;;;;;;;;;;;;;;
;;;;;;;;;;;;;;;;;;;;;;;
;;;;;;;;;;;;;;;;;;;;;;;
;;;;;;;;;;;;;;;;;;;;;;;
;;;;;;;;;;;;;;;;;;;;;;;
;;;;;;;;;;;;;;;;;;;;;;;
;;;;;;;;;;;;;;;;;;;;;;;
;;;;;;;;;;;;;;;;;;;;;;;
;;;;;;;;;;;;;;;;;;;;;;;
;;;;;;;;;;;;;;;;;;;;;;;
;;;;;;;;;;;;;;;;;;;;;;;
;;;;;;;;;;;;;;;;;;;;;;;
;;;;;;;;;;;;;;;;;;;;;;;
;;;;;;;;;;;;;;;;;;;;;;;
;;;;;;;;;;;;;;;;;;;;;;;
;;;;;;;;;;;;;;;;;;;;;;;
;;;;;;;;;;;;;;;;;;;;;;;
;;;;;;;;;;;;;;;;;;;;;;;
;;;;;;;;;;;;;;;;;;;;;;;
;;;;;;;;;;;;;;;;;;;;;;;
;;;;;;;;;;;;;;;;;;;;;;;
;;;;;;;;;;;;;;;;;;;;;;;
;;;;;;;;;;;;;;;;;;;;;;;
;;;;;;;;;;;;;;;;;;;;;;;
;;;;;;;;;;;;;;;;;;;;;;;
;;;;;;;;;;;;;;;;;;;;;;;
;;;;;;;;;;;;;;;;;;;;;;;
;;;;;;;;;;;;;;;;;;;;;;;
;;;;;;;;;;;;;;;;;;;;;;;
;;;;;;;;;;;;;;;;;;;;;;;
;;;;;;;;;;;;;;;;;;;;;;;
;;;;;;;;;;;;;;;;;;;;;;;
;;;;;;;;;;;;;;;;;;;;;;;
;;;;;;;;;;;;;;;;;;;;;;;
;;;;;;;;;;;;;;;;;;;;;;;
;;;;;;;;;;;;;;;;;;;;;;;
;;;;;;;;;;;;;;;;;;;;;;;
;;;;;;;;;;;;;;;;;;;;;;;
;;;;;;;;;;;;;;;;;;;;;;;
;;;;;;;;;;;;;;;;;;;;;;;
;;;;;;;;;;;;;;;;;;;;;;;
;;;;;;;;;;;;;;;;;;;;;;;
;;;;;;;;;;;;;;;;;;;;;;;
;;;;;;;;;;;;;;;;;;;;;;;
;;;;;;;;;;;;;;;;;;;;;;;
;;;;;;;;;;;;;;;;;;;;;;;
;;;;;;;;;;;;;;;;;;;;;;;
;;;;;;;;;;;;;;;;;;;;;;;
;;;;;;;;;;;;;;;;;;;;;;;
;;;;;;;;;;;;;;;;;;;;;;;
;;;;;;;;;;;;;;;;;;;;;;;
;;;;;;;;;;;;;;;;;;;;;;;
;;;;;;;;;;;;;;;;;;;;;;;
;;;;;;;;;;;;;;;;;;;;;;;
;;;;;;;;;;;;;;;;;;;;;;;
;;;;;;;;;;;;;;;;;;;;;;;
;;;;;;;;;;;;;;;;;;;;;;;
;;;;;;;;;;;;;;;;;;;;;;;
;;;;;;;;;;;;;;;;;;;;;;;
;;;;;;;;;;;;;;;;;;;;;;;
;;;;;;;;;;;;;;;;;;;;;;;
;;;;;;;;;;;;;;;;;;;;;;;
;;;;;;;;;;;;;;;;;;;;;;;
;;;;;;;;;;;;;;;;;;;;;;;
;;;;;;;;;;;;;;;;;;;;;;;
;;;;;;;;;;;;;;;;;;;;;;;
;;;;;;;;;;;;;;;;;;;;;;;
;;;;;;;;;;;;;;;;;;;;;;;
;;;;;;;;;;;;;;;;;;;;;;;
;;;;;;;;;;;;;;;;;;;;;;;
;;;;;;;;;;;;;;;;;;;;;;;
;;;;;;;;;;;;;;;;;;;;;;;
;;;;;;;;;;;;;;;;;;;;;;;
;;;;;;;;;;;;;;;;;;;;;;;
;;;;;;;;;;;;;;;;;;;;;;;
;;;;;;;;;;;;;;;;;;;;;;;
;;;;;;;;;;;;;;;;;;;;;;;
;;;;;;;;;;;;;;;;;;;;;;;
;;;;;;;;;;;;;;;;;;;;;;;
;;;;;;;;;;;;;;;;;;;;;;;
;;;;;;;;;;;;;;;;;;;;;;;
;;;;;;;;;;;;;;;;;;;;;;;
;;;;;;;;;;;;;;;;;;;;;;;
;;;;;;;;;;;;;;;;;;;;;;;
;;;;;;;;;;;;;;;;;;;;;;;
;;;;;;;;;;;;;;;;;;;;;;;
;;;;;;;;;;;;;;;;;;;;;;;
;;;;;;;;;;;;;;;;;;;;;;;
;;;;;;;;;;;;;;;;;;;;;;;
;;;;;;;;;;;;;;;;;;;;;;;
;;;;;;;;;;;;;;;;;;;;;;;
;;;;;;;;;;;;;;;;;;;;;;;
;;;;;;;;;;;;;;;;;;;;;;;
;;;;;;;;;;;;;;;;;;;;;;;
;;;;;;;;;;;;;;;;;;;;;;;
;;;;;;;;;;;;;;;;;;;;;;;
;;;;;;;;;;;;;;;;;;;;;;;
;;;;;;;;;;;;;;;;;;;;;;;
;;;;;;;;;;;;;;;;;;;;;;;
;;;;;;;;;;;;;;;;;;;;;;;
;;;;;;;;;;;;;;;;;;;;;;;
;;;;;;;;;;;;;;;;;;;;;;;
;;;;;;;;;;;;;;;;;;;;;;;
;;;;;;;;;;;;;;;;;;;;;;;
;;;;;;;;;;;;;;;;;;;;;;;
;;;;;;;;;;;;;;;;;;;;;;;
;;;;;;;;;;;;;;;;;;;;;;;
;;;;;;;;;;;;;;;;;;;;;;;
;;;;;;;;;;;;;;;;;;;;;;;
;;;;;;;;;;;;;;;;;;;;;;;
;;;;;;;;;;;;;;;;;;;;;;;
;;;;;;;;;;;;;;;;;;;;;;;
;;;;;;;;;;;;;;;;;;;;;;;
;;;;;;;;;;;;;;;;;;;;;;;
;;;;;;;;;;;;;;;;;;;;;;;
;;;;;;;;;;;;;;;;;;;;;;;
;;;;;;;;;;;;;;;;;;;;;;;
;;;;;;;;;;;;;;;;;;;;;;;
;;;;;;;;;;;;;;;;;;;;;;;
;;;;;;;;;;;;;;;;;;;;;;;
;;;;;;;;;;;;;;;;;;;;;;;
;;;;;;;;;;;;;;;;;;;;;;;
;;;;;;;;;;;;;;;;;;;;;;;
;;;;;;;;;;;;;;;;;;;;;;;
;;;;;;;;;;;;;;;;;;;;;;;
;;;;;;;;;;;;;;;;;;;;;;;
;;;;;;;;;;;;;;;;;;;;;;;
;;;;;;;;;;;;;;;;;;;;;;;
;;;;;;;;;;;;;;;;;;;;;;;
;;;;;;;;;;;;;;;;;;;;;;;
;;;;;;;;;;;;;;;;;;;;;;;
;;;;;;;;;;;;;;;;;;;;;;;
;;;;;;;;;;;;;;;;;;;;;;;
;;;;;;;;;;;;;;;;;;;;;;;
;;;;;;;;;;;;;;;;;;;;;;;
;;;;;;;;;;;;;;;;;;;;;;;
;;;;;;;;;;;;;;;;;;;;;;;
;;;;;;;;;;;;;;;;;;;;;;;
;;;;;;;;;;;;;;;;;;;;;;;
;;;;;;;;;;;;;;;;;;;;;;;
;;;;;;;;;;;;;;;;;;;;;;;
;;;;;;;;;;;;;;;;;;;;;;;
;;;;;;;;;;;;;;;;;;;;;;;
;;;;;;;;;;;;;;;;;;;;;;;
;;;;;;;;;;;;;;;;;;;;;;;
;;;;;;;;;;;;;;;;;;;;;;;
;;;;;;;;;;;;;;;;;;;;;;;
;;;;;;;;;;;;;;;;;;;;;;;
;;;;;;;;;;;;;;;;;;;;;;;
;;;;;;;;;;;;;;;;;;;;;;;
;;;;;;;;;;;;;;;;;;;;;;;
;;;;;;;;;;;;;;;;;;;;;;;
;;;;;;;;;;;;;;;;;;;;;;;
;;;;;;;;;;;;;;;;;;;;;;;
;;;;;;;;;;;;;;;;;;;;;;;
;;;;;;;;;;;;;;;;;;;;;;;
;;;;;;;;;;;;;;;;;;;;;;;
;;;;;;;;;;;;;;;;;;;;;;;
;;;;;;;;;;;;;;;;;;;;;;;
;;;;;;;;;;;;;;;;;;;;;;;
;;;;;;;;;;;;;;;;;;;;;;;
;;;;;;;;;;;;;;;;;;;;;;;
;;;;;;;;;;;;;;;;;;;;;;;
;;;;;;;;;;;;;;;;;;;;;;;
;;;;;;;;;;;;;;;;;;;;;;;
;;;;;;;;;;;;;;;;;;;;;;;
;;;;;;;;;;;;;;;;;;;;;;;
;;;;;;;;;;;;;;;;;;;;;;;
;;;;;;;;;;;;;;;;;;;;;;;
;;;;;;;;;;;;;;;;;;;;;;;
;;;;;;;;;;;;;;;;;;;;;;;
;;;;;;;;;;;;;;;;;;;;;;;
;;;;;;;;;;;;;;;;;;;;;;;
;;;;;;;;;;;;;;;;;;;;;;;
;;;;;;;;;;;;;;;;;;;;;;;
;;;;;;;;;;;;;;;;;;;;;;;
;;;;;;;;;;;;;;;;;;;;;;;
;;;;;;;;;;;;;;;;;;;;;;;
;;;;;;;;;;;;;;;;;;;;;;;
;;;;;;;;;;;;;;;;;;;;;;;
;;;;;;;;;;;;;;;;;;;;;;;
;;;;;;;;;;;;;;;;;;;;;;;
;;;;;;;;;;;;;;;;;;;;;;;
;;;;;;;;;;;;;;;;;;;;;;;
;;;;;;;;;;;;;;;;;;;;;;;
;;;;;;;;;;;;;;;;;;;;;;;
;;;;;;;;;;;;;;;;;;;;;;;
;;;;;;;;;;;;;;;;;;;;;;;
;;;;;;;;;;;;;;;;;;;;;;;
;;;;;;;;;;;;;;;;;;;;;;;
;;;;;;;;;;;;;;;;;;;;;;;
;;;;;;;;;;;;;;;;;;;;;;;
;;;;;;;;;;;;;;;;;;;;;;;
;;;;;;;;;;;;;;;;;;;;;;;
;;;;;;;;;;;;;;;;;;;;;;;
;;;;;;;;;;;;;;;;;;;;;;;
;;;;;;;;;;;;;;;;;;;;;;;
;;;;;;;;;;;;;;;;;;;;;;;
;;;;;;;;;;;;;;;;;;;;;;;
;;;;;;;;;;;;;;;;;;;;;;;
;;;;;;;;;;;;;;;;;;;;;;;
;;;;;;;;;;;;;;;;;;;;;;;
;;;;;;;;;;;;;;;;;;;;;;;
;;;;;;;;;;;;;;;;;;;;;;;
;;;;;;;;;;;;;;;;;;;;;;;
;;;;;;;;;;;;;;;;;;;;;;;
;;;;;;;;;;;;;;;;;;;;;;;
;;;;;;;;;;;;;;;;;;;;;;;
;;;;;;;;;;;;;;;;;;;;;;;
;;;;;;;;;;;;;;;;;;;;;;;
;;;;;;;;;;;;;;;;;;;;;;;
;;;;;;;;;;;;;;;;;;;;;;;
;;;;;;;;;;;;;;;;;;;;;;;
;;;;;;;;;;;;;;;;;;;;;;;
;;;;;;;;;;;;;;;;;;;;;;;
;;;;;;;;;;;;;;;;;;;;;;;
;;;;;;;;;;;;;;;;;;;;;;;
;;;;;;;;;;;;;;;;;;;;;;;
;;;;;;;;;;;;;;;;;;;;;;;
;;;;;;;;;;;;;;;;;;;;;;;
;;;;;;;;;;;;;;;;;;;;;;;
;;;;;;;;;;;;;;;;;;;;;;;
;;;;;;;;;;;;;;;;;;;;;;;
;;;;;;;;;;;;;;;;;;;;;;;
;;;;;;;;;;;;;;;;;;;;;;;
;;;;;;;;;;;;;;;;;;;;;;;
;;;;;;;;;;;;;;;;;;;;;;;
;;;;;;;;;;;;;;;;;;;;;;;
;;;;;;;;;;;;;;;;;;;;;;;
;;;;;;;;;;;;;;;;;;;;;;;
;;;;;;;;;;;;;;;;;;;;;;;
;;;;;;;;;;;;;;;;;;;;;;;
;;;;;;;;;;;;;;;;;;;;;;;
;;;;;;;;;;;;;;;;;;;;;;;
;;;;;;;;;;;;;;;;;;;;;;;
;;;;;;;;;;;;;;;;;;;;;;;
;;;;;;;;;;;;;;;;;;;;;;;
;;;;;;;;;;;;;;;;;;;;;;;
;;;;;;;;;;;;;;;;;;;;;;;
;;;;;;;;;;;;;;;;;;;;;;;
;;;;;;;;;;;;;;;;;;;;;;;
;;;;;;;;;;;;;;;;;;;;;;;
;;;;;;;;;;;;;;;;;;;;;;;
;;;;;;;;;;;;;;;;;;;;;;;
;;;;;;;;;;;;;;;;;;;;;;;
;;;;;;;;;;;;;;;;;;;;;;;
;;;;;;;;;;;;;;;;;;;;;;;
;;;;;;;;;;;;;;;;;;;;;;;
;;;;;;;;;;;;;;;;;;;;;;;
;;;;;;;;;;;;;;;;;;;;;;;
;;;;;;;;;;;;;;;;;;;;;;;
;;;;;;;;;;;;;;;;;;;;;;;
;;;;;;;;;;;;;;;;;;;;;;;
;;;;;;;;;;;;;;;;;;;;;;;
;;;;;;;;;;;;;;;;;;;;;;;
;;;;;;;;;;;;;;;;;;;;;;;
;;;;;;;;;;;;;;;;;;;;;;;
;;;;;;;;;;;;;;;;;;;;;;;
;;;;;;;;;;;;;;;;;;;;;;;
;;;;;;;;;;;;;;;;;;;;;;;
;;;;;;;;;;;;;;;;;;;;;;;
;;;;;;;;;;;;;;;;;;;;;;;
;;;;;;;;;;;;;;;;;;;;;;;
;;;;;;;;;;;;;;;;;;;;;;;
;;;;;;;;;;;;;;;;;;;;;;;
;;;;;;;;;;;;;;;;;;;;;;;
;;;;;;;;;;;;;;;;;;;;;;;
;;;;;;;;;;;;;;;;;;;;;;;
;;;;;;;;;;;;;;;;;;;;;;;
;;;;;;;;;;;;;;;;;;;;;;;
;;;;;;;;;;;;;;;;;;;;;;;
;;;;;;;;;;;;;;;;;;;;;;;
;;;;;;;;;;;;;;;;;;;;;;;
;;;;;;;;;;;;;;;;;;;;;;;
;;;;;;;;;;;;;;;;;;;;;;;
;;;;;;;;;;;;;;;;;;;;;;;
;;;;;;;;;;;;;;;;;;;;;;;
;;;;;;;;;;;;;;;;;;;;;;;
;;;;;;;;;;;;;;;;;;;;;;;
;;;;;;;;;;;;;;;;;;;;;;;
;;;;;;;;;;;;;;;;;;;;;;;
;;;;;;;;;;;;;;;;;;;;;;;
;;;;;;;;;;;;;;;;;;;;;;;
;;;;;;;;;;;;;;;;;;;;;;;
;;;;;;;;;;;;;;;;;;;;;;;
;;;;;;;;;;;;;;;;;;;;;;;
;;;;;;;;;;;;;;;;;;;;;;;
;;;;;;;;;;;;;;;;;;;;;;;
;;;;;;;;;;;;;;;;;;;;;;;
;;;;;;;;;;;;;;;;;;;;;;;
;;;;;;;;;;;;;;;;;;;;;;;
;;;;;;;;;;;;;;;;;;;;;;;
;;;;;;;;;;;;;;;;;;;;;;;
;;;;;;;;;;;;;;;;;;;;;;;
;;;;;;;;;;;;;;;;;;;;;;;
;;;;;;;;;;;;;;;;;;;;;;;
;;;;;;;;;;;;;;;;;;;;;;;
;;;;;;;;;;;;;;;;;;;;;;;
;;;;;;;;;;;;;;;;;;;;;;;
;;;;;;;;;;;;;;;;;;;;;;;
;;;;;;;;;;;;;;;;;;;;;;;
;;;;;;;;;;;;;;;;;;;;;;;
;;;;;;;;;;;;;;;;;;;;;;;
;;;;;;;;;;;;;;;;;;;;;;;
;;;;;;;;;;;;;;;;;;;;;;;
;;;;;;;;;;;;;;;;;;;;;;;
;;;;;;;;;;;;;;;;;;;;;;;
;;;;;;;;;;;;;;;;;;;;;;;
;;;;;;;;;;;;;;;;;;;;;;;
;;;;;;;;;;;;;;;;;;;;;;;
;;;;;;;;;;;;;;;;;;;;;;;
;;;;;;;;;;;;;;;;;;;;;;;
;;;;;;;;;;;;;;;;;;;;;;;
;;;;;;;;;;;;;;;;;;;;;;;
;;;;;;;;;;;;;;;;;;;;;;;
;;;;;;;;;;;;;;;;;;;;;;;
;;;;;;;;;;;;;;;;;;;;;;;
;;;;;;;;;;;;;;;;;;;;;;;
;;;;;;;;;;;;;;;;;;;;;;;
;;;;;;;;;;;;;;;;;;;;;;;
;;;;;;;;;;;;;;;;;;;;;;;
;;;;;;;;;;;;;;;;;;;;;;;
;;;;;;;;;;;;;;;;;;;;;;;
;;;;;;;;;;;;;;;;;;;;;;;
;;;;;;;;;;;;;;;;;;;;;;;
;;;;;;;;;;;;;;;;;;;;;;;
;;;;;;;;;;;;;;;;;;;;;;;
;;;;;;;;;;;;;;;;;;;;;;;
;;;;;;;;;;;;;;;;;;;;;;;
;;;;;;;;;;;;;;;;;;;;;;;
;;;;;;;;;;;;;;;;;;;;;;;
;;;;;;;;;;;;;;;;;;;;;;;
;;;;;;;;;;;;;;;;;;;;;;;
;;;;;;;;;;;;;;;;;;;;;;;
;;;;;;;;;;;;;;;;;;;;;;;
;;;;;;;;;;;;;;;;;;;;;;;
;;;;;;;;;;;;;;;;;;;;;;;
;;;;;;;;;;;;;;;;;;;;;;;
;;;;;;;;;;;;;;;;;;;;;;;
;;;;;;;;;;;;;;;;;;;;;;;
;;;;;;;;;;;;;;;;;;;;;;;
;;;;;;;;;;;;;;;;;;;;;;;
;;;;;;;;;;;;;;;;;;;;;;;
;;;;;;;;;;;;;;;;;;;;;;;
;;;;;;;;;;;;;;;;;;;;;;;
;;;;;;;;;;;;;;;;;;;;;;;
;;;;;;;;;;;;;;;;;;;;;;;
;;;;;;;;;;;;;;;;;;;;;;;
;;;;;;;;;;;;;;;;;;;;;;;
;;;;;;;;;;;;;;;;;;;;;;;
;;;;;;;;;;;;;;;;;;;;;;;
;;;;;;;;;;;;;;;;;;;;;;;
;;;;;;;;;;;;;;;;;;;;;;;
;;;;;;;;;;;;;;;;;;;;;;;
;;;;;;;;;;;;;;;;;;;;;;;
;;;;;;;;;;;;;;;;;;;;;;;
;;;;;;;;;;;;;;;;;;;;;;;
;;;;;;;;;;;;;;;;;;;;;;;
;;;;;;;;;;;;;;;;;;;;;;;
;;;;;;;;;;;;;;;;;;;;;;;
;;;;;;;;;;;;;;;;;;;;;;;
;;;;;;;;;;;;;;;;;;;;;;;
;;;;;;;;;;;;;;;;;;;;;;;
;;;;;;;;;;;;;;;;;;;;;;;
;;;;;;;;;;;;;;;;;;;;;;;
;;;;;;;;;;;;;;;;;;;;;;;
;;;;;;;;;;;;;;;;;;;;;;;
;;;;;;;;;;;;;;;;;;;;;;;
;;;;;;;;;;;;;;;;;;;;;;;
;;;;;;;;;;;;;;;;;;;;;;;
;;;;;;;;;;;;;;;;;;;;;;;
;;;;;;;;;;;;;;;;;;;;;;;
;;;;;;;;;;;;;;;;;;;;;;;
;;;;;;;;;;;;;;;;;;;;;;;
;;;;;;;;;;;;;;;;;;;;;;;
;;;;;;;;;;;;;;;;;;;;;;;
;;;;;;;;;;;;;;;;;;;;;;;
;;;;;;;;;;;;;;;;;;;;;;;
;;;;;;;;;;;;;;;;;;;;;;;
;;;;;;;;;;;;;;;;;;;;;;;
;;;;;;;;;;;;;;;;;;;;;;;
;;;;;;;;;;;;;;;;;;;;;;;
;;;;;;;;;;;;;;;;;;;;;;;
;;;;;;;;;;;;;;;;;;;;;;;
;;;;;;;;;;;;;;;;;;;;;;;
;;;;;;;;;;;;;;;;;;;;;;;
;;;;;;;;;;;;;;;;;;;;;;;
;;;;;;;;;;;;;;;;;;;;;;;
;;;;;;;;;;;;;;;;;;;;;;;
;;;;;;;;;;;;;;;;;;;;;;;
;;;;;;;;;;;;;;;;;;;;;;;
;;;;;;;;;;;;;;;;;;;;;;;
;;;;;;;;;;;;;;;;;;;;;;;
;;;;;;;;;;;;;;;;;;;;;;;
;;;;;;;;;;;;;;;;;;;;;;;
;;;;;;;;;;;;;;;;;;;;;;;
;;;;;;;;;;;;;;;;;;;;;;;
;;;;;;;;;;;;;;;;;;;;;;;
;;;;;;;;;;;;;;;;;;;;;;;
;;;;;;;;;;;;;;;;;;;;;;;
;;;;;;;;;;;;;;;;;;;;;;;
;;;;;;;;;;;;;;;;;;;;;;;
;;;;;;;;;;;;;;;;;;;;;;;
;;;;;;;;;;;;;;;;;;;;;;;
;;;;;;;;;;;;;;;;;;;;;;;
;;;;;;;;;;;;;;;;;;;;;;;
;;;;;;;;;;;;;;;;;;;;;;;
;;;;;;;;;;;;;;;;;;;;;;;
;;;;;;;;;;;;;;;;;;;;;;;
;;;;;;;;;;;;;;;;;;;;;;;
;;;;;;;;;;;;;;;;;;;;;;;
;;;;;;;;;;;;;;;;;;;;;;;
;;;;;;;;;;;;;;;;;;;;;;;
;;;;;;;;;;;;;;;;;;;;;;;
;;;;;;;;;;;;;;;;;;;;;;;
;;;;;;;;;;;;;;;;;;;;;;;
;;;;;;;;;;;;;;;;;;;;;;;
;;;;;;;;;;;;;;;;;;;;;;;
;;;;;;;;;;;;;;;;;;;;;;;
;;;;;;;;;;;;;;;;;;;;;;;
;;;;;;;;;;;;;;;;;;;;;;;
;;;;;;;;;;;;;;;;;;;;;;;
;;;;;;;;;;;;;;;;;;;;;;;
;;;;;;;;;;;;;;;;;;;;;;;
;;;;;;;;;;;;;;;;;;;;;;;
;;;;;;;;;;;;;;;;;;;;;;;
;;;;;;;;;;;;;;;;;;;;;;;
;;;;;;;;;;;;;;;;;;;;;;;
;;;;;;;;;;;;;;;;;;;;;;;
;;;;;;;;;;;;;;;;;;;;;;;
;;;;;;;;;;;;;;;;;;;;;;;
;;;;;;;;;;;;;;;;;;;;;;;
;;;;;;;;;;;;;;;;;;;;;;;
;;;;;;;;;;;;;;;;;;;;;;;
;;;;;;;;;;;;;;;;;;;;;;;
;;;;;;;;;;;;;;;;;;;;;;;
;;;;;;;;;;;;;;;;;;;;;;;
;;;;;;;;;;;;;;;;;;;;;;;
;;;;;;;;;;;;;;;;;;;;;;;
;;;;;;;;;;;;;;;;;;;;;;;
;;;;;;;;;;;;;;;;;;;;;;;
;;;;;;;;;;;;;;;;;;;;;;;
;;;;;;;;;;;;;;;;;;;;;;;
;;;;;;;;;;;;;;;;;;;;;;;
;;;;;;;;;;;;;;;;;;;;;;;
;;;;;;;;;;;;;;;;;;;;;;;
;;;;;;;;;;;;;;;;;;;;;;;
;;;;;;;;;;;;;;;;;;;;;;;
;;;;;;;;;;;;;;;;;;;;;;;
;;;;;;;;;;;;;;;;;;;;;;;
;;;;;;;;;;;;;;;;;;;;;;;
;;;;;;;;;;;;;;;;;;;;;;;
;;;;;;;;;;;;;;;;;;;;;;;
;;;;;;;;;;;;;;;;;;;;;;;
;;;;;;;;;;;;;;;;;;;;;;;
;;;;;;;;;;;;;;;;;;;;;;;
;;;;;;;;;;;;;;;;;;;;;;;
;;;;;;;;;;;;;;;;;;;;;;;
;;;;;;;;;;;;;;;;;;;;;;;
;;;;;;;;;;;;;;;;;;;;;;;
;;;;;;;;;;;;;;;;;;;;;;;
;;;;;;;;;;;;;;;;;;;;;;;
;;;;;;;;;;;;;;;;;;;;;;;
;;;;;;;;;;;;;;;;;;;;;;;
;;;;;;;;;;;;;;;;;;;;;;;
;;;;;;;;;;;;;;;;;;;;;;;
;;;;;;;;;;;;;;;;;;;;;;;
;;;;;;;;;;;;;;;;;;;;;;;
;;;;;;;;;;;;;;;;;;;;;;;
;;;;;;;;;;;;;;;;;;;;;;;
;;;;;;;;;;;;;;;;;;;;;;;
;;;;;;;;;;;;;;;;;;;;;;;
;;;;;;;;;;;;;;;;;;;;;;;
;;;;;;;;;;;;;;;;;;;;;;;
;;;;;;;;;;;;;;;;;;;;;;;
;;;;;;;;;;;;;;;;;;;;;;;
;;;;;;;;;;;;;;;;;;;;;;;
;;;;;;;;;;;;;;;;;;;;;;;
;;;;;;;;;;;;;;;;;;;;;;;
;;;;;;;;;;;;;;;;;;;;;;;
;;;;;;;;;;;;;;;;;;;;;;;
;;;;;;;;;;;;;;;;;;;;;;;
;;;;;;;;;;;;;;;;;;;;;;;
;;;;;;;;;;;;;;;;;;;;;;;
;;;;;;;;;;;;;;;;;;;;;;;
;;;;;;;;;;;;;;;;;;;;;;;
;;;;;;;;;;;;;;;;;;;;;;;
;;;;;;;;;;;;;;;;;;;;;;;
;;;;;;;;;;;;;;;;;;;;;;;
;;;;;;;;;;;;;;;;;;;;;;;
;;;;;;;;;;;;;;;;;;;;;;;
;;;;;;;;;;;;;;;;;;;;;;;
;;;;;;;;;;;;;;;;;;;;;;;
;;;;;;;;;;;;;;;;;;;;;;;
;;;;;;;;;;;;;;;;;;;;;;;
;;;;;;;;;;;;;;;;;;;;;;;
;;;;;;;;;;;;;;;;;;;;;;;
;;;;;;;;;;;;;;;;;;;;;;;
;;;;;;;;;;;;;;;;;;;;;;;
;;;;;;;;;;;;;;;;;;;;;;;
;;;;;;;;;;;;;;;;;;;;;;;
;;;;;;;;;;;;;;;;;;;;;;;
;;;;;;;;;;;;;;;;;;;;;;;
;;;;;;;;;;;;;;;;;;;;;;;
;;;;;;;;;;;;;;;;;;;;;;;
;;;;;;;;;;;;;;;;;;;;;;;
;;;;;;;;;;;;;;;;;;;;;;;
;;;;;;;;;;;;;;;;;;;;;;;
;;;;;;;;;;;;;;;;;;;;;;;
;;;;;;;;;;;;;;;;;;;;;;;
;;;;;;;;;;;;;;;;;;;;;;;
;;;;;;;;;;;;;;;;;;;;;;;
;;;;;;;;;;;;;;;;;;;;;;;
;;;;;;;;;;;;;;;;;;;;;;;
;;;;;;;;;;;;;;;;;;;;;;;
;;;;;;;;;;;;;;;;;;;;;;;
;;;;;;;;;;;;;;;;;;;;;;;
;;;;;;;;;;;;;;;;;;;;;;;
;;;;;;;;;;;;;;;;;;;;;;;
;;;;;;;;;;;;;;;;;;;;;;;
;;;;;;;;;;;;;;;;;;;;;;;
;;;;;;;;;;;;;;;;;;;;;;;
;;;;;;;;;;;;;;;;;;;;;;;
;;;;;;;;;;;;;;;;;;;;;;;
;;;;;;;;;;;;;;;;;;;;;;;
;;;;;;;;;;;;;;;;;;;;;;;
;;;;;;;;;;;;;;;;;;;;;;;
;;;;;;;;;;;;;;;;;;;;;;;
;;;;;;;;;;;;;;;;;;;;;;;
;;;;;;;;;;;;;;;;;;;;;;;
;;;;;;;;;;;;;;;;;;;;;;;
;;;;;;;;;;;;;;;;;;;;;;;
;;;;;;;;;;;;;;;;;;;;;;;
;;;;;;;;;;;;;;;;;;;;;;;
;;;;;;;;;;;;;;;;;;;;;;;
;;;;;;;;;;;;;;;;;;;;;;;
;;;;;;;;;;;;;;;;;;;;;;;
;;;;;;;;;;;;;;;;;;;;;;;
;;;;;;;;;;;;;;;;;;;;;;;
;;;;;;;;;;;;;;;;;;;;;;;
;;;;;;;;;;;;;;;;;;;;;;;
;;;;;;;;;;;;;;;;;;;;;;;
;;;;;;;;;;;;;;;;;;;;;;;
;;;;;;;;;;;;;;;;;;;;;;;
;;;;;;;;;;;;;;;;;;;;;;;
;;;;;;;;;;;;;;;;;;;;;;;
;;;;;;;;;;;;;;;;;;;;;;;
;;;;;;;;;;;;;;;;;;;;;;;
;;;;;;;;;;;;;;;;;;;;;;;
;;;;;;;;;;;;;;;;;;;;;;;
;;;;;;;;;;;;;;;;;;;;;;;
;;;;;;;;;;;;;;;;;;;;;;;
;;;;;;;;;;;;;;;;;;;;;;;
;;;;;;;;;;;;;;;;;;;;;;;
;;;;;;;;;;;;;;;;;;;;;;;
;;;;;;;;;;;;;;;;;;;;;;;
;;;;;;;;;;;;;;;;;;;;;;;
;;;;;;;;;;;;;;;;;;;;;;;
;;;;;;;;;;;;;;;;;;;;;;;
;;;;;;;;;;;;;;;;;;;;;;;
;;;;;;;;;;;;;;;;;;;;;;;
;;;;;;;;;;;;;;;;;;;;;;;
;;;;;;;;;;;;;;;;;;;;;;;
;;;;;;;;;;;;;;;;;;;;;;;
;;;;;;;;;;;;;;;;;;;;;;;
;;;;;;;;;;;;;;;;;;;;;;;
;;;;;;;;;;;;;;;;;;;;;;;
;;;;;;;;;;;;;;;;;;;;;;;
;;;;;;;;;;;;;;;;;;;;;;;
;;;;;;;;;;;;;;;;;;;;;;;
;;;;;;;;;;;;;;;;;;;;;;;
;;;;;;;;;;;;;;;;;;;;;;;
;;;;;;;;;;;;;;;;;;;;;;;
;;;;;;;;;;;;;;;;;;;;;;;
;;;;;;;;;;;;;;;;;;;;;;;
;;;;;;;;;;;;;;;;;;;;;;;
;;;;;;;;;;;;;;;;;;;;;;;
;;;;;;;;;;;;;;;;;;;;;;;
;;;;;;;;;;;;;;;;;;;;;;;
;;;;;;;;;;;;;;;;;;;;;;;
;;;;;;;;;;;;;;;;;;;;;;;
;;;;;;;;;;;;;;;;;;;;;;;
;;;;;;;;;;;;;;;;;;;;;;;
;;;;;;;;;;;;;;;;;;;;;;;
;;;;;;;;;;;;;;;;;;;;;;;
;;;;;;;;;;;;;;;;;;;;;;;
;;;;;;;;;;;;;;;;;;;;;;;
;;;;;;;;;;;;;;;;;;;;;;;
;;;;;;;;;;;;;;;;;;;;;;;
;;;;;;;;;;;;;;;;;;;;;;;
;;;;;;;;;;;;;;;;;;;;;;;
;;;;;;;;;;;;;;;;;;;;;;;
;;;;;;;;;;;;;;;;;;;;;;;
;;;;;;;;;;;;;;;;;;;;;;;
;;;;;;;;;;;;;;;;;;;;;;;
;;;;;;;;;;;;;;;;;;;;;;;
;;;;;;;;;;;;;;;;;;;;;;;
;;;;;;;;;;;;;;;;;;;;;;;
;;;;;;;;;;;;;;;;;;;;;;;
;;;;;;;;;;;;;;;;;;;;;;;
;;;;;;;;;;;;;;;;;;;;;;;
;;;;;;;;;;;;;;;;;;;;;;;
;;;;;;;;;;;;;;;;;;;;;;;
;;;;;;;;;;;;;;;;;;;;;;;
;;;;;;;;;;;;;;;;;;;;;;;
;;;;;;;;;;;;;;;;;;;;;;;
;;;;;;;;;;;;;;;;;;;;;;;
;;;;;;;;;;;;;;;;;;;;;;;
;;;;;;;;;;;;;;;;;;;;;;;
;;;;;;;;;;;;;;;;;;;;;;;
;;;;;;;;;;;;;;;;;;;;;;;
;;;;;;;;;;;;;;;;;;;;;;;
;;;;;;;;;;;;;;;;;;;;;;;
;;;;;;;;;;;;;;;;;;;;;;;
;;;;;;;;;;;;;;;;;;;;;;;
;;;;;;;;;;;;;;;;;;;;;;;
;;;;;;;;;;;;;;;;;;;;;;;
;;;;;;;;;;;;;;;;;;;;;;;
;;;;;;;;;;;;;;;;;;;;;;;
;;;;;;;;;;;;;;;;;;;;;;;
;;;;;;;;;;;;;;;;;;;;;;;
;;;;;;;;;;;;;;;;;;;;;;;
;;;;;;;;;;;;;;;;;;;;;;;
;;;;;;;;;;;;;;;;;;;;;;;
;;;;;;;;;;;;;;;;;;;;;;;
;;;;;;;;;;;;;;;;;;;;;;;
;;;;;;;;;;;;;;;;;;;;;;;
;;;;;;;;;;;;;;;;;;;;;;;
;;;;;;;;;;;;;;;;;;;;;;;
;;;;;;;;;;;;;;;;;;;;;;;
;;;;;;;;;;;;;;;;;;;;;;;
;;;;;;;;;;;;;;;;;;;;;;;
;;;;;;;;;;;;;;;;;;;;;;;
;;;;;;;;;;;;;;;;;;;;;;;
;;;;;;;;;;;;;;;;;;;;;;;
;;;;;;;;;;;;;;;;;;;;;;;
;;;;;;;;;;;;;;;;;;;;;;;
;;;;;;;;;;;;;;;;;;;;;;;
;;;;;;;;;;;;;;;;;;;;;;;
;;;;;;;;;;;;;;;;;;;;;;;
;;;;;;;;;;;;;;;;;;;;;;;
;;;;;;;;;;;;;;;;;;;;;;;
;;;;;;;;;;;;;;;;;;;;;;;
;;;;;;;;;;;;;;;;;;;;;;;
;;;;;;;;;;;;;;;;;;;;;;;
;;;;;;;;;;;;;;;;;;;;;;;
;;;;;;;;;;;;;;;;;;;;;;;
;;;;;;;;;;;;;;;;;;;;;;;
;;;;;;;;;;;;;;;;;;;;;;;
;;;;;;;;;;;;;;;;;;;;;;;
;;;;;;;;;;;;;;;;;;;;;;;
;;;;;;;;;;;;;;;;;;;;;;;
;;;;;;;;;;;;;;;;;;;;;;;
;;;;;;;;;;;;;;;;;;;;;;;
;;;;;;;;;;;;;;;;;;;;;;;
;;;;;;;;;;;;;;;;;;;;;;;
;;;;;;;;;;;;;;;;;;;;;;;
;;;;;;;;;;;;;;;;;;;;;;;
;;;;;;;;;;;;;;;;;;;;;;;
;;;;;;;;;;;;;;;;;;;;;;;
;;;;;;;;;;;;;;;;;;;;;;;
;;;;;;;;;;;;;;;;;;;;;;;
;;;;;;;;;;;;;;;;;;;;;;;
;;;;;;;;;;;;;;;;;;;;;;;
;;;;;;;;;;;;;;;;;;;;;;;
;;;;;;;;;;;;;;;;;;;;;;;
;;;;;;;;;;;;;;;;;;;;;;;
;;;;;;;;;;;;;;;;;;;;;;;
;;;;;;;;;;;;;;;;;;;;;;;
;;;;;;;;;;;;;;;;;;;;;;;
;;;;;;;;;;;;;;;;;;;;;;;
;;;;;;;;;;;;;;;;;;;;;;;
;;;;;;;;;;;;;;;;;;;;;;;
;;;;;;;;;;;;;;;;;;;;;;;
;;;;;;;;;;;;;;;;;;;;;;;
;;;;;;;;;;;;;;;;;;;;;;;
;;;;;;;;;;;;;;;;;;;;;;;
;;;;;;;;;;;;;;;;;;;;;;;
;;;;;;;;;;;;;;;;;;;;;;;
;;;;;;;;;;;;;;;;;;;;;;;
;;;;;;;;;;;;;;;;;;;;;;;
;;;;;;;;;;;;;;;;;;;;;;;
;;;;;;;;;;;;;;;;;;;;;;;
;;;;;;;;;;;;;;;;;;;;;;;
;;;;;;;;;;;;;;;;;;;;;;;
;;;;;;;;;;;;;;;;;;;;;;;
;;;;;;;;;;;;;;;;;;;;;;;
;;;;;;;;;;;;;;;;;;;;;;;
;;;;;;;;;;;;;;;;;;;;;;;
;;;;;;;;;;;;;;;;;;;;;;;
;;;;;;;;;;;;;;;;;;;;;;;
;;;;;;;;;;;;;;;;;;;;;;;
;;;;;;;;;;;;;;;;;;;;;;;
;;;;;;;;;;;;;;;;;;;;;;;
;;;;;;;;;;;;;;;;;;;;;;;
;;;;;;;;;;;;;;;;;;;;;;;
;;;;;;;;;;;;;;;;;;;;;;;
;;;;;;;;;;;;;;;;;;;;;;;
;;;;;;;;;;;;;;;;;;;;;;;
;;;;;;;;;;;;;;;;;;;;;;;
;;;;;;;;;;;;;;;;;;;;;;;
;;;;;;;;;;;;;;;;;;;;;;;
;;;;;;;;;;;;;;;;;;;;;;;
;;;;;;;;;;;;;;;;;;;;;;;
;;;;;;;;;;;;;;;;;;;;;;;
;;;;;;;;;;;;;;;;;;;;;;;
;;;;;;;;;;;;;;;;;;;;;;;
;;;;;;;;;;;;;;;;;;;;;;;
;;;;;;;;;;;;;;;;;;;;;;;
;;;;;;;;;;;;;;;;;;;;;;;
;;;;;;;;;;;;;;;;;;;;;;;
;;;;;;;;;;;;;;;;;;;;;;;
;;;;;;;;;;;;;;;;;;;;;;;
;;;;;;;;;;;;;;;;;;;;;;;
;;;;;;;;;;;;;;;;;;;;;;;
;;;;;;;;;;;;;;;;;;;;;;;
;;;;;;;;;;;;;;;;;;;;;;;
;;;;;;;;;;;;;;;;;;;;;;;
;;;;;;;;;;;;;;;;;;;;;;;
;;;;;;;;;;;;;;;;;;;;;;;
;;;;;;;;;;;;;;;;;;;;;;;
;;;;;;;;;;;;;;;;;;;;;;;
;;;;;;;;;;;;;;;;;;;;;;;
;;;;;;;;;;;;;;;;;;;;;;;
;;;;;;;;;;;;;;;;;;;;;;;
;;;;;;;;;;;;;;;;;;;;;;;
;;;;;;;;;;;;;;;;;;;;;;;
;;;;;;;;;;;;;;;;;;;;;;;
;;;;;;;;;;;;;;;;;;;;;;;
;;;;;;;;;;;;;;;;;;;;;;;
;;;;;;;;;;;;;;;;;;;;;;;
;;;;;;;;;;;;;;;;;;;;;;;
;;;;;;;;;;;;;;;;;;;;;;;
;;;;;;;;;;;;;;;;;;;;;;;
;;;;;;;;;;;;;;;;;;;;;;;
;;;;;;;;;;;;;;;;;;;;;;;
;;;;;;;;;;;;;;;;;;;;;;;
;;;;;;;;;;;;;;;;;;;;;;;
;;;;;;;;;;;;;;;;;;;;;;;
;;;;;;;;;;;;;;;;;;;;;;;
;;;;;;;;;;;;;;;;;;;;;;;
;;;;;;;;;;;;;;;;;;;;;;;
;;;;;;;;;;;;;;;;;;;;;;;
;;;;;;;;;;;;;;;;;;;;;;;
;;;;;;;;;;;;;;;;;;;;;;;
;;;;;;;;;;;;;;;;;;;;;;;
;;;;;;;;;;;;;;;;;;;;;;;
;;;;;;;;;;;;;;;;;;;;;;;
;;;;;;;;;;;;;;;;;;;;;;;
;;;;;;;;;;;;;;;;;;;;;;;
;;;;;;;;;;;;;;;;;;;;;;;
;;;;;;;;;;;;;;;;;;;;;;;
;;;;;;;;;;;;;;;;;;;;;;;
;;;;;;;;;;;;;;;;;;;;;;;
;;;;;;;;;;;;;;;;;;;;;;;
;;;;;;;;;;;;;;;;;;;;;;;
;;;;;;;;;;;;;;;;;;;;;;;
;;;;;;;;;;;;;;;;;;;;;;;
;;;;;;;;;;;;;;;;;;;;;;;
;;;;;;;;;;;;;;;;;;;;;;;
;;;;;;;;;;;;;;;;;;;;;;;
;;;;;;;;;;;;;;;;;;;;;;;
;;;;;;;;;;;;;;;;;;;;;;;
;;;;;;;;;;;;;;;;;;;;;;;
;;;;;;;;;;;;;;;;;;;;;;;
;;;;;;;;;;;;;;;;;;;;;;;
;;;;;;;;;;;;;;;;;;;;;;;
;;;;;;;;;;;;;;;;;;;;;;;
;;;;;;;;;;;;;;;;;;;;;;;
;;;;;;;;;;;;;;;;;;;;;;;
;;;;;;;;;;;;;;;;;;;;;;;
;;;;;;;;;;;;;;;;;;;;;;;
;;;;;;;;;;;;;;;;;;;;;;;
;;;;;;;;;;;;;;;;;;;;;;;
;;;;;;;;;;;;;;;;;;;;;;;
;;;;;;;;;;;;;;;;;;;;;;;
;;;;;;;;;;;;;;;;;;;;;;;
;;;;;;;;;;;;;;;;;;;;;;;
;;;;;;;;;;;;;;;;;;;;;;;
;;;;;;;;;;;;;;;;;;;;;;;
;;;;;;;;;;;;;;;;;;;;;;;
;;;;;;;;;;;;;;;;;;;;;;;
;;;;;;;;;;;;;;;;;;;;;;;
;;;;;;;;;;;;;;;;;;;;;;;
;;;;;;;;;;;;;;;;;;;;;;;
;;;;;;;;;;;;;;;;;;;;;;;
;;;;;;;;;;;;;;;;;;;;;;;
;;;;;;;;;;;;;;;;;;;;;;;
;;;;;;;;;;;;;;;;;;;;;;;
;;;;;;;;;;;;;;;;;;;;;;;
;;;;;;;;;;;;;;;;;;;;;;;
;;;;;;;;;;;;;;;;;;;;;;;
;;;;;;;;;;;;;;;;;;;;;;;
;;;;;;;;;;;;;;;;;;;;;;;
;;;;;;;;;;;;;;;;;;;;;;;
;;;;;;;;;;;;;;;;;;;;;;;
;;;;;;;;;;;;;;;;;;;;;;;
;;;;;;;;;;;;;;;;;;;;;;;
;;;;;;;;;;;;;;;;;;;;;;;
;;;;;;;;;;;;;;;;;;;;;;;
;;;;;;;;;;;;;;;;;;;;;;;
;;;;;;;;;;;;;;;;;;;;;;;
;;;;;;;;;;;;;;;;;;;;;;;
;;;;;;;;;;;;;;;;;;;;;;;
;;;;;;;;;;;;;;;;;;;;;;;
;;;;;;;;;;;;;;;;;;;;;;;
;;;;;;;;;;;;;;;;;;;;;;;
;;;;;;;;;;;;;;;;;;;;;;;
;;;;;;;;;;;;;;;;;;;;;;;
;;;;;;;;;;;;;;;;;;;;;;;
;;;;;;;;;;;;;;;;;;;;;;;
;;;;;;;;;;;;;;;;;;;;;;;
;;;;;;;;;;;;;;;;;;;;;;;
;;;;;;;;;;;;;;;;;;;;;;;
;;;;;;;;;;;;;;;;;;;;;;;
;;;;;;;;;;;;;;;;;;;;;;;
;;;;;;;;;;;;;;;;;;;;;;;
;;;;;;;;;;;;;;;;;;;;;;;
;;;;;;;;;;;;;;;;;;;;;;;
;;;;;;;;;;;;;;;;;;;;;;;
;;;;;;;;;;;;;;;;;;;;;;;
;;;;;;;;;;;;;;;;;;;;;;;
;;;;;;;;;;;;;;;;;;;;;;;
;;;;;;;;;;;;;;;;;;;;;;;
;;;;;;;;;;;;;;;;;;;;;;;
;;;;;;;;;;;;;;;;;;;;;;;
;;;;;;;;;;;;;;;;;;;;;;;
;;;;;;;;;;;;;;;;;;;;;;;
;;;;;;;;;;;;;;;;;;;;;;;
;;;;;;;;;;;;;;;;;;;;;;;
;;;;;;;;;;;;;;;;;;;;;;;
;;;;;;;;;;;;;;;;;;;;;;;
;;;;;;;;;;;;;;;;;;;;;;;
;;;;;;;;;;;;;;;;;;;;;;;
;;;;;;;;;;;;;;;;;;;;;;;
;;;;;;;;;;;;;;;;;;;;;;;
;;;;;;;;;;;;;;;;;;;;;;;
;;;;;;;;;;;;;;;;;;;;;;;
;;;;;;;;;;;;;;;;;;;;;;;
;;;;;;;;;;;;;;;;;;;;;;;
;;;;;;;;;;;;;;;;;;;;;;;
;;;;;;;;;;;;;;;;;;;;;;;
;;;;;;;;;;;;;;;;;;;;;;;
;;;;;;;;;;;;;;;;;;;;;;;
;;;;;;;;;;;;;;;;;;;;;;;
;;;;;;;;;;;;;;;;;;;;;;;
;;;;;;;;;;;;;;;;;;;;;;;
;;;;;;;;;;;;;;;;;;;;;;;
;;;;;;;;;;;;;;;;;;;;;;;
;;;;;;;;;;;;;;;;;;;;;;;
;;;;;;;;;;;;;;;;;;;;;;;
;;;;;;;;;;;;;;;;;;;;;;;
;;;;;;;;;;;;;;;;;;;;;;;
;;;;;;;;;;;;;;;;;;;;;;;
;;;;;;;;;;;;;;;;;;;;;;;
;;;;;;;;;;;;;;;;;;;;;;;
;;;;;;;;;;;;;;;;;;;;;;;
;;;;;;;;;;;;;;;;;;;;;;;
;;;;;;;;;;;;;;;;;;;;;;;
;;;;;;;;;;;;;;;;;;;;;;;
;;;;;;;;;;;;;;;;;;;;;;;
;;;;;;;;;;;;;;;;;;;;;;;
;;;;;;;;;;;;;;;;;;;;;;;
;;;;;;;;;;;;;;;;;;;;;;;
;;;;;;;;;;;;;;;;;;;;;;;
;;;;;;;;;;;;;;;;;;;;;;;
;;;;;;;;;;;;;;;;;;;;;;;
;;;;;;;;;;;;;;;;;;;;;;;
;;;;;;;;;;;;;;;;;;;;;;;
;;;;;;;;;;;;;;;;;;;;;;;
;;;;;;;;;;;;;;;;;;;;;;;
;;;;;;;;;;;;;;;;;;;;;;;
;;;;;;;;;;;;;;;;;;;;;;;
;;;;;;;;;;;;;;;;;;;;;;;
;;;;;;;;;;;;;;;;;;;;;;;
;;;;;;;;;;;;;;;;;;;;;;;
;;;;;;;;;;;;;;;;;;;;;;;
;;;;;;;;;;;;;;;;;;;;;;;
;;;;;;;;;;;;;;;;;;;;;;;
;;;;;;;;;;;;;;;;;;;;;;;
;;;;;;;;;;;;;;;;;;;;;;;
;;;;;;;;;;;;;;;;;;;;;;;
;;;;;;;;;;;;;;;;;;;;;;;
;;;;;;;;;;;;;;;;;;;;;;;
;;;;;;;;;;;;;;;;;;;;;;;
;;;;;;;;;;;;;;;;;;;;;;;
;;;;;;;;;;;;;;;;;;;;;;;
;;;;;;;;;;;;;;;;;;;;;;;
;;;;;;;;;;;;;;;;;;;;;;;
;;;;;;;;;;;;;;;;;;;;;;;
;;;;;;;;;;;;;;;;;;;;;;;
;;;;;;;;;;;;;;;;;;;;;;;
;;;;;;;;;;;;;;;;;;;;;;;
;;;;;;;;;;;;;;;;;;;;;;;
;;;;;;;;;;;;;;;;;;;;;;;
;;;;;;;;;;;;;;;;;;;;;;;
;;;;;;;;;;;;;;;;;;;;;;;
;;;;;;;;;;;;;;;;;;;;;;;
;;;;;;;;;;;;;;;;;;;;;;;
;;;;;;;;;;;;;;;;;;;;;;;
;;;;;;;;;;;;;;;;;;;;;;;
;;;;;;;;;;;;;;;;;;;;;;;
;;;;;;;;;;;;;;;;;;;;;;;
;;;;;;;;;;;;;;;;;;;;;;;
;;;;;;;;;;;;;;;;;;;;;;;
;;;;;;;;;;;;;;;;;;;;;;;
;;;;;;;;;;;;;;;;;;;;;;;
;;;;;;;;;;;;;;;;;;;;;;;
;;;;;;;;;;;;;;;;;;;;;;;
;;;;;;;;;;;;;;;;;;;;;;;
;;;;;;;;;;;;;;;;;;;;;;;
;;;;;;;;;;;;;;;;;;;;;;;
;;;;;;;;;;;;;;;;;;;;;;;
;;;;;;;;;;;;;;;;;;;;;;;
;;;;;;;;;;;;;;;;;;;;;;;
;;;;;;;;;;;;;;;;;;;;;;;
;;;;;;;;;;;;;;;;;;;;;;;
;;;;;;;;;;;;;;;;;;;;;;;
;;;;;;;;;;;;;;;;;;;;;;;
;;;;;;;;;;;;;;;;;;;;;;;
;;;;;;;;;;;;;;;;;;;;;;;
;;;;;;;;;;;;;;;;;;;;;;;
;;;;;;;;;;;;;;;;;;;;;;;
;;;;;;;;;;;;;;;;;;;;;;;
;;;;;;;;;;;;;;;;;;;;;;;
;;;;;;;;;;;;;;;;;;;;;;;
;;;;;;;;;;;;;;;;;;;;;;;
;;;;;;;;;;;;;;;;;;;;;;;
;;;;;;;;;;;;;;;;;;;;;;;
;;;;;;;;;;;;;;;;;;;;;;;
;;;;;;;;;;;;;;;;;;;;;;;
;;;;;;;;;;;;;;;;;;;;;;;
;;;;;;;;;;;;;;;;;;;;;;;
;;;;;;;;;;;;;;;;;;;;;;;
;;;;;;;;;;;;;;;;;;;;;;;
;;;;;;;;;;;;;;;;;;;;;;;
;;;;;;;;;;;;;;;;;;;;;;;
;;;;;;;;;;;;;;;;;;;;;;;
;;;;;;;;;;;;;;;;;;;;;;;
;;;;;;;;;;;;;;;;;;;;;;;
;;;;;;;;;;;;;;;;;;;;;;;
;;;;;;;;;;;;;;;;;;;;;;;
;;;;;;;;;;;;;;;;;;;;;;;
;;;;;;;;;;;;;;;;;;;;;;;
;;;;;;;;;;;;;;;;;;;;;;;
;;;;;;;;;;;;;;;;;;;;;;;
;;;;;;;;;;;;;;;;;;;;;;;
;;;;;;;;;;;;;;;;;;;;;;;
;;;;;;;;;;;;;;;;;;;;;;;
;;;;;;;;;;;;;;;;;;;;;;;
;;;;;;;;;;;;;;;;;;;;;;;
;;;;;;;;;;;;;;;;;;;;;;;
;;;;;;;;;;;;;;;;;;;;;;;
;;;;;;;;;;;;;;;;;;;;;;;
;;;;;;;;;;;;;;;;;;;;;;;
;;;;;;;;;;;;;;;;;;;;;;;
;;;;;;;;;;;;;;;;;;;;;;;
;;;;;;;;;;;;;;;;;;;;;;;
;;;;;;;;;;;;;;;;;;;;;;;
;;;;;;;;;;;;;;;;;;;;;;;
;;;;;;;;;;;;;;;;;;;;;;;
;;;;;;;;;;;;;;;;;;;;;;;
;;;;;;;;;;;;;;;;;;;;;;;
;;;;;;;;;;;;;;;;;;;;;;;
;;;;;;;;;;;;;;;;;;;;;;;
;;;;;;;;;;;;;;;;;;;;;;;
;;;;;;;;;;;;;;;;;;;;;;;
;;;;;;;;;;;;;;;;;;;;;;;
;;;;;;;;;;;;;;;;;;;;;;;
;;;;;;;;;;;;;;;;;;;;;;;
;;;;;;;;;;;;;;;;;;;;;;;
;;;;;;;;;;;;;;;;;;;;;;;
;;;;;;;;;;;;;;;;;;;;;;;
;;;;;;;;;;;;;;;;;;;;;;;
;;;;;;;;;;;;;;;;;;;;;;;
;;;;;;;;;;;;;;;;;;;;;;;
;;;;;;;;;;;;;;;;;;;;;;;
;;;;;;;;;;;;;;;;;;;;;;;
;;;;;;;;;;;;;;;;;;;;;;;
;;;;;;;;;;;;;;;;;;;;;;;
;;;;;;;;;;;;;;;;;;;;;;;
;;;;;;;;;;;;;;;;;;;;;;;
;;;;;;;;;;;;;;;;;;;;;;;
;;;;;;;;;;;;;;;;;;;;;;;
;;;;;;;;;;;;;;;;;;;;;;;
;;;;;;;;;;;;;;;;;;;;;;;
;;;;;;;;;;;;;;;;;;;;;;;
;;;;;;;;;;;;;;;;;;;;;;;
;;;;;;;;;;;;;;;;;;;;;;;
;;;;;;;;;;;;;;;;;;;;;;;
;;;;;;;;;;;;;;;;;;;;;;;
;;;;;;;;;;;;;;;;;;;;;;;
;;;;;;;;;;;;;;;;;;;;;;;
;;;;;;;;;;;;;;;;;;;;;;;
;;;;;;;;;;;;;;;;;;;;;;;
;;;;;;;;;;;;;;;;;;;;;;;
;;;;;;;;;;;;;;;;;;;;;;;
;;;;;;;;;;;;;;;;;;;;;;;
;;;;;;;;;;;;;;;;;;;;;;;
;;;;;;;;;;;;;;;;;;;;;;;
;;;;;;;;;;;;;;;;;;;;;;;
;;;;;;;;;;;;;;;;;;;;;;;
;;;;;;;;;;;;;;;;;;;;;;;
;;;;;;;;;;;;;;;;;;;;;;;
;;;;;;;;;;;;;;;;;;;;;;;
;;;;;;;;;;;;;;;;;;;;;;;
;;;;;;;;;;;;;;;;;;;;;;;
;;;;;;;;;;;;;;;;;;;;;;;
;;;;;;;;;;;;;;;;;;;;;;;
;;;;;;;;;;;;;;;;;;;;;;;
;;;;;;;;;;;;;;;;;;;;;;;
;;;;;;;;;;;;;;;;;;;;;;;
;;;;;;;;;;;;;;;;;;;;;;;
;;;;;;;;;;;;;;;;;;;;;;;
;;;;;;;;;;;;;;;;;;;;;;;
;;;;;;;;;;;;;;;;;;;;;;;
;;;;;;;;;;;;;;;;;;;;;;;
;;;;;;;;;;;;;;;;;;;;;;;
;;;;;;;;;;;;;;;;;;;;;;;
;;;;;;;;;;;;;;;;;;;;;;;
;;;;;;;;;;;;;;;;;;;;;;;
;;;;;;;;;;;;;;;;;;;;;;;
;;;;;;;;;;;;;;;;;;;;;;;
;;;;;;;;;;;;;;;;;;;;;;;
;;;;;;;;;;;;;;;;;;;;;;;
;;;;;;;;;;;;;;;;;;;;;;;
;;;;;;;;;;;;;;;;;;;;;;;
;;;;;;;;;;;;;;;;;;;;;;;
;;;;;;;;;;;;;;;;;;;;;;;
;;;;;;;;;;;;;;;;;;;;;;;
;;;;;;;;;;;;;;;;;;;;;;;
;;;;;;;;;;;;;;;;;;;;;;;
;;;;;;;;;;;;;;;;;;;;;;;
;;;;;;;;;;;;;;;;;;;;;;;
;;;;;;;;;;;;;;;;;;;;;;;
;;;;;;;;;;;;;;;;;;;;;;;
;;;;;;;;;;;;;;;;;;;;;;;
;;;;;;;;;;;;;;;;;;;;;;;
;;;;;;;;;;;;;;;;;;;;;;;
;;;;;;;;;;;;;;;;;;;;;;;
;;;;;;;;;;;;;;;;;;;;;;;
;;;;;;;;;;;;;;;;;;;;;;;
;;;;;;;;;;;;;;;;;;;;;;;
;;;;;;;;;;;;;;;;;;;;;;;
;;;;;;;;;;;;;;;;;;;;;;;
;;;;;;;;;;;;;;;;;;;;;;;
;;;;;;;;;;;;;;;;;;;;;;;
;;;;;;;;;;;;;;;;;;;;;;;
;;;;;;;;;;;;;;;;;;;;;;;
;;;;;;;;;;;;;;;;;;;;;;;
;;;;;;;;;;;;;;;;;;;;;;;
;;;;;;;;;;;;;;;;;;;;;;;
;;;;;;;;;;;;;;;;;;;;;;;
;;;;;;;;;;;;;;;;;;;;;;;
;;;;;;;;;;;;;;;;;;;;;;;
;;;;;;;;;;;;;;;;;;;;;;;
;;;;;;;;;;;;;;;;;;;;;;;
;;;;;;;;;;;;;;;;;;;;;;;
;;;;;;;;;;;;;;;;;;;;;;;
;;;;;;;;;;;;;;;;;;;;;;;
;;;;;;;;;;;;;;;;;;;;;;;
;;;;;;;;;;;;;;;;;;;;;;;
;;;;;;;;;;;;;;;;;;;;;;;
;;;;;;;;;;;;;;;;;;;;;;;
;;;;;;;;;;;;;;;;;;;;;;;
;;;;;;;;;;;;;;;;;;;;;;;
;;;;;;;;;;;;;;;;;;;;;;;
;;;;;;;;;;;;;;;;;;;;;;;
;;;;;;;;;;;;;;;;;;;;;;;
;;;;;;;;;;;;;;;;;;;;;;;
;;;;;;;;;;;;;;;;;;;;;;;
;;;;;;;;;;;;;;;;;;;;;;;
;;;;;;;;;;;;;;;;;;;;;;;
;;;;;;;;;;;;;;;;;;;;;;;
;;;;;;;;;;;;;;;;;;;;;;;
;;;;;;;;;;;;;;;;;;;;;;;
;;;;;;;;;;;;;;;;;;;;;;;
;;;;;;;;;;;;;;;;;;;;;;;
;;;;;;;;;;;;;;;;;;;;;;;
;;;;;;;;;;;;;;;;;;;;;;;
;;;;;;;;;;;;;;;;;;;;;;;
;;;;;;;;;;;;;;;;;;;;;;;
;;;;;;;;;;;;;;;;;;;;;;;
;;;;;;;;;;;;;;;;;;;;;;;
;;;;;;;;;;;;;;;;;;;;;;;
;;;;;;;;;;;;;;;;;;;;;;;
;;;;;;;;;;;;;;;;;;;;;;;
;;;;;;;;;;;;;;;;;;;;;;;
;;;;;;;;;;;;;;;;;;;;;;;
;;;;;;;;;;;;;;;;;;;;;;;
;;;;;;;;;;;;;;;;;;;;;;;
;;;;;;;;;;;;;;;;;;;;;;;
;;;;;;;;;;;;;;;;;;;;;;;
;;;;;;;;;;;;;;;;;;;;;;;
;;;;;;;;;;;;;;;;;;;;;;;
;;;;;;;;;;;;;;;;;;;;;;;
;;;;;;;;;;;;;;;;;;;;;;;
;;;;;;;;;;;;;;;;;;;;;;;
;;;;;;;;;;;;;;;;;;;;;;;
;;;;;;;;;;;;;;;;;;;;;;;
;;;;;;;;;;;;;;;;;;;;;;;
;;;;;;;;;;;;;;;;;;;;;;;
;;;;;;;;;;;;;;;;;;;;;;;
;;;;;;;;;;;;;;;;;;;;;;;
;;;;;;;;;;;;;;;;;;;;;;;
;;;;;;;;;;;;;;;;;;;;;;;
;;;;;;;;;;;;;;;;;;;;;;;
;;;;;;;;;;;;;;;;;;;;;;;
;;;;;;;;;;;;;;;;;;;;;;;
;;;;;;;;;;;;;;;;;;;;;;;
;;;;;;;;;;;;;;;;;;;;;;;
;;;;;;;;;;;;;;;;;;;;;;;
;;;;;;;;;;;;;;;;;;;;;;;
;;;;;;;;;;;;;;;;;;;;;;;
;;;;;;;;;;;;;;;;;;;;;;;
;;;;;;;;;;;;;;;;;;;;;;;
;;;;;;;;;;;;;;;;;;;;;;;
;;;;;;;;;;;;;;;;;;;;;;;
;;;;;;;;;;;;;;;;;;;;;;;
;;;;;;;;;;;;;;;;;;;;;;;
;;;;;;;;;;;;;;;;;;;;;;;
;;;;;;;;;;;;;;;;;;;;;;;
;;;;;;;;;;;;;;;;;;;;;;;
;;;;;;;;;;;;;;;;;;;;;;;
;;;;;;;;;;;;;;;;;;;;;;;
;;;;;;;;;;;;;;;;;;;;;;;
;;;;;;;;;;;;;;;;;;;;;;;
;;;;;;;;;;;;;;;;;;;;;;;
;;;;;;;;;;;;;;;;;;;;;;;
;;;;;;;;;;;;;;;;;;;;;;;
;;;;;;;;;;;;;;;;;;;;;;;
;;;;;;;;;;;;;;;;;;;;;;;
;;;;;;;;;;;;;;;;;;;;;;;
;;;;;;;;;;;;;;;;;;;;;;;
;;;;;;;;;;;;;;;;;;;;;;;
;;;;;;;;;;;;;;;;;;;;;;;
;;;;;;;;;;;;;;;;;;;;;;;
;;;;;;;;;;;;;;;;;;;;;;;
;;;;;;;;;;;;;;;;;;;;;;;
;;;;;;;;;;;;;;;;;;;;;;;
;;;;;;;;;;;;;;;;;;;;;;;
;;;;;;;;;;;;;;;;;;;;;;;
;;;;;;;;;;;;;;;;;;;;;;;
;;;;;;;;;;;;;;;;;;;;;;;
;;;;;;;;;;;;;;;;;;;;;;;
;;;;;;;;;;;;;;;;;;;;;;;
;;;;;;;;;;;;;;;;;;;;;;;
;;;;;;;;;;;;;;;;;;;;;;;
;;;;;;;;;;;;;;;;;;;;;;;
;;;;;;;;;;;;;;;;;;;;;;;
;;;;;;;;;;;;;;;;;;;;;;;
;;;;;;;;;;;;;;;;;;;;;;;
;;;;;;;;;;;;;;;;;;;;;;;
;;;;;;;;;;;;;;;;;;;;;;;
;;;;;;;;;;;;;;;;;;;;;;;
;;;;;;;;;;;;;;;;;;;;;;;
;;;;;;;;;;;;;;;;;;;;;;;
;;;;;;;;;;;;;;;;;;;;;;;
;;;;;;;;;;;;;;;;;;;;;;;
;;;;;;;;;;;;;;;;;;;;;;;
;;;;;;;;;;;;;;;;;;;;;;;
;;;;;;;;;;;;;;;;;;;;;;;
;;;;;;;;;;;;;;;;;;;;;;;
;;;;;;;;;;;;;;;;;;;;;;;
;;;;;;;;;;;;;;;;;;;;;;;
;;;;;;;;;;;;;;;;;;;;;;;
;;;;;;;;;;;;;;;;;;;;;;;
;;;;;;;;;;;;;;;;;;;;;;;
;;;;;;;;;;;;;;;;;;;;;;;
;;;;;;;;;;;;;;;;;;;;;;;
;;;;;;;;;;;;;;;;;;;;;;;
;;;;;;;;;;;;;;;;;;;;;;;
;;;;;;;;;;;;;;;;;;;;;;;
;;;;;;;;;;;;;;;;;;;;;;;
;;;;;;;;;;;;;;;;;;;;;;;
;;;;;;;;;;;;;;;;;;;;;;;
;;;;;;;;;;;;;;;;;;;;;;;
;;;;;;;;;;;;;;;;;;;;;;;
;;;;;;;;;;;;;;;;;;;;;;;
;;;;;;;;;;;;;;;;;;;;;;;
;;;;;;;;;;;;;;;;;;;;;;;
;;;;;;;;;;;;;;;;;;;;;;;
;;;;;;;;;;;;;;;;;;;;;;;
;;;;;;;;;;;;;;;;;;;;;;;
;;;;;;;;;;;;;;;;;;;;;;;
;;;;;;;;;;;;;;;;;;;;;;;
;;;;;;;;;;;;;;;;;;;;;;;
;;;;;;;;;;;;;;;;;;;;;;;
;;;;;;;;;;;;;;;;;;;;;;;
;;;;;;;;;;;;;;;;;;;;;;;
;;;;;;;;;;;;;;;;;;;;;;;
;;;;;;;;;;;;;;;;;;;;;;;
;;;;;;;;;;;;;;;;;;;;;;;
;;;;;;;;;;;;;;;;;;;;;;;
;;;;;;;;;;;;;;;;;;;;;;;
;;;;;;;;;;;;;;;;;;;;;;;
;;;;;;;;;;;;;;;;;;;;;;;
;;;;;;;;;;;;;;;;;;;;;;;
;;;;;;;;;;;;;;;;;;;;;;;
;;;;;;;;;;;;;;;;;;;;;;;
;;;;;;;;;;;;;;;;;;;;;;;
;;;;;;;;;;;;;;;;;;;;;;;
;;;;;;;;;;;;;;;;;;;;;;;
;;;;;;;;;;;;;;;;;;;;;;;
;;;;;;;;;;;;;;;;;;;;;;;
;;;;;;;;;;;;;;;;;;;;;;;
;;;;;;;;;;;;;;;;;;;;;;;
;;;;;;;;;;;;;;;;;;;;;;;
;;;;;;;;;;;;;;;;;;;;;;;
;;;;;;;;;;;;;;;;;;;;;;;
;;;;;;;;;;;;;;;;;;;;;;;
;;;;;;;;;;;;;;;;;;;;;;;
;;;;;;;;;;;;;;;;;;;;;;;
;;;;;;;;;;;;;;;;;;;;;;;
;;;;;;;;;;;;;;;;;;;;;;;
;;;;;;;;;;;;;;;;;;;;;;;
;;;;;;;;;;;;;;;;;;;;;;;
;;;;;;;;;;;;;;;;;;;;;;;
;;;;;;;;;;;;;;;;;;;;;;;
;;;;;;;;;;;;;;;;;;;;;;;
;;;;;;;;;;;;;;;;;;;;;;;
;;;;;;;;;;;;;;;;;;;;;;;
;;;;;;;;;;;;;;;;;;;;;;;
;;;;;;;;;;;;;;;;;;;;;;;
;;;;;;;;;;;;;;;;;;;;;;;
;;;;;;;;;;;;;;;;;;;;;;;
;;;;;;;;;;;;;;;;;;;;;;;
;;;;;;;;;;;;;;;;;;;;;;;
;;;;;;;;;;;;;;;;;;;;;;;
;;;;;;;;;;;;;;;;;;;;;;;
;;;;;;;;;;;;;;;;;;;;;;;
;;;;;;;;;;;;;;;;;;;;;;;
;;;;;;;;;;;;;;;;;;;;;;;
;;;;;;;;;;;;;;;;;;;;;;;
;;;;;;;;;;;;;;;;;;;;;;;
;;;;;;;;;;;;;;;;;;;;;;;
;;;;;;;;;;;;;;;;;;;;;;;
;;;;;;;;;;;;;;;;;;;;;;;
;;;;;;;;;;;;;;;;;;;;;;;
;;;;;;;;;;;;;;;;;;;;;;;
;;;;;;;;;;;;;;;;;;;;;;;
;;;;;;;;;;;;;;;;;;;;;;;
;;;;;;;;;;;;;;;;;;;;;;;
;;;;;;;;;;;;;;;;;;;;;;;
;;;;;;;;;;;;;;;;;;;;;;;
;;;;;;;;;;;;;;;;;;;;;;;
;;;;;;;;;;;;;;;;;;;;;;;
;;;;;;;;;;;;;;;;;;;;;;;
;;;;;;;;;;;;;;;;;;;;;;;
;;;;;;;;;;;;;;;;;;;;;;;
;;;;;;;;;;;;;;;;;;;;;;;
;;;;;;;;;;;;;;;;;;;;;;;
;;;;;;;;;;;;;;;;;;;;;;;
;;;;;;;;;;;;;;;;;;;;;;;
;;;;;;;;;;;;;;;;;;;;;;;
;;;;;;;;;;;;;;;;;;;;;;;
;;;;;;;;;;;;;;;;;;;;;;;
;;;;;;;;;;;;;;;;;;;;;;;
;;;;;;;;;;;;;;;;;;;;;;;
;;;;;;;;;;;;;;;;;;;;;;;
;;;;;;;;;;;;;;;;;;;;;;;
;;;;;;;;;;;;;;;;;;;;;;;
;;;;;;;;;;;;;;;;;;;;;;;
;;;;;;;;;;;;;;;;;;;;;;;
;;;;;;;;;;;;;;;;;;;;;;;
;;;;;;;;;;;;;;;;;;;;;;;
;;;;;;;;;;;;;;;;;;;;;;;
;;;;;;;;;;;;;;;;;;;;;;;
;;;;;;;;;;;;;;;;;;;;;;;
;;;;;;;;;;;;;;;;;;;;;;;
;;;;;;;;;;;;;;;;;;;;;;;
;;;;;;;;;;;;;;;;;;;;;;;
;;;;;;;;;;;;;;;;;;;;;;;
;;;;;;;;;;;;;;;;;;;;;;;
;;;;;;;;;;;;;;;;;;;;;;;
;;;;;;;;;;;;;;;;;;;;;;;
;;;;;;;;;;;;;;;;;;;;;;;
;;;;;;;;;;;;;;;;;;;;;;;
;;;;;;;;;;;;;;;;;;;;;;;
;;;;;;;;;;;;;;;;;;;;;;;
;;;;;;;;;;;;;;;;;;;;;;;
;;;;;;;;;;;;;;;;;;;;;;;
;;;;;;;;;;;;;;;;;;;;;;;
;;;;;;;;;;;;;;;;;;;;;;;
;;;;;;;;;;;;;;;;;;;;;;;
;;;;;;;;;;;;;;;;;;;;;;;
;;;;;;;;;;;;;;;;;;;;;;;
;;;;;;;;;;;;;;;;;;;;;;;
;;;;;;;;;;;;;;;;;;;;;;;
;;;;;;;;;;;;;;;;;;;;;;;
;;;;;;;;;;;;;;;;;;;;;;;
;;;;;;;;;;;;;;;;;;;;;;;
;;;;;;;;;;;;;;;;;;;;;;;
;;;;;;;;;;;;;;;;;;;;;;;
;;;;;;;;;;;;;;;;;;;;;;;
;;;;;;;;;;;;;;;;;;;;;;;
;;;;;;;;;;;;;;;;;;;;;;;
;;;;;;;;;;;;;;;;;;;;;;;
;;;;;;;;;;;;;;;;;;;;;;;
;;;;;;;;;;;;;;;;;;;;;;;
;;;;;;;;;;;;;;;;;;;;;;;
;;;;;;;;;;;;;;;;;;;;;;;
;;;;;;;;;;;;;;;;;;;;;;;
;;;;;;;;;;;;;;;;;;;;;;;
;;;;;;;;;;;;;;;;;;;;;;;
;;;;;;;;;;;;;;;;;;;;;;;
;;;;;;;;;;;;;;;;;;;;;;;
;;;;;;;;;;;;;;;;;;;;;;;
;;;;;;;;;;;;;;;;;;;;;;;
;;;;;;;;;;;;;;;;;;;;;;;
;;;;;;;;;;;;;;;;;;;;;;;
;;;;;;;;;;;;;;;;;;;;;;;
;;;;;;;;;;;;;;;;;;;;;;;
;;;;;;;;;;;;;;;;;;;;;;;
;;;;;;;;;;;;;;;;;;;;;;;
;;;;;;;;;;;;;;;;;;;;;;;
;;;;;;;;;;;;;;;;;;;;;;;
;;;;;;;;;;;;;;;;;;;;;;;
;;;;;;;;;;;;;;;;;;;;;;;
;;;;;;;;;;;;;;;;;;;;;;;
;;;;;;;;;;;;;;;;;;;;;;;
;;;;;;;;;;;;;;;;;;;;;;;
;;;;;;;;;;;;;;;;;;;;;;;
;;;;;;;;;;;;;;;;;;;;;;;
;;;;;;;;;;;;;;;;;;;;;;;
;;;;;;;;;;;;;;;;;;;;;;;
;;;;;;;;;;;;;;;;;;;;;;;
;;;;;;;;;;;;;;;;;;;;;;;
;;;;;;;;;;;;;;;;;;;;;;;
;;;;;;;;;;;;;;;;;;;;;;;
;;;;;;;;;;;;;;;;;;;;;;;
;;;;;;;;;;;;;;;;;;;;;;;
;;;;;;;;;;;;;;;;;;;;;;;
;;;;;;;;;;;;;;;;;;;;;;;
;;;;;;;;;;;;;;;;;;;;;;;
;;;;;;;;;;;;;;;;;;;;;;;
;;;;;;;;;;;;;;;;;;;;;;;
;;;;;;;;;;;;;;;;;;;;;;;
;;;;;;;;;;;;;;;;;;;;;;;
;;;;;;;;;;;;;;;;;;;;;;;
;;;;;;;;;;;;;;;;;;;;;;;
;;;;;;;;;;;;;;;;;;;;;;;
;;;;;;;;;;;;;;;;;;;;;;;
;;;;;;;;;;;;;;;;;;;;;;;
;;;;;;;;;;;;;;;;;;;;;;;
;;;;;;;;;;;;;;;;;;;;;;;
;;;;;;;;;;;;;;;;;;;;;;;
;;;;;;;;;;;;;;;;;;;;;;;
;;;;;;;;;;;;;;;;;;;;;;;
;;;;;;;;;;;;;;;;;;;;;;;
;;;;;;;;;;;;;;;;;;;;;;;
;;;;;;;;;;;;;;;;;;;;;;;
;;;;;;;;;;;;;;;;;;;;;;;
;;;;;;;;;;;;;;;;;;;;;;;
;;;;;;;;;;;;;;;;;;;;;;;
;;;;;;;;;;;;;;;;;;;;;;;
;;;;;;;;;;;;;;;;;;;;;;;
;;;;;;;;;;;;;;;;;;;;;;;
;;;;;;;;;;;;;;;;;;;;;;;
;;;;;;;;;;;;;;;;;;;;;;;
;;;;;;;;;;;;;;;;;;;;;;;
;;;;;;;;;;;;;;;;;;;;;;;
;;;;;;;;;;;;;;;;;;;;;;;
;;;;;;;;;;;;;;;;;;;;;;;
;;;;;;;;;;;;;;;;;;;;;;;
;;;;;;;;;;;;;;;;;;;;;;;
;;;;;;;;;;;;;;;;;;;;;;;
;;;;;;;;;;;;;;;;;;;;;;;
;;;;;;;;;;;;;;;;;;;;;;;
;;;;;;;;;;;;;;;;;;;;;;;
;;;;;;;;;;;;;;;;;;;;;;;
;;;;;;;;;;;;;;;;;;;;;;;
;;;;;;;;;;;;;;;;;;;;;;;
;;;;;;;;;;;;;;;;;;;;;;;
;;;;;;;;;;;;;;;;;;;;;;;
;;;;;;;;;;;;;;;;;;;;;;;
;;;;;;;;;;;;;;;;;;;;;;;
;;;;;;;;;;;;;;;;;;;;;;;
;;;;;;;;;;;;;;;;;;;;;;;
;;;;;;;;;;;;;;;;;;;;;;;
;;;;;;;;;;;;;;;;;;;;;;;
;;;;;;;;;;;;;;;;;;;;;;;
;;;;;;;;;;;;;;;;;;;;;;;
;;;;;;;;;;;;;;;;;;;;;;;
;;;;;;;;;;;;;;;;;;;;;;;
;;;;;;;;;;;;;;;;;;;;;;;
;;;;;;;;;;;;;;;;;;;;;;;
;;;;;;;;;;;;;;;;;;;;;;;
;;;;;;;;;;;;;;;;;;;;;;;
;;;;;;;;;;;;;;;;;;;;;;;
;;;;;;;;;;;;;;;;;;;;;;;
;;;;;;;;;;;;;;;;;;;;;;;
;;;;;;;;;;;;;;;;;;;;;;;
;;;;;;;;;;;;;;;;;;;;;;;
;;;;;;;;;;;;;;;;;;;;;;;
;;;;;;;;;;;;;;;;;;;;;;;
;;;;;;;;;;;;;;;;;;;;;;;
;;;;;;;;;;;;;;;;;;;;;;;
;;;;;;;;;;;;;;;;;;;;;;;
;;;;;;;;;;;;;;;;;;;;;;;
;;;;;;;;;;;;;;;;;;;;;;;
;;;;;;;;;;;;;;;;;;;;;;;
;;;;;;;;;;;;;;;;;;;;;;;
;;;;;;;;;;;;;;;;;;;;;;;
;;;;;;;;;;;;;;;;;;;;;;;
;;;;;;;;;;;;;;;;;;;;;;;
;;;;;;;;;;;;;;;;;;;;;;;
;;;;;;;;;;;;;;;;;;;;;;;
;;;;;;;;;;;;;;;;;;;;;;;
;;;;;;;;;;;;;;;;;;;;;;;
;;;;;;;;;;;;;;;;;;;;;;;
;;;;;;;;;;;;;;;;;;;;;;;
;;;;;;;;;;;;;;;;;;;;;;;
;;;;;;;;;;;;;;;;;;;;;;;
;;;;;;;;;;;;;;;;;;;;;;;
;;;;;;;;;;;;;;;;;;;;;;;
;;;;;;;;;;;;;;;;;;;;;;;
;;;;;;;;;;;;;;;;;;;;;;;
;;;;;;;;;;;;;;;;;;;;;;;
;;;;;;;;;;;;;;;;;;;;;;;
;;;;;;;;;;;;;;;;;;;;;;;
;;;;;;;;;;;;;;;;;;;;;;;
;;;;;;;;;;;;;;;;;;;;;;;
;;;;;;;;;;;;;;;;;;;;;;;
;;;;;;;;;;;;;;;;;;;;;;;
;;;;;;;;;;;;;;;;;;;;;;;
;;;;;;;;;;;;;;;;;;;;;;;
;;;;;;;;;;;;;;;;;;;;;;;
;;;;;;;;;;;;;;;;;;;;;;;
;;;;;;;;;;;;;;;;;;;;;;;
;;;;;;;;;;;;;;;;;;;;;;;
;;;;;;;;;;;;;;;;;;;;;;;
;;;;;;;;;;;;;;;;;;;;;;;
;;;;;;;;;;;;;;;;;;;;;;;
;;;;;;;;;;;;;;;;;;;;;;;
;;;;;;;;;;;;;;;;;;;;;;;
;;;;;;;;;;;;;;;;;;;;;;;
;;;;;;;;;;;;;;;;;;;;;;;
;;;;;;;;;;;;;;;;;;;;;;;
;;;;;;;;;;;;;;;;;;;;;;;
;;;;;;;;;;;;;;;;;;;;;;;
;;;;;;;;;;;;;;;;;;;;;;;
;;;;;;;;;;;;;;;;;;;;;;;
;;;;;;;;;;;;;;;;;;;;;;;
;;;;;;;;;;;;;;;;;;;;;;;
;;;;;;;;;;;;;;;;;;;;;;;
;;;;;;;;;;;;;;;;;;;;;;;
;;;;;;;;;;;;;;;;;;;;;;;
;;;;;;;;;;;;;;;;;;;;;;;
;;;;;;;;;;;;;;;;;;;;;;;
;;;;;;;;;;;;;;;;;;;;;;;
;;;;;;;;;;;;;;;;;;;;;;;
;;;;;;;;;;;;;;;;;;;;;;;
;;;;;;;;;;;;;;;;;;;;;;;
;;;;;;;;;;;;;;;;;;;;;;;
;;;;;;;;;;;;;;;;;;;;;;;
;;;;;;;;;;;;;;;;;;;;;;;
;;;;;;;;;;;;;;;;;;;;;;;
;;;;;;;;;;;;;;;;;;;;;;;
;;;;;;;;;;;;;;;;;;;;;;;
;;;;;;;;;;;;;;;;;;;;;;;
;;;;;;;;;;;;;;;;;;;;;;;
;;;;;;;;;;;;;;;;;;;;;;;
;;;;;;;;;;;;;;;;;;;;;;;
;;;;;;;;;;;;;;;;;;;;;;;
;;;;;;;;;;;;;;;;;;;;;;;
;;;;;;;;;;;;;;;;;;;;;;;
;;;;;;;;;;;;;;;;;;;;;;;
;;;;;;;;;;;;;;;;;;;;;;;
;;;;;;;;;;;;;;;;;;;;;;;
;;;;;;;;;;;;;;;;;;;;;;;
;;;;;;;;;;;;;;;;;;;;;;;
;;;;;;;;;;;;;;;;;;;;;;;
;;;;;;;;;;;;;;;;;;;;;;;
;;;;;;;;;;;;;;;;;;;;;;;
;;;;;;;;;;;;;;;;;;;;;;;
;;;;;;;;;;;;;;;;;;;;;;;
;;;;;;;;;;;;;;;;;;;;;;;
;;;;;;;;;;;;;;;;;;;;;;;
;;;;;;;;;;;;;;;;;;;;;;;
;;;;;;;;;;;;;;;;;;;;;;;
;;;;;;;;;;;;;;;;;;;;;;;
;;;;;;;;;;;;;;;;;;;;;;;
;;;;;;;;;;;;;;;;;;;;;;;
;;;;;;;;;;;;;;;;;;;;;;;
;;;;;;;;;;;;;;;;;;;;;;;
;;;;;;;;;;;;;;;;;;;;;;;
;;;;;;;;;;;;;;;;;;;;;;;
;;;;;;;;;;;;;;;;;;;;;;;
;;;;;;;;;;;;;;;;;;;;;;;
;;;;;;;;;;;;;;;;;;;;;;;
;;;;;;;;;;;;;;;;;;;;;;;
;;;;;;;;;;;;;;;;;;;;;;;
;;;;;;;;;;;;;;;;;;;;;;;
;;;;;;;;;;;;;;;;;;;;;;;
;;;;;;;;;;;;;;;;;;;;;;;
;;;;;;;;;;;;;;;;;;;;;;;
;;;;;;;;;;;;;;;;;;;;;;;
;;;;;;;;;;;;;;;;;;;;;;;
;;;;;;;;;;;;;;;;;;;;;;;
;;;;;;;;;;;;;;;;;;;;;;;
;;;;;;;;;;;;;;;;;;;;;;;
;;;;;;;;;;;;;;;;;;;;;;;
;;;;;;;;;;;;;;;;;;;;;;;
;;;;;;;;;;;;;;;;;;;;;;;
;;;;;;;;;;;;;;;;;;;;;;;
;;;;;;;;;;;;;;;;;;;;;;;
;;;;;;;;;;;;;;;;;;;;;;;
;;;;;;;;;;;;;;;;;;;;;;;
;;;;;;;;;;;;;;;;;;;;;;;
;;;;;;;;;;;;;;;;;;;;;;;
;;;;;;;;;;;;;;;;;;;;;;;
;;;;;;;;;;;;;;;;;;;;;;;
;;;;;;;;;;;;;;;;;;;;;;;
;;;;;;;;;;;;;;;;;;;;;;;
;;;;;;;;;;;;;;;;;;;;;;;
;;;;;;;;;;;;;;;;;;;;;;;
;;;;;;;;;;;;;;;;;;;;;;;
;;;;;;;;;;;;;;;;;;;;;;;
;;;;;;;;;;;;;;;;;;;;;;;
;;;;;;;;;;;;;;;;;;;;;;;
;;;;;;;;;;;;;;;;;;;;;;;
;;;;;;;;;;;;;;;;;;;;;;;
;;;;;;;;;;;;;;;;;;;;;;;
;;;;;;;;;;;;;;;;;;;;;;;
;;;;;;;;;;;;;;;;;;;;;;;
;;;;;;;;;;;;;;;;;;;;;;;
;;;;;;;;;;;;;;;;;;;;;;;
;;;;;;;;;;;;;;;;;;;;;;;
;;;;;;;;;;;;;;;;;;;;;;;
;;;;;;;;;;;;;;;;;;;;;;;
;;;;;;;;;;;;;;;;;;;;;;;
;;;;;;;;;;;;;;;;;;;;;;;
;;;;;;;;;;;;;;;;;;;;;;;
;;;;;;;;;;;;;;;;;;;;;;;
;;;;;;;;;;;;;;;;;;;;;;;
;;;;;;;;;;;;;;;;;;;;;;;
;;;;;;;;;;;;;;;;;;;;;;;
;;;;;;;;;;;;;;;;;;;;;;;
;;;;;;;;;;;;;;;;;;;;;;;
;;;;;;;;;;;;;;;;;;;;;;;
;;;;;;;;;;;;;;;;;;;;;;;
;;;;;;;;;;;;;;;;;;;;;;;
;;;;;;;;;;;;;;;;;;;;;;;
;;;;;;;;;;;;;;;;;;;;;;;
;;;;;;;;;;;;;;;;;;;;;;;
;;;;;;;;;;;;;;;;;;;;;;;
;;;;;;;;;;;;;;;;;;;;;;;
;;;;;;;;;;;;;;;;;;;;;;;
;;;;;;;;;;;;;;;;;;;;;;;
;;;;;;;;;;;;;;;;;;;;;;;
;;;;;;;;;;;;;;;;;;;;;;;
;;;;;;;;;;;;;;;;;;;;;;;
;;;;;;;;;;;;;;;;;;;;;;;
;;;;;;;;;;;;;;;;;;;;;;;
;;;;;;;;;;;;;;;;;;;;;;;
;;;;;;;;;;;;;;;;;;;;;;;
;;;;;;;;;;;;;;;;;;;;;;;
;;;;;;;;;;;;;;;;;;;;;;;
;;;;;;;;;;;;;;;;;;;;;;;
;;;;;;;;;;;;;;;;;;;;;;;
;;;;;;;;;;;;;;;;;;;;;;;
;;;;;;;;;;;;;;;;;;;;;;;
;;;;;;;;;;;;;;;;;;;;;;;
;;;;;;;;;;;;;;;;;;;;;;;
;;;;;;;;;;;;;;;;;;;;;;;
;;;;;;;;;;;;;;;;;;;;;;;
;;;;;;;;;;;;;;;;;;;;;;;
;;;;;;;;;;;;;;;;;;;;;;;
;;;;;;;;;;;;;;;;;;;;;;;
;;;;;;;;;;;;;;;;;;;;;;;
;;;;;;;;;;;;;;;;;;;;;;;
;;;;;;;;;;;;;;;;;;;;;;;
;;;;;;;;;;;;;;;;;;;;;;;
;;;;;;;;;;;;;;;;;;;;;;;
;;;;;;;;;;;;;;;;;;;;;;;
;;;;;;;;;;;;;;;;;;;;;;;
;;;;;;;;;;;;;;;;;;;;;;;
;;;;;;;;;;;;;;;;;;;;;;;
;;;;;;;;;;;;;;;;;;;;;;;
;;;;;;;;;;;;;;;;;;;;;;;
;;;;;;;;;;;;;;;;;;;;;;;
;;;;;;;;;;;;;;;;;;;;;;;
;;;;;;;;;;;;;;;;;;;;;;;
;;;;;;;;;;;;;;;;;;;;;;;
;;;;;;;;;;;;;;;;;;;;;;;
;;;;;;;;;;;;;;;;;;;;;;;
;;;;;;;;;;;;;;;;;;;;;;;
;;;;;;;;;;;;;;;;;;;;;;;
;;;;;;;;;;;;;;;;;;;;;;;
;;;;;;;;;;;;;;;;;;;;;;;
;;;;;;;;;;;;;;;;;;;;;;;
;;;;;;;;;;;;;;;;;;;;;;;
;;;;;;;;;;;;;;;;;;;;;;;
;;;;;;;;;;;;;;;;;;;;;;;
;;;;;;;;;;;;;;;;;;;;;;;
;;;;;;;;;;;;;;;;;;;;;;;
;;;;;;;;;;;;;;;;;;;;;;;
;;;;;;;;;;;;;;;;;;;;;;;
;;;;;;;;;;;;;;;;;;;;;;;
;;;;;;;;;;;;;;;;;;;;;;;
;;;;;;;;;;;;;;;;;;;;;;;
;;;;;;;;;;;;;;;;;;;;;;;
;;;;;;;;;;;;;;;;;;;;;;;
;;;;;;;;;;;;;;;;;;;;;;;
;;;;;;;;;;;;;;;;;;;;;;;
;;;;;;;;;;;;;;;;;;;;;;;
;;;;;;;;;;;;;;;;;;;;;;;
;;;;;;;;;;;;;;;;;;;;;;;
;;;;;;;;;;;;;;;;;;;;;;;
;;;;;;;;;;;;;;;;;;;;;;;
;;;;;;;;;;;;;;;;;;;;;;;
;;;;;;;;;;;;;;;;;;;;;;;
;;;;;;;;;;;;;;;;;;;;;;;
;;;;;;;;;;;;;;;;;;;;;;;
;;;;;;;;;;;;;;;;;;;;;;;
;;;;;;;;;;;;;;;;;;;;;;;
;;;;;;;;;;;;;;;;;;;;;;;
;;;;;;;;;;;;;;;;;;;;;;;
;;;;;;;;;;;;;;;;;;;;;;;
;;;;;;;;;;;;;;;;;;;;;;;
;;;;;;;;;;;;;;;;;;;;;;;
;;;;;;;;;;;;;;;;;;;;;;;
;;;;;;;;;;;;;;;;;;;;;;;
;;;;;;;;;;;;;;;;;;;;;;;
;;;;;;;;;;;;;;;;;;;;;;;
;;;;;;;;;;;;;;;;;;;;;;;
;;;;;;;;;;;;;;;;;;;;;;;
;;;;;;;;;;;;;;;;;;;;;;;
;;;;;;;;;;;;;;;;;;;;;;;
;;;;;;;;;;;;;;;;;;;;;;;
;;;;;;;;;;;;;;;;;;;;;;;
;;;;;;;;;;;;;;;;;;;;;;;
;;;;;;;;;;;;;;;;;;;;;;;
;;;;;;;;;;;;;;;;;;;;;;;
;;;;;;;;;;;;;;;;;;;;;;;
;;;;;;;;;;;;;;;;;;;;;;;
;;;;;;;;;;;;;;;;;;;;;;;
;;;;;;;;;;;;;;;;;;;;;;;
;;;;;;;;;;;;;;;;;;;;;;;
;;;;;;;;;;;;;;;;;;;;;;;
;;;;;;;;;;;;;;;;;;;;;;;
;;;;;;;;;;;;;;;;;;;;;;;
;;;;;;;;;;;;;;;;;;;;;;;
;;;;;;;;;;;;;;;;;;;;;;;
;;;;;;;;;;;;;;;;;;;;;;;
;;;;;;;;;;;;;;;;;;;;;;;
;;;;;;;;;;;;;;;;;;;;;;;
;;;;;;;;;;;;;;;;;;;;;;;
;;;;;;;;;;;;;;;;;;;;;;;
;;;;;;;;;;;;;;;;;;;;;;;
;;;;;;;;;;;;;;;;;;;;;;;
;;;;;;;;;;;;;;;;;;;;;;;
;;;;;;;;;;;;;;;;;;;;;;;
;;;;;;;;;;;;;;;;;;;;;;;
;;;;;;;;;;;;;;;;;;;;;;;
;;;;;;;;;;;;;;;;;;;;;;;
;;;;;;;;;;;;;;;;;;;;;;;
;;;;;;;;;;;;;;;;;;;;;;;
;;;;;;;;;;;;;;;;;;;;;;;
;;;;;;;;;;;;;;;;;;;;;;;
;;;;;;;;;;;;;;;;;;;;;;;
;;;;;;;;;;;;;;;;;;;;;;;
;;;;;;;;;;;;;;;;;;;;;;;
;;;;;;;;;;;;;;;;;;;;;;;
;;;;;;;;;;;;;;;;;;;;;;;
;;;;;;;;;;;;;;;;;;;;;;;
;;;;;;;;;;;;;;;;;;;;;;;
;;;;;;;;;;;;;;;;;;;;;;;
;;;;;;;;;;;;;;;;;;;;;;;
;;;;;;;;;;;;;;;;;;;;;;;
;;;;;;;;;;;;;;;;;;;;;;;
;;;;;;;;;;;;;;;;;;;;;;;
;;;;;;;;;;;;;;;;;;;;;;;
;;;;;;;;;;;;;;;;;;;;;;;
;;;;;;;;;;;;;;;;;;;;;;;
;;;;;;;;;;;;;;;;;;;;;;;
;;;;;;;;;;;;;;;;;;;;;;;
;;;;;;;;;;;;;;;;;;;;;;;
;;;;;;;;;;;;;;;;;;;;;;;
;;;;;;;;;;;;;;;;;;;;;;;
;;;;;;;;;;;;;;;;;;;;;;;
;;;;;;;;;;;;;;;;;;;;;;;
;;;;;;;;;;;;;;;;;;;;;;;
;;;;;;;;;;;;;;;;;;;;;;;
;;;;;;;;;;;;;;;;;;;;;;;
;;;;;;;;;;;;;;;;;;;;;;;
;;;;;;;;;;;;;;;;;;;;;;;
;;;;;;;;;;;;;;;;;;;;;;;
;;;;;;;;;;;;;;;;;;;;;;;
;;;;;;;;;;;;;;;;;;;;;;;
;;;;;;;;;;;;;;;;;;;;;;;
;;;;;;;;;;;;;;;;;;;;;;;
;;;;;;;;;;;;;;;;;;;;;;;
;;;;;;;;;;;;;;;;;;;;;;;
;;;;;;;;;;;;;;;;;;;;;;;
;;;;;;;;;;;;;;;;;;;;;;;
;;;;;;;;;;;;;;;;;;;;;;;
;;;;;;;;;;;;;;;;;;;;;;;
;;;;;;;;;;;;;;;;;;;;;;;
;;;;;;;;;;;;;;;;;;;;;;;
;;;;;;;;;;;;;;;;;;;;;;;
;;;;;;;;;;;;;;;;;;;;;;;
;;;;;;;;;;;;;;;;;;;;;;;
;;;;;;;;;;;;;;;;;;;;;;;
;;;;;;;;;;;;;;;;;;;;;;;
;;;;;;;;;;;;;;;;;;;;;;;
;;;;;;;;;;;;;;;;;;;;;;;
;;;;;;;;;;;;;;;;;;;;;;;
;;;;;;;;;;;;;;;;;;;;;;;
;;;;;;;;;;;;;;;;;;;;;;;
;;;;;;;;;;;;;;;;;;;;;;;
;;;;;;;;;;;;;;;;;;;;;;;
;;;;;;;;;;;;;;;;;;;;;;;
;;;;;;;;;;;;;;;;;;;;;;;
;;;;;;;;;;;;;;;;;;;;;;;
;;;;;;;;;;;;;;;;;;;;;;;
;;;;;;;;;;;;;;;;;;;;;;;
;;;;;;;;;;;;;;;;;;;;;;;
;;;;;;;;;;;;;;;;;;;;;;;
;;;;;;;;;;;;;;;;;;;;;;;
;;;;;;;;;;;;;;;;;;;;;;;
;;;;;;;;;;;;;;;;;;;;;;;
;;;;;;;;;;;;;;;;;;;;;;;
;;;;;;;;;;;;;;;;;;;;;;;
;;;;;;;;;;;;;;;;;;;;;;;
;;;;;;;;;;;;;;;;;;;;;;;
;;;;;;;;;;;;;;;;;;;;;;;
;;;;;;;;;;;;;;;;;;;;;;;
;;;;;;;;;;;;;;;;;;;;;;;
;;;;;;;;;;;;;;;;;;;;;;;
;;;;;;;;;;;;;;;;;;;;;;;
;;;;;;;;;;;;;;;;;;;;;;;
;;;;;;;;;;;;;;;;;;;;;;;
;;;;;;;;;;;;;;;;;;;;;;;
;;;;;;;;;;;;;;;;;;;;;;;
;;;;;;;;;;;;;;;;;;;;;;;
;;;;;;;;;;;;;;;;;;;;;;;
;;;;;;;;;;;;;;;;;;;;;;;
;;;;;;;;;;;;;;;;;;;;;;;
;;;;;;;;;;;;;;;;;;;;;;;
;;;;;;;;;;;;;;;;;;;;;;;
;;;;;;;;;;;;;;;;;;;;;;;
;;;;;;;;;;;;;;;;;;;;;;;
;;;;;;;;;;;;;;;;;;;;;;;
;;;;;;;;;;;;;;;;;;;;;;;
;;;;;;;;;;;;;;;;;;;;;;;
;;;;;;;;;;;;;;;;;;;;;;;
;;;;;;;;;;;;;;;;;;;;;;;
;;;;;;;;;;;;;;;;;;;;;;;
;;;;;;;;;;;;;;;;;;;;;;;
;;;;;;;;;;;;;;;;;;;;;;;
;;;;;;;;;;;;;;;;;;;;;;;
;;;;;;;;;;;;;;;;;;;;;;;
;;;;;;;;;;;;;;;;;;;;;;;
;;;;;;;;;;;;;;;;;;;;;;;
;;;;;;;;;;;;;;;;;;;;;;;
;;;;;;;;;;;;;;;;;;;;;;;
;;;;;;;;;;;;;;;;;;;;;;;
;;;;;;;;;;;;;;;;;;;;;;;
;;;;;;;;;;;;;;;;;;;;;;;
;;;;;;;;;;;;;;;;;;;;;;;
;;;;;;;;;;;;;;;;;;;;;;;
;;;;;;;;;;;;;;;;;;;;;;;
;;;;;;;;;;;;;;;;;;;;;;;
;;;;;;;;;;;;;;;;;;;;;;;
;;;;;;;;;;;;;;;;;;;;;;;
;;;;;;;;;;;;;;;;;;;;;;;
;;;;;;;;;;;;;;;;;;;;;;;
;;;;;;;;;;;;;;;;;;;;;;;
;;;;;;;;;;;;;;;;;;;;;;;
;;;;;;;;;;;;;;;;;;;;;;;
;;;;;;;;;;;;;;;;;;;;;;;
;;;;;;;;;;;;;;;;;;;;;;;
;;;;;;;;;;;;;;;;;;;;;;;
;;;;;;;;;;;;;;;;;;;;;;;
;;;;;;;;;;;;;;;;;;;;;;;
;;;;;;;;;;;;;;;;;;;;;;;
;;;;;;;;;;;;;;;;;;;;;;;
;;;;;;;;;;;;;;;;;;;;;;;
;;;;;;;;;;;;;;;;;;;;;;;
;;;;;;;;;;;;;;;;;;;;;;;
;;;;;;;;;;;;;;;;;;;;;;;
;;;;;;;;;;;;;;;;;;;;;;;
;;;;;;;;;;;;;;;;;;;;;;;
;;;;;;;;;;;;;;;;;;;;;;;
;;;;;;;;;;;;;;;;;;;;;;;
;;;;;;;;;;;;;;;;;;;;;;;
;;;;;;;;;;;;;;;;;;;;;;;
;;;;;;;;;;;;;;;;;;;;;;;
;;;;;;;;;;;;;;;;;;;;;;;
;;;;;;;;;;;;;;;;;;;;;;;
;;;;;;;;;;;;;;;;;;;;;;;
;;;;;;;;;;;;;;;;;;;;;;;
;;;;;;;;;;;;;;;;;;;;;;;
;;;;;;;;;;;;;;;;;;;;;;;
;;;;;;;;;;;;;;;;;;;;;;;
;;;;;;;;;;;;;;;;;;;;;;;
;;;;;;;;;;;;;;;;;;;;;;;
;;;;;;;;;;;;;;;;;;;;;;;
;;;;;;;;;;;;;;;;;;;;;;;
;;;;;;;;;;;;;;;;;;;;;;;
;;;;;;;;;;;;;;;;;;;;;;;
;;;;;;;;;;;;;;;;;;;;;;;
;;;;;;;;;;;;;;;;;;;;;;;
;;;;;;;;;;;;;;;;;;;;;;;
;;;;;;;;;;;;;;;;;;;;;;;
;;;;;;;;;;;;;;;;;;;;;;;
;;;;;;;;;;;;;;;;;;;;;;;
;;;;;;;;;;;;;;;;;;;;;;;
;;;;;;;;;;;;;;;;;;;;;;;
;;;;;;;;;;;;;;;;;;;;;;;
;;;;;;;;;;;;;;;;;;;;;;;
;;;;;;;;;;;;;;;;;;;;;;;
;;;;;;;;;;;;;;;;;;;;;;;
;;;;;;;;;;;;;;;;;;;;;;;
;;;;;;;;;;;;;;;;;;;;;;;
;;;;;;;;;;;;;;;;;;;;;;;
;;;;;;;;;;;;;;;;;;;;;;;
;;;;;;;;;;;;;;;;;;;;;;;
;;;;;;;;;;;;;;;;;;;;;;;
;;;;;;;;;;;;;;;;;;;;;;;
;;;;;;;;;;;;;;;;;;;;;;;
;;;;;;;;;;;;;;;;;;;;;;;
;;;;;;;;;;;;;;;;;;;;;;;
;;;;;;;;;;;;;;;;;;;;;;;
;;;;;;;;;;;;;;;;;;;;;;;
;;;;;;;;;;;;;;;;;;;;;;;
;;;;;;;;;;;;;;;;;;;;;;;
;;;;;;;;;;;;;;;;;;;;;;;
;;;;;;;;;;;;;;;;;;;;;;;
;;;;;;;;;;;;;;;;;;;;;;;
;;;;;;;;;;;;;;;;;;;;;;;
;;;;;;;;;;;;;;;;;;;;;;;
;;;;;;;;;;;;;;;;;;;;;;;
;;;;;;;;;;;;;;;;;;;;;;;
;;;;;;;;;;;;;;;;;;;;;;;
;;;;;;;;;;;;;;;;;;;;;;;
;;;;;;;;;;;;;;;;;;;;;;;
;;;;;;;;;;;;;;;;;;;;;;;
;;;;;;;;;;;;;;;;;;;;;;;
;;;;;;;;;;;;;;;;;;;;;;;
;;;;;;;;;;;;;;;;;;;;;;;
;;;;;;;;;;;;;;;;;;;;;;;
;;;;;;;;;;;;;;;;;;;;;;;
;;;;;;;;;;;;;;;;;;;;;;;
;;;;;;;;;;;;;;;;;;;;;;;
;;;;;;;;;;;;;;;;;;;;;;;
;;;;;;;;;;;;;;;;;;;;;;;
;;;;;;;;;;;;;;;;;;;;;;;
;;;;;;;;;;;;;;;;;;;;;;;
;;;;;;;;;;;;;;;;;;;;;;;
;;;;;;;;;;;;;;;;;;;;;;;
;;;;;;;;;;;;;;;;;;;;;;;
;;;;;;;;;;;;;;;;;;;;;;;
;;;;;;;;;;;;;;;;;;;;;;;
;;;;;;;;;;;;;;;;;;;;;;;
;;;;;;;;;;;;;;;;;;;;;;;
;;;;;;;;;;;;;;;;;;;;;;;
;;;;;;;;;;;;;;;;;;;;;;;
;;;;;;;;;;;;;;;;;;;;;;;
;;;;;;;;;;;;;;;;;;;;;;;
;;;;;;;;;;;;;;;;;;;;;;;
;;;;;;;;;;;;;;;;;;;;;;;
;;;;;;;;;;;;;;;;;;;;;;;
;;;;;;;;;;;;;;;;;;;;;;;
;;;;;;;;;;;;;;;;;;;;;;;
;;;;;;;;;;;;;;;;;;;;;;;
;;;;;;;;;;;;;;;;;;;;;;;
;;;;;;;;;;;;;;;;;;;;;;;
;;;;;;;;;;;;;;;;;;;;;;;
;;;;;;;;;;;;;;;;;;;;;;;
;;;;;;;;;;;;;;;;;;;;;;;
;;;;;;;;;;;;;;;;;;;;;;;
;;;;;;;;;;;;;;;;;;;;;;;
;;;;;;;;;;;;;;;;;;;;;;;
;;;;;;;;;;;;;;;;;;;;;;;
;;;;;;;;;;;;;;;;;;;;;;;
;;;;;;;;;;;;;;;;;;;;;;;
;;;;;;;;;;;;;;;;;;;;;;;
;;;;;;;;;;;;;;;;;;;;;;;
;;;;;;;;;;;;;;;;;;;;;;;
;;;;;;;;;;;;;;;;;;;;;;;
;;;;;;;;;;;;;;;;;;;;;;;
;;;;;;;;;;;;;;;;;;;;;;;
;;;;;;;;;;;;;;;;;;;;;;;
;;;;;;;;;;;;;;;;;;;;;;;
;;;;;;;;;;;;;;;;;;;;;;;
;;;;;;;;;;;;;;;;;;;;;;;
;;;;;;;;;;;;;;;;;;;;;;;
;;;;;;;;;;;;;;;;;;;;;;;
;;;;;;;;;;;;;;;;;;;;;;;
;;;;;;;;;;;;;;;;;;;;;;;
;;;;;;;;;;;;;;;;;;;;;;;
;;;;;;;;;;;;;;;;;;;;;;;
;;;;;;;;;;;;;;;;;;;;;;;
;;;;;;;;;;;;;;;;;;;;;;;
;;;;;;;;;;;;;;;;;;;;;;;
;;;;;;;;;;;;;;;;;;;;;;;
;;;;;;;;;;;;;;;;;;;;;;;
;;;;;;;;;;;;;;;;;;;;;;;
;;;;;;;;;;;;;;;;;;;;;;;
;;;;;;;;;;;;;;;;;;;;;;;
;;;;;;;;;;;;;;;;;;;;;;;
;;;;;;;;;;;;;;;;;;;;;;;
;;;;;;;;;;;;;;;;;;;;;;;
;;;;;;;;;;;;;;;;;;;;;;;
;;;;;;;;;;;;;;;;;;;;;;;
;;;;;;;;;;;;;;;;;;;;;;;
;;;;;;;;;;;;;;;;;;;;;;;
;;;;;;;;;;;;;;;;;;;;;;;
;;;;;;;;;;;;;;;;;;;;;;;
;;;;;;;;;;;;;;;;;;;;;;;
;;;;;;;;;;;;;;;;;;;;;;;
;;;;;;;;;;;;;;;;;;;;;;;
;;;;;;;;;;;;;;;;;;;;;;;
;;;;;;;;;;;;;;;;;;;;;;;
;;;;;;;;;;;;;;;;;;;;;;;
;;;;;;;;;;;;;;;;;;;;;;;
;;;;;;;;;;;;;;;;;;;;;;;
;;;;;;;;;;;;;;;;;;;;;;;
;;;;;;;;;;;;;;;;;;;;;;;
;;;;;;;;;;;;;;;;;;;;;;;
;;;;;;;;;;;;;;;;;;;;;;;
;;;;;;;;;;;;;;;;;;;;;;;
;;;;;;;;;;;;;;;;;;;;;;;
;;;;;;;;;;;;;;;;;;;;;;;
;;;;;;;;;;;;;;;;;;;;;;;
;;;;;;;;;;;;;;;;;;;;;;;
;;;;;;;;;;;;;;;;;;;;;;;
;;;;;;;;;;;;;;;;;;;;;;;
;;;;;;;;;;;;;;;;;;;;;;;
;;;;;;;;;;;;;;;;;;;;;;;
;;;;;;;;;;;;;;;;;;;;;;;
;;;;;;;;;;;;;;;;;;;;;;;
;;;;;;;;;;;;;;;;;;;;;;;
;;;;;;;;;;;;;;;;;;;;;;;
;;;;;;;;;;;;;;;;;;;;;;;
;;;;;;;;;;;;;;;;;;;;;;;
;;;;;;;;;;;;;;;;;;;;;;;
;;;;;;;;;;;;;;;;;;;;;;;
;;;;;;;;;;;;;;;;;;;;;;;
;;;;;;;;;;;;;;;;;;;;;;;
;;;;;;;;;;;;;;;;;;;;;;;
;;;;;;;;;;;;;;;;;;;;;;;
;;;;;;;;;;;;;;;;;;;;;;;
;;;;;;;;;;;;;;;;;;;;;;;
;;;;;;;;;;;;;;;;;;;;;;;
;;;;;;;;;;;;;;;;;;;;;;;
;;;;;;;;;;;;;;;;;;;;;;;
;;;;;;;;;;;;;;;;;;;;;;;
;;;;;;;;;;;;;;;;;;;;;;;
;;;;;;;;;;;;;;;;;;;;;;;
;;;;;;;;;;;;;;;;;;;;;;;
;;;;;;;;;;;;;;;;;;;;;;;
;;;;;;;;;;;;;;;;;;;;;;;
;;;;;;;;;;;;;;;;;;;;;;;
;;;;;;;;;;;;;;;;;;;;;;;
;;;;;;;;;;;;;;;;;;;;;;;
;;;;;;;;;;;;;;;;;;;;;;;
;;;;;;;;;;;;;;;;;;;;;;;
;;;;;;;;;;;;;;;;;;;;;;;
;;;;;;;;;;;;;;;;;;;;;;;
;;;;;;;;;;;;;;;;;;;;;;;
;;;;;;;;;;;;;;;;;;;;;;;
;;;;;;;;;;;;;;;;;;;;;;;
;;;;;;;;;;;;;;;;;;;;;;;
;;;;;;;;;;;;;;;;;;;;;;;
;;;;;;;;;;;;;;;;;;;;;;;
;;;;;;;;;;;;;;;;;;;;;;;
;;;;;;;;;;;;;;;;;;;;;;;
;;;;;;;;;;;;;;;;;;;;;;;
;;;;;;;;;;;;;;;;;;;;;;;
;;;;;;;;;;;;;;;;;;;;;;;
;;;;;;;;;;;;;;;;;;;;;;;
;;;;;;;;;;;;;;;;;;;;;;;
;;;;;;;;;;;;;;;;;;;;;;;
;;;;;;;;;;;;;;;;;;;;;;;
;;;;;;;;;;;;;;;;;;;;;;;
;;;;;;;;;;;;;;;;;;;;;;;
;;;;;;;;;;;;;;;;;;;;;;;
;;;;;;;;;;;;;;;;;;;;;;;
;;;;;;;;;;;;;;;;;;;;;;;
;;;;;;;;;;;;;;;;;;;;;;;
;;;;;;;;;;;;;;;;;;;;;;;
;;;;;;;;;;;;;;;;;;;;;;;
;;;;;;;;;;;;;;;;;;;;;;;
;;;;;;;;;;;;;;;;;;;;;;;
;;;;;;;;;;;;;;;;;;;;;;;
;;;;;;;;;;;;;;;;;;;;;;;
;;;;;;;;;;;;;;;;;;;;;;;
;;;;;;;;;;;;;;;;;;;;;;;
;;;;;;;;;;;;;;;;;;;;;;;
;;;;;;;;;;;;;;;;;;;;;;;
;;;;;;;;;;;;;;;;;;;;;;;
;;;;;;;;;;;;;;;;;;;;;;;
;;;;;;;;;;;;;;;;;;;;;;;
;;;;;;;;;;;;;;;;;;;;;;;
;;;;;;;;;;;;;;;;;;;;;;;
;;;;;;;;;;;;;;;;;;;;;;;
;;;;;;;;;;;;;;;;;;;;;;;
;;;;;;;;;;;;;;;;;;;;;;;
;;;;;;;;;;;;;;;;;;;;;;;
;;;;;;;;;;;;;;;;;;;;;;;
;;;;;;;;;;;;;;;;;;;;;;;
;;;;;;;;;;;;;;;;;;;;;;;
;;;;;;;;;;;;;;;;;;;;;;;
;;;;;;;;;;;;;;;;;;;;;;;
;;;;;;;;;;;;;;;;;;;;;;;
;;;;;;;;;;;;;;;;;;;;;;;
;;;;;;;;;;;;;;;;;;;;;;;
;;;;;;;;;;;;;;;;;;;;;;;
;;;;;;;;;;;;;;;;;;;;;;;
;;;;;;;;;;;;;;;;;;;;;;;
;;;;;;;;;;;;;;;;;;;;;;;
;;;;;;;;;;;;;;;;;;;;;;;
;;;;;;;;;;;;;;;;;;;;;;;
;;;;;;;;;;;;;;;;;;;;;;;
;;;;;;;;;;;;;;;;;;;;;;;
;;;;;;;;;;;;;;;;;;;;;;;
;;;;;;;;;;;;;;;;;;;;;;;
;;;;;;;;;;;;;;;;;;;;;;;
;;;;;;;;;;;;;;;;;;;;;;;
;;;;;;;;;;;;;;;;;;;;;;;
;;;;;;;;;;;;;;;;;;;;;;;
;;;;;;;;;;;;;;;;;;;;;;;
;;;;;;;;;;;;;;;;;;;;;;;
;;;;;;;;;;;;;;;;;;;;;;;
