"B622603-5","1101","CAJA Y BANCOS","110101001","CAJA CHICA","2023","1","1200.0000","0.0000","1200.0000","0"
"B622603-5","1101","CAJA Y BANCOS","110102001","BAC 701111600 MONETARIA","2023","1","4717632.2600","0.0000","4717632.2600","0"
"B622603-5","1101","CAJA Y BANCOS","110102002","BANRURAL 3033034955 MONETARIA","2023","1","266758.4900","0.0000","266758.4900","0"
"B622603-5","1101","CAJA Y BANCOS","110102003","BANCO INDUSTRIAL 0000269530 MONETARIA","2023","1","911203.6200","0.0000","911203.6200","0"
"B622603-5","1102","CUENTAS POR COBRAR","110203001","POR COBRAR MARVIN ESPAÑA","2023","1","1131353.2900","0.0000","1131353.2900","0"
"B622603-5","1102","CUENTAS POR COBRAR","110203002","POR COBRAR OSCAR AZURDIA","2023","1","1193162.6400","0.0000","1193162.6400","0"
"B622603-5","1102","CUENTAS POR COBRAR","110204001","DEUDORES","2023","1","86581.3000","0.0000","86581.3000","0"
"B622603-5","1102","CUENTAS POR COBRAR","110204002","OTROS INGRESOS POR COBRAR","2023","1","103217.1200","0.0000","103217.1200","0"
"B622603-5","1102","CUENTAS POR COBRAR","110204003","OTRAS CUENTAS POR COBRAR","2023","1","20404.9200","0.0000","20404.9200","0"
"B622603-5","1102","CUENTAS POR COBRAR","110204006","DEPOSITOS EN GARANTIA","2023","1","15024.1600","0.0000","15024.1600","0"
"B622603-5","1104","INVENTARIO","110401001","SELLOS DE CALIDAD","2023","1","2303.7700","0.0000","2303.7700","0"
"B622603-5","1201","ACTIVOS FIJOS","120101001","MOBILIARIO Y EQUIPO","2023","1","240596.8900","0.0000","240596.8900","0"
"B622603-5","1201","ACTIVOS FIJOS","120101002","DEPRECIACION ACUMULADA MOBILIARIO Y EQUIPO","2023","1","-240384.4800","0.0000","-240384.4800","0"
"B622603-5","1201","ACTIVOS FIJOS","120101003","HARDWARE","2023","1","515732.4200","0.0000","515732.4200","0"
"B622603-5","1201","ACTIVOS FIJOS","120101004","DEPRECIACION ACUMULADA HARDWARE","2023","1","-429057.6800","0.0000","-429057.6800","0"
"B622603-5","1201","ACTIVOS FIJOS","120101005","SOFTWARE","2023","1","136523.3500","0.0000","136523.3500","0"
"B622603-5","1201","ACTIVOS FIJOS","120101006","AMORTIZACION ACUMULADA SOFTWARE","2023","1","-135442.2100","0.0000","-135442.2100","0"
"B622603-5","1201","ACTIVOS FIJOS","120101007","MAQUINARIA","2023","1","555177.5800","0.0000","555177.5800","0"
"B622603-5","1201","ACTIVOS FIJOS","120101008","DEPRECIACION ACUMULADA DE MAQUINARIA","2023","1","-551673.7200","0.0000","-551673.7200","0"
"B622603-5","1201","ACTIVOS FIJOS","120101009","MEJORAS DE OFICINA","2023","1","103261.3300","0.0000","103261.3300","0"
"B622603-5","1201","ACTIVOS FIJOS","120101010","DEPRECIACION ACUMULADA MEJORAS DE OFICINA","2023","1","-101186.1300","0.0000","-101186.1300","0"
"B622603-5","1201","ACTIVOS FIJOS","120101011","VEHICULOS","2023","1","1797594.2800","0.0000","1797594.2800","0"
"B622603-5","1201","ACTIVOS FIJOS","120101012","DEPRECIACION ACUMULADA DE VEHICULOS","2023","1","-728173.5600","0.0000","-728173.5600","0"
"B622603-5","1201","ACTIVOS FIJOS","120101013","CENTROS DE ACOPIO","2023","1","1076632.1500","0.0000","1076632.1500","0"
"B622603-5","1201","ACTIVOS FIJOS","120101014","DEPRECIACION CENTROS DE ACOPIO","2023","1","-645879.8500","0.0000","-645879.8500","0"
"B622603-5","1202","GASTOS DIFERIDOS","120202001","ANTICIPOS DE GASTOS","2023","1","312618.5200","0.0000","312618.5200","0"
"B622603-5","2101","CUENTAS POR PAGAR","210101002","GASTOS ADMINISTRATIVOS POR PAGAR","2023","1","0.0000","5956.1300","5956.1300","0"
"B622603-5","2101","CUENTAS POR PAGAR","210101002","GASTOS ADMINISTRATIVOS POR PAGAR","2023","1","0.0000","32445.6500","32445.6500","0"
"B622603-5","2101","CUENTAS POR PAGAR","210101003","GASTOS OPERATIVOS POR PAGAR","2023","1","0.0000","18689.4200","18689.4200","0"
"B622603-5","2101","CUENTAS POR PAGAR","210102001","CUOTA LABORAL IGSS","2023","1","0.0000","6050.4100","6050.4100","0"
"B622603-5","2101","CUENTAS POR PAGAR","210102002","CUOTA PATRONAL IGSS","2023","1","0.0000","14618.6900","14618.6900","0"
"B622603-5","2101","CUENTAS POR PAGAR","210102004","IVA DEBITO","2023","1","0.0000","1630.0000","1630.0000","0"
"B622603-5","2101","CUENTAS POR PAGAR","210102005","IVA DEBITO FACTURA ESPECIAL","2023","1","0.0000","416.8500","416.8500","0"
"B622603-5","2101","CUENTAS POR PAGAR","210102006","RETENCIONES ISR EMPLEADOS","2023","1","0.0000","5400.5200","5400.5200","0"
"B622603-5","2101","CUENTAS POR PAGAR","210102007","RETENCIONES ISR TERCEROS","2023","1","0.0000","3980.7900","3980.7900","0"
"B622603-5","2101","CUENTAS POR PAGAR","210103001","PROVISION INDEMNIZACION","2023","1","0.0000","1767643.6300","1767643.6300","0"
"B622603-5","2101","CUENTAS POR PAGAR","210103003","PROVISION BONO 14","2023","1","0.0000","98982.8800","98982.8800","0"
"B622603-5","2101","CUENTAS POR PAGAR","210104002","OTROS INGRESOS ANTICIPADOS","2023","1","0.0000","4626.3700","4626.3700","0"
"B622603-5","3101","PATRIMONIO AGREQUIMA","310101001","PATRIMONIO ACTIVOS FIJOS","2023","1","0.0000","115737.1600","115737.1600","0"
"B622603-5","3101","PATRIMONIO AGREQUIMA","310101003","EXEDENTE ACUMULADO","2023","1","0.0000","45704.6800","45704.6800","0"
"B622603-5","3201","RESULTADOS AGREQUIMA","320101001","RESULTADO DE PERIODOS ANTERIORES","2023","1","0.0000","4218534.9900","4218534.9900","0"
"B622603-5","3201","RESULTADOS AGREQUIMA","320101095","RESULTADO DEL EJERCICIO 2022","2023","1","0.0000","1563872.9800","1563872.9800","0"
"B622603-5","3201","RESULTADOS AGREQUIMA","320101096","RESULTADO 2021","2023","1","0.0000","1441572.4400","1441572.4400","0"
"B622603-5","3201","RESULTADOS AGREQUIMA","320101097","RESULTADO 2020","2023","1","0.0000","1894920.0800","1894920.0800","0"
"B622603-5","3201","RESULTADOS AGREQUIMA","320101098","RESULTADO 2019","2023","1","0.0000","-109683.8700","-109683.8700","0"
"B622603-5","3201","RESULTADOS AGREQUIMA","320101099","RESULTADO DEL EJERCICIO","2023","1","0.0000","-775919.3400","-775919.3400","0"
"B622603-5","1202","GASTOS DIFERIDOS","120202001","ANTICIPOS DE GASTOS","2023","1","0.0000","1130.6800","-1130.6800","0"
"B622603-5","1202","GASTOS DIFERIDOS","120202001","ANTICIPOS DE GASTOS","2023","1","0.0000","12500.0000","-12500.0000","0"
"B622603-5","2101","CUENTAS POR PAGAR","210101002","GASTOS ADMINISTRATIVOS POR PAGAR","2023","1","0.0000","2587.0000","2587.0000","0"
"B622603-5","2101","CUENTAS POR PAGAR","210102002","CUOTA PATRONAL IGSS","2023","1","0.0000","15659.5700","15659.5700","0"
"B622603-5","2101","CUENTAS POR PAGAR","210103002","PROVISION AGUINALDO","2023","1","0.0000","17769.4500","17769.4500","0"
"B622603-5","2101","CUENTAS POR PAGAR","210103003","PROVISION BONO 14","2023","1","0.0000","17769.4500","17769.4500","0"
"B622603-5","2101","CUENTAS POR PAGAR","210103001","PROVISION INDEMNIZACION","2023","1","0.0000","20731.0800","20731.0800","0"
"B622603-5","2101","CUENTAS POR PAGAR","210101003","GASTOS OPERATIVOS POR PAGAR","2023","1","0.0000","55139.6000","55139.6000","0"
"B622603-5","1202","GASTOS DIFERIDOS","120202001","ANTICIPOS DE GASTOS","2023","1","0.0000","4000.0000","-4000.0000","0"
"B622603-5","2101","CUENTAS POR PAGAR","210101002","GASTOS ADMINISTRATIVOS POR PAGAR","2023","1","0.0000","8421.1800","8421.1800","0"
"B622603-5","2101","CUENTAS POR PAGAR","210101003","GASTOS OPERATIVOS POR PAGAR","2023","1","0.0000","525.0000","525.0000","0"
"B622603-5","2101","CUENTAS POR PAGAR","210101003","GASTOS OPERATIVOS POR PAGAR","2023","1","0.0000","750.0000","750.0000","0"
"B622603-5","2101","CUENTAS POR PAGAR","210104002","OTROS INGRESOS ANTICIPADOS","2023","1","375.0000","0.0000","-375.0000","0"
"B622603-5","2101","CUENTAS POR PAGAR","210104002","OTROS INGRESOS ANTICIPADOS","2023","1","3700.0000","0.0000","-3700.0000","0"
"B622603-5","1101","CAJA Y BANCOS","110101002","TRASLADO DE FONDOS","2023","1","0.0000","500000.0000","-500000.0000","0"
"B622603-5","1101","CAJA Y BANCOS","110102001","BAC 701111600 MONETARIA","2023","1","500603.0700","0.0000","500603.0700","0"
"B622603-5","1101","CAJA Y BANCOS","110102002","BANRURAL 3033034955 MONETARIA","2023","1","707631.5300","0.0000","707631.5300","0"
"B622603-5","1202","GASTOS DIFERIDOS","120202001","ANTICIPOS DE GASTOS","2023","1","0.0000","6426.0500","-6426.0500","0"
"B622603-5","2101","CUENTAS POR PAGAR","210104001","INGRESOSANTICIPADOS 4 POR MILLAR","2023","1","0.0000","3859.7500","3859.7500","0"
"B622603-5","2101","CUENTAS POR PAGAR","210104002","OTROS INGRESOS ANTICIPADOS","2023","1","0.0000","6882.5000","6882.5000","0"
"B622603-5","1101","CAJA Y BANCOS","110101001","CAJA CHICA","2023","1","8750.0000","0.0000","8750.0000","0"
"B622603-5","1101","CAJA Y BANCOS","110101002","TRASLADO DE FONDOS","2023","1","500000.0000","0.0000","500000.0000","0"
"B622603-5","1101","CAJA Y BANCOS","110102001","BAC 701111600 MONETARIA","2023","1","0.0000","487997.8300","-487997.8300","0"
"B622603-5","1101","CAJA Y BANCOS","110102002","BANRURAL 3033034955 MONETARIA","2023","1","0.0000","620430.7000","-620430.7000","0"
"B622603-5","1101","CAJA Y BANCOS","110102003","BANCO INDUSTRIAL 0000269530 MONETARIA","2023","1","0.0000","21992.8700","-21992.8700","0"
"B622603-5","1102","CUENTAS POR COBRAR","110204003","OTRAS CUENTAS POR COBRAR","2023","1","839.6600","2769.6600","-1930.0000","0"
"B622603-5","1201","ACTIVOS FIJOS","120101003","HARDWARE","2023","1","8619.4500","0.0000","8619.4500","0"
"B622603-5","1202","GASTOS DIFERIDOS","120201001","VIATICOS INGENIEROS AGRONOMOS","2023","1","38500.0000","0.0000","38500.0000","0"
"B622603-5","1202","GASTOS DIFERIDOS","120201003","INSUMOS ESTABLECIMIENTOS DE HUERTOS","2023","1","5100.0000","0.0000","5100.0000","0"
"B622603-5","1202","GASTOS DIFERIDOS","120202001","ANTICIPOS DE GASTOS","2023","1","74499.2700","0.0000","74499.2700","0"
"B622603-5","2101","CUENTAS POR PAGAR","210101002","GASTOS ADMINISTRATIVOS POR PAGAR","2023","1","30805.6000","0.0000","-30805.6000","0"
"B622603-5","2101","CUENTAS POR PAGAR","210101003","GASTOS OPERATIVOS POR PAGAR","2023","1","38489.4200","20352.0000","-18137.4200","0"
"B622603-5","2101","CUENTAS POR PAGAR","210102001","CUOTA LABORAL IGSS","2023","1","6050.4100","6481.2200","430.8100","0"
"B622603-5","2101","CUENTAS POR PAGAR","210102002","CUOTA PATRONAL IGSS","2023","1","14618.6900","0.0000","-14618.6900","0"
"B622603-5","2101","CUENTAS POR PAGAR","210102004","IVA DEBITO","2023","1","1630.0000","0.0000","-1630.0000","0"
"B622603-5","2101","CUENTAS POR PAGAR","210102005","IVA DEBITO FACTURA ESPECIAL","2023","1","416.8500","0.0000","-416.8500","0"
"B622603-5","2101","CUENTAS POR PAGAR","210102006","RETENCIONES ISR EMPLEADOS","2023","1","5400.5200","5974.9400","574.4200","0"
"B622603-5","2101","CUENTAS POR PAGAR","210102007","RETENCIONES ISR TERCEROS","2023","1","3980.7900","4191.6000","210.8100","0"
"B622603-5","2101","CUENTAS POR PAGAR","210104001","INGRESOSANTICIPADOS 4 POR MILLAR","2023","2","3859.7500","0.0000","-3859.7500","0"
"B622603-5","2101","CUENTAS POR PAGAR","210101002","GASTOS ADMINISTRATIVOS POR PAGAR","2023","2","195.0000","0.0000","-195.0000","0"
"B622603-5","2101","CUENTAS POR PAGAR","210101003","GASTOS OPERATIVOS POR PAGAR","2023","2","0.0000","69698.2000","69698.2000","0"
"B622603-5","1202","GASTOS DIFERIDOS","120201002","ACCESORIOS Y/O REPUESTOS ASPERSORAS","2023","2","0.0000","3257.7500","-3257.7500","0"
"B622603-5","1202","GASTOS DIFERIDOS","120202001","ANTICIPOS DE GASTOS","2023","2","0.0000","1509.6000","-1509.6000","0"
"B622603-5","1202","GASTOS DIFERIDOS","120202001","ANTICIPOS DE GASTOS","2023","2","0.0000","28801.7500","-28801.7500","0"
"B622603-5","1102","CUENTAS POR COBRAR","110201001","A_ADAMA
","2023","2","35000.0000","0.0000","35000.0000","0"
"B622603-5","1102","CUENTAS POR COBRAR","110201002","A_ARYSTA
","2023","2","5000.0000","0.0000","5000.0000","0"
"B622603-5","1102","CUENTAS POR COBRAR","110201003","A_BASF DE GUATEMALA
","2023","2","35000.0000","0.0000","35000.0000","0"
"B622603-5","1102","CUENTAS POR COBRAR","110201006","C_DUWEST GUATEMALA
","2023","2","12000.0000","0.0000","12000.0000","0"
"B622603-5","1102","CUENTAS POR COBRAR","110201010","B_BIESTERFELD DE GUATEMALA
","2023","2","20000.0000","0.0000","20000.0000","0"
"B622603-5","1102","CUENTAS POR COBRAR","110201011","B_CTL
","2023","2","20000.0000","0.0000","20000.0000","0"
"B622603-5","1102","CUENTAS POR COBRAR","110201012","B_ESPORANGIO, S.A.
","2023","2","20000.0000","0.0000","20000.0000","0"
"B622603-5","1102","CUENTAS POR COBRAR","110201013","B_FORAGRO
","2023","2","20000.0000","0.0000","20000.0000","0"
"B622603-5","1102","CUENTAS POR COBRAR","110201014","B_PROMOAGRO
","2023","2","20000.0000","0.0000","20000.0000","0"
"B622603-5","1102","CUENTAS POR COBRAR","110201015","B_QUILUBRISA
","2023","2","20000.0000","0.0000","20000.0000","0"
"B622603-5","1102","CUENTAS POR COBRAR","110201016","B_RAINBOW
","2023","2","20000.0000","0.0000","20000.0000","0"
"B622603-5","1102","CUENTAS POR COBRAR","110201017","B_TECUN, S.A.
","2023","2","20000.0000","0.0000","20000.0000","0"
"B622603-5","1102","CUENTAS POR COBRAR","110201019","C_AGRIAVANCES
","2023","2","12000.0000","0.0000","12000.0000","0"
"B622603-5","1102","CUENTAS POR COBRAR","110201022","C_GRUPO DISAGRO
","2023","2","12000.0000","0.0000","12000.0000","0"
"B622603-5","1102","CUENTAS POR COBRAR","110201023","C_INCISA
","2023","2","12000.0000","0.0000","12000.0000","0"
"B622603-5","1102","CUENTAS POR COBRAR","110201024","C_INSUMOS MODERNOS
","2023","2","12000.0000","0.0000","12000.0000","0"
"B622603-5","1102","CUENTAS POR COBRAR","110201025","C_POTENZ
","2023","2","12000.0000","0.0000","12000.0000","0"
"B622603-5","1102","CUENTAS POR COBRAR","110201026","QUIMICAS STOLLER","2023","2","20000.0000","0.0000","20000.0000","0"
"B622603-5","1102","CUENTAS POR COBRAR","110201027","C_SUPERSEED
","2023","2","12000.0000","0.0000","12000.0000","0"
"B622603-5","1102","CUENTAS POR COBRAR","110201028","B_VIDAGRO
","2023","2","20000.0000","0.0000","20000.0000","0"
"B622603-5","1102","CUENTAS POR COBRAR","110201029","B_STOCKTON S. A.
","2023","2","20000.0000","0.0000","20000.0000","0"
"B622603-5","1102","CUENTAS POR COBRAR","110201030","C_NOVIAGRO, S.A .
","2023","2","12000.0000","0.0000","12000.0000","0"
"B622603-5","1102","CUENTAS POR COBRAR","110201031","B_SEMIAGRO
","2023","2","20000.0000","0.0000","20000.0000","0"
"B622603-5","1102","CUENTAS POR COBRAR","110201032","B_EL COLONO
","2023","2","10000.0000","0.0000","10000.0000","0"
"B622603-5","1102","CUENTAS POR COBRAR","110201034","C_SEDIAGRO
","2023","2","12000.0000","0.0000","12000.0000","0"
"B622603-5","1102","CUENTAS POR COBRAR","110201035","C_LA CORNETA, S.A.
","2023","2","12000.0000","0.0000","12000.0000","0"
"B622603-5","1102","CUENTAS POR COBRAR","110201036","B_BIOSKA
","2023","2","20000.0000","0.0000","20000.0000","0"
"B622603-5","1102","CUENTAS POR COBRAR","110201037","C_AGROFORZA  

","2023","2","12000.0000","0.0000","12000.0000","0"
"B622603-5","1102","CUENTAS POR COBRAR","110201038","B_FERTILIZANTES MAYA
","2023","2","20000.0000","0.0000","20000.0000","0"
"B622603-5","1102","CUENTAS POR COBRAR","110201039","C_GRUPO FERT (CADELGA)
","2023","2","12000.0000","0.0000","12000.0000","0"
"B622603-5","1102","CUENTAS POR COBRAR","110201040","C_AGROINDUSTRIAS SUCCESSO, S.A.
","2023","2","12000.0000","0.0000","12000.0000","0"
"B622603-5","2101","CUENTAS POR PAGAR","210104002","OTROS INGRESOS ANTICIPADOS","2023","2","1875.0000","0.0000","-1875.0000","0"
"B622603-5","1102","CUENTAS POR COBRAR","110204002","OTROS INGRESOS POR COBRAR","2023","2","44000.0000","0.0000","44000.0000","0"
"B622603-5","2101","CUENTAS POR PAGAR","210104002","OTROS INGRESOS ANTICIPADOS","2023","2","400.0000","0.0000","-400.0000","0"
"B622603-5","2101","CUENTAS POR PAGAR","210104002","OTROS INGRESOS ANTICIPADOS","2023","2","5400.0000","0.0000","-5400.0000","0"
"B622603-5","2101","CUENTAS POR PAGAR","210101002","GASTOS ADMINISTRATIVOS POR PAGAR","2023","2","0.0000","2587.0000","2587.0000","0"
"B622603-5","2101","CUENTAS POR PAGAR","210102002","CUOTA PATRONAL IGSS","2023","2","0.0000","16262.2700","16262.2700","0"
"B622603-5","2101","CUENTAS POR PAGAR","210103002","PROVISION AGUINALDO","2023","2","0.0000","18693.7000","18693.7000","0"
"B622603-5","2101","CUENTAS POR PAGAR","210103003","PROVISION BONO 14","2023","2","0.0000","18693.7000","18693.7000","0"
"B622603-5","2101","CUENTAS POR PAGAR","210103001","PROVISION INDEMNIZACION","2023","2","0.0000","21809.4000","21809.4000","0"
"B622603-5","2101","CUENTAS POR PAGAR","210101003","GASTOS OPERATIVOS POR PAGAR","2023","2","0.0000","320.0000","320.0000","0"
"B622603-5","2101","CUENTAS POR PAGAR","210101003","GASTOS OPERATIVOS POR PAGAR","2023","2","0.0000","250.0000","250.0000","0"
"B622603-5","2101","CUENTAS POR PAGAR","210101003","GASTOS OPERATIVOS POR PAGAR","2023","2","0.0000","3500.0000","3500.0000","0"
"B622603-5","1202","GASTOS DIFERIDOS","120202001","ANTICIPOS DE GASTOS","2023","2","0.0000","3565.2000","-3565.2000","0"
"B622603-5","1202","GASTOS DIFERIDOS","120202001","ANTICIPOS DE GASTOS","2023","2","0.0000","1203.0000","-1203.0000","0"
"B622603-5","1202","GASTOS DIFERIDOS","120202001","ANTICIPOS DE GASTOS","2023","2","0.0000","6500.0000","-6500.0000","0"
"B622603-5","2101","CUENTAS POR PAGAR","210101003","GASTOS OPERATIVOS POR PAGAR","2023","2","0.0000","18.0000","18.0000","0"
"B622603-5","1202","GASTOS DIFERIDOS","120202001","ANTICIPOS DE GASTOS","2023","2","0.0000","894.0000","-894.0000","0"
"B622603-5","1201","ACTIVOS FIJOS","120101003","HARDWARE","2023","2","2025.0000","0.0000","2025.0000","0"
"B622603-5","2101","CUENTAS POR PAGAR","210101002","GASTOS ADMINISTRATIVOS POR PAGAR","2023","2","0.0000","25023.4200","25023.4200","0"
"B622603-5","1101","CAJA Y BANCOS","110101002","TRASLADO DE FONDOS","2023","2","650000.0000","0.0000","650000.0000","0"
"B622603-5","1101","CAJA Y BANCOS","110102001","BAC 701111600 MONETARIA","2023","2","0.0000","480491.6000","-480491.6000","0"
"B622603-5","1101","CAJA Y BANCOS","110102002","BANRURAL 3033034955 MONETARIA","2023","2","0.0000","941796.7200","-941796.7200","0"
"B622603-5","1101","CAJA Y BANCOS","110102003","BANCO INDUSTRIAL 0000269530 MONETARIA","2023","2","0.0000","14712.8200","-14712.8200","0"
"B622603-5","1102","CUENTAS POR COBRAR","110204003","OTRAS CUENTAS POR COBRAR","2023","2","839.6600","2769.6600","-1930.0000","0"
"B622603-5","1201","ACTIVOS FIJOS","120101003","HARDWARE","2023","2","12394.0000","0.0000","12394.0000","0"
"B622603-5","1202","GASTOS DIFERIDOS","120201002","ACCESORIOS Y/O REPUESTOS ASPERSORAS","2023","2","5000.0000","0.0000","5000.0000","0"
"B622603-5","1202","GASTOS DIFERIDOS","120202001","ANTICIPOS DE GASTOS","2023","2","227530.1900","0.0000","227530.1900","0"
"B622603-5","2101","CUENTAS POR PAGAR","210101002","GASTOS ADMINISTRATIVOS POR PAGAR","2023","2","12183.1500","0.0000","-12183.1500","0"
"B622603-5","2101","CUENTAS POR PAGAR","210101003","GASTOS OPERATIVOS POR PAGAR","2023","2","53488.6000","48.5000","-53440.1000","0"
"B622603-5","2101","CUENTAS POR PAGAR","210102001","CUOTA LABORAL IGSS","2023","2","6481.2200","6730.6600","249.4400","0"
"B622603-5","2101","CUENTAS POR PAGAR","210102002","CUOTA PATRONAL IGSS","2023","2","15659.5700","0.0000","-15659.5700","0"
"B622603-5","2101","CUENTAS POR PAGAR","210102006","RETENCIONES ISR EMPLEADOS","2023","2","5974.9400","8790.7900","2815.8500","0"
"B622603-5","2101","CUENTAS POR PAGAR","210102007","RETENCIONES ISR TERCEROS","2023","2","4191.6000","2907.0100","-1284.5900","0"
"B622603-5","1101","CAJA Y BANCOS","110101002","TRASLADO DE FONDOS","2023","2","0.0000","400000.0000","-400000.0000","0"
"B622603-5","1101","CAJA Y BANCOS","110102001","BAC 701111600 MONETARIA","2023","2","475558.6700","0.0000","475558.6700","0"
"B622603-5","1101","CAJA Y BANCOS","110102002","BANRURAL 3033034955 MONETARIA","2023","2","720669.5600","0.0000","720669.5600","0"
"B622603-5","1101","CAJA Y BANCOS","110102003","BANCO INDUSTRIAL 0000269530 MONETARIA","2023","2","19076.8600","0.0000","19076.8600","0"
"B622603-5","1102","CUENTAS POR COBRAR","110201001","A_ADAMA
","2023","2","0.0000","35000.0000","-35000.0000","0"
"B622603-5","1102","CUENTAS POR COBRAR","110201028","B_VIDAGRO
","2023","2","0.0000","20000.0000","-20000.0000","0"
"B622603-5","1102","CUENTAS POR COBRAR","110201029","B_STOCKTON S. A.
","2023","2","0.0000","20000.0000","-20000.0000","0"
"B622603-5","1102","CUENTAS POR COBRAR","110204002","OTROS INGRESOS POR COBRAR","2023","2","0.0000","35957.7900","-35957.7900","0"
"B622603-5","1202","GASTOS DIFERIDOS","120202001","ANTICIPOS DE GASTOS","2023","2","0.0000","8328.5600","-8328.5600","0"
"B622603-5","2101","CUENTAS POR PAGAR","210104002","OTROS INGRESOS ANTICIPADOS","2023","2","0.0000","30822.2800","30822.2800","0"
"B622603-5","2101","CUENTAS POR PAGAR","210101002","GASTOS ADMINISTRATIVOS POR PAGAR","2023","3","0.0000","2587.0000","2587.0000","0"
"B622603-5","2101","CUENTAS POR PAGAR","210103002","PROVISION AGUINALDO","2023","3","0.0000","18693.7200","18693.7200","0"
"B622603-5","2101","CUENTAS POR PAGAR","210103003","PROVISION BONO 14","2023","3","0.0000","18693.7200","18693.7200","0"
"B622603-5","2101","CUENTAS POR PAGAR","210103001","PROVISION INDEMNIZACION","2023","3","0.0000","21809.3900","21809.3900","0"
"B622603-5","2101","CUENTAS POR PAGAR","210102002","CUOTA PATRONAL IGSS","2023","3","0.0000","16793.6600","16793.6600","0"
"B622603-5","1202","GASTOS DIFERIDOS","120202001","ANTICIPOS DE GASTOS","2023","3","0.0000","1898.9900","-1898.9900","0"
"B622603-5","2101","CUENTAS POR PAGAR","210101003","GASTOS OPERATIVOS POR PAGAR","2023","3","0.0000","320.0000","320.0000","0"
"B622603-5","2101","CUENTAS POR PAGAR","210101003","GASTOS OPERATIVOS POR PAGAR","2023","3","0.0000","250.0000","250.0000","0"
"B622603-5","2101","CUENTAS POR PAGAR","210101003","GASTOS OPERATIVOS POR PAGAR","2023","3","0.0000","3500.0000","3500.0000","0"
"B622603-5","2101","CUENTAS POR PAGAR","210101003","GASTOS OPERATIVOS POR PAGAR","2023","3","0.0000","73409.1500","73409.1500","0"
"B622603-5","1202","GASTOS DIFERIDOS","120202001","ANTICIPOS DE GASTOS","2023","3","0.0000","250.0000","-250.0000","0"
"B622603-5","1202","GASTOS DIFERIDOS","120202001","ANTICIPOS DE GASTOS","2023","3","0.0000","2927.1600","-2927.1600","0"
"B622603-5","1202","GASTOS DIFERIDOS","120202001","ANTICIPOS DE GASTOS","2023","3","0.0000","1446.5500","-1446.5500","0"
"B622603-5","1202","GASTOS DIFERIDOS","120202001","ANTICIPOS DE GASTOS","2023","3","0.0000","5500.0000","-5500.0000","0"
"B622603-5","1202","GASTOS DIFERIDOS","120201002","ACCESORIOS Y/O REPUESTOS ASPERSORAS","2023","3","0.0000","1742.2500","-1742.2500","0"
"B622603-5","1202","GASTOS DIFERIDOS","120202001","ANTICIPOS DE GASTOS","2023","3","0.0000","1480.4000","-1480.4000","0"
"B622603-5","1102","CUENTAS POR COBRAR","110201002","A_ARYSTA
","2023","3","10000.0000","0.0000","10000.0000","0"
"B622603-5","1102","CUENTAS POR COBRAR","110201004","A_BAYER, S.A.","2023","3","35000.0000","0.0000","35000.0000","0"
"B622603-5","1102","CUENTAS POR COBRAR","110201007","A_FMC, S.A.
","2023","3","35000.0000","0.0000","35000.0000","0"
"B622603-5","1102","CUENTAS POR COBRAR","110201009","A_YARA
","2023","3","35000.0000","0.0000","35000.0000","0"
"B622603-5","1102","CUENTAS POR COBRAR","110201018","B_WESTRADE GUATEMALA
","2023","3","20000.0000","0.0000","20000.0000","0"
"B622603-5","1102","CUENTAS POR COBRAR","110201020","A_SYNGENTA-AGROINSUMOS
","2023","3","35000.0000","0.0000","35000.0000","0"
"B622603-5","1102","CUENTAS POR COBRAR","110201021","C_BAYER, S.A.
","2023","3","12000.0000","0.0000","12000.0000","0"
"B622603-5","1102","CUENTAS POR COBRAR","110201032","B_EL COLONO
","2023","3","10000.0000","0.0000","10000.0000","0"
"B622603-5","1102","CUENTAS POR COBRAR","110201041","C_OLEFINAS, S.A.  
","2023","3","12000.0000","0.0000","12000.0000","0"
"B622603-5","2101","CUENTAS POR PAGAR","210104002","OTROS INGRESOS ANTICIPADOS","2023","3","6600.0000","0.0000","-6600.0000","0"
"B622603-5","2101","CUENTAS POR PAGAR","210104002","OTROS INGRESOS ANTICIPADOS","2023","3","470.0000","0.0000","-470.0000","0"
"B622603-5","1102","CUENTAS POR COBRAR","110204002","OTROS INGRESOS POR COBRAR","2023","3","2560.0000","0.0000","2560.0000","0"
"B622603-5","2101","CUENTAS POR PAGAR","210104002","OTROS INGRESOS ANTICIPADOS","2023","3","75.0000","0.0000","-75.0000","0"
"B622603-5","2101","CUENTAS POR PAGAR","210104002","OTROS INGRESOS ANTICIPADOS","2023","3","11840.0000","0.0000","-11840.0000","0"
"B622603-5","1104","INVENTARIO","110401001","SELLOS DE CALIDAD","2023","3","0.0000","1225.6000","-1225.6000","0"
"B622603-5","1201","ACTIVOS FIJOS","120101013","CENTROS DE ACOPIO","2023","3","387000.0000","0.0000","387000.0000","0"
"B622603-5","1202","GASTOS DIFERIDOS","120202001","ANTICIPOS DE GASTOS","2023","3","0.0000","387000.0000","-387000.0000","0"
"B622603-5","1202","GASTOS DIFERIDOS","120202001","ANTICIPOS DE GASTOS","2023","3","0.0000","3703.8100","-3703.8100","0"
"B622603-5","2101","CUENTAS POR PAGAR","210101002","GASTOS ADMINISTRATIVOS POR PAGAR","2023","3","0.0000","10611.6000","10611.6000","0"
"B622603-5","1202","GASTOS DIFERIDOS","120202001","ANTICIPOS DE GASTOS","2023","3","0.0000","38622.7200","-38622.7200","0"
"B622603-5","1101","CAJA Y BANCOS","110101002","TRASLADO DE FONDOS","2023","3","0.0000","500000.0000","-500000.0000","0"
"B622603-5","1101","CAJA Y BANCOS","110102001","BAC 701111600 MONETARIA","2023","3","837058.5100","0.0000","837058.5100","0"
"B622603-5","1101","CAJA Y BANCOS","110102002","BANRURAL 3033034955 MONETARIA","2023","3","921455.0000","0.0000","921455.0000","0"
"B622603-5","1101","CAJA Y BANCOS","110102003","BANCO INDUSTRIAL 0000269530 MONETARIA","2023","3","6.3800","0.0000","6.3800","0"
"B622603-5","1102","CUENTAS POR COBRAR","110201002","A_ARYSTA
","2023","3","0.0000","5000.0000","-5000.0000","0"
"B622603-5","1102","CUENTAS POR COBRAR","110201006","C_DUWEST GUATEMALA
","2023","3","0.0000","12000.0000","-12000.0000","0"
"B622603-5","1102","CUENTAS POR COBRAR","110201007","A_FMC, S.A.
","2023","3","0.0000","35000.0000","-35000.0000","0"
"B622603-5","1102","CUENTAS POR COBRAR","110201009","A_YARA
","2023","3","0.0000","35000.0000","-35000.0000","0"
"B622603-5","1102","CUENTAS POR COBRAR","110201012","B_ESPORANGIO, S.A.
","2023","3","0.0000","13333.3200","-13333.3200","0"
"B622603-5","1102","CUENTAS POR COBRAR","110201015","B_QUILUBRISA
","2023","3","0.0000","20000.0000","-20000.0000","0"
"B622603-5","1102","CUENTAS POR COBRAR","110201017","B_TECUN, S.A.
","2023","3","0.0000","20000.0000","-20000.0000","0"
"B622603-5","1102","CUENTAS POR COBRAR","110201019","C_AGRIAVANCES
","2023","3","0.0000","4000.0000","-4000.0000","0"
"B622603-5","1102","CUENTAS POR COBRAR","110201022","C_GRUPO DISAGRO
","2023","3","0.0000","12000.0000","-12000.0000","0"
"B622603-5","1102","CUENTAS POR COBRAR","110201023","C_INCISA
","2023","3","0.0000","8000.0000","-8000.0000","0"
"B622603-5","1102","CUENTAS POR COBRAR","110201025","C_POTENZ
","2023","3","0.0000","12000.0000","-12000.0000","0"
"B622603-5","1102","CUENTAS POR COBRAR","110201026","QUIMICAS STOLLER","2023","3","0.0000","20000.0000","-20000.0000","0"
"B622603-5","1102","CUENTAS POR COBRAR","110201027","C_SUPERSEED
","2023","3","0.0000","12000.0000","-12000.0000","0"
"B622603-5","1102","CUENTAS POR COBRAR","110201031","B_SEMIAGRO
","2023","3","0.0000","10000.0000","-10000.0000","0"
"B622603-5","1102","CUENTAS POR COBRAR","110201032","B_EL COLONO
","2023","3","0.0000","10000.0000","-10000.0000","0"
"B622603-5","1102","CUENTAS POR COBRAR","110201033","B_ENLASA
","2023","3","0.0000","10000.0000","-10000.0000","0"
"B622603-5","1102","CUENTAS POR COBRAR","110201036","B_BIOSKA
","2023","3","0.0000","20000.0000","-20000.0000","0"
"B622603-5","1102","CUENTAS POR COBRAR","110201038","B_FERTILIZANTES MAYA
","2023","3","0.0000","20000.0000","-20000.0000","0"
"B622603-5","1102","CUENTAS POR COBRAR","110201039","C_GRUPO FERT (CADELGA)
","2023","3","0.0000","4000.0000","-4000.0000","0"
"B622603-5","1102","CUENTAS POR COBRAR","110201041","C_OLEFINAS, S.A.  
","2023","3","0.0000","12000.0000","-12000.0000","0"
"B622603-5","1102","CUENTAS POR COBRAR","110204002","OTROS INGRESOS POR COBRAR","2023","3","0.0000","44000.0000","-44000.0000","0"
"B622603-5","1202","GASTOS DIFERIDOS","120202001","ANTICIPOS DE GASTOS","2023","3","0.0000","10525.8700","-10525.8700","0"
"B622603-5","2101","CUENTAS POR PAGAR","210104002","OTROS INGRESOS ANTICIPADOS","2023","3","0.0000","65860.0000","65860.0000","0"
"B622603-5","1101","CAJA Y BANCOS","110101002","TRASLADO DE FONDOS","2023","3","250000.0000","0.0000","250000.0000","0"
"B622603-5","1101","CAJA Y BANCOS","110102001","BAC 701111600 MONETARIA","2023","3","0.0000","2530506.9800","-2530506.9800","0"
"B622603-5","1101","CAJA Y BANCOS","110102002","BANRURAL 3033034955 MONETARIA","2023","3","0.0000","535796.8100","-535796.8100","0"
"B622603-5","1101","CAJA Y BANCOS","110102003","BANCO INDUSTRIAL 0000269530 MONETARIA","2023","3","0.0000","27553.0900","-27553.0900","0"
"B622603-5","1101","CAJA Y BANCOS","110103003","BAC - FONDO DE INVERSIÓN","2023","3","2000002.0000","0.0000","2000002.0000","0"
"B622603-5","1102","CUENTAS POR COBRAR","110204003","OTRAS CUENTAS POR COBRAR","2023","3","839.6600","2769.6600","-1930.0000","0"
"B622603-5","1201","ACTIVOS FIJOS","120101001","MOBILIARIO Y EQUIPO","2023","3","3088.8000","0.0000","3088.8000","0"
"B622603-5","1201","ACTIVOS FIJOS","120101003","HARDWARE","2023","3","5590.0000","0.0000","5590.0000","0"
"B622603-5","1202","GASTOS DIFERIDOS","120201003","INSUMOS ESTABLECIMIENTOS DE HUERTOS","2023","3","2500.0000","0.0000","2500.0000","0"
"B622603-5","1202","GASTOS DIFERIDOS","120202001","ANTICIPOS DE GASTOS","2023","3","238812.9200","342.5000","238470.4200","0"
"B622603-5","2101","CUENTAS POR PAGAR","210101002","GASTOS ADMINISTRATIVOS POR PAGAR","2023","3","34237.2700","0.0000","-34237.2700","0"
"B622603-5","2101","CUENTAS POR PAGAR","210101003","GASTOS OPERATIVOS POR PAGAR","2023","3","70637.3500","199.0500","-70438.3000","0"
"B622603-5","2101","CUENTAS POR PAGAR","210102001","CUOTA LABORAL IGSS","2023","3","6730.6700","6950.5800","219.9100","0"
"B622603-5","2101","CUENTAS POR PAGAR","210102002","CUOTA PATRONAL IGSS","2023","3","16262.2700","0.0000","-16262.2700","0"
"B622603-5","2101","CUENTAS POR PAGAR","210102006","RETENCIONES ISR EMPLEADOS","2023","3","8790.7900","5412.7600","-3378.0300","0"
"B622603-5","2101","CUENTAS POR PAGAR","210102007","RETENCIONES ISR TERCEROS","2023","3","2907.0100","2299.8200","-607.1900","0"
"B622603-5","2101","CUENTAS POR PAGAR","210101002","GASTOS ADMINISTRATIVOS POR PAGAR","2023","4","0.0000","2587.0000","2587.0000","0"
"B622603-5","2101","CUENTAS POR PAGAR","210103002","PROVISION AGUINALDO","2023","4","0.0000","18693.7200","18693.7200","0"
"B622603-5","2101","CUENTAS POR PAGAR","210103003","PROVISION BONO 14","2023","4","0.0000","18693.7200","18693.7200","0"
"B622603-5","2101","CUENTAS POR PAGAR","210103001","PROVISION INDEMNIZACION","2023","4","0.0000","21809.3900","21809.3900","0"
"B622603-5","2101","CUENTAS POR PAGAR","210102002","CUOTA PATRONAL IGSS","2023","4","0.0000","16793.6600","16793.6600","0"
"B622603-5","1202","GASTOS DIFERIDOS","120202001","ANTICIPOS DE GASTOS","2023","4","0.0000","1898.9900","-1898.9900","0"
"B622603-5","2101","CUENTAS POR PAGAR","210101003","GASTOS OPERATIVOS POR PAGAR","2023","4","0.0000","320.0000","320.0000","0"
"B622603-5","2101","CUENTAS POR PAGAR","210101003","GASTOS OPERATIVOS POR PAGAR","2023","4","0.0000","250.0000","250.0000","0"
"B622603-5","2101","CUENTAS POR PAGAR","210101003","GASTOS OPERATIVOS POR PAGAR","2023","4","0.0000","3500.0000","3500.0000","0"
"B622603-5","2101","CUENTAS POR PAGAR","210101002","GASTOS ADMINISTRATIVOS POR PAGAR","2023","4","186.0000","0.0000","-186.0000","0"
"B622603-5","2101","CUENTAS POR PAGAR","210101003","GASTOS OPERATIVOS POR PAGAR","2023","4","0.0000","48576.2400","48576.2400","0"
"B622603-5","1102","CUENTAS POR COBRAR","110201002","A_ARYSTA
","2023","4","10000.0000","0.0000","10000.0000","0"
"B622603-5","1102","CUENTAS POR COBRAR","110201005","A_CORTEVA
","2023","4","35000.0000","0.0000","35000.0000","0"
"B622603-5","1102","CUENTAS POR COBRAR","110201033","B_ENLASA
","2023","4","10000.0000","0.0000","10000.0000","0"
"B622603-5","2101","CUENTAS POR PAGAR","210104002","OTROS INGRESOS ANTICIPADOS","2023","4","375.0000","0.0000","-375.0000","0"
"B622603-5","2101","CUENTAS POR PAGAR","210104002","OTROS INGRESOS ANTICIPADOS","2023","4","1350.0000","0.0000","-1350.0000","0"
"B622603-5","1104","INVENTARIO","110401001","SELLOS DE CALIDAD","2023","4","0.0000","1340.5000","-1340.5000","0"
"B622603-5","1202","GASTOS DIFERIDOS","120201003","INSUMOS ESTABLECIMIENTOS DE HUERTOS","2023","4","0.0000","5100.0000","-5100.0000","0"
"B622603-5","2101","CUENTAS POR PAGAR","210101002","GASTOS ADMINISTRATIVOS POR PAGAR","2023","4","0.0000","20092.8900","20092.8900","0"
"B622603-5","1202","GASTOS DIFERIDOS","120202001","ANTICIPOS DE GASTOS","2023","4","0.0000","4681.2500","-4681.2500","0"
"B622603-5","2101","CUENTAS POR PAGAR","210102007","RETENCIONES ISR TERCEROS","2023","4","0.0000","218.7500","218.7500","0"
"B622603-5","1101","CAJA Y BANCOS","110101002","TRASLADO DE FONDOS","2023","4","700000.0000","0.0000","700000.0000","0"
"B622603-5","1101","CAJA Y BANCOS","110102001","BAC 701111600 MONETARIA","2023","4","0.0000","371591.5300","-371591.5300","0"
"B622603-5","1101","CAJA Y BANCOS","110102002","BANRURAL 3033034955 MONETARIA","2023","4","0.0000","801978.6000","-801978.6000","0"
"B622603-5","1101","CAJA Y BANCOS","110102003","BANCO INDUSTRIAL 0000269530 MONETARIA","2023","4","0.0000","33234.1600","-33234.1600","0"
"B622603-5","1102","CUENTAS POR COBRAR","110204003","OTRAS CUENTAS POR COBRAR","2023","4","839.6600","2769.6600","-1930.0000","0"
"B622603-5","1202","GASTOS DIFERIDOS","120201003","INSUMOS ESTABLECIMIENTOS DE HUERTOS","2023","4","14437.5000","0.0000","14437.5000","0"
"B622603-5","1202","GASTOS DIFERIDOS","120202001","ANTICIPOS DE GASTOS","2023","4","11211.9300","0.0000","11211.9300","0"
"B622603-5","2101","CUENTAS POR PAGAR","210101002","GASTOS ADMINISTRATIVOS POR PAGAR","2023","4","41052.4900","0.0000","-41052.4900","0"
"B622603-5","2101","CUENTAS POR PAGAR","210101003","GASTOS OPERATIVOS POR PAGAR","2023","4","1943.3500","459.0000","-1484.3500","0"
"B622603-5","2101","CUENTAS POR PAGAR","210102001","CUOTA LABORAL IGSS","2023","4","6950.6000","6950.5800","-0.0200","0"
"B622603-5","2101","CUENTAS POR PAGAR","210102002","CUOTA PATRONAL IGSS","2023","4","16793.6500","0.0000","-16793.6500","0"
"B622603-5","2101","CUENTAS POR PAGAR","210102006","RETENCIONES ISR EMPLEADOS","2023","4","5383.8400","5974.9400","591.1000","0"
"B622603-5","2101","CUENTAS POR PAGAR","210102007","RETENCIONES ISR TERCEROS","2023","4","2299.8200","2732.5400","432.7200","0"
"B622603-5","2101","CUENTAS POR PAGAR","210103001","PROVISION INDEMNIZACION","2023","4","6371.6000","0.0000","-6371.6000","0"
"B622603-5","2101","CUENTAS POR PAGAR","210103002","PROVISION AGUINALDO","2023","4","1126.6700","0.0000","-1126.6700","0"
"B622603-5","2101","CUENTAS POR PAGAR","210103003","PROVISION BONO 14","2023","4","2854.2400","0.0000","-2854.2400","0"
"B622603-5","1101","CAJA Y BANCOS","110101002","TRASLADO DE FONDOS","2023","4","0.0000","700000.0000","-700000.0000","0"
"B622603-5","1101","CAJA Y BANCOS","110102001","BAC 701111600 MONETARIA","2023","4","739053.1300","0.0000","739053.1300","0"
"B622603-5","1101","CAJA Y BANCOS","110102002","BANRURAL 3033034955 MONETARIA","2023","4","446342.1100","0.0000","446342.1100","0"
"B622603-5","1101","CAJA Y BANCOS","110102003","BANCO INDUSTRIAL 0000269530 MONETARIA","2023","4","0.0100","0.0000","0.0100","0"
"B622603-5","1102","CUENTAS POR COBRAR","110201002","A_ARYSTA
","2023","4","0.0000","10000.0000","-10000.0000","0"
"B622603-5","1102","CUENTAS POR COBRAR","110201012","B_ESPORANGIO, S.A.
","2023","4","0.0000","6666.6800","-6666.6800","0"
"B622603-5","1102","CUENTAS POR COBRAR","110201018","B_WESTRADE GUATEMALA
","2023","4","0.0000","20000.0000","-20000.0000","0"
"B622603-5","1102","CUENTAS POR COBRAR","110201019","C_AGRIAVANCES
","2023","4","0.0000","4000.0000","-4000.0000","0"
"B622603-5","1102","CUENTAS POR COBRAR","110201023","C_INCISA
","2023","4","0.0000","4000.0000","-4000.0000","0"
"B622603-5","1102","CUENTAS POR COBRAR","110201031","B_SEMIAGRO
","2023","4","0.0000","10000.0000","-10000.0000","0"
"B622603-5","1102","CUENTAS POR COBRAR","110201032","B_EL COLONO
","2023","4","0.0000","10000.0000","-10000.0000","0"
"B622603-5","1102","CUENTAS POR COBRAR","110201039","C_GRUPO FERT (CADELGA)
","2023","4","0.0000","4000.0000","-4000.0000","0"
"B622603-5","1102","CUENTAS POR COBRAR","110204002","OTROS INGRESOS POR COBRAR","2023","4","9293.1400","2560.0000","6733.1400","0"
"B622603-5","1103","IMPUESTOS POR COBRAR","110301003","IVA RETENCION","2023","4","383.0400","0.0000","383.0400","0"
"B622603-5","1202","GASTOS DIFERIDOS","120202001","ANTICIPOS DE GASTOS","2023","4","0.0000","4216.4500","-4216.4500","0"
"B622603-5","2101","CUENTAS POR PAGAR","210101003","GASTOS OPERATIVOS POR PAGAR","2023","4","0.0000","40.1800","40.1800","0"
"B622603-5","2101","CUENTAS POR PAGAR","210102004","IVA DEBITO","2023","4","0.0000","1059.1100","1059.1100","0"
"B622603-5","2101","CUENTAS POR PAGAR","210104002","OTROS INGRESOS ANTICIPADOS","2023","4","249.0000","17709.0000","17460.0000","0"
"B622603-5","2101","CUENTAS POR PAGAR","210101002","GASTOS ADMINISTRATIVOS POR PAGAR","2023","5","0.0000","2587.0000","2587.0000","0"
"B622603-5","2101","CUENTAS POR PAGAR","210103002","PROVISION AGUINALDO","2023","5","0.0000","18693.7200","18693.7200","0"
"B622603-5","2101","CUENTAS POR PAGAR","210103003","PROVISION BONO 14","2023","5","0.0000","18693.7200","18693.7200","0"
"B622603-5","2101","CUENTAS POR PAGAR","210103001","PROVISION INDEMNIZACION","2023","5","0.0000","21809.3900","21809.3900","0"
"B622603-5","2101","CUENTAS POR PAGAR","210102002","CUOTA PATRONAL IGSS","2023","5","0.0000","16793.6600","16793.6600","0"
"B622603-5","1202","GASTOS DIFERIDOS","120202001","ANTICIPOS DE GASTOS","2023","5","0.0000","1898.9900","-1898.9900","0"
"B622603-5","2101","CUENTAS POR PAGAR","210101003","GASTOS OPERATIVOS POR PAGAR","2023","5","0.0000","320.0000","320.0000","0"
"B622603-5","2101","CUENTAS POR PAGAR","210101003","GASTOS OPERATIVOS POR PAGAR","2023","5","0.0000","250.0000","250.0000","0"
"B622603-5","2101","CUENTAS POR PAGAR","210101003","GASTOS OPERATIVOS POR PAGAR","2023","5","0.0000","3500.0000","3500.0000","0"
"B622603-5","2101","CUENTAS POR PAGAR","210101002","GASTOS ADMINISTRATIVOS POR PAGAR","2023","5","1054.0000","0.0000","-1054.0000","0"
"B622603-5","2101","CUENTAS POR PAGAR","210101003","GASTOS OPERATIVOS POR PAGAR","2023","5","0.0000","67474.8200","67474.8200","0"
"B622603-5","1102","CUENTAS POR COBRAR","110201002","A_ARYSTA
","2023","5","10000.0000","0.0000","10000.0000","0"
"B622603-5","2101","CUENTAS POR PAGAR","210104002","OTROS INGRESOS ANTICIPADOS","2023","5","525.0000","0.0000","-525.0000","0"
"B622603-5","2101","CUENTAS POR PAGAR","210104002","OTROS INGRESOS ANTICIPADOS","2023","5","9295.0000","0.0000","-9295.0000","0"
"B622603-5","2101","CUENTAS POR PAGAR","210104002","OTROS INGRESOS ANTICIPADOS","2023","5","27720.0000","0.0000","-27720.0000","0"
"B622603-5","1104","INVENTARIO","110401001","SELLOS DE CALIDAD","2023","5","0.0000","2324.5000","-2324.5000","0"
"B622603-5","1103","IMPUESTOS POR COBRAR","110301003","IVA RETENCION","2023","5","0.0000","383.0400","-383.0400","0"
"B622603-5","2101","CUENTAS POR PAGAR","210102004","IVA DEBITO","2023","5","383.0400","0.0000","-383.0400","0"
"B622603-5","1103","IMPUESTOS POR COBRAR","110301002","IVA CREDITO","2023","5","0.0000","1014.2000","-1014.2000","0"
"B622603-5","2101","CUENTAS POR PAGAR","210102004","IVA DEBITO","2023","5","1014.2000","0.0000","-1014.2000","0"
"B622603-5","1202","GASTOS DIFERIDOS","120202001","ANTICIPOS DE GASTOS","2023","5","0.0000","94801.2800","-94801.2800","0"
"B622603-5","1202","GASTOS DIFERIDOS","120202001","ANTICIPOS DE GASTOS","2023","5","0.0000","1875.0000","-1875.0000","0"
"B622603-5","1202","GASTOS DIFERIDOS","120201003","INSUMOS ESTABLECIMIENTOS DE HUERTOS","2023","5","0.0000","200.0000","-200.0000","0"
"B622603-5","1202","GASTOS DIFERIDOS","120202001","ANTICIPOS DE GASTOS","2023","5","0.0000","2855.0000","-2855.0000","0"
"B622603-5","1202","GASTOS DIFERIDOS","120202001","ANTICIPOS DE GASTOS","2023","5","0.0000","3800.0000","-3800.0000","0"
"B622603-5","2101","CUENTAS POR PAGAR","210101003","GASTOS OPERATIVOS POR PAGAR","2023","5","0.0000","7691.0800","7691.0800","0"
"B622603-5","1202","GASTOS DIFERIDOS","120202001","ANTICIPOS DE GASTOS","2023","5","0.0000","375.0000","-375.0000","0"
"B622603-5","1202","GASTOS DIFERIDOS","120202001","ANTICIPOS DE GASTOS","2023","5","0.0000","375.0000","-375.0000","0"
"B622603-5","2101","CUENTAS POR PAGAR","210101002","GASTOS ADMINISTRATIVOS POR PAGAR","2023","5","0.0000","24657.1100","24657.1100","0"
"B622603-5","1101","CAJA Y BANCOS","110102001","BAC 701111600 MONETARIA","2023","5","0.0000","495270.2100","-495270.2100","0"
"B622603-5","1101","CAJA Y BANCOS","110102002","BANRURAL 3033034955 MONETARIA","2023","5","0.0000","475849.5600","-475849.5600","0"
"B622603-5","1101","CAJA Y BANCOS","110102003","BANCO INDUSTRIAL 0000269530 MONETARIA","2023","5","0.0000","2529.6700","-2529.6700","0"
"B622603-5","1102","CUENTAS POR COBRAR","110204003","OTRAS CUENTAS POR COBRAR","2023","5","10839.6600","2769.6600","8070.0000","0"
"B622603-5","1103","IMPUESTOS POR COBRAR","110301002","IVA CREDITO","2023","5","1014.2000","0.0000","1014.2000","0"
"B622603-5","1104","INVENTARIO","110401001","SELLOS DE CALIDAD","2023","5","8451.6500","0.0000","8451.6500","0"
"B622603-5","1202","GASTOS DIFERIDOS","120201002","ACCESORIOS Y/O REPUESTOS ASPERSORAS","2023","5","5350.0000","0.0000","5350.0000","0"
"B622603-5","1202","GASTOS DIFERIDOS","120202001","ANTICIPOS DE GASTOS","2023","5","367495.4800","81780.0000","285715.4800","0"
"B622603-5","1202","GASTOS DIFERIDOS","120202006","REMODELACION CENTROS DE ACOPIO","2023","5","99200.0000","0.0000","99200.0000","0"
"B622603-5","2101","CUENTAS POR PAGAR","210101002","GASTOS ADMINISTRATIVOS POR PAGAR","2023","5","2587.0000","0.0000","-2587.0000","0"
"B622603-5","2101","CUENTAS POR PAGAR","210101003","GASTOS OPERATIVOS POR PAGAR","2023","5","76909.1500","1044.9900","-75864.1600","0"
"B622603-5","2101","CUENTAS POR PAGAR","210102001","CUOTA LABORAL IGSS","2023","5","6950.6000","6950.5800","-0.0200","0"
"B622603-5","2101","CUENTAS POR PAGAR","210102002","CUOTA PATRONAL IGSS","2023","5","16793.6500","0.0000","-16793.6500","0"
"B622603-5","2101","CUENTAS POR PAGAR","210102004","IVA DEBITO","2023","5","676.0000","0.0000","-676.0000","0"
"B622603-5","2101","CUENTAS POR PAGAR","210102006","RETENCIONES ISR EMPLEADOS","2023","5","5974.9400","5974.9400","0.0000","0"
"B622603-5","2101","CUENTAS POR PAGAR","210102007","RETENCIONES ISR TERCEROS","2023","5","3129.8600","3483.5700","353.7100","0"
"B622603-5","1101","CAJA Y BANCOS","110102001","BAC 701111600 MONETARIA","2023","5","64414.1200","0.0000","64414.1200","0"
"B622603-5","1101","CAJA Y BANCOS","110102002","BANRURAL 3033034955 MONETARIA","2023","5","925122.4900","0.0000","925122.4900","0"
"B622603-5","1101","CAJA Y BANCOS","110102003","BANCO INDUSTRIAL 0000269530 MONETARIA","2023","5","35000.0000","0.0000","35000.0000","0"
"B622603-5","1102","CUENTAS POR COBRAR","110201002","A_ARYSTA
","2023","5","0.0000","10000.0000","-10000.0000","0"
"B622603-5","1102","CUENTAS POR COBRAR","110201020","A_SYNGENTA-AGROINSUMOS
","2023","5","0.0000","35000.0000","-35000.0000","0"
"B622603-5","1102","CUENTAS POR COBRAR","110201030","C_NOVIAGRO, S.A .
","2023","5","0.0000","12000.0000","-12000.0000","0"
"B622603-5","1102","CUENTAS POR COBRAR","110201033","B_ENLASA
","2023","5","0.0000","5000.0000","-5000.0000","0"
"B622603-5","1102","CUENTAS POR COBRAR","110201034","C_SEDIAGRO
","2023","5","0.0000","12000.0000","-12000.0000","0"
"B622603-5","1102","CUENTAS POR COBRAR","110201039","C_GRUPO FERT (CADELGA)
","2023","5","0.0000","4000.0000","-4000.0000","0"
"B622603-5","1102","CUENTAS POR COBRAR","110204002","OTROS INGRESOS POR COBRAR","2023","5","9397.9600","3136.0000","6261.9600","0"
"B622603-5","1103","IMPUESTOS POR COBRAR","110301003","IVA RETENCION","2023","5","138.2200","0.0000","138.2200","0"
"B622603-5","1202","GASTOS DIFERIDOS","120202001","ANTICIPOS DE GASTOS","2023","5","0.0000","14141.8600","-14141.8600","0"
"B622603-5","2101","CUENTAS POR PAGAR","210101003","GASTOS OPERATIVOS POR PAGAR","2023","5","0.0000","40.1800","40.1800","0"
"B622603-5","2101","CUENTAS POR PAGAR","210102004","IVA DEBITO","2023","5","0.0000","1298.1500","1298.1500","0"
"B622603-5","2101","CUENTAS POR PAGAR","210104002","OTROS INGRESOS ANTICIPADOS","2023","5","2620.0000","107896.2400","105276.2400","0"
"B622603-5","2101","CUENTAS POR PAGAR","210101002","GASTOS ADMINISTRATIVOS POR PAGAR","2023","6","0.0000","2587.0000","2587.0000","0"
"B622603-5","2101","CUENTAS POR PAGAR","210103002","PROVISION AGUINALDO","2023","6","0.0000","18693.7200","18693.7200","0"
"B622603-5","2101","CUENTAS POR PAGAR","210103003","PROVISION BONO 14","2023","6","0.0000","18693.7200","18693.7200","0"
"B622603-5","2101","CUENTAS POR PAGAR","210103001","PROVISION INDEMNIZACION","2023","6","0.0000","21809.3900","21809.3900","0"
"B622603-5","2101","CUENTAS POR PAGAR","210102002","CUOTA PATRONAL IGSS","2023","6","0.0000","16793.6600","16793.6600","0"
"B622603-5","1202","GASTOS DIFERIDOS","120202001","ANTICIPOS DE GASTOS","2023","6","0.0000","1898.9900","-1898.9900","0"
"B622603-5","2101","CUENTAS POR PAGAR","210101003","GASTOS OPERATIVOS POR PAGAR","2023","6","0.0000","320.0000","320.0000","0"
"B622603-5","2101","CUENTAS POR PAGAR","210101003","GASTOS OPERATIVOS POR PAGAR","2023","6","0.0000","250.0000","250.0000","0"
"B622603-5","2101","CUENTAS POR PAGAR","210101003","GASTOS OPERATIVOS POR PAGAR","2023","6","0.0000","3500.0000","3500.0000","0"
"B622603-5","1103","IMPUESTOS POR COBRAR","110301003","IVA RETENCION","2023","6","0.0000","138.2200","-138.2200","0"
"B622603-5","2101","CUENTAS POR PAGAR","210102004","IVA DEBITO","2023","6","138.2200","0.0000","-138.2200","0"
"B622603-5","1202","GASTOS DIFERIDOS","120202001","ANTICIPOS DE GASTOS","2023","6","0.0000","6400.0000","-6400.0000","0"
"B622603-5","1202","GASTOS DIFERIDOS","120202001","ANTICIPOS DE GASTOS","2023","6","0.0000","2317.4000","-2317.4000","0"
"B622603-5","2101","CUENTAS POR PAGAR","210104001","INGRESOSANTICIPADOS 4 POR MILLAR","2023","6","6957.8500","0.0000","-6957.8500","0"
"B622603-5","2101","CUENTAS POR PAGAR","210104001","INGRESOSANTICIPADOS 4 POR MILLAR","2023","6","4216.2300","0.0000","-4216.2300","0"
"B622603-5","2101","CUENTAS POR PAGAR","210101002","GASTOS ADMINISTRATIVOS POR PAGAR","2023","6","0.0000","21459.9500","21459.9500","0"
"B622603-5","2101","CUENTAS POR PAGAR","210101003","GASTOS OPERATIVOS POR PAGAR","2023","6","7691.0800","0.0000","-7691.0800","0"
"B622603-5","1202","GASTOS DIFERIDOS","120202001","ANTICIPOS DE GASTOS","2023","6","0.0000","1138.7900","-1138.7900","0"
"B622603-5","2101","CUENTAS POR PAGAR","210102005","IVA DEBITO FACTURA ESPECIAL","2023","6","0.0000","143.8500","143.8500","0"
"B622603-5","2101","CUENTAS POR PAGAR","210102007","RETENCIONES ISR TERCEROS","2023","6","0.0000","59.9400","59.9400","0"
"B622603-5","1202","GASTOS DIFERIDOS","120202001","ANTICIPOS DE GASTOS","2023","6","0.0000","3758.0200","-3758.0200","0"
"B622603-5","2101","CUENTAS POR PAGAR","210102005","IVA DEBITO FACTURA ESPECIAL","2023","6","0.0000","474.7000","474.7000","0"
"B622603-5","2101","CUENTAS POR PAGAR","210102007","RETENCIONES ISR TERCEROS","2023","6","0.0000","197.7900","197.7900","0"
"B622603-5","1102","CUENTAS POR COBRAR","110204002","OTROS INGRESOS POR COBRAR","2023","6","100000.0000","0.0000","100000.0000","0"
"B622603-5","2101","CUENTAS POR PAGAR","210104002","OTROS INGRESOS ANTICIPADOS","2023","6","975.0000","0.0000","-975.0000","0"
"B622603-5","1102","CUENTAS POR COBRAR","110204002","OTROS INGRESOS POR COBRAR","2023","6","0.0000","1732.0600","-1732.0600","0"
"B622603-5","2101","CUENTAS POR PAGAR","210104002","OTROS INGRESOS ANTICIPADOS","2023","6","4822.0600","0.0000","-4822.0600","0"
"B622603-5","1102","CUENTAS POR COBRAR","110204002","OTROS INGRESOS POR COBRAR","2023","6","300.0000","0.0000","300.0000","0"
"B622603-5","2101","CUENTAS POR PAGAR","210104002","OTROS INGRESOS ANTICIPADOS","2023","6","1600.0000","0.0000","-1600.0000","0"
"B622603-5","1102","CUENTAS POR COBRAR","110201033","B_ENLASA
","2023","6","10000.0000","0.0000","10000.0000","0"
"B622603-5","1201","ACTIVOS FIJOS","120101011","VEHICULOS","2023","6","275250.0000","0.0000","275250.0000","0"
"B622603-5","1202","GASTOS DIFERIDOS","120202001","ANTICIPOS DE GASTOS","2023","6","0.0000","275250.0000","-275250.0000","0"
"B622603-5","2101","CUENTAS POR PAGAR","210101002","GASTOS ADMINISTRATIVOS POR PAGAR","2023","6","131.0000","0.0000","-131.0000","0"
"B622603-5","2101","CUENTAS POR PAGAR","210101003","GASTOS OPERATIVOS POR PAGAR","2023","6","0.0000","79225.4500","79225.4500","0"
"B622603-5","1103","IMPUESTOS POR COBRAR","110301002","IVA CREDITO","2023","6","0.0000","2892.8600","-2892.8600","0"
"B622603-5","2101","CUENTAS POR PAGAR","210102004","IVA DEBITO","2023","6","2892.8600","0.0000","-2892.8600","0"
"B622603-5","2101","CUENTAS POR PAGAR","210101002","GASTOS ADMINISTRATIVOS POR PAGAR","2023","6","0.0000","1613.9200","1613.9200","0"
"B622603-5","2101","CUENTAS POR PAGAR","210101003","GASTOS OPERATIVOS POR PAGAR","2023","6","1613.9200","0.0000","-1613.9200","0"
"B622603-5","2101","CUENTAS POR PAGAR","210103001","PROVISION INDEMNIZACION","2023","6","0.0000","119130.1200","119130.1200","0"
"B622603-5","2101","CUENTAS POR PAGAR","210103002","PROVISION AGUINALDO","2023","6","1955.7100","0.0000","-1955.7100","0"
"B622603-5","2101","CUENTAS POR PAGAR","210103003","PROVISION BONO 14","2023","6","0.0000","5830.4700","5830.4700","0"
"B622603-5","1101","CAJA Y BANCOS","110101002","TRASLADO DE FONDOS","2023","6","0.0000","1000000.0000","-1000000.0000","0"
"B622603-5","1101","CAJA Y BANCOS","110102001","BAC 701111600 MONETARIA","2023","6","1009022.6500","0.0000","1009022.6500","0"
"B622603-5","1101","CAJA Y BANCOS","110102002","BANRURAL 3033034955 MONETARIA","2023","6","736362.5200","0.0000","736362.5200","0"
"B622603-5","1101","CAJA Y BANCOS","110102003","BANCO INDUSTRIAL 0000269530 MONETARIA","2023","6","22849.2600","0.0000","22849.2600","0"
"B622603-5","1102","CUENTAS POR COBRAR","110201033","B_ENLASA
","2023","6","0.0000","5000.0000","-5000.0000","0"
"B622603-5","1102","CUENTAS POR COBRAR","110204002","OTROS INGRESOS POR COBRAR","2023","6","13496.3800","29902.3800","-16406.0000","0"
"B622603-5","1202","GASTOS DIFERIDOS","120201003","INSUMOS ESTABLECIMIENTOS DE HUERTOS","2023","6","0.0000","3762.5000","-3762.5000","0"
"B622603-5","1202","GASTOS DIFERIDOS","120202001","ANTICIPOS DE GASTOS","2023","6","0.0000","7033.2900","-7033.2900","0"
"B622603-5","2101","CUENTAS POR PAGAR","210102004","IVA DEBITO","2023","6","0.0000","8985.5600","8985.5600","0"
"B622603-5","2101","CUENTAS POR PAGAR","210104002","OTROS INGRESOS ANTICIPADOS","2023","6","70368.8600","92714.0600","22345.2000","0"
"B622603-5","1101","CAJA Y BANCOS","110101002","TRASLADO DE FONDOS","2023","6","1000000.0000","0.0000","1000000.0000","0"
"B622603-5","1101","CAJA Y BANCOS","110102001","BAC 701111600 MONETARIA","2023","6","0.0000","609176.2700","-609176.2700","0"
"B622603-5","1101","CAJA Y BANCOS","110102002","BANRURAL 3033034955 MONETARIA","2023","6","0.0000","1113780.1900","-1113780.1900","0"
"B622603-5","1101","CAJA Y BANCOS","110102003","BANCO INDUSTRIAL 0000269530 MONETARIA","2023","6","0.0000","48649.9200","-48649.9200","0"
"B622603-5","1102","CUENTAS POR COBRAR","110204003","OTRAS CUENTAS POR COBRAR","2023","6","839.6600","2769.6600","-1930.0000","0"
"B622603-5","1103","IMPUESTOS POR COBRAR","110301002","IVA CREDITO","2023","6","2892.8600","0.0000","2892.8600","0"
"B622603-5","1201","ACTIVOS FIJOS","120101003","HARDWARE","2023","6","2745.0000","0.0000","2745.0000","0"
"B622603-5","1202","GASTOS DIFERIDOS","120201002","ACCESORIOS Y/O REPUESTOS ASPERSORAS","2023","6","2000.0000","0.0000","2000.0000","0"
"B622603-5","1202","GASTOS DIFERIDOS","120201003","INSUMOS ESTABLECIMIENTOS DE HUERTOS","2023","6","6000.0000","0.0000","6000.0000","0"
"B622603-5","1202","GASTOS DIFERIDOS","120202001","ANTICIPOS DE GASTOS","2023","6","26471.2800","0.0000","26471.2800","0"
"B622603-5","2101","CUENTAS POR PAGAR","210101002","GASTOS ADMINISTRATIVOS POR PAGAR","2023","6","48704.0600","179.0000","-48525.0600","0"
"B622603-5","2101","CUENTAS POR PAGAR","210101003","GASTOS OPERATIVOS POR PAGAR","2023","6","116051.0600","0.0000","-116051.0600","0"
"B622603-5","2101","CUENTAS POR PAGAR","210102001","CUOTA LABORAL IGSS","2023","6","6950.6000","6950.5800","-0.0200","0"
"B622603-5","2101","CUENTAS POR PAGAR","210102002","CUOTA PATRONAL IGSS","2023","6","16793.6500","0.0000","-16793.6500","0"
"B622603-5","2101","CUENTAS POR PAGAR","210102004","IVA DEBITO","2023","6","146.0000","0.0000","-146.0000","0"
"B622603-5","2101","CUENTAS POR PAGAR","210102006","RETENCIONES ISR EMPLEADOS","2023","6","5974.9400","5974.9400","0.0000","0"
"B622603-5","2101","CUENTAS POR PAGAR","210102007","RETENCIONES ISR TERCEROS","2023","6","3305.0000","4300.9300","995.9300","0"
"B622603-5","2101","CUENTAS POR PAGAR","210101002","GASTOS ADMINISTRATIVOS POR PAGAR","2023","7","0.0000","2587.0000","2587.0000","0"
"B622603-5","2101","CUENTAS POR PAGAR","210103002","PROVISION AGUINALDO","2023","7","0.0000","18956.0900","18956.0900","0"
"B622603-5","2101","CUENTAS POR PAGAR","210103003","PROVISION BONO 14","2023","7","0.0000","19051.6500","19051.6500","0"
"B622603-5","2101","CUENTAS POR PAGAR","210103001","PROVISION INDEMNIZACION","2023","7","0.0000","20904.5900","20904.5900","0"
"B622603-5","2101","CUENTAS POR PAGAR","210102002","CUOTA PATRONAL IGSS","2023","7","0.0000","16793.6600","16793.6600","0"
"B622603-5","2101","CUENTAS POR PAGAR","210101003","GASTOS OPERATIVOS POR PAGAR","2023","7","0.0000","320.0000","320.0000","0"
"B622603-5","2101","CUENTAS POR PAGAR","210101003","GASTOS OPERATIVOS POR PAGAR","2023","7","0.0000","250.0000","250.0000","0"
"B622603-5","2101","CUENTAS POR PAGAR","210101003","GASTOS OPERATIVOS POR PAGAR","2023","7","0.0000","3500.0000","3500.0000","0"
"B622603-5","1201","ACTIVOS FIJOS","120101003","HARDWARE","2023","7","0.0000","2025.0000","-2025.0000","0"
"B622603-5","1201","ACTIVOS FIJOS","120101007","MAQUINARIA","2023","7","2025.0000","0.0000","2025.0000","0"
"B622603-5","2101","CUENTAS POR PAGAR","210101003","GASTOS OPERATIVOS POR PAGAR","2023","7","0.0000","67233.1800","67233.1800","0"
"B622603-5","2101","CUENTAS POR PAGAR","210101002","GASTOS ADMINISTRATIVOS POR PAGAR","2023","7","0.0000","38562.6700","38562.6700","0"
"B622603-5","1102","CUENTAS POR COBRAR","110201013","B_FORAGRO
","2023","7","0.0000","20000.0000","-20000.0000","0"
"B622603-5","2101","CUENTAS POR PAGAR","210104002","OTROS INGRESOS ANTICIPADOS","2023","7","20000.0000","0.0000","-20000.0000","0"
"B622603-5","1102","CUENTAS POR COBRAR","110201002","A_ARYSTA
","2023","7","0.0000","10000.0000","-10000.0000","0"
"B622603-5","2101","CUENTAS POR PAGAR","210104002","OTROS INGRESOS ANTICIPADOS","2023","7","10000.0000","0.0000","-10000.0000","0"
"B622603-5","1102","CUENTAS POR COBRAR","110201003","A_BASF DE GUATEMALA
","2023","7","0.0000","35000.0000","-35000.0000","0"
"B622603-5","2101","CUENTAS POR PAGAR","210104002","OTROS INGRESOS ANTICIPADOS","2023","7","35000.0000","0.0000","-35000.0000","0"
"B622603-5","1102","CUENTAS POR COBRAR","110201019","C_AGRIAVANCES
","2023","7","0.0000","4000.0000","-4000.0000","0"
"B622603-5","2101","CUENTAS POR PAGAR","210104002","OTROS INGRESOS ANTICIPADOS","2023","7","4000.0000","0.0000","-4000.0000","0"
"B622603-5","1102","CUENTAS POR COBRAR","110201005","A_CORTEVA
","2023","7","0.0000","35000.0000","-35000.0000","0"
"B622603-5","2101","CUENTAS POR PAGAR","210104002","OTROS INGRESOS ANTICIPADOS","2023","7","35000.0000","0.0000","-35000.0000","0"
"B622603-5","1102","CUENTAS POR COBRAR","110204002","OTROS INGRESOS POR COBRAR","2023","7","0.0000","2459.8200","-2459.8200","0"
"B622603-5","2101","CUENTAS POR PAGAR","210104002","OTROS INGRESOS ANTICIPADOS","2023","7","2459.8200","0.0000","-2459.8200","0"
"B622603-5","2101","CUENTAS POR PAGAR","210104002","OTROS INGRESOS ANTICIPADOS","2023","7","150.0000","0.0000","-150.0000","0"
"B622603-5","1102","CUENTAS POR COBRAR","110204002","OTROS INGRESOS POR COBRAR","2023","7","900.0000","0.0000","900.0000","0"
"B622603-5","2101","CUENTAS POR PAGAR","210104002","OTROS INGRESOS ANTICIPADOS","2023","7","4835.0000","0.0000","-4835.0000","0"
"B622603-5","1102","CUENTAS POR COBRAR","110201042","B_AGRO-CHILE, SOCIEDAD ANONIMA  

","2023","7","20000.0000","0.0000","20000.0000","0"
"B622603-5","2101","CUENTAS POR PAGAR","210104002","OTROS INGRESOS ANTICIPADOS","2023","7","18000.0000","0.0000","-18000.0000","0"
"B622603-5","1104","INVENTARIO","110401001","SELLOS DE CALIDAD","2023","7","0.0000","720.7500","-720.7500","0"
"B622603-5","1202","GASTOS DIFERIDOS","120201002","ACCESORIOS Y/O REPUESTOS ASPERSORAS","2023","7","0.0000","98.8400","-98.8400","0"
"B622603-5","1202","GASTOS DIFERIDOS","120201003","INSUMOS ESTABLECIMIENTOS DE HUERTOS","2023","7","0.0000","6000.0000","-6000.0000","0"
"B622603-5","1202","GASTOS DIFERIDOS","120202001","ANTICIPOS DE GASTOS","2023","7","0.0000","5550.7000","-5550.7000","0"
"B622603-5","1202","GASTOS DIFERIDOS","120201003","INSUMOS ESTABLECIMIENTOS DE HUERTOS","2023","7","0.0000","2500.0000","-2500.0000","0"
"B622603-5","1202","GASTOS DIFERIDOS","120201003","INSUMOS ESTABLECIMIENTOS DE HUERTOS","2023","7","0.0000","1045.0000","-1045.0000","0"
"B622603-5","1102","CUENTAS POR COBRAR","110201016","B_RAINBOW
","2023","7","0.0000","20000.0000","-20000.0000","0"
"B622603-5","2101","CUENTAS POR PAGAR","210104002","OTROS INGRESOS ANTICIPADOS","2023","7","20000.0000","0.0000","-20000.0000","0"
"B622603-5","2101","CUENTAS POR PAGAR","210104002","OTROS INGRESOS ANTICIPADOS","2023","7","800.0000","0.0000","-800.0000","0"
"B622603-5","1201","ACTIVOS FIJOS","120101003","HARDWARE","2023","7","33925.3300","0.0000","33925.3300","0"
"B622603-5","1202","GASTOS DIFERIDOS","120202001","ANTICIPOS DE GASTOS","2023","7","0.0000","33925.3300","-33925.3300","0"
"B622603-5","1202","GASTOS DIFERIDOS","120202001","ANTICIPOS DE GASTOS","2023","7","0.0000","1768.9000","-1768.9000","0"
"B622603-5","1102","CUENTAS POR COBRAR","110204002","OTROS INGRESOS POR COBRAR","2023","7","0.0000","538.2300","-538.2300","0"
"B622603-5","2101","CUENTAS POR PAGAR","210104002","OTROS INGRESOS ANTICIPADOS","2023","7","538.2300","0.0000","-538.2300","0"
"B622603-5","1102","CUENTAS POR COBRAR","110204002","OTROS INGRESOS POR COBRAR","2023","7","0.0000","2500.0000","-2500.0000","0"
"B622603-5","2101","CUENTAS POR PAGAR","210104002","OTROS INGRESOS ANTICIPADOS","2023","7","2500.0000","0.0000","-2500.0000","0"
"B622603-5","1101","CAJA Y BANCOS","110101002","TRASLADO DE FONDOS","2023","7","0.0000","400000.0000","-400000.0000","0"
"B622603-5","1101","CAJA Y BANCOS","110102001","BAC 701111600 MONETARIA","2023","7","467901.9600","0.0000","467901.9600","0"
"B622603-5","1101","CAJA Y BANCOS","110102002","BANRURAL 3033034955 MONETARIA","2023","7","740642.2600","0.0000","740642.2600","0"
"B622603-5","1101","CAJA Y BANCOS","110102003","BANCO INDUSTRIAL 0000269530 MONETARIA","2023","7","103542.1600","0.0000","103542.1600","0"
"B622603-5","1102","CUENTAS POR COBRAR","110201014","B_PROMOAGRO
","2023","7","0.0000","20000.0000","-20000.0000","0"
"B622603-5","1102","CUENTAS POR COBRAR","110201024","C_INSUMOS MODERNOS
","2023","7","0.0000","12000.0000","-12000.0000","0"
"B622603-5","1102","CUENTAS POR COBRAR","110201035","C_LA CORNETA, S.A.
","2023","7","0.0000","12000.0000","-12000.0000","0"
"B622603-5","1102","CUENTAS POR COBRAR","110204002","OTROS INGRESOS POR COBRAR","2023","7","25070.2600","123341.6100","-98271.3500","0"
"B622603-5","1202","GASTOS DIFERIDOS","120202001","ANTICIPOS DE GASTOS","2023","7","0.0000","16246.9200","-16246.9200","0"
"B622603-5","2101","CUENTAS POR PAGAR","210101003","GASTOS OPERATIVOS POR PAGAR","2023","7","0.0000","1288.1700","1288.1700","0"
"B622603-5","2101","CUENTAS POR PAGAR","210102004","IVA DEBITO","2023","7","0.0000","2953.9600","2953.9600","0"
"B622603-5","2101","CUENTAS POR PAGAR","210104002","OTROS INGRESOS ANTICIPADOS","2023","7","2500.0000","30775.0000","28275.0000","0"
"B622603-5","1101","CAJA Y BANCOS","110101002","TRASLADO DE FONDOS","2023","7","400000.0000","0.0000","400000.0000","0"
"B622603-5","1101","CAJA Y BANCOS","110102001","BAC 701111600 MONETARIA","2023","7","0.0000","689616.7000","-689616.7000","0"
"B622603-5","1101","CAJA Y BANCOS","110102002","BANRURAL 3033034955 MONETARIA","2023","7","0.0000","623554.0400","-623554.0400","0"
"B622603-5","1101","CAJA Y BANCOS","110102003","BANCO INDUSTRIAL 0000269530 MONETARIA","2023","7","0.0000","41112.3500","-41112.3500","0"
"B622603-5","1102","CUENTAS POR COBRAR","110204003","OTRAS CUENTAS POR COBRAR","2023","7","839.6600","5099.6600","-4260.0000","0"
"B622603-5","1202","GASTOS DIFERIDOS","120201003","INSUMOS ESTABLECIMIENTOS DE HUERTOS","2023","7","27470.0000","0.0000","27470.0000","0"
"B622603-5","1202","GASTOS DIFERIDOS","120202001","ANTICIPOS DE GASTOS","2023","7","72036.1700","1708.1900","70327.9800","0"
"B622603-5","2101","CUENTAS POR PAGAR","210101002","GASTOS ADMINISTRATIVOS POR PAGAR","2023","7","41166.4900","58.1600","-41108.3300","0"
"B622603-5","2101","CUENTAS POR PAGAR","210101003","GASTOS OPERATIVOS POR PAGAR","2023","7","81344.0300","0.0000","-81344.0300","0"
"B622603-5","2101","CUENTAS POR PAGAR","210102001","CUOTA LABORAL IGSS","2023","7","6950.6000","6950.5800","-0.0200","0"
"B622603-5","2101","CUENTAS POR PAGAR","210102002","CUOTA PATRONAL IGSS","2023","7","16793.6500","0.0000","-16793.6500","0"
"B622603-5","2101","CUENTAS POR PAGAR","210102004","IVA DEBITO","2023","7","6093.0000","0.0000","-6093.0000","0"
"B622603-5","2101","CUENTAS POR PAGAR","210102005","IVA DEBITO FACTURA ESPECIAL","2023","7","618.5400","431.5400","-187.0000","0"
"B622603-5","2101","CUENTAS POR PAGAR","210102006","RETENCIONES ISR EMPLEADOS","2023","7","5974.9400","5974.9400","0.0000","0"
"B622603-5","2101","CUENTAS POR PAGAR","210102007","RETENCIONES ISR TERCEROS","2023","7","4558.6600","3701.5500","-857.1100","0"
"B622603-5","2101","CUENTAS POR PAGAR","210103003","PROVISION BONO 14","2023","7","213197.1300","0.0000","-213197.1300","0"
"B622603-5","2101","CUENTAS POR PAGAR","210101002","GASTOS ADMINISTRATIVOS POR PAGAR","2023","8","0.0000","2587.0000","2587.0000","0"
"B622603-5","2101","CUENTAS POR PAGAR","210103002","PROVISION AGUINALDO","2023","8","0.0000","18094.1800","18094.1800","0"
"B622603-5","2101","CUENTAS POR PAGAR","210103003","PROVISION BONO 14","2023","8","0.0000","18189.7500","18189.7500","0"
"B622603-5","2101","CUENTAS POR PAGAR","210103001","PROVISION INDEMNIZACION","2023","8","0.0000","19958.8700","19958.8700","0"
"B622603-5","2101","CUENTAS POR PAGAR","210102002","CUOTA PATRONAL IGSS","2023","8","0.0000","16148.6100","16148.6100","0"
"B622603-5","1202","GASTOS DIFERIDOS","120202001","ANTICIPOS DE GASTOS","2023","8","0.0000","1898.9900","-1898.9900","0"
"B622603-5","2101","CUENTAS POR PAGAR","210101003","GASTOS OPERATIVOS POR PAGAR","2023","8","0.0000","320.0000","320.0000","0"
"B622603-5","2101","CUENTAS POR PAGAR","210101003","GASTOS OPERATIVOS POR PAGAR","2023","8","0.0000","250.0000","250.0000","0"
"B622603-5","2101","CUENTAS POR PAGAR","210101003","GASTOS OPERATIVOS POR PAGAR","2023","8","0.0000","3500.0000","3500.0000","0"
"B622603-5","1202","GASTOS DIFERIDOS","120202001","ANTICIPOS DE GASTOS","2023","8","0.0000","1629.3800","-1629.3800","0"
"B622603-5","1202","GASTOS DIFERIDOS","120202001","ANTICIPOS DE GASTOS","2023","8","0.0000","2389.6000","-2389.6000","0"
"B622603-5","1202","GASTOS DIFERIDOS","120202001","ANTICIPOS DE GASTOS","2023","8","0.0000","4000.0000","-4000.0000","0"
"B622603-5","2101","CUENTAS POR PAGAR","210101002","GASTOS ADMINISTRATIVOS POR PAGAR","2023","8","0.0000","885.0100","885.0100","0"
"B622603-5","2101","CUENTAS POR PAGAR","210101002","GASTOS ADMINISTRATIVOS POR PAGAR","2023","8","0.0000","24825.4700","24825.4700","0"
"B622603-5","2101","CUENTAS POR PAGAR","210101003","GASTOS OPERATIVOS POR PAGAR","2023","8","0.0000","63394.9100","63394.9100","0"
"B622603-5","1202","GASTOS DIFERIDOS","120201003","INSUMOS ESTABLECIMIENTOS DE HUERTOS","2023","8","0.0000","17390.0000","-17390.0000","0"
"B622603-5","1202","GASTOS DIFERIDOS","120202001","ANTICIPOS DE GASTOS","2023","8","0.0000","40000.0000","-40000.0000","0"
"B622603-5","2101","CUENTAS POR PAGAR","210101003","GASTOS OPERATIVOS POR PAGAR","2023","8","0.0000","16.2500","16.2500","0"
"B622603-5","1202","GASTOS DIFERIDOS","120201003","INSUMOS ESTABLECIMIENTOS DE HUERTOS","2023","8","0.0000","1950.0000","-1950.0000","0"
"B622603-5","1202","GASTOS DIFERIDOS","120201003","INSUMOS ESTABLECIMIENTOS DE HUERTOS","2023","8","0.0000","1600.0000","-1600.0000","0"
"B622603-5","1202","GASTOS DIFERIDOS","120201002","ACCESORIOS Y/O REPUESTOS ASPERSORAS","2023","8","0.0000","1845.0000","-1845.0000","0"
"B622603-5","1104","INVENTARIO","110401001","SELLOS DE CALIDAD","2023","8","0.0000","4404.5000","-4404.5000","0"
"B622603-5","2101","CUENTAS POR PAGAR","210104002","OTROS INGRESOS ANTICIPADOS","2023","8","375.0000","0.0000","-375.0000","0"
"B622603-5","1102","CUENTAS POR COBRAR","110204002","OTROS INGRESOS POR COBRAR","2023","8","525.0000","0.0000","525.0000","0"
"B622603-5","2101","CUENTAS POR PAGAR","210104002","OTROS INGRESOS ANTICIPADOS","2023","8","4785.0000","0.0000","-4785.0000","0"
"B622603-5","2101","CUENTAS POR PAGAR","210104002","OTROS INGRESOS ANTICIPADOS","2023","8","600.0000","0.0000","-600.0000","0"
"B622603-5","2101","CUENTAS POR PAGAR","210104002","OTROS INGRESOS ANTICIPADOS","2023","8","4000.0000","0.0000","-4000.0000","0"
"B622603-5","1202","GASTOS DIFERIDOS","120201002","ACCESORIOS Y/O REPUESTOS ASPERSORAS","2023","8","0.0000","186.1600","-186.1600","0"
"B622603-5","1202","GASTOS DIFERIDOS","120202001","ANTICIPOS DE GASTOS","2023","8","186.1600","0.0000","186.1600","0"
"B622603-5","2101","CUENTAS POR PAGAR","210102007","RETENCIONES ISR TERCEROS","2023","8","0.0000","186.1600","186.1600","0"
"B622603-5","1202","GASTOS DIFERIDOS","120202001","ANTICIPOS DE GASTOS","2023","8","0.0000","3416.3800","-3416.3800","0"
"B622603-5","2101","CUENTAS POR PAGAR","210102005","IVA DEBITO FACTURA ESPECIAL","2023","8","0.0000","431.5400","431.5400","0"
"B622603-5","2101","CUENTAS POR PAGAR","210102007","RETENCIONES ISR TERCEROS","2023","8","0.0000","179.8100","179.8100","0"
"B622603-5","1202","GASTOS DIFERIDOS","120202001","ANTICIPOS DE GASTOS","2023","8","0.0000","41840.0000","-41840.0000","0"
"B622603-5","1202","GASTOS DIFERIDOS","120202001","ANTICIPOS DE GASTOS","2023","8","0.0000","580.0000","-580.0000","0"
"B622603-5","1101","CAJA Y BANCOS","110101001","CAJA CHICA","2023","8","0.0000","1250.0000","-1250.0000","0"
"B622603-5","1101","CAJA Y BANCOS","110101002","TRASLADO DE FONDOS","2023","8","0.0000","400000.0000","-400000.0000","0"
"B622603-5","1101","CAJA Y BANCOS","110102001","BAC 701111600 MONETARIA","2023","8","440608.7500","0.0000","440608.7500","0"
"B622603-5","1101","CAJA Y BANCOS","110102002","BANRURAL 3033034955 MONETARIA","2023","8","808481.2400","0.0000","808481.2400","0"
"B622603-5","1101","CAJA Y BANCOS","110102003","BANCO INDUSTRIAL 0000269530 MONETARIA","2023","8","900.0000","0.0000","900.0000","0"
"B622603-5","1102","CUENTAS POR COBRAR","110201004","A_BAYER, S.A.","2023","8","0.0000","35000.0000","-35000.0000","0"
"B622603-5","1102","CUENTAS POR COBRAR","110201010","B_BIESTERFELD DE GUATEMALA
","2023","8","0.0000","20000.0000","-20000.0000","0"
"B622603-5","1102","CUENTAS POR COBRAR","110201021","C_BAYER, S.A.
","2023","8","0.0000","12000.0000","-12000.0000","0"
"B622603-5","1102","CUENTAS POR COBRAR","110201042","B_AGRO-CHILE, SOCIEDAD ANONIMA  

","2023","8","0.0000","20000.0000","-20000.0000","0"
"B622603-5","1102","CUENTAS POR COBRAR","110204002","OTROS INGRESOS POR COBRAR","2023","8","16183.1700","17573.9500","-1390.7800","0"
"B622603-5","1103","IMPUESTOS POR COBRAR","110301003","IVA RETENCION","2023","8","72.0000","0.0000","72.0000","0"
"B622603-5","1202","GASTOS DIFERIDOS","120201001","VIATICOS INGENIEROS AGRONOMOS","2023","8","0.0000","5000.0000","-5000.0000","0"
"B622603-5","1202","GASTOS DIFERIDOS","120201003","INSUMOS ESTABLECIMIENTOS DE HUERTOS","2023","8","0.0000","11210.0000","-11210.0000","0"
"B622603-5","1202","GASTOS DIFERIDOS","120202001","ANTICIPOS DE GASTOS","2023","8","0.0000","6994.9800","-6994.9800","0"
"B622603-5","2101","CUENTAS POR PAGAR","210101002","GASTOS ADMINISTRATIVOS POR PAGAR","2023","8","0.0000","78.0000","78.0000","0"
"B622603-5","2101","CUENTAS POR PAGAR","210102004","IVA DEBITO","2023","8","0.0000","1733.9100","1733.9100","0"
"B622603-5","2101","CUENTAS POR PAGAR","210104002","OTROS INGRESOS ANTICIPADOS","2023","8","0.0000","138196.7300","138196.7300","0"
"B622603-5","1101","CAJA Y BANCOS","110101002","TRASLADO DE FONDOS","2023","8","400000.0000","0.0000","400000.0000","0"
"B622603-5","1101","CAJA Y BANCOS","110102001","BAC 701111600 MONETARIA","2023","8","0.0000","519926.6400","-519926.6400","0"
"B622603-5","1101","CAJA Y BANCOS","110102002","BANRURAL 3033034955 MONETARIA","2023","8","0.0000","792446.5700","-792446.5700","0"
"B622603-5","1101","CAJA Y BANCOS","110102003","BANCO INDUSTRIAL 0000269530 MONETARIA","2023","8","0.0000","27367.9000","-27367.9000","0"
"B622603-5","1102","CUENTAS POR COBRAR","110204003","OTRAS CUENTAS POR COBRAR","2023","8","839.6600","2669.6600","-1830.0000","0"
"B622603-5","1201","ACTIVOS FIJOS","120101007","MAQUINARIA","2023","8","224720.0000","0.0000","224720.0000","0"
"B622603-5","1202","GASTOS DIFERIDOS","120201002","ACCESORIOS Y/O REPUESTOS ASPERSORAS","2023","8","8000.0000","0.0000","8000.0000","0"
"B622603-5","1202","GASTOS DIFERIDOS","120201003","INSUMOS ESTABLECIMIENTOS DE HUERTOS","2023","8","1600.0000","0.0000","1600.0000","0"
"B622603-5","1202","GASTOS DIFERIDOS","120202001","ANTICIPOS DE GASTOS","2023","8","83260.8900","163500.0000","-80239.1100","0"
"B622603-5","2101","CUENTAS POR PAGAR","210101002","GASTOS ADMINISTRATIVOS POR PAGAR","2023","8","28450.4700","0.0000","-28450.4700","0"
"B622603-5","2101","CUENTAS POR PAGAR","210101003","GASTOS OPERATIVOS POR PAGAR","2023","8","80402.7700","0.0000","-80402.7700","0"
"B622603-5","2101","CUENTAS POR PAGAR","210102001","CUOTA LABORAL IGSS","2023","8","6950.6000","6683.6200","-266.9800","0"
"B622603-5","2101","CUENTAS POR PAGAR","210102002","CUOTA PATRONAL IGSS","2023","8","16793.6500","0.0000","-16793.6500","0"
"B622603-5","2101","CUENTAS POR PAGAR","210102004","IVA DEBITO","2023","8","2954.0000","0.0000","-2954.0000","0"
"B622603-5","2101","CUENTAS POR PAGAR","210102005","IVA DEBITO FACTURA ESPECIAL","2023","8","431.5400","0.0000","-431.5400","0"
"B622603-5","2101","CUENTAS POR PAGAR","210102006","RETENCIONES ISR EMPLEADOS","2023","8","5974.9400","5646.4200","-328.5200","0"
"B622603-5","2101","CUENTAS POR PAGAR","210102007","RETENCIONES ISR TERCEROS","2023","8","3887.7100","4594.4500","706.7400","0"
"B622603-5","2101","CUENTAS POR PAGAR","210103001","PROVISION INDEMNIZACION","2023","8","140557.0300","0.0000","-140557.0300","0"
"B622603-5","2101","CUENTAS POR PAGAR","210103002","PROVISION AGUINALDO","2023","8","7865.0000","0.0000","-7865.0000","0"
"B622603-5","2101","CUENTAS POR PAGAR","210103003","PROVISION BONO 14","2023","8","1364.7000","0.0000","-1364.7000","0"
"B622603-5","2101","CUENTAS POR PAGAR","210101002","GASTOS ADMINISTRATIVOS POR PAGAR","2023","9","0.0000","2587.0000","2587.0000","0"
"B622603-5","2101","CUENTAS POR PAGAR","210103002","PROVISION AGUINALDO","2023","9","0.0000","18114.3000","18114.3000","0"
"B622603-5","2101","CUENTAS POR PAGAR","210103003","PROVISION BONO 14","2023","9","0.0000","17361.5400","17361.5400","0"
"B622603-5","2101","CUENTAS POR PAGAR","210103001","PROVISION INDEMNIZACION","2023","9","0.0000","19048.1000","19048.1000","0"
"B622603-5","2101","CUENTAS POR PAGAR","210102002","CUOTA PATRONAL IGSS","2023","9","0.0000","15952.3000","15952.3000","0"
"B622603-5","1202","GASTOS DIFERIDOS","120202001","ANTICIPOS DE GASTOS","2023","9","0.0000","1898.9900","-1898.9900","0"
"B622603-5","2101","CUENTAS POR PAGAR","210101003","GASTOS OPERATIVOS POR PAGAR","2023","9","0.0000","320.0000","320.0000","0"
"B622603-5","2101","CUENTAS POR PAGAR","210101003","GASTOS OPERATIVOS POR PAGAR","2023","9","0.0000","250.0000","250.0000","0"
"B622603-5","2101","CUENTAS POR PAGAR","210101003","GASTOS OPERATIVOS POR PAGAR","2023","9","0.0000","3500.0000","3500.0000","0"
"B622603-5","2101","CUENTAS POR PAGAR","210104002","OTROS INGRESOS ANTICIPADOS","2023","9","675.0000","0.0000","-675.0000","0"
"B622603-5","2101","CUENTAS POR PAGAR","210104002","OTROS INGRESOS ANTICIPADOS","2023","9","11605.0000","0.0000","-11605.0000","0"
"B622603-5","1102","CUENTAS POR COBRAR","110204002","OTROS INGRESOS POR COBRAR","2023","9","100000.0000","0.0000","100000.0000","0"
"B622603-5","1202","GASTOS DIFERIDOS","120202001","ANTICIPOS DE GASTOS","2023","9","0.0000","1820.0000","-1820.0000","0"
"B622603-5","2101","CUENTAS POR PAGAR","210102005","IVA DEBITO FACTURA ESPECIAL","2023","9","0.0000","229.8900","229.8900","0"
"B622603-5","2101","CUENTAS POR PAGAR","210102007","RETENCIONES ISR TERCEROS","2023","9","0.0000","95.7900","95.7900","0"
"B622603-5","1202","GASTOS DIFERIDOS","120202001","ANTICIPOS DE GASTOS","2023","9","0.0000","3416.3800","-3416.3800","0"
"B622603-5","2101","CUENTAS POR PAGAR","210102005","IVA DEBITO FACTURA ESPECIAL","2023","9","0.0000","431.5400","431.5400","0"
"B622603-5","2101","CUENTAS POR PAGAR","210102007","RETENCIONES ISR TERCEROS","2023","9","0.0000","179.8100","179.8100","0"
"B622603-5","1202","GASTOS DIFERIDOS","120202001","ANTICIPOS DE GASTOS","2023","9","0.0000","3500.0000","-3500.0000","0"
"B622603-5","2101","CUENTAS POR PAGAR","210102005","IVA DEBITO FACTURA ESPECIAL","2023","9","0.0000","442.1100","442.1100","0"
"B622603-5","2101","CUENTAS POR PAGAR","210102007","RETENCIONES ISR TERCEROS","2023","9","0.0000","184.2100","184.2100","0"
"B622603-5","1104","INVENTARIO","110401001","SELLOS DE CALIDAD","2023","9","0.0000","912.9500","-912.9500","0"
"B622603-5","1103","IMPUESTOS POR COBRAR","110301003","IVA RETENCION","2023","9","0.0000","72.0000","-72.0000","0"
"B622603-5","2101","CUENTAS POR PAGAR","210102004","IVA DEBITO","2023","9","72.0000","0.0000","-72.0000","0"
"B622603-5","1103","IMPUESTOS POR COBRAR","110301002","IVA CREDITO","2023","9","0.0000","1045.0900","-1045.0900","0"
"B622603-5","2101","CUENTAS POR PAGAR","210102004","IVA DEBITO","2023","9","1045.0900","0.0000","-1045.0900","0"
"B622603-5","1202","GASTOS DIFERIDOS","120202001","ANTICIPOS DE GASTOS","2023","9","223.2100","0.0000","223.2100","0"
"B622603-5","2101","CUENTAS POR PAGAR","210102007","RETENCIONES ISR TERCEROS","2023","9","0.0000","223.2100","223.2100","0"
"B622603-5","2101","CUENTAS POR PAGAR","210101003","GASTOS OPERATIVOS POR PAGAR","2023","9","0.0000","64407.3000","64407.3000","0"
"B622603-5","1202","GASTOS DIFERIDOS","120202001","ANTICIPOS DE GASTOS","2023","9","0.0000","950.0000","-950.0000","0"
"B622603-5","1202","GASTOS DIFERIDOS","120201002","ACCESORIOS Y/O REPUESTOS ASPERSORAS","2023","9","0.0000","4316.8800","-4316.8800","0"
"B622603-5","1202","GASTOS DIFERIDOS","120202001","ANTICIPOS DE GASTOS","2023","9","0.0000","1500.0000","-1500.0000","0"
"B622603-5","1202","GASTOS DIFERIDOS","120202001","ANTICIPOS DE GASTOS","2023","9","0.0000","1495.4400","-1495.4400","0"
"B622603-5","1202","GASTOS DIFERIDOS","120202001","ANTICIPOS DE GASTOS","2023","9","0.0000","8035.2900","-8035.2900","0"
"B622603-5","2101","CUENTAS POR PAGAR","210101002","GASTOS ADMINISTRATIVOS POR PAGAR","2023","9","0.0000","14881.8200","14881.8200","0"
"B622603-5","1102","CUENTAS POR COBRAR","110203001","POR COBRAR MARVIN ESPAÑA","2023","9","0.0000","282838.3200","-282838.3200","0"
"B622603-5","1102","CUENTAS POR COBRAR","110203002","POR COBRAR OSCAR AZURDIA","2023","9","0.0000","298290.6600","-298290.6600","0"
"B622603-5","1101","CAJA Y BANCOS","110101002","TRASLADO DE FONDOS","2023","9","0.0000","850000.0000","-850000.0000","0"
"B622603-5","1101","CAJA Y BANCOS","110102001","BAC 701111600 MONETARIA","2023","9","875309.8600","0.0000","875309.8600","0"
"B622603-5","1101","CAJA Y BANCOS","110102002","BANRURAL 3033034955 MONETARIA","2023","9","794844.5700","0.0000","794844.5700","0"
"B622603-5","1101","CAJA Y BANCOS","110102003","BANCO INDUSTRIAL 0000269530 MONETARIA","2023","9","0.0100","0.0000","0.0100","0"
"B622603-5","1102","CUENTAS POR COBRAR","110204002","OTROS INGRESOS POR COBRAR","2023","9","12534.8100","5542.6400","6992.1700","0"
"B622603-5","1201","ACTIVOS FIJOS","120101011","VEHICULOS","2023","9","0.0000","188000.0000","-188000.0000","0"
"B622603-5","1201","ACTIVOS FIJOS","120101012","DEPRECIACION ACUMULADA DE VEHICULOS","2023","9","81466.6700","0.0000","81466.6700","0"
"B622603-5","1202","GASTOS DIFERIDOS","120202001","ANTICIPOS DE GASTOS","2023","9","0.0000","15976.4600","-15976.4600","0"
"B622603-5","2101","CUENTAS POR PAGAR","210102004","IVA DEBITO","2023","9","0.0000","1343.0200","1343.0200","0"
"B622603-5","2101","CUENTAS POR PAGAR","210102008","ISR GANANCIAS DE CAPITAL","2023","9","0.0000","6132.3800","6132.3800","0"
"B622603-5","2101","CUENTAS POR PAGAR","210104002","OTROS INGRESOS ANTICIPADOS","2023","9","167857.1400","49792.2000","-118064.9400","0"
"B622603-5","1101","CAJA Y BANCOS","110101002","TRASLADO DE FONDOS","2023","9","850000.0000","0.0000","850000.0000","0"
"B622603-5","1101","CAJA Y BANCOS","110102001","BAC 701111600 MONETARIA","2023","9","0.0000","446635.8900","-446635.8900","0"
"B622603-5","1101","CAJA Y BANCOS","110102002","BANRURAL 3033034955 MONETARIA","2023","9","0.0000","1047073.4900","-1047073.4900","0"
"B622603-5","1101","CAJA Y BANCOS","110102003","BANCO INDUSTRIAL 0000269530 MONETARIA","2023","9","0.0000","17430.6300","-17430.6300","0"
"B622603-5","1102","CUENTAS POR COBRAR","110204003","OTRAS CUENTAS POR COBRAR","2023","9","839.6600","8669.6600","-7830.0000","0"
"B622603-5","1103","IMPUESTOS POR COBRAR","110301002","IVA CREDITO","2023","9","1045.0900","0.0000","1045.0900","0"
"B622603-5","1104","INVENTARIO","110401001","SELLOS DE CALIDAD","2023","9","8709.0600","0.0000","8709.0600","0"
"B622603-5","1202","GASTOS DIFERIDOS","120202001","ANTICIPOS DE GASTOS","2023","9","38488.4500","9610.0000","28878.4500","0"
"B622603-5","2101","CUENTAS POR PAGAR","210101002","GASTOS ADMINISTRATIVOS POR PAGAR","2023","9","17468.8200","0.6900","-17468.1300","0"
"B622603-5","2101","CUENTAS POR PAGAR","210101003","GASTOS OPERATIVOS POR PAGAR","2023","9","63394.9100","0.0000","-63394.9100","0"
"B622603-5","2101","CUENTAS POR PAGAR","210102001","CUOTA LABORAL IGSS","2023","9","6683.6300","6602.3600","-81.2700","0"
"B622603-5","2101","CUENTAS POR PAGAR","210102002","CUOTA PATRONAL IGSS","2023","9","16148.6100","0.0000","-16148.6100","0"
"B622603-5","2101","CUENTAS POR PAGAR","210102004","IVA DEBITO","2023","9","1662.0000","0.0000","-1662.0000","0"
"B622603-5","2101","CUENTAS POR PAGAR","210102005","IVA DEBITO FACTURA ESPECIAL","2023","9","431.5400","0.0000","-431.5400","0"
"B622603-5","2101","CUENTAS POR PAGAR","210102006","RETENCIONES ISR EMPLEADOS","2023","9","4685.7800","5536.9200","851.1400","0"
"B622603-5","2101","CUENTAS POR PAGAR","210102007","RETENCIONES ISR TERCEROS","2023","9","4774.2600","2304.8900","-2469.3700","0"
"B622603-5","2101","CUENTAS POR PAGAR","210103001","PROVISION INDEMNIZACION","2023","9","47161.1400","0.0000","-47161.1400","0"
"B622603-5","2101","CUENTAS POR PAGAR","210103002","PROVISION AGUINALDO","2023","9","6126.2700","0.0000","-6126.2700","0"
"B622603-5","2101","CUENTAS POR PAGAR","210103003","PROVISION BONO 14","2023","9","2064.5300","0.0000","-2064.5300","0"
"B622603-5","2101","CUENTAS POR PAGAR","210101002","GASTOS ADMINISTRATIVOS POR PAGAR","2023","10","0.0000","2587.0000","2587.0000","0"
"B622603-5","2101","CUENTAS POR PAGAR","210103002","PROVISION AGUINALDO","2023","10","0.0000","17880.2900","17880.2900","0"
"B622603-5","2101","CUENTAS POR PAGAR","210103003","PROVISION BONO 14","2023","10","0.0000","17880.2900","17880.2900","0"
"B622603-5","2101","CUENTAS POR PAGAR","210103001","PROVISION INDEMNIZACION","2023","10","0.0000","19618.7300","19618.7300","0"
"B622603-5","2101","CUENTAS POR PAGAR","210102002","CUOTA PATRONAL IGSS","2023","10","0.0000","15586.4600","15586.4600","0"
"B622603-5","1202","GASTOS DIFERIDOS","120202001","ANTICIPOS DE GASTOS","2023","10","0.0000","1898.9900","-1898.9900","0"
"B622603-5","2101","CUENTAS POR PAGAR","210101003","GASTOS OPERATIVOS POR PAGAR","2023","10","0.0000","320.0000","320.0000","0"
"B622603-5","2101","CUENTAS POR PAGAR","210101003","GASTOS OPERATIVOS POR PAGAR","2023","10","0.0000","250.0000","250.0000","0"
"B622603-5","2101","CUENTAS POR PAGAR","210101003","GASTOS OPERATIVOS POR PAGAR","2023","10","0.0000","3500.0000","3500.0000","0"
"B622603-5","2101","CUENTAS POR PAGAR","210101002","GASTOS ADMINISTRATIVOS POR PAGAR","2023","10","0.0000","26665.3000","26665.3000","0"
"B622603-5","2101","CUENTAS POR PAGAR","210104002","OTROS INGRESOS ANTICIPADOS","2023","10","850.0000","0.0000","-850.0000","0"
"B622603-5","2101","CUENTAS POR PAGAR","210104002","OTROS INGRESOS ANTICIPADOS","2023","10","75.0000","0.0000","-75.0000","0"
"B622603-5","2101","CUENTAS POR PAGAR","210101003","GASTOS OPERATIVOS POR PAGAR","2023","10","0.0000","45385.9400","45385.9400","0"
"B622603-5","1202","GASTOS DIFERIDOS","120202001","ANTICIPOS DE GASTOS","2023","10","0.0000","2540.7000","-2540.7000","0"
"B622603-5","1104","INVENTARIO","110401001","SELLOS DE CALIDAD","2023","10","0.0000","3844.0000","-3844.0000","0"
"B622603-5","1102","CUENTAS POR COBRAR","110203001","POR COBRAR MARVIN ESPAÑA","2023","10","0.0000","282838.3200","-282838.3200","0"
"B622603-5","1102","CUENTAS POR COBRAR","110203002","POR COBRAR OSCAR AZURDIA","2023","10","0.0000","298290.6600","-298290.6600","0"
"B622603-5","1102","CUENTAS POR COBRAR","110204003","OTRAS CUENTAS POR COBRAR","2023","10","2547.7100","0.0000","2547.7100","0"
"B622603-5","1101","CAJA Y BANCOS","110101002","TRASLADO DE FONDOS","2023","10","150000.0000","0.0000","150000.0000","0"
"B622603-5","1101","CAJA Y BANCOS","110102001","BAC 701111600 MONETARIA","2023","10","0.0000","460858.0000","-460858.0000","0"
"B622603-5","1101","CAJA Y BANCOS","110102002","BANRURAL 3033034955 MONETARIA","2023","10","0.0000","346180.7000","-346180.7000","0"
"B622603-5","1101","CAJA Y BANCOS","110102003","BANCO INDUSTRIAL 0000269530 MONETARIA","2023","10","0.0000","27768.7200","-27768.7200","0"
"B622603-5","1102","CUENTAS POR COBRAR","110204003","OTRAS CUENTAS POR COBRAR","2023","10","839.6600","1269.6600","-430.0000","0"
"B622603-5","1201","ACTIVOS FIJOS","120101003","HARDWARE","2023","10","1776.0000","0.0000","1776.0000","0"
"B622603-5","1202","GASTOS DIFERIDOS","120202001","ANTICIPOS DE GASTOS","2023","10","40421.4800","223.2100","40198.2700","0"
"B622603-5","2101","CUENTAS POR PAGAR","210101002","GASTOS ADMINISTRATIVOS POR PAGAR","2023","10","27806.9100","29.7400","-27777.1700","0"
"B622603-5","2101","CUENTAS POR PAGAR","210101003","GASTOS OPERATIVOS POR PAGAR","2023","10","56893.2500","0.0000","-56893.2500","0"
"B622603-5","2101","CUENTAS POR PAGAR","210102001","CUOTA LABORAL IGSS","2023","10","6602.3800","6574.0000","-28.3800","0"
"B622603-5","2101","CUENTAS POR PAGAR","210102002","CUOTA PATRONAL IGSS","2023","10","15952.3000","0.0000","-15952.3000","0"
"B622603-5","2101","CUENTAS POR PAGAR","210102004","IVA DEBITO","2023","10","298.0000","0.0000","-298.0000","0"
"B622603-5","2101","CUENTAS POR PAGAR","210102005","IVA DEBITO FACTURA ESPECIAL","2023","10","1103.5400","0.0000","-1103.5400","0"
"B622603-5","2101","CUENTAS POR PAGAR","210102006","RETENCIONES ISR EMPLEADOS","2023","10","6379.7000","5523.8200","-855.8800","0"
"B622603-5","2101","CUENTAS POR PAGAR","210102007","RETENCIONES ISR TERCEROS","2023","10","2987.9100","2883.5200","-104.3900","0"
"B622603-5","2101","CUENTAS POR PAGAR","210102008","ISR GANANCIAS DE CAPITAL","2023","10","6132.3800","0.0000","-6132.3800","0"
"B622603-5","1101","CAJA Y BANCOS","110101002","TRASLADO DE FONDOS","2023","10","0.0000","150000.0000","-150000.0000","0"
"B622603-5","1101","CAJA Y BANCOS","110102001","BAC 701111600 MONETARIA","2023","10","151775.2400","0.0000","151775.2400","0"
"B622603-5","1101","CAJA Y BANCOS","110102002","BANRURAL 3033034955 MONETARIA","2023","10","675087.8600","0.0000","675087.8600","0"
"B622603-5","1101","CAJA Y BANCOS","110102003","BANCO INDUSTRIAL 0000269530 MONETARIA","2023","10","100015.9500","0.0000","100015.9500","0"
"B622603-5","1102","CUENTAS POR COBRAR","110204002","OTROS INGRESOS POR COBRAR","2023","10","19457.4600","112176.4100","-92718.9500","0"
"B622603-5","1103","IMPUESTOS POR COBRAR","110301003","IVA RETENCION","2023","10","86.4000","0.0000","86.4000","0"
"B622603-5","1202","GASTOS DIFERIDOS","120202001","ANTICIPOS DE GASTOS","2023","10","0.0000","21796.2600","-21796.2600","0"
"B622603-5","2101","CUENTAS POR PAGAR","210102004","IVA DEBITO","2023","10","0.0000","2093.9800","2093.9800","0"
"B622603-5","2101","CUENTAS POR PAGAR","210104002","OTROS INGRESOS ANTICIPADOS","2023","10","0.0000","6415.0000","6415.0000","0"
"B622603-5","2101","CUENTAS POR PAGAR","210101002","GASTOS ADMINISTRATIVOS POR PAGAR","2023","11","0.0000","2587.0000","2587.0000","0"
"B622603-5","2101","CUENTAS POR PAGAR","210103002","PROVISION AGUINALDO","2023","11","0.0000","17303.5200","17303.5200","0"
"B622603-5","2101","CUENTAS POR PAGAR","210103003","PROVISION BONO 14","2023","11","0.0000","17303.5200","17303.5200","0"
"B622603-5","2101","CUENTAS POR PAGAR","210103001","PROVISION INDEMNIZACION","2023","11","0.0000","18985.8000","18985.8000","0"
"B622603-5","2101","CUENTAS POR PAGAR","210102002","CUOTA PATRONAL IGSS","2023","11","0.0000","14991.8200","14991.8200","0"
"B622603-5","1202","GASTOS DIFERIDOS","120202001","ANTICIPOS DE GASTOS","2023","11","0.0000","1898.9900","-1898.9900","0"
"B622603-5","2101","CUENTAS POR PAGAR","210101003","GASTOS OPERATIVOS POR PAGAR","2023","11","0.0000","320.0000","320.0000","0"
"B622603-5","2101","CUENTAS POR PAGAR","210101003","GASTOS OPERATIVOS POR PAGAR","2023","11","0.0000","250.0000","250.0000","0"
"B622603-5","2101","CUENTAS POR PAGAR","210101003","GASTOS OPERATIVOS POR PAGAR","2023","11","0.0000","3500.0000","3500.0000","0"
"B622603-5","1202","GASTOS DIFERIDOS","120202001","ANTICIPOS DE GASTOS","2023","11","0.0000","1185.4200","-1185.4200","0"
"B622603-5","1202","GASTOS DIFERIDOS","120202001","ANTICIPOS DE GASTOS","2023","11","0.0000","1282.0900","-1282.0900","0"
"B622603-5","2101","CUENTAS POR PAGAR","210101002","GASTOS ADMINISTRATIVOS POR PAGAR","2023","11","1033.5000","0.0000","-1033.5000","0"
"B622603-5","2101","CUENTAS POR PAGAR","210101003","GASTOS OPERATIVOS POR PAGAR","2023","11","0.0000","69002.4200","69002.4200","0"
"B622603-5","1202","GASTOS DIFERIDOS","120202001","ANTICIPOS DE GASTOS","2023","11","0.0000","3378.0000","-3378.0000","0"
"B622603-5","1202","GASTOS DIFERIDOS","120202001","ANTICIPOS DE GASTOS","2023","11","0.0000","1100.0000","-1100.0000","0"
"B622603-5","1104","INVENTARIO","110401001","SELLOS DE CALIDAD","2023","11","0.0000","2910.0000","-2910.0000","0"
"B622603-5","2101","CUENTAS POR PAGAR","210104002","OTROS INGRESOS ANTICIPADOS","2023","11","300.0000","0.0000","-300.0000","0"
"B622603-5","2101","CUENTAS POR PAGAR","210104002","OTROS INGRESOS ANTICIPADOS","2023","11","6440.0000","0.0000","-6440.0000","0"
"B622603-5","2101","CUENTAS POR PAGAR","210104002","OTROS INGRESOS ANTICIPADOS","2023","11","21500.0000","0.0000","-21500.0000","0"
"B622603-5","1102","CUENTAS POR COBRAR","110203001","POR COBRAR MARVIN ESPAÑA","2023","11","0.0000","282838.3200","-282838.3200","0"
"B622603-5","1102","CUENTAS POR COBRAR","110203002","POR COBRAR OSCAR AZURDIA","2023","11","0.0000","298290.6600","-298290.6600","0"
"B622603-5","1103","IMPUESTOS POR COBRAR","110301003","IVA RETENCION","2023","11","0.0000","86.4000","-86.4000","0"
"B622603-5","2101","CUENTAS POR PAGAR","210102004","IVA DEBITO","2023","11","86.4000","0.0000","-86.4000","0"
"B622603-5","1202","GASTOS DIFERIDOS","120202001","ANTICIPOS DE GASTOS","2023","11","2942.5000","0.0000","2942.5000","0"
"B622603-5","2101","CUENTAS POR PAGAR","210101002","GASTOS ADMINISTRATIVOS POR PAGAR","2023","11","0.0000","28672.8200","28672.8200","0"
"B622603-5","1202","GASTOS DIFERIDOS","120202001","ANTICIPOS DE GASTOS","2023","11","0.0000","2377.0000","-2377.0000","0"
"B622603-5","1202","GASTOS DIFERIDOS","120202001","ANTICIPOS DE GASTOS","2023","11","0.0000","4500.0000","-4500.0000","0"
"B622603-5","1202","GASTOS DIFERIDOS","120202001","ANTICIPOS DE GASTOS","2023","11","0.0000","660.0000","-660.0000","0"
"B622603-5","1202","GASTOS DIFERIDOS","120202001","ANTICIPOS DE GASTOS","2023","11","0.0000","800.0000","-800.0000","0"
"B622603-5","1202","GASTOS DIFERIDOS","120202001","ANTICIPOS DE GASTOS","2023","11","0.0000","19206.0200","-19206.0200","0"
"B622603-5","1102","CUENTAS POR COBRAR","110204003","OTRAS CUENTAS POR COBRAR","2023","11","3821.5700","0.0000","3821.5700","0"
"B622603-5","1102","CUENTAS POR COBRAR","110204003","OTRAS CUENTAS POR COBRAR","2023","11","3821.5700","0.0000","3821.5700","0"
"B622603-5","1101","CAJA Y BANCOS","110101002","TRASLADO DE FONDOS","2023","11","0.0000","600000.0000","-600000.0000","0"
"B622603-5","1101","CAJA Y BANCOS","110102001","BAC 701111600 MONETARIA","2023","11","635297.5400","0.0000","635297.5400","0"
"B622603-5","1101","CAJA Y BANCOS","110102002","BANRURAL 3033034955 MONETARIA","2023","11","779001.6900","0.0000","779001.6900","0"
"B622603-5","1101","CAJA Y BANCOS","110102003","BANCO INDUSTRIAL 0000269530 MONETARIA","2023","11","42666.2600","0.0000","42666.2600","0"
"B622603-5","1102","CUENTAS POR COBRAR","110204002","OTROS INGRESOS POR COBRAR","2023","11","4992.0000","57643.6800","-52651.6800","0"
"B622603-5","1103","IMPUESTOS POR COBRAR","110301003","IVA RETENCION","2023","11","384.0000","0.0000","384.0000","0"
"B622603-5","1202","GASTOS DIFERIDOS","120202001","ANTICIPOS DE GASTOS","2023","11","0.0000","8228.0300","-8228.0300","0"
"B622603-5","2101","CUENTAS POR PAGAR","210102004","IVA DEBITO","2023","11","0.0000","576.0000","576.0000","0"
"B622603-5","2101","CUENTAS POR PAGAR","210104002","OTROS INGRESOS ANTICIPADOS","2023","11","0.0000","42280.1100","42280.1100","0"
"B622603-5","1101","CAJA Y BANCOS","110101002","TRASLADO DE FONDOS","2023","11","600000.0000","0.0000","600000.0000","0"
"B622603-5","1101","CAJA Y BANCOS","110102001","BAC 701111600 MONETARIA","2023","11","0.0000","374935.6200","-374935.6200","0"
"B622603-5","1101","CAJA Y BANCOS","110102002","BANRURAL 3033034955 MONETARIA","2023","11","0.0000","742349.9100","-742349.9100","0"
"B622603-5","1101","CAJA Y BANCOS","110102003","BANCO INDUSTRIAL 0000269530 MONETARIA","2023","11","0.0000","16390.2100","-16390.2100","0"
"B622603-5","1102","CUENTAS POR COBRAR","110204003","OTRAS CUENTAS POR COBRAR","2023","11","839.6600","1269.6600","-430.0000","0"
"B622603-5","1201","ACTIVOS FIJOS","120101003","HARDWARE","2023","11","7878.0000","0.0000","7878.0000","0"
"B622603-5","1202","GASTOS DIFERIDOS","120202001","ANTICIPOS DE GASTOS","2023","11","39162.8600","178.6600","38984.2000","0"
"B622603-5","1202","GASTOS DIFERIDOS","120202001","ANTICIPOS DE GASTOS","2023","11","1898.9900","0.0000","1898.9900","0"
"B622603-5","2101","CUENTAS POR PAGAR","210101002","GASTOS ADMINISTRATIVOS POR PAGAR","2023","11","16482.6300","1213.9700","-15268.6600","0"
"B622603-5","2101","CUENTAS POR PAGAR","210102001","CUOTA LABORAL IGSS","2023","11","6450.9700","6081.7800","-369.1900","0"
"B622603-5","2101","CUENTAS POR PAGAR","210102002","CUOTA PATRONAL IGSS","2023","11","15586.4600","0.0000","-15586.4600","0"
"B622603-5","2101","CUENTAS POR PAGAR","210102004","IVA DEBITO","2023","11","2008.0000","0.0000","-2008.0000","0"
"B622603-5","2101","CUENTAS POR PAGAR","210102006","RETENCIONES ISR EMPLEADOS","2023","11","5444.4300","4888.6600","-555.7700","0"
"B622603-5","2101","CUENTAS POR PAGAR","210102007","RETENCIONES ISR TERCEROS","2023","11","2883.5200","2437.0900","-446.4300","0"
"B622603-5","2101","CUENTAS POR PAGAR","210103002","PROVISION AGUINALDO","2023","12","0.0000","17910.6800","17910.6800","0"
"B622603-5","2101","CUENTAS POR PAGAR","210103003","PROVISION BONO 14","2023","12","0.0000","17880.3000","17880.3000","0"
"B622603-5","2101","CUENTAS POR PAGAR","210103001","PROVISION INDEMNIZACION","2023","12","0.0000","19618.6600","19618.6600","0"
"B622603-5","2101","CUENTAS POR PAGAR","210102002","CUOTA PATRONAL IGSS","2023","12","0.0000","14991.8200","14991.8200","0"
"B622603-5","1202","GASTOS DIFERIDOS","120202001","ANTICIPOS DE GASTOS","2023","12","0.0000","1898.9900","-1898.9900","0"
"B622603-5","2101","CUENTAS POR PAGAR","210101003","GASTOS OPERATIVOS POR PAGAR","2023","12","0.0000","1750.0000","1750.0000","0"
"B622603-5","1103","IMPUESTOS POR COBRAR","110301003","IVA RETENCION","2023","12","0.0000","384.0000","-384.0000","0"
"B622603-5","2101","CUENTAS POR PAGAR","210102004","IVA DEBITO","2023","12","384.0000","0.0000","-384.0000","0"
"B622603-5","1202","GASTOS DIFERIDOS","120202001","ANTICIPOS DE GASTOS","2023","12","0.0000","3300.0000","-3300.0000","0"
"B622603-5","2101","CUENTAS POR PAGAR","210102005","IVA DEBITO FACTURA ESPECIAL","2023","12","0.0000","416.8400","416.8400","0"
"B622603-5","2101","CUENTAS POR PAGAR","210102007","RETENCIONES ISR TERCEROS","2023","12","0.0000","173.6900","173.6900","0"
"B622603-5","1202","GASTOS DIFERIDOS","120202001","ANTICIPOS DE GASTOS","2023","12","0.0000","12600.0000","-12600.0000","0"
"B622603-5","2101","CUENTAS POR PAGAR","210102005","IVA DEBITO FACTURA ESPECIAL","2023","12","0.0000","1591.5800","1591.5800","0"
"B622603-5","2101","CUENTAS POR PAGAR","210102007","RETENCIONES ISR TERCEROS","2023","12","0.0000","663.1600","663.1600","0"
"B622603-5","1104","INVENTARIO","110401001","SELLOS DE CALIDAD","2023","12","0.0000","727.5000","-727.5000","0"
"B622603-5","2101","CUENTAS POR PAGAR","210104002","OTROS INGRESOS ANTICIPADOS","2023","12","17762.3200","0.0000","-17762.3200","0"
"B622603-5","2101","CUENTAS POR PAGAR","210104002","OTROS INGRESOS ANTICIPADOS","2023","12","1200.0000","0.0000","-1200.0000","0"
"B622603-5","2101","CUENTAS POR PAGAR","210104002","OTROS INGRESOS ANTICIPADOS","2023","12","300.0000","0.0000","-300.0000","0"
"B622603-5","2101","CUENTAS POR PAGAR","210104002","OTROS INGRESOS ANTICIPADOS","2023","12","11745.0000","0.0000","-11745.0000","0"
"B622603-5","1102","CUENTAS POR COBRAR","110204002","OTROS INGRESOS POR COBRAR","2023","12","100000.0000","0.0000","100000.0000","0"
"B622603-5","2101","CUENTAS POR PAGAR","210104002","OTROS INGRESOS ANTICIPADOS","2023","12","13600.0000","0.0000","-13600.0000","0"
"B622603-5","1102","CUENTAS POR COBRAR","110203001","POR COBRAR MARVIN ESPAÑA","2023","12","0.0000","282838.3300","-282838.3300","0"
"B622603-5","1102","CUENTAS POR COBRAR","110203002","POR COBRAR OSCAR AZURDIA","2023","12","0.0000","298290.6600","-298290.6600","0"
"B622603-5","2101","CUENTAS POR PAGAR","210101003","GASTOS OPERATIVOS POR PAGAR","2023","12","0.0000","3898.2100","3898.2100","0"
"B622603-5","1101","CAJA Y BANCOS","110101001","CAJA CHICA","2023","12","0.0000","1105.7100","-1105.7100","0"
"B622603-5","1202","GASTOS DIFERIDOS","120201003","INSUMOS ESTABLECIMIENTOS DE HUERTOS","2023","12","0.0000","350.0000","-350.0000","0"
"B622603-5","1101","CAJA Y BANCOS","110101001","CAJA CHICA","2023","12","0.0000","1250.0000","-1250.0000","0"
"B622603-5","1202","GASTOS DIFERIDOS","120201001","VIATICOS INGENIEROS AGRONOMOS","2023","12","0.0000","5000.0000","-5000.0000","0"
"B622603-5","1202","GASTOS DIFERIDOS","120201002","ACCESORIOS Y/O REPUESTOS ASPERSORAS","2023","12","0.0000","3683.1200","-3683.1200","0"
"B622603-5","2101","CUENTAS POR PAGAR","210101003","GASTOS OPERATIVOS POR PAGAR","2023","12","0.0000","2919.7200","2919.7200","0"
"B622603-5","1202","GASTOS DIFERIDOS","120201003","INSUMOS ESTABLECIMIENTOS DE HUERTOS","2023","12","0.0000","5627.0500","-5627.0500","0"
"B622603-5","1202","GASTOS DIFERIDOS","120202001","ANTICIPOS DE GASTOS","2023","12","0.0000","7782.5200","-7782.5200","0"
"B622603-5","1101","CAJA Y BANCOS","110101001","CAJA CHICA","2023","12","0.0000","1250.0000","-1250.0000","0"
"B622603-5","1202","GASTOS DIFERIDOS","120201001","VIATICOS INGENIEROS AGRONOMOS","2023","12","0.0000","3269.5500","-3269.5500","0"
"B622603-5","1202","GASTOS DIFERIDOS","120202001","ANTICIPOS DE GASTOS","2023","12","0.0000","140.6300","-140.6300","0"
"B622603-5","2101","CUENTAS POR PAGAR","210101002","GASTOS ADMINISTRATIVOS POR PAGAR","2023","12","157.0000","0.0000","-157.0000","0"
"B622603-5","1101","CAJA Y BANCOS","110101001","CAJA CHICA","2023","12","0.0000","1250.0000","-1250.0000","0"
"B622603-5","1202","GASTOS DIFERIDOS","120201001","VIATICOS INGENIEROS AGRONOMOS","2023","12","0.0000","2277.1800","-2277.1800","0"
"B622603-5","1202","GASTOS DIFERIDOS","120201002","ACCESORIOS Y/O REPUESTOS ASPERSORAS","2023","12","130.0000","0.0000","130.0000","0"
"B622603-5","1202","GASTOS DIFERIDOS","120202001","ANTICIPOS DE GASTOS","2023","12","0.0000","186.1600","-186.1600","0"
"B622603-5","1101","CAJA Y BANCOS","110101001","CAJA CHICA","2023","12","0.0000","1250.0000","-1250.0000","0"
"B622603-5","1202","GASTOS DIFERIDOS","120201001","VIATICOS INGENIEROS AGRONOMOS","2023","12","0.0000","5000.0000","-5000.0000","0"
"B622603-5","2101","CUENTAS POR PAGAR","210101003","GASTOS OPERATIVOS POR PAGAR","2023","12","0.0000","418.6800","418.6800","0"
"B622603-5","1202","GASTOS DIFERIDOS","120201001","VIATICOS INGENIEROS AGRONOMOS","2023","12","0.0000","2216.5000","-2216.5000","0"
"B622603-5","2101","CUENTAS POR PAGAR","210101002","GASTOS ADMINISTRATIVOS POR PAGAR","2023","12","0.0000","0.1000","0.1000","0"
"B622603-5","1202","GASTOS DIFERIDOS","120202001","ANTICIPOS DE GASTOS","2023","12","0.0000","3343.6300","-3343.6300","0"
"B622603-5","2101","CUENTAS POR PAGAR","210101003","GASTOS OPERATIVOS POR PAGAR","2023","12","0.0000","1145.8000","1145.8000","0"
"B622603-5","2101","CUENTAS POR PAGAR","210101002","GASTOS ADMINISTRATIVOS POR PAGAR","2023","12","0.0000","38244.8200","38244.8200","0"
"B622603-5","2101","CUENTAS POR PAGAR","210101002","GASTOS ADMINISTRATIVOS POR PAGAR","2023","12","0.0000","228.4800","228.4800","0"
"B622603-5","2101","CUENTAS POR PAGAR","210101002","GASTOS ADMINISTRATIVOS POR PAGAR","2023","12","0.0000","325.7500","325.7500","0"
"B622603-5","2101","CUENTAS POR PAGAR","210101002","GASTOS ADMINISTRATIVOS POR PAGAR","2023","12","0.0000","64.0000","64.0000","0"
"B622603-5","2101","CUENTAS POR PAGAR","210101002","GASTOS ADMINISTRATIVOS POR PAGAR","2023","12","0.0000","532.6200","532.6200","0"
"B622603-5","2101","CUENTAS POR PAGAR","210101002","GASTOS ADMINISTRATIVOS POR PAGAR","2023","12","0.0000","531.7600","531.7600","0"
"B622603-5","2101","CUENTAS POR PAGAR","210101002","GASTOS ADMINISTRATIVOS POR PAGAR","2023","12","0.0000","232.0800","232.0800","0"
"B622603-5","2101","CUENTAS POR PAGAR","210101002","GASTOS ADMINISTRATIVOS POR PAGAR","2023","12","207.1800","660.7500","453.5700","0"
"B622603-5","1202","GASTOS DIFERIDOS","120202001","ANTICIPOS DE GASTOS","2023","12","0.0000","984.4200","-984.4200","0"
"B622603-5","2101","CUENTAS POR PAGAR","210101002","GASTOS ADMINISTRATIVOS POR PAGAR","2023","12","400.3200","0.0000","-400.3200","0"
"B622603-5","2101","CUENTAS POR PAGAR","210101003","GASTOS OPERATIVOS POR PAGAR","2023","12","497.4300","0.0000","-497.4300","0"
"B622603-5","2101","CUENTAS POR PAGAR","210104002","OTROS INGRESOS ANTICIPADOS","2023","12","86.6700","0.0000","-86.6700","0"
"B622603-5","1201","ACTIVOS FIJOS","120101001","MOBILIARIO Y EQUIPO","2023","12","0.0000","124888.4000","-124888.4000","0"
"B622603-5","1201","ACTIVOS FIJOS","120101002","DEPRECIACION ACUMULADA MOBILIARIO Y EQUIPO","2023","12","124888.4000","0.0000","124888.4000","0"
"B622603-5","1201","ACTIVOS FIJOS","120101003","HARDWARE","2023","12","0.0000","393078.9800","-393078.9800","0"
"B622603-5","1201","ACTIVOS FIJOS","120101004","DEPRECIACION ACUMULADA HARDWARE","2023","12","393078.9800","0.0000","393078.9800","0"
"B622603-5","1201","ACTIVOS FIJOS","120101005","SOFTWARE","2023","12","0.0000","123538.8500","-123538.8500","0"
"B622603-5","1201","ACTIVOS FIJOS","120101006","AMORTIZACION ACUMULADA SOFTWARE","2023","12","123538.8500","0.0000","123538.8500","0"
"B622603-5","1201","ACTIVOS FIJOS","120101007","MAQUINARIA","2023","12","0.0000","316447.6600","-316447.6600","0"
"B622603-5","1201","ACTIVOS FIJOS","120101008","DEPRECIACION ACUMULADA DE MAQUINARIA","2023","12","316447.6600","0.0000","316447.6600","0"
"B622603-5","1201","ACTIVOS FIJOS","120101011","VEHICULOS","2023","12","0.0000","16690.0000","-16690.0000","0"
"B622603-5","1201","ACTIVOS FIJOS","120101012","DEPRECIACION ACUMULADA DE VEHICULOS","2023","12","16690.0000","0.0000","16690.0000","0"
"B622603-5","2101","CUENTAS POR PAGAR","210101002","GASTOS ADMINISTRATIVOS POR PAGAR","2023","12","0.0000","572.6500","572.6500","0"
"B622603-5","3101","PATRIMONIO AGREQUIMA","310101001","PATRIMONIO ACTIVOS FIJOS","2023","12","0.0000","45704.6800","45704.6800","0"
"B622603-5","3101","PATRIMONIO AGREQUIMA","310101003","EXEDENTE ACUMULADO","2023","12","45704.6800","0.0000","-45704.6800","0"
"B622603-5","3101","PATRIMONIO AGREQUIMA","310101001","PATRIMONIO ACTIVOS FIJOS","2023","12","0.0000","9118900.4900","9118900.4900","0"
"B622603-5","3201","RESULTADOS AGREQUIMA","320101001","RESULTADO DE PERIODOS ANTERIORES","2023","12","4218534.9900","0.0000","-4218534.9900","0"
"B622603-5","3201","RESULTADOS AGREQUIMA","320101095","RESULTADO DEL EJERCICIO 2022","2023","12","1563872.9800","0.0000","-1563872.9800","0"
"B622603-5","3201","RESULTADOS AGREQUIMA","320101096","RESULTADO 2021","2023","12","1441572.4400","0.0000","-1441572.4400","0"
"B622603-5","3201","RESULTADOS AGREQUIMA","320101097","RESULTADO 2020","2023","12","1894920.0800","0.0000","-1894920.0800","0"
"B622603-5","3101","PATRIMONIO AGREQUIMA","310101001","PATRIMONIO ACTIVOS FIJOS","2023","12","1776682.5800","0.0000","-1776682.5800","0"
"B622603-5","3201","RESULTADOS AGREQUIMA","320101094","RESULTADO DEL EJERCICIO 2023","2023","12","0.0000","891079.3700","891079.3700","0"
"B622603-5","3201","RESULTADOS AGREQUIMA","320101098","RESULTADO 2019","2023","12","0.0000","109683.8700","109683.8700","0"
"B622603-5","3201","RESULTADOS AGREQUIMA","320101099","RESULTADO DEL EJERCICIO","2023","12","0.0000","775919.3400","775919.3400","0"
"B622603-5","","","210105001","","2023","12","0.0000","4865679.8300","4865679.8300","0"
"B622603-5","2101","CUENTAS POR PAGAR","210105002","FONDOS POR APLICAR CASO JUDICIAL
","2023","12","0.0000","86581.3000","86581.3000","0"
"B622603-5","3101","PATRIMONIO AGREQUIMA","310101001","PATRIMONIO ACTIVOS FIJOS","2023","12","4952261.1300","0.0000","-4952261.1300","0"
"B622603-5","1102","CUENTAS POR COBRAR","110204003","OTRAS CUENTAS POR COBRAR","2023","12","3821.5700","0.0000","3821.5700","0"
"B622603-5","1102","CUENTAS POR COBRAR","110204003","OTRAS CUENTAS POR COBRAR","2023","12","3821.5700","0.0000","3821.5700","0"
"B622603-5","2101","CUENTAS POR PAGAR","210104002","OTROS INGRESOS ANTICIPADOS","2023","12","498.3900","0.0000","-498.3900","0"
"B622603-5","3201","RESULTADOS AGREQUIMA","320101094","RESULTADO DEL EJERCICIO 2023","2023","12","891079.3700","0.0000","-891079.3700","0"
"B622603-5","1101","CAJA Y BANCOS","110101001","CAJA CHICA","2023","12","0.0000","1394.2900","-1394.2900","0"
"B622603-5","1101","CAJA Y BANCOS","110101002","TRASLADO DE FONDOS","2023","12","0.0000","600000.0000","-600000.0000","0"
"B622603-5","1101","CAJA Y BANCOS","110102001","BAC 701111600 MONETARIA","2023","12","643374.8100","0.0000","643374.8100","0"
"B622603-5","1101","CAJA Y BANCOS","110102002","BANRURAL 3033034955 MONETARIA","2023","12","697719.9100","0.0000","697719.9100","0"
"B622603-5","1101","CAJA Y BANCOS","110102003","BANCO INDUSTRIAL 0000269530 MONETARIA","2023","12","112081.0700","0.0000","112081.0700","0"
"B622603-5","1102","CUENTAS POR COBRAR","110204002","OTROS INGRESOS POR COBRAR","2023","12","109053.1700","147655.6700","-38602.5000","0"
"B622603-5","1102","CUENTAS POR COBRAR","110204003","OTRAS CUENTAS POR COBRAR","2023","12","0.0000","12081.0700","-12081.0700","0"
"B622603-5","1202","GASTOS DIFERIDOS","120201001","VIATICOS INGENIEROS AGRONOMOS","2023","12","0.0000","15736.7700","-15736.7700","0"
"B622603-5","1202","GASTOS DIFERIDOS","120201002","ACCESORIOS Y/O REPUESTOS ASPERSORAS","2023","12","0.0000","5350.0000","-5350.0000","0"
"B622603-5","1202","GASTOS DIFERIDOS","120201003","INSUMOS ESTABLECIMIENTOS DE HUERTOS","2023","12","0.0000","372.9500","-372.9500","0"
"B622603-5","1202","GASTOS DIFERIDOS","120202001","ANTICIPOS DE GASTOS","2023","12","0.0000","29781.4400","-29781.4400","0"
"B622603-5","2101","CUENTAS POR PAGAR","210101002","GASTOS ADMINISTRATIVOS POR PAGAR","2023","12","0.0000","157.0000","157.0000","0"
"B622603-5","2101","CUENTAS POR PAGAR","210102004","IVA DEBITO","2023","12","0.0000","11684.2700","11684.2700","0"
"B622603-5","2101","CUENTAS POR PAGAR","210102007","RETENCIONES ISR TERCEROS","2023","12","0.0000","857.4100","857.4100","0"
"B622603-5","2101","CUENTAS POR PAGAR","210104002","OTROS INGRESOS ANTICIPADOS","2023","12","0.0000","12269.1900","12269.1900","0"
"B622603-5","1101","CAJA Y BANCOS","110101002","TRASLADO DE FONDOS","2023","12","600000.0000","0.0000","600000.0000","0"
"B622603-5","1101","CAJA Y BANCOS","110102001","BAC 701111600 MONETARIA","2023","12","0.0000","698671.8500","-698671.8500","0"
"B622603-5","1101","CAJA Y BANCOS","110102002","BANRURAL 3033034955 MONETARIA","2023","12","0.0000","794396.8100","-794396.8100","0"
"B622603-5","1101","CAJA Y BANCOS","110102003","BANCO INDUSTRIAL 0000269530 MONETARIA","2023","12","0.0000","55721.3500","-55721.3500","0"
"B622603-5","1102","CUENTAS POR COBRAR","110204003","OTRAS CUENTAS POR COBRAR","2023","12","839.6600","1699.6600","-860.0000","0"
"B622603-5","1202","GASTOS DIFERIDOS","120202001","ANTICIPOS DE GASTOS","2023","12","42721.2800","0.0000","42721.2800","0"
"B622603-5","2101","CUENTAS POR PAGAR","210101002","GASTOS ADMINISTRATIVOS POR PAGAR","2023","12","55981.7200","207.5800","-55774.1400","0"
"B622603-5","2101","CUENTAS POR PAGAR","210101003","GASTOS OPERATIVOS POR PAGAR","2023","12","150594.8200","0.0000","-150594.8200","0"
"B622603-5","2101","CUENTAS POR PAGAR","210102001","CUOTA LABORAL IGSS","2023","12","6204.8600","6204.8400","-0.0200","0"
"B622603-5","2101","CUENTAS POR PAGAR","210102002","CUOTA PATRONAL IGSS","2023","12","14991.8200","0.0000","-14991.8200","0"
"B622603-5","2101","CUENTAS POR PAGAR","210102004","IVA DEBITO","2023","12","192.0000","0.0000","-192.0000","0"
"B622603-5","2101","CUENTAS POR PAGAR","210102006","RETENCIONES ISR EMPLEADOS","2023","12","5047.4600","5047.4600","0.0000","0"
"B622603-5","2101","CUENTAS POR PAGAR","210102007","RETENCIONES ISR TERCEROS","2023","12","3294.5000","2862.0600","-432.4400","0"
"B622603-5","2101","CUENTAS POR PAGAR","210103002","PROVISION AGUINALDO","2023","12","202423.4400","0.0000","-202423.4400","0"
"B622603-5","1101","CAJA Y BANCOS","110101001","CAJA CHICA","2024","1","1200.0000","0.0000","1200.0000","0"
"B622603-5","1101","CAJA Y BANCOS","110102001","BAC 701111600 MONETARIA","2024","1","3391931.4500","0.0000","3391931.4500","0"
"B622603-5","1101","CAJA Y BANCOS","110102002","BANRURAL 3033034955 MONETARIA","2024","1","384485.1300","0.0000","384485.1300","0"
"B622603-5","1101","CAJA Y BANCOS","110102003","BANCO INDUSTRIAL 0000269530 MONETARIA","2024","1","1012877.8900","0.0000","1012877.8900","0"
"B622603-5","1101","CAJA Y BANCOS","110103003","BAC - FONDO DE INVERSIÓN","2024","1","2000002.0000","0.0000","2000002.0000","0"
"B622603-5","1102","CUENTAS POR COBRAR","110201011","B_CTL
","2024","1","20000.0000","0.0000","20000.0000","0"
"B622603-5","1102","CUENTAS POR COBRAR","110201037","C_AGROFORZA  

","2024","1","12000.0000","0.0000","12000.0000","0"
"B622603-5","1102","CUENTAS POR COBRAR","110201040","C_AGROINDUSTRIAS SUCCESSO, S.A.
","2024","1","12000.0000","0.0000","12000.0000","0"
"B622603-5","1102","CUENTAS POR COBRAR","110204001","DEUDORES","2024","1","86581.3000","0.0000","86581.3000","0"
"B622603-5","1102","CUENTAS POR COBRAR","110204002","OTROS INGRESOS POR COBRAR","2024","1","84260.2300","0.0000","84260.2300","0"
"B622603-5","1102","CUENTAS POR COBRAR","110204003","OTRAS CUENTAS POR COBRAR","2024","1","8908.9200","0.0000","8908.9200","0"
"B622603-5","1102","CUENTAS POR COBRAR","110204006","DEPOSITOS EN GARANTIA","2024","1","15024.1600","0.0000","15024.1600","0"
"B622603-5","1104","INVENTARIO","110401001","SELLOS DE CALIDAD","2024","1","1054.1800","0.0000","1054.1800","0"
"B622603-5","1201","ACTIVOS FIJOS","120101001","MOBILIARIO Y EQUIPO","2024","1","118797.2900","0.0000","118797.2900","0"
"B622603-5","1201","ACTIVOS FIJOS","120101002","DEPRECIACION ACUMULADA MOBILIARIO Y EQUIPO","2024","1","-115496.0800","0.0000","-115496.0800","0"
"B622603-5","1201","ACTIVOS FIJOS","120101003","HARDWARE","2024","1","188215.2200","0.0000","188215.2200","0"
"B622603-5","1201","ACTIVOS FIJOS","120101003","HARDWARE","2024","1","7366.0000","0.0000","7366.0000","0"
"B622603-5","1201","ACTIVOS FIJOS","120101004","DEPRECIACION ACUMULADA HARDWARE","2024","1","-35978.7000","0.0000","-35978.7000","0"
"B622603-5","1201","ACTIVOS FIJOS","120101005","SOFTWARE","2024","1","12984.5000","0.0000","12984.5000","0"
"B622603-5","1201","ACTIVOS FIJOS","120101006","AMORTIZACION ACUMULADA SOFTWARE","2024","1","-11903.3600","0.0000","-11903.3600","0"
"B622603-5","1201","ACTIVOS FIJOS","120101007","MAQUINARIA","2024","1","465474.9200","0.0000","465474.9200","0"
"B622603-5","1201","ACTIVOS FIJOS","120101008","DEPRECIACION ACUMULADA DE MAQUINARIA","2024","1","-235226.0600","0.0000","-235226.0600","0"
"B622603-5","1201","ACTIVOS FIJOS","120101009","MEJORAS DE OFICINA","2024","1","103261.3300","0.0000","103261.3300","0"
"B622603-5","1201","ACTIVOS FIJOS","120101010","DEPRECIACION ACUMULADA MEJORAS DE OFICINA","2024","1","-101186.1300","0.0000","-101186.1300","0"
"B622603-5","1201","ACTIVOS FIJOS","120101011","VEHICULOS","2024","1","1868154.2800","0.0000","1868154.2800","0"
"B622603-5","1201","ACTIVOS FIJOS","120101012","DEPRECIACION ACUMULADA DE VEHICULOS","2024","1","-630016.8900","0.0000","-630016.8900","0"
"B622603-5","1201","ACTIVOS FIJOS","120101013","CENTROS DE ACOPIO","2024","1","1562832.1500","0.0000","1562832.1500","0"
"B622603-5","1201","ACTIVOS FIJOS","120101014","DEPRECIACION CENTROS DE ACOPIO","2024","1","-645879.8500","0.0000","-645879.8500","0"
"B622603-5","1202","GASTOS DIFERIDOS","120202001","ANTICIPOS DE GASTOS","2024","1","34779.7000","0.0000","34779.7000","0"
"B622603-5","1202","GASTOS DIFERIDOS","120202001","ANTICIPOS DE GASTOS","2024","1","1898.9900","0.0000","1898.9900","0"
"B622603-5","2101","CUENTAS POR PAGAR","210101002","GASTOS ADMINISTRATIVOS POR PAGAR","2024","1","0.0000","-30602.4600","-30602.4600","0"
"B622603-5","2101","CUENTAS POR PAGAR","210101002","GASTOS ADMINISTRATIVOS POR PAGAR","2024","1","0.0000","32445.6500","32445.6500","0"
"B622603-5","2101","CUENTAS POR PAGAR","210102001","CUOTA LABORAL IGSS","2024","1","0.0000","6204.6500","6204.6500","0"
"B622603-5","2101","CUENTAS POR PAGAR","210102002","CUOTA PATRONAL IGSS","2024","1","0.0000","14991.8700","14991.8700","0"
"B622603-5","2101","CUENTAS POR PAGAR","210102004","IVA DEBITO","2024","1","0.0000","11683.1500","11683.1500","0"
"B622603-5","2101","CUENTAS POR PAGAR","210102005","IVA DEBITO FACTURA ESPECIAL","2024","1","0.0000","2008.4300","2008.4300","0"
"B622603-5","2101","CUENTAS POR PAGAR","210102006","RETENCIONES ISR EMPLEADOS","2024","1","0.0000","5085.9100","5085.9100","0"
"B622603-5","2101","CUENTAS POR PAGAR","210102007","RETENCIONES ISR TERCEROS","2024","1","0.0000","3698.9100","3698.9100","0"
"B622603-5","2101","CUENTAS POR PAGAR","210103001","PROVISION INDEMNIZACION","2024","1","0.0000","1940596.7700","1940596.7700","0"
"B622603-5","2101","CUENTAS POR PAGAR","210103003","PROVISION BONO 14","2024","1","0.0000","104237.8300","104237.8300","0"
"B622603-5","2101","CUENTAS POR PAGAR","210104002","OTROS INGRESOS ANTICIPADOS","2024","1","0.0000","24392.1100","24392.1100","0"
"B622603-5","","","210105001","","2024","1","0.0000","4865679.8300","4865679.8300","0"
"B622603-5","2101","CUENTAS POR PAGAR","210105002","FONDOS POR APLICAR CASO JUDICIAL
","2024","1","0.0000","86581.3000","86581.3000","0"
"B622603-5","3101","PATRIMONIO AGREQUIMA","310101001","PATRIMONIO ACTIVOS FIJOS","2024","1","0.0000","2551398.6200","2551398.6200","0"
"B622603-5","3201","RESULTADOS AGREQUIMA","320101094","RESULTADO DEL EJERCICIO 2023","2024","1","891079.3700","891079.3700","0.0000","0"
"B622603-5","2101","CUENTAS POR PAGAR","210101003","GASTOS OPERATIVOS POR PAGAR","2024","1","0.0000","44022.5000","44022.5000","0"
"B622603-5","1202","GASTOS DIFERIDOS","120202001","ANTICIPOS DE GASTOS","2024","1","0.0000","1898.9900","-1898.9900","0"
"B622603-5","2101","CUENTAS POR PAGAR","210101002","GASTOS ADMINISTRATIVOS POR PAGAR","2024","1","0.0000","2587.0000","2587.0000","0"
"B622603-5","2101","CUENTAS POR PAGAR","210103001","PROVISION INDEMNIZACION","2024","1","0.0000","134484.0100","134484.0100","0"
"B622603-5","2101","CUENTAS POR PAGAR","210103002","PROVISION AGUINALDO","2024","1","0.0000","18903.2100","18903.2100","0"
"B622603-5","2101","CUENTAS POR PAGAR","210103003","PROVISION BONO 14","2024","1","0.0000","24974.6400","24974.6400","0"
"B622603-5","2101","CUENTAS POR PAGAR","210102002","CUOTA PATRONAL IGSS","2024","1","0.0000","16475.6000","16475.6000","0"
"B622603-5","2101","CUENTAS POR PAGAR","210104002","OTROS INGRESOS ANTICIPADOS","2024","1","3450.0000","0.0000","-3450.0000","0"
"B622603-5","2101","CUENTAS POR PAGAR","210104002","OTROS INGRESOS ANTICIPADOS","2024","1","900.0000","0.0000","-900.0000","0"
"B622603-5","1202","GASTOS DIFERIDOS","120202001","ANTICIPOS DE GASTOS","2024","1","0.0000","1750.0000","-1750.0000","0"
"B622603-5","2101","CUENTAS POR PAGAR","210102005","IVA DEBITO FACTURA ESPECIAL","2024","1","0.0000","221.0500","221.0500","0"
"B622603-5","2101","CUENTAS POR PAGAR","210102007","RETENCIONES ISR TERCEROS","2024","1","0.0000","92.1100","92.1100","0"
"B622603-5","1202","GASTOS DIFERIDOS","120202001","ANTICIPOS DE GASTOS","2024","1","0.0000","4200.0000","-4200.0000","0"
"B622603-5","2101","CUENTAS POR PAGAR","210102005","IVA DEBITO FACTURA ESPECIAL","2024","1","0.0000","530.5300","530.5300","0"
"B622603-5","2101","CUENTAS POR PAGAR","210102007","RETENCIONES ISR TERCEROS","2024","1","0.0000","221.0500","221.0500","0"
"B622603-5","1104","INVENTARIO","110401001","SELLOS DE CALIDAD","2024","1","0.0000","2425.0000","-2425.0000","0"
"B622603-5","1103","IMPUESTOS POR COBRAR","110301002","IVA CREDITO","2024","1","1034.7900","0.0000","1034.7900","0"
"B622603-5","1104","INVENTARIO","110401001","SELLOS DE CALIDAD","2024","1","8623.2600","0.0000","8623.2600","0"
"B622603-5","1202","GASTOS DIFERIDOS","120202001","ANTICIPOS DE GASTOS","2024","1","0.0000","9658.0500","-9658.0500","0"
"B622603-5","1103","IMPUESTOS POR COBRAR","110301002","IVA CREDITO","2024","1","0.0000","480.0000","-480.0000","0"
"B622603-5","2101","CUENTAS POR PAGAR","210102004","IVA DEBITO","2024","1","479.1500","0.0000","-479.1500","0"
"B622603-5","2101","CUENTAS POR PAGAR","210101003","GASTOS OPERATIVOS POR PAGAR","2024","1","0.0000","200.0000","200.0000","0"
"B622603-5","2101","CUENTAS POR PAGAR","210101003","GASTOS OPERATIVOS POR PAGAR","2024","1","0.0000","300.0000","300.0000","0"
"B622603-5","2101","CUENTAS POR PAGAR","210101003","GASTOS OPERATIVOS POR PAGAR","2024","1","0.0000","250.0000","250.0000","0"
"B622603-5","1102","CUENTAS POR COBRAR","110204003","OTRAS CUENTAS POR COBRAR","2024","1","3122.9500","0.0000","3122.9500","0"
"B622603-5","1102","CUENTAS POR COBRAR","110204002","OTROS INGRESOS POR COBRAR","2024","1","0.0000","2240.0000","-2240.0000","0"
"B622603-5","2101","CUENTAS POR PAGAR","210104002","OTROS INGRESOS ANTICIPADOS","2024","1","2240.0000","0.0000","-2240.0000","0"
"B622603-5","1102","CUENTAS POR COBRAR","110204002","OTROS INGRESOS POR COBRAR","2024","1","0.0000","2240.0000","-2240.0000","0"
"B622603-5","2101","CUENTAS POR PAGAR","210104002","OTROS INGRESOS ANTICIPADOS","2024","1","2240.0000","0.0000","-2240.0000","0"
"B622603-5","2101","CUENTAS POR PAGAR","210101002","GASTOS ADMINISTRATIVOS POR PAGAR","2024","1","0.0000","5685.4200","5685.4200","0"
"B622603-5","1101","CAJA Y BANCOS","110101002","TRASLADO DE FONDOS","2024","1","0.0000","500000.0000","-500000.0000","0"
"B622603-5","1101","CAJA Y BANCOS","110102001","BAC 701111600 MONETARIA","2024","1","500440.1900","0.0000","500440.1900","0"
"B622603-5","1101","CAJA Y BANCOS","110102002","BANRURAL 3033034955 MONETARIA","2024","1","436757.5600","0.0000","436757.5600","0"
"B622603-5","1101","CAJA Y BANCOS","110102003","BANCO INDUSTRIAL 0000269530 MONETARIA","2024","1","6903.4500","0.0000","6903.4500","0"
"B622603-5","1102","CUENTAS POR COBRAR","110204002","OTROS INGRESOS POR COBRAR","2024","1","4096.0000","4096.0000","0.0000","0"
"B622603-5","1102","CUENTAS POR COBRAR","110204003","OTRAS CUENTAS POR COBRAR","2024","1","0.0000","16903.4500","-16903.4500","0"
"B622603-5","1103","IMPUESTOS POR COBRAR","110301003","IVA RETENCION","2024","1","384.0000","0.0000","384.0000","0"
"B622603-5","1202","GASTOS DIFERIDOS","120202001","ANTICIPOS DE GASTOS","2024","1","0.0000","4472.5500","-4472.5500","0"
"B622603-5","2101","CUENTAS POR PAGAR","210102004","IVA DEBITO","2024","1","0.0000","480.0000","480.0000","0"
"B622603-5","2101","CUENTAS POR PAGAR","210104002","OTROS INGRESOS ANTICIPADOS","2024","1","0.0000","6201.1000","6201.1000","0"
"B622603-5","1101","CAJA Y BANCOS","110101002","TRASLADO DE FONDOS","2024","1","500000.0000","0.0000","500000.0000","0"
"B622603-5","1101","CAJA Y BANCOS","110102001","BAC 701111600 MONETARIA","2024","1","0.0000","369517.7700","-369517.7700","0"
"B622603-5","1101","CAJA Y BANCOS","110102002","BANRURAL 3033034955 MONETARIA","2024","1","0.0000","621322.2900","-621322.2900","0"
"B622603-5","1101","CAJA Y BANCOS","110102003","BANCO INDUSTRIAL 0000269530 MONETARIA","2024","1","0.0000","3829.1400","-3829.1400","0"
"B622603-5","1102","CUENTAS POR COBRAR","110204003","OTRAS CUENTAS POR COBRAR","2024","1","21091.3400","1721.3400","19370.0000","0"
"B622603-5","1202","GASTOS DIFERIDOS","120202001","ANTICIPOS DE GASTOS","2024","1","23856.5300","12000.0000","11856.5300","0"
"B622603-5","2101","CUENTAS POR PAGAR","210101002","GASTOS ADMINISTRATIVOS POR PAGAR","2024","1","4674.5700","626.7200","-4047.8500","0"
"B622603-5","2101","CUENTAS POR PAGAR","210102001","CUOTA LABORAL IGSS","2024","1","6204.8600","6819.6500","614.7900","0"
"B622603-5","2101","CUENTAS POR PAGAR","210102002","CUOTA PATRONAL IGSS","2024","1","14991.8200","0.0000","-14991.8200","0"
"B622603-5","2101","CUENTAS POR PAGAR","210102004","IVA DEBITO","2024","1","11684.0000","0.0000","-11684.0000","0"
"B622603-5","2101","CUENTAS POR PAGAR","210102005","IVA DEBITO FACTURA ESPECIAL","2024","1","2008.4200","0.0000","-2008.4200","0"
"B622603-5","2101","CUENTAS POR PAGAR","210102006","RETENCIONES ISR EMPLEADOS","2024","1","5047.4600","5832.9200","785.4600","0"
"B622603-5","2101","CUENTAS POR PAGAR","210102007","RETENCIONES ISR TERCEROS","2024","1","3698.9000","3060.3200","-638.5800","0"
"B622603-5","2101","CUENTAS POR PAGAR","210101003","GASTOS OPERATIVOS POR PAGAR","2024","2","0.0000","64468.4500","64468.4500","0"
"B622603-5","1202","GASTOS DIFERIDOS","120201002","ACCESORIOS Y/O REPUESTOS ASPERSORAS","2024","2","0.0000","3500.0000","-3500.0000","0"
"B622603-5","1202","GASTOS DIFERIDOS","120202001","ANTICIPOS DE GASTOS","2024","2","0.0000","3700.0000","-3700.0000","0"
"B622603-5","1202","GASTOS DIFERIDOS","120201002","ACCESORIOS Y/O REPUESTOS ASPERSORAS","2024","2","0.0000","2999.9000","-2999.9000","0"
"B622603-5","2101","CUENTAS POR PAGAR","210101002","GASTOS ADMINISTRATIVOS POR PAGAR","2024","2","0.0000","2587.0000","2587.0000","0"
"B622603-5","1202","GASTOS DIFERIDOS","120202001","ANTICIPOS DE GASTOS","2024","2","0.0000","1993.9900","-1993.9900","0"
"B622603-5","2101","CUENTAS POR PAGAR","210103001","PROVISION INDEMNIZACION","2024","2","0.0000","19411.1400","19411.1400","0"
"B622603-5","2101","CUENTAS POR PAGAR","210103002","PROVISION AGUINALDO","2024","2","0.0000","18993.5500","18993.5500","0"
"B622603-5","2101","CUENTAS POR PAGAR","210103003","PROVISION BONO 14","2024","2","0.0000","18637.0700","18637.0700","0"
"B622603-5","2101","CUENTAS POR PAGAR","210102002","CUOTA PATRONAL IGSS","2024","2","0.0000","18044.1300","18044.1300","0"
"B622603-5","1202","GASTOS DIFERIDOS","120202001","ANTICIPOS DE GASTOS","2024","2","0.0000","4200.0000","-4200.0000","0"
"B622603-5","2101","CUENTAS POR PAGAR","210102005","IVA DEBITO FACTURA ESPECIAL","2024","2","0.0000","530.5300","530.5300","0"
"B622603-5","2101","CUENTAS POR PAGAR","210102007","RETENCIONES ISR TERCEROS","2024","2","0.0000","221.0500","221.0500","0"
"B622603-5","1104","INVENTARIO","110401001","SELLOS DE CALIDAD","2024","2","0.0000","2425.0000","-2425.0000","0"
"B622603-5","2101","CUENTAS POR PAGAR","210104002","OTROS INGRESOS ANTICIPADOS","2024","2","525.0000","0.0000","-525.0000","0"
"B622603-5","2101","CUENTAS POR PAGAR","210104002","OTROS INGRESOS ANTICIPADOS","2024","2","4775.0000","0.0000","-4775.0000","0"
"B622603-5","1102","CUENTAS POR COBRAR","110201001","A_ADAMA
","2024","2","35000.0000","0.0000","35000.0000","0"
"B622603-5","1102","CUENTAS POR COBRAR","110201002","A_ARYSTA
","2024","2","14000.0000","0.0000","14000.0000","0"
"B622603-5","1102","CUENTAS POR COBRAR","110201003","A_BASF DE GUATEMALA
","2024","2","35000.0000","0.0000","35000.0000","0"
"B622603-5","1102","CUENTAS POR COBRAR","110201004","A_BAYER, S.A.","2024","2","35000.0000","0.0000","35000.0000","0"
"B622603-5","1102","CUENTAS POR COBRAR","110201005","A_CORTEVA
","2024","2","35000.0000","0.0000","35000.0000","0"
"B622603-5","1102","CUENTAS POR COBRAR","110201006","C_DUWEST GUATEMALA
","2024","2","12000.0000","0.0000","12000.0000","0"
"B622603-5","1102","CUENTAS POR COBRAR","110201007","A_FMC, S.A.
","2024","2","35000.0000","0.0000","35000.0000","0"
"B622603-5","1102","CUENTAS POR COBRAR","110201010","B_BIESTERFELD DE GUATEMALA
","2024","2","20000.0000","0.0000","20000.0000","0"
"B622603-5","1102","CUENTAS POR COBRAR","110201011","B_CTL
","2024","2","20000.0000","0.0000","20000.0000","0"
"B622603-5","1102","CUENTAS POR COBRAR","110201012","B_ESPORANGIO, S.A.
","2024","2","20000.0000","0.0000","20000.0000","0"
"B622603-5","1102","CUENTAS POR COBRAR","110201013","B_FORAGRO
","2024","2","20000.0000","0.0000","20000.0000","0"
"B622603-5","1102","CUENTAS POR COBRAR","110201014","B_PROMOAGRO
","2024","2","20000.0000","0.0000","20000.0000","0"
"B622603-5","1102","CUENTAS POR COBRAR","110201015","B_QUILUBRISA
","2024","2","20000.0000","0.0000","20000.0000","0"
"B622603-5","1102","CUENTAS POR COBRAR","110201016","B_RAINBOW
","2024","2","20000.0000","0.0000","20000.0000","0"
"B622603-5","1102","CUENTAS POR COBRAR","110201017","B_TECUN, S.A.
","2024","2","20000.0000","0.0000","20000.0000","0"
"B622603-5","1102","CUENTAS POR COBRAR","110201018","B_WESTRADE GUATEMALA
","2024","2","20000.0000","0.0000","20000.0000","0"
"B622603-5","1102","CUENTAS POR COBRAR","110201019","C_AGRIAVANCES
","2024","2","12000.0000","0.0000","12000.0000","0"
"B622603-5","1102","CUENTAS POR COBRAR","110201020","A_SYNGENTA-AGROINSUMOS
","2024","2","35000.0000","0.0000","35000.0000","0"
"B622603-5","1102","CUENTAS POR COBRAR","110201021","C_BAYER, S.A.
","2024","2","12000.0000","0.0000","12000.0000","0"
"B622603-5","1102","CUENTAS POR COBRAR","110201022","C_GRUPO DISAGRO
","2024","2","12000.0000","0.0000","12000.0000","0"
"B622603-5","1102","CUENTAS POR COBRAR","110201023","C_INCISA
","2024","2","12000.0000","0.0000","12000.0000","0"
"B622603-5","1102","CUENTAS POR COBRAR","110201024","C_INSUMOS MODERNOS
","2024","2","12000.0000","0.0000","12000.0000","0"
"B622603-5","1102","CUENTAS POR COBRAR","110201025","C_POTENZ
","2024","2","12000.0000","0.0000","12000.0000","0"
"B622603-5","1102","CUENTAS POR COBRAR","110201027","C_SUPERSEED
","2024","2","12000.0000","0.0000","12000.0000","0"
"B622603-5","1102","CUENTAS POR COBRAR","110201028","B_VIDAGRO
","2024","2","20000.0000","0.0000","20000.0000","0"
"B622603-5","1102","CUENTAS POR COBRAR","110201029","B_STOCKTON S. A.
","2024","2","20000.0000","0.0000","20000.0000","0"
"B622603-5","1102","CUENTAS POR COBRAR","110201030","C_NOVIAGRO, S.A .
","2024","2","12000.0000","0.0000","12000.0000","0"
"B622603-5","1102","CUENTAS POR COBRAR","110201031","B_SEMIAGRO
","2024","2","20000.0000","0.0000","20000.0000","0"
"B622603-5","1102","CUENTAS POR COBRAR","110201032","B_EL COLONO
","2024","2","20000.0000","0.0000","20000.0000","0"
"B622603-5","1102","CUENTAS POR COBRAR","110201034","C_SEDIAGRO
","2024","2","12000.0000","0.0000","12000.0000","0"
"B622603-5","1102","CUENTAS POR COBRAR","110201035","C_LA CORNETA, S.A.
","2024","2","12000.0000","0.0000","12000.0000","0"
"B622603-5","1102","CUENTAS POR COBRAR","110201036","B_BIOSKA
","2024","2","20000.0000","0.0000","20000.0000","0"
"B622603-5","1102","CUENTAS POR COBRAR","110201037","C_AGROFORZA  

","2024","2","12000.0000","0.0000","12000.0000","0"
"B622603-5","1102","CUENTAS POR COBRAR","110201038","B_FERTILIZANTES MAYA
","2024","2","20000.0000","0.0000","20000.0000","0"
"B622603-5","1102","CUENTAS POR COBRAR","110201039","C_GRUPO FERT (CADELGA)
","2024","2","12000.0000","0.0000","12000.0000","0"
"B622603-5","1102","CUENTAS POR COBRAR","110201040","C_AGROINDUSTRIAS SUCCESSO, S.A.
","2024","2","12000.0000","0.0000","12000.0000","0"
"B622603-5","1102","CUENTAS POR COBRAR","110201041","C_OLEFINAS, S.A.  
","2024","2","12000.0000","0.0000","12000.0000","0"
"B622603-5","1102","CUENTAS POR COBRAR","110201042","B_AGRO-CHILE, SOCIEDAD ANONIMA  

","2024","2","20000.0000","0.0000","20000.0000","0"
"B622603-5","1103","IMPUESTOS POR COBRAR","110301003","IVA RETENCION","2024","2","0.0000","768.0000","-768.0000","0"
"B622603-5","2101","CUENTAS POR PAGAR","210102004","IVA DEBITO","2024","2","768.0000","0.0000","-768.0000","0"
"B622603-5","1103","IMPUESTOS POR COBRAR","110301002","IVA CREDITO","2024","2","0.0000","554.7900","-554.7900","0"
"B622603-5","2101","CUENTAS POR PAGAR","210102004","IVA DEBITO","2024","2","554.7900","0.0000","-554.7900","0"
"B622603-5","1202","GASTOS DIFERIDOS","120202001","ANTICIPOS DE GASTOS","2024","2","0.0000","890.0000","-890.0000","0"
"B622603-5","2101","CUENTAS POR PAGAR","210101003","GASTOS OPERATIVOS POR PAGAR","2024","2","0.0000","250.0000","250.0000","0"
"B622603-5","2101","CUENTAS POR PAGAR","210101003","GASTOS OPERATIVOS POR PAGAR","2024","2","0.0000","525.0000","525.0000","0"
"B622603-5","2101","CUENTAS POR PAGAR","210101003","GASTOS OPERATIVOS POR PAGAR","2024","2","0.0000","320.0000","320.0000","0"
"B622603-5","2101","CUENTAS POR PAGAR","210101003","GASTOS OPERATIVOS POR PAGAR","2024","2","0.0000","525.0000","525.0000","0"
"B622603-5","2101","CUENTAS POR PAGAR","210101003","GASTOS OPERATIVOS POR PAGAR","2024","2","0.0000","320.0000","320.0000","0"
"B622603-5","1202","GASTOS DIFERIDOS","120201002","ACCESORIOS Y/O REPUESTOS ASPERSORAS","2024","2","0.0000","403.0000","-403.0000","0"
"B622603-5","2101","CUENTAS POR PAGAR","210101002","GASTOS ADMINISTRATIVOS POR PAGAR","2024","2","0.0000","26688.8100","26688.8100","0"
"B622603-5","1101","CAJA Y BANCOS","110101001","CAJA CHICA","2024","2","0.0000","1250.0000","-1250.0000","0"
"B622603-5","1101","CAJA Y BANCOS","110102001","BAC 701111600 MONETARIA","2024","2","220598.8600","0.0000","220598.8600","0"
"B622603-5","1101","CAJA Y BANCOS","110102002","BANRURAL 3033034955 MONETARIA","2024","2","526592.8700","0.0000","526592.8700","0"
"B622603-5","1101","CAJA Y BANCOS","110102003","BANCO INDUSTRIAL 0000269530 MONETARIA","2024","2","4212.4700","0.0000","4212.4700","0"
"B622603-5","1102","CUENTAS POR COBRAR","110201015","B_QUILUBRISA
","2024","2","0.0000","20000.0000","-20000.0000","0"
"B622603-5","1102","CUENTAS POR COBRAR","110201016","B_RAINBOW
","2024","2","0.0000","20000.0000","-20000.0000","0"
"B622603-5","1102","CUENTAS POR COBRAR","110201017","B_TECUN, S.A.
","2024","2","0.0000","20000.0000","-20000.0000","0"
"B622603-5","1102","CUENTAS POR COBRAR","110201018","B_WESTRADE GUATEMALA
","2024","2","0.0000","20000.0000","-20000.0000","0"
"B622603-5","1102","CUENTAS POR COBRAR","110201019","C_AGRIAVANCES
","2024","2","0.0000","4000.0000","-4000.0000","0"
"B622603-5","1102","CUENTAS POR COBRAR","110201022","C_GRUPO DISAGRO
","2024","2","0.0000","12000.0000","-12000.0000","0"
"B622603-5","1102","CUENTAS POR COBRAR","110201023","C_INCISA
","2024","2","0.0000","3000.0000","-3000.0000","0"
"B622603-5","1102","CUENTAS POR COBRAR","110201025","C_POTENZ
","2024","2","0.0000","12000.0000","-12000.0000","0"
"B622603-5","1102","CUENTAS POR COBRAR","110201028","B_VIDAGRO
","2024","2","0.0000","20000.0000","-20000.0000","0"
"B622603-5","1102","CUENTAS POR COBRAR","110201029","B_STOCKTON S. A.
","2024","2","0.0000","20000.0000","-20000.0000","0"
"B622603-5","1102","CUENTAS POR COBRAR","110201031","B_SEMIAGRO
","2024","2","0.0000","20000.0000","-20000.0000","0"
"B622603-5","1102","CUENTAS POR COBRAR","110201032","B_EL COLONO
","2024","2","0.0000","10000.0000","-10000.0000","0"
"B622603-5","1102","CUENTAS POR COBRAR","110201038","B_FERTILIZANTES MAYA
","2024","2","0.0000","20000.0000","-20000.0000","0"
"B622603-5","1102","CUENTAS POR COBRAR","110201039","C_GRUPO FERT (CADELGA)
","2024","2","0.0000","3000.0000","-3000.0000","0"
"B622603-5","1102","CUENTAS POR COBRAR","110201040","C_AGROINDUSTRIAS SUCCESSO, S.A.
","2024","2","0.0000","12000.0000","-12000.0000","0"
"B622603-5","1102","CUENTAS POR COBRAR","110204002","OTROS INGRESOS POR COBRAR","2024","2","22059.4400","15817.4400","6242.0000","0"
"B622603-5","1102","CUENTAS POR COBRAR","110204003","OTRAS CUENTAS POR COBRAR","2024","2","0.0000","11772.4200","-11772.4200","0"
"B622603-5","1103","IMPUESTOS POR COBRAR","110301003","IVA RETENCION","2024","2","384.0000","0.0000","384.0000","0"
"B622603-5","1202","GASTOS DIFERIDOS","120201001","VIATICOS INGENIEROS AGRONOMOS","2024","2","0.0000","5000.0000","-5000.0000","0"
"B622603-5","1202","GASTOS DIFERIDOS","120202001","ANTICIPOS DE GASTOS","2024","2","0.0000","6234.0100","-6234.0100","0"
"B622603-5","2101","CUENTAS POR PAGAR","210102004","IVA DEBITO","2024","2","0.0000","2404.6600","2404.6600","0"
"B622603-5","2101","CUENTAS POR PAGAR","210104002","OTROS INGRESOS ANTICIPADOS","2024","2","0.0000","6516.8800","6516.8800","0"
"B622603-5","1101","CAJA Y BANCOS","110101001","CAJA CHICA","2024","2","11250.0000","0.0000","11250.0000","0"
"B622603-5","1101","CAJA Y BANCOS","110102001","BAC 701111600 MONETARIA","2024","2","0.0000","501298.9900","-501298.9900","0"
"B622603-5","1101","CAJA Y BANCOS","110102002","BANRURAL 3033034955 MONETARIA","2024","2","0.0000","460334.5700","-460334.5700","0"
"B622603-5","1101","CAJA Y BANCOS","110102003","BANCO INDUSTRIAL 0000269530 MONETARIA","2024","2","0.0000","34919.9200","-34919.9200","0"
"B622603-5","1102","CUENTAS POR COBRAR","110204003","OTRAS CUENTAS POR COBRAR","2024","2","1091.3400","1521.3400","-430.0000","0"
"B622603-5","1201","ACTIVOS FIJOS","120101003","HARDWARE","2024","2","1975.5600","0.0000","1975.5600","0"
"B622603-5","1201","ACTIVOS FIJOS","120101011","VEHICULOS","2024","2","299760.0000","0.0000","299760.0000","0"
"B622603-5","1202","GASTOS DIFERIDOS","120201001","VIATICOS INGENIEROS AGRONOMOS","2024","2","45000.0000","0.0000","45000.0000","0"
"B622603-5","1202","GASTOS DIFERIDOS","120201002","ACCESORIOS Y/O REPUESTOS ASPERSORAS","2024","2","11600.0000","0.0000","11600.0000","0"
"B622603-5","1202","GASTOS DIFERIDOS","120202001","ANTICIPOS DE GASTOS","2024","2","29521.8300","0.0000","29521.8300","0"
"B622603-5","2101","CUENTAS POR PAGAR","210101002","GASTOS ADMINISTRATIVOS POR PAGAR","2024","2","33040.6300","277.0000","-32763.6300","0"
"B622603-5","2101","CUENTAS POR PAGAR","210101003","GASTOS OPERATIVOS POR PAGAR","2024","2","44022.5000","0.0000","-44022.5000","0"
"B622603-5","2101","CUENTAS POR PAGAR","210102001","CUOTA LABORAL IGSS","2024","2","6818.9600","7468.1400","649.1800","0"
"B622603-5","2101","CUENTAS POR PAGAR","210102002","CUOTA PATRONAL IGSS","2024","2","16475.6000","0.0000","-16475.6000","0"
"B622603-5","2101","CUENTAS POR PAGAR","210102005","IVA DEBITO FACTURA ESPECIAL","2024","2","751.5800","0.0000","-751.5800","0"
"B622603-5","2101","CUENTAS POR PAGAR","210102006","RETENCIONES ISR EMPLEADOS","2024","2","6039.7400","6159.3400","119.6000","0"
"B622603-5","2101","CUENTAS POR PAGAR","210102007","RETENCIONES ISR TERCEROS","2024","2","3373.4800","3950.6300","577.1500","0"
"B622603-5","2101","CUENTAS POR PAGAR","210103001","PROVISION INDEMNIZACION","2024","2","22759.0800","0.0000","-22759.0800","0"
"B622603-5","2101","CUENTAS POR PAGAR","210103002","PROVISION AGUINALDO","2024","2","1046.4700","0.0000","-1046.4700","0"
"B622603-5","2101","CUENTAS POR PAGAR","210103003","PROVISION BONO 14","2024","2","2805.9200","0.0000","-2805.9200","0"
"B622603-5","2101","CUENTAS POR PAGAR","210101002","GASTOS ADMINISTRATIVOS POR PAGAR","2024","3","0.0000","390.0000","390.0000","0"
"B622603-5","2101","CUENTAS POR PAGAR","210101002","GASTOS ADMINISTRATIVOS POR PAGAR","2024","3","0.0000","560.0000","560.0000","0"
"B622603-5","2101","CUENTAS POR PAGAR","210101002","GASTOS ADMINISTRATIVOS POR PAGAR","2024","3","0.0000","1345.0000","1345.0000","0"
"B622603-5","2101","CUENTAS POR PAGAR","210101002","GASTOS ADMINISTRATIVOS POR PAGAR","2024","3","0.0000","350.0000","350.0000","0"
"B622603-5","2101","CUENTAS POR PAGAR","210101003","GASTOS OPERATIVOS POR PAGAR","2024","3","0.0000","51866.5700","51866.5700","0"
"B622603-5","1202","GASTOS DIFERIDOS","120201003","INSUMOS ESTABLECIMIENTOS DE HUERTOS","2024","3","0.0000","3600.0000","-3600.0000","0"
"B622603-5","2101","CUENTAS POR PAGAR","210101002","GASTOS ADMINISTRATIVOS POR PAGAR","2024","3","0.0000","1223.2600","1223.2600","0"
"B622603-5","2101","CUENTAS POR PAGAR","210101002","GASTOS ADMINISTRATIVOS POR PAGAR","2024","3","0.0000","2587.0000","2587.0000","0"
"B622603-5","1202","GASTOS DIFERIDOS","120202001","ANTICIPOS DE GASTOS","2024","3","0.0000","1993.9900","-1993.9900","0"
"B622603-5","2101","CUENTAS POR PAGAR","210103001","PROVISION INDEMNIZACION","2024","3","0.0000","19761.8400","19761.8400","0"
"B622603-5","2101","CUENTAS POR PAGAR","210103002","PROVISION AGUINALDO","2024","3","0.0000","21067.0200","21067.0200","0"
"B622603-5","2101","CUENTAS POR PAGAR","210103003","PROVISION BONO 14","2024","3","0.0000","20013.2000","20013.2000","0"
"B622603-5","2101","CUENTAS POR PAGAR","210102002","CUOTA PATRONAL IGSS","2024","3","0.0000","17861.1700","17861.1700","0"
"B622603-5","1202","GASTOS DIFERIDOS","120202001","ANTICIPOS DE GASTOS","2024","3","0.0000","4200.0000","-4200.0000","0"
"B622603-5","2101","CUENTAS POR PAGAR","210102005","IVA DEBITO FACTURA ESPECIAL","2024","3","0.0000","530.5300","530.5300","0"
"B622603-5","2101","CUENTAS POR PAGAR","210102007","RETENCIONES ISR TERCEROS","2024","3","0.0000","221.0500","221.0500","0"
"B622603-5","1104","INVENTARIO","110401001","SELLOS DE CALIDAD","2024","3","0.0000","727.5000","-727.5000","0"
"B622603-5","1102","CUENTAS POR COBRAR","110204002","OTROS INGRESOS POR COBRAR","2024","3","1720.0000","0.0000","1720.0000","0"
"B622603-5","2101","CUENTAS POR PAGAR","210104002","OTROS INGRESOS ANTICIPADOS","2024","3","3885.0000","0.0000","-3885.0000","0"
"B622603-5","1102","CUENTAS POR COBRAR","110201002","A_ARYSTA
","2024","3","14000.0000","0.0000","14000.0000","0"
"B622603-5","1202","GASTOS DIFERIDOS","120202001","ANTICIPOS DE GASTOS","2024","3","0.0000","3000.0000","-3000.0000","0"
"B622603-5","1202","GASTOS DIFERIDOS","120202001","ANTICIPOS DE GASTOS","2024","3","0.0000","4203.5700","-4203.5700","0"
"B622603-5","2101","CUENTAS POR PAGAR","210102007","RETENCIONES ISR TERCEROS","2024","3","0.0000","196.4300","196.4300","0"
"B622603-5","2101","CUENTAS POR PAGAR","210101003","GASTOS OPERATIVOS POR PAGAR","2024","3","0.0000","250.0000","250.0000","0"
"B622603-5","2101","CUENTAS POR PAGAR","210101003","GASTOS OPERATIVOS POR PAGAR","2024","3","0.0000","320.0000","320.0000","0"
"B622603-5","2101","CUENTAS POR PAGAR","210101003","GASTOS OPERATIVOS POR PAGAR","2024","3","0.0000","320.0000","320.0000","0"
"B622603-5","2101","CUENTAS POR PAGAR","210101002","GASTOS ADMINISTRATIVOS POR PAGAR","2024","3","0.0000","42820.4400","42820.4400","0"
"B622603-5","","","210105001","","2024","3","358937.4200","0.0000","-358937.4200","0"
"B622603-5","3101","PATRIMONIO AGREQUIMA","310101001","PATRIMONIO ACTIVOS FIJOS","2024","3","0.0000","301735.5600","301735.5600","0"
"B622603-5","3201","RESULTADOS AGREQUIMA","320101093","RESULTADO DEL EJERCICIO 2024","2024","3","0.0000","57201.8600","57201.8600","0"
"B622603-5","1101","CAJA Y BANCOS","110101002","TRASLADO DE FONDOS","2024","3","0.0000","200000.0000","-200000.0000","0"
"B622603-5","1101","CAJA Y BANCOS","110102001","BAC 701111600 MONETARIA","2024","3","370236.8200","0.0000","370236.8200","0"
"B622603-5","1101","CAJA Y BANCOS","110102002","BANRURAL 3033034955 MONETARIA","2024","3","405985.4100","0.0000","405985.4100","0"
"B622603-5","1102","CUENTAS POR COBRAR","110201002","A_ARYSTA
","2024","3","0.0000","14000.0000","-14000.0000","0"
"B622603-5","1102","CUENTAS POR COBRAR","110201006","C_DUWEST GUATEMALA
","2024","3","0.0000","12000.0000","-12000.0000","0"
"B622603-5","1102","CUENTAS POR COBRAR","110201010","B_BIESTERFELD DE GUATEMALA
","2024","3","0.0000","20000.0000","-20000.0000","0"
"B622603-5","1102","CUENTAS POR COBRAR","110201011","B_CTL
","2024","3","0.0000","20000.0000","-20000.0000","0"
"B622603-5","1102","CUENTAS POR COBRAR","110201012","B_ESPORANGIO, S.A.
","2024","3","0.0000","6666.6600","-6666.6600","0"
"B622603-5","1102","CUENTAS POR COBRAR","110201023","C_INCISA
","2024","3","0.0000","3000.0000","-3000.0000","0"
"B622603-5","1102","CUENTAS POR COBRAR","110201036","B_BIOSKA
","2024","3","0.0000","20000.0000","-20000.0000","0"
"B622603-5","1102","CUENTAS POR COBRAR","110201039","C_GRUPO FERT (CADELGA)
","2024","3","0.0000","3000.0000","-3000.0000","0"
"B622603-5","1102","CUENTAS POR COBRAR","110201041","C_OLEFINAS, S.A.  
","2024","3","0.0000","12000.0000","-12000.0000","0"
"B622603-5","1102","CUENTAS POR COBRAR","110201042","B_AGRO-CHILE, SOCIEDAD ANONIMA  

","2024","3","0.0000","20000.0000","-20000.0000","0"
"B622603-5","1102","CUENTAS POR COBRAR","110204002","OTROS INGRESOS POR COBRAR","2024","3","17913.4700","19605.1100","-1691.6400","0"
"B622603-5","1202","GASTOS DIFERIDOS","120202001","ANTICIPOS DE GASTOS","2024","3","0.0000","13421.7500","-13421.7500","0"
"B622603-5","2101","CUENTAS POR PAGAR","210102004","IVA DEBITO","2024","3","0.0000","1945.8700","1945.8700","0"
"B622603-5","2101","CUENTAS POR PAGAR","210104002","OTROS INGRESOS ANTICIPADOS","2024","3","248.0000","7017.7700","6769.7700","0"
"B622603-5","1101","CAJA Y BANCOS","110101001","CAJA CHICA","2024","3","1250.0000","0.0000","1250.0000","0"
"B622603-5","1101","CAJA Y BANCOS","110101002","TRASLADO DE FONDOS","2024","3","200000.0000","0.0000","200000.0000","0"
"B622603-5","1101","CAJA Y BANCOS","110102001","BAC 701111600 MONETARIA","2024","3","0.0000","501130.6700","-501130.6700","0"
"B622603-5","1101","CAJA Y BANCOS","110102002","BANRURAL 3033034955 MONETARIA","2024","3","0.0000","495746.5800","-495746.5800","0"
"B622603-5","1101","CAJA Y BANCOS","110102003","BANCO INDUSTRIAL 0000269530 MONETARIA","2024","3","0.0000","45350.1200","-45350.1200","0"
"B622603-5","1102","CUENTAS POR COBRAR","110204003","OTRAS CUENTAS POR COBRAR","2024","3","1091.3400","1521.3400","-430.0000","0"
"B622603-5","1202","GASTOS DIFERIDOS","120201001","VIATICOS INGENIEROS AGRONOMOS","2024","3","5000.0000","0.0000","5000.0000","0"
"B622603-5","1202","GASTOS DIFERIDOS","120201002","ACCESORIOS Y/O REPUESTOS ASPERSORAS","2024","3","3000.0000","0.0000","3000.0000","0"
"B622603-5","1202","GASTOS DIFERIDOS","120201003","INSUMOS ESTABLECIMIENTOS DE HUERTOS","2024","3","3600.0000","0.0000","3600.0000","0"
"B622603-5","1202","GASTOS DIFERIDOS","120202001","ANTICIPOS DE GASTOS","2024","3","17956.7400","0.0000","17956.7400","0"
"B622603-5","2101","CUENTAS POR PAGAR","210101002","GASTOS ADMINISTRATIVOS POR PAGAR","2024","3","42820.4500","0.0000","-42820.4500","0"
"B622603-5","2101","CUENTAS POR PAGAR","210101003","GASTOS OPERATIVOS POR PAGAR","2024","3","60634.3500","4713.3300","-55921.0200","0"
"B622603-5","2101","CUENTAS POR PAGAR","210102001","CUOTA LABORAL IGSS","2024","3","7468.1400","7392.4200","-75.7200","0"
"B622603-5","2101","CUENTAS POR PAGAR","210102002","CUOTA PATRONAL IGSS","2024","3","18044.1300","0.0000","-18044.1300","0"
"B622603-5","2101","CUENTAS POR PAGAR","210102004","IVA DEBITO","2024","3","1082.0000","0.0000","-1082.0000","0"
"B622603-5","2101","CUENTAS POR PAGAR","210102005","IVA DEBITO FACTURA ESPECIAL","2024","3","530.5300","0.0000","-530.5300","0"
"B622603-5","2101","CUENTAS POR PAGAR","210102006","RETENCIONES ISR EMPLEADOS","2024","3","6310.5800","9372.2000","3061.6200","0"
"B622603-5","2101","CUENTAS POR PAGAR","210102007","RETENCIONES ISR TERCEROS","2024","3","4571.6800","4070.3600","-501.3200","0"
"B622603-5","2101","CUENTAS POR PAGAR","210103001","PROVISION INDEMNIZACION","2024","3","84177.6500","0.0000","-84177.6500","0"
"B622603-5","2101","CUENTAS POR PAGAR","210103002","PROVISION AGUINALDO","2024","3","3535.9700","0.0000","-3535.9700","0"
"B622603-5","2101","CUENTAS POR PAGAR","210103003","PROVISION BONO 14","2024","3","7970.4200","0.0000","-7970.4200","0"
"B622603-5","2101","CUENTAS POR PAGAR","210103001","PROVISION INDEMNIZACION","2024","4","0.0000","20515.2500","20515.2500","0"
"B622603-5","2101","CUENTAS POR PAGAR","210103002","PROVISION AGUINALDO","2024","4","0.0000","18697.4500","18697.4500","0"
"B622603-5","2101","CUENTAS POR PAGAR","210103003","PROVISION BONO 14","2024","4","0.0000","18697.4500","18697.4500","0"
"B622603-5","2101","CUENTAS POR PAGAR","210102002","CUOTA PATRONAL IGSS","2024","4","0.0000","17162.3800","17162.3800","0"
"B622603-5","2101","CUENTAS POR PAGAR","210101002","GASTOS ADMINISTRATIVOS POR PAGAR","2024","4","0.0000","2587.0000","2587.0000","0"
"B622603-5","1202","GASTOS DIFERIDOS","120202001","ANTICIPOS DE GASTOS","2024","4","0.0000","1993.9900","-1993.9900","0"
"B622603-5","1202","GASTOS DIFERIDOS","120202001","ANTICIPOS DE GASTOS","2024","4","0.0000","4200.0000","-4200.0000","0"
"B622603-5","2101","CUENTAS POR PAGAR","210102005","IVA DEBITO FACTURA ESPECIAL","2024","4","0.0000","530.5300","530.5300","0"
"B622603-5","2101","CUENTAS POR PAGAR","210102007","RETENCIONES ISR TERCEROS","2024","4","0.0000","221.0500","221.0500","0"
"B622603-5","2101","CUENTAS POR PAGAR","210101003","GASTOS OPERATIVOS POR PAGAR","2024","4","0.0000","250.0000","250.0000","0"
"B622603-5","2101","CUENTAS POR PAGAR","210101003","GASTOS OPERATIVOS POR PAGAR","2024","4","0.0000","320.0000","320.0000","0"
"B622603-5","2101","CUENTAS POR PAGAR","210101003","GASTOS OPERATIVOS POR PAGAR","2024","4","0.0000","320.0000","320.0000","0"
"B622603-5","2101","CUENTAS POR PAGAR","210104002","OTROS INGRESOS ANTICIPADOS","2024","4","450.0000","0.0000","-450.0000","0"
"B622603-5","2101","CUENTAS POR PAGAR","210104002","OTROS INGRESOS ANTICIPADOS","2024","4","5540.0000","0.0000","-5540.0000","0"
"B622603-5","2101","CUENTAS POR PAGAR","210104002","OTROS INGRESOS ANTICIPADOS","2024","4","218295.9900","0.0000","-218295.9900","0"
"B622603-5","1102","CUENTAS POR COBRAR","110201002","A_ARYSTA
","2024","4","7000.0000","0.0000","7000.0000","0"
"B622603-5","1102","CUENTAS POR COBRAR","110201009","A_YARA
","2024","4","35000.0000","0.0000","35000.0000","0"
"B622603-5","1102","CUENTAS POR COBRAR","110201033","B_ENLASA
","2024","4","10000.0000","0.0000","10000.0000","0"
"B622603-5","2101","CUENTAS POR PAGAR","210101003","GASTOS OPERATIVOS POR PAGAR","2024","4","0.0000","74611.1700","74611.1700","0"
"B622603-5","1202","GASTOS DIFERIDOS","120201002","ACCESORIOS Y/O REPUESTOS ASPERSORAS","2024","4","0.0000","2500.0000","-2500.0000","0"
"B622603-5","1202","GASTOS DIFERIDOS","120201002","ACCESORIOS Y/O REPUESTOS ASPERSORAS","2024","4","0.0000","3000.1000","-3000.1000","0"
"B622603-5","1202","GASTOS DIFERIDOS","120202001","ANTICIPOS DE GASTOS","2024","4","0.0000","3990.0000","-3990.0000","0"
"B622603-5","1202","GASTOS DIFERIDOS","120202001","ANTICIPOS DE GASTOS","2024","4","0.0000","2394.0000","-2394.0000","0"
"B622603-5","1202","GASTOS DIFERIDOS","120202001","ANTICIPOS DE GASTOS","2024","4","0.0000","4030.5000","-4030.5000","0"
"B622603-5","1103","IMPUESTOS POR COBRAR","110301003","IVA RETENCION","2024","4","0.0000","54.5900","-54.5900","0"
"B622603-5","2101","CUENTAS POR PAGAR","210102004","IVA DEBITO","2024","4","54.5900","0.0000","-54.5900","0"
"B622603-5","2101","CUENTAS POR PAGAR","210101002","GASTOS ADMINISTRATIVOS POR PAGAR","2024","4","0.0000","2587.0000","2587.0000","0"
"B622603-5","1201","ACTIVOS FIJOS","120101001","MOBILIARIO Y EQUIPO","2024","4","1130.0000","0.0000","1130.0000","0"
"B622603-5","2101","CUENTAS POR PAGAR","210101002","GASTOS ADMINISTRATIVOS POR PAGAR","2024","4","0.0000","34836.0400","34836.0400","0"
"B622603-5","1201","ACTIVOS FIJOS","120101011","VEHICULOS","2024","4","0.0000","13500.0000","-13500.0000","0"
"B622603-5","1201","ACTIVOS FIJOS","120101012","DEPRECIACION ACUMULADA DE VEHICULOS","2024","4","2700.0000","0.0000","2700.0000","0"
"B622603-5","3101","PATRIMONIO AGREQUIMA","310101001","PATRIMONIO ACTIVOS FIJOS","2024","4","10800.0000","0.0000","-10800.0000","0"
"B622603-5","1102","CUENTAS POR COBRAR","110204002","OTROS INGRESOS POR COBRAR","2024","4","0.0000","5401.1000","-5401.1000","0"
"B622603-5","2101","CUENTAS POR PAGAR","210104002","OTROS INGRESOS ANTICIPADOS","2024","4","5401.1000","0.0000","-5401.1000","0"
"B622603-5","1102","CUENTAS POR COBRAR","110204002","OTROS INGRESOS POR COBRAR","2024","4","0.0000","5000.0000","-5000.0000","0"
"B622603-5","2101","CUENTAS POR PAGAR","210104002","OTROS INGRESOS ANTICIPADOS","2024","4","5000.0000","0.0000","-5000.0000","0"
"B622603-5","","","210105001","","2024","4","0.0000","326447.3000","326447.3000","0"
"B622603-5","3101","PATRIMONIO AGREQUIMA","310101001","PATRIMONIO ACTIVOS FIJOS","2024","4","0.0000","16776.2800","16776.2800","0"
"B622603-5","3201","RESULTADOS AGREQUIMA","320101093","RESULTADO DEL EJERCICIO 2024","2024","4","343223.5800","0.0000","-343223.5800","0"
"B622603-5","1101","CAJA Y BANCOS","110101002","TRASLADO DE FONDOS","2024","4","0.0000","550000.0000","-550000.0000","0"
"B622603-5","1101","CAJA Y BANCOS","110102001","BAC 701111600 MONETARIA","2024","4","921916.5800","0.0000","921916.5800","0"
"B622603-5","1101","CAJA Y BANCOS","110102002","BANRURAL 3033034955 MONETARIA","2024","4","861910.1200","0.0000","861910.1200","0"
"B622603-5","1101","CAJA Y BANCOS","110102003","BANCO INDUSTRIAL 0000269530 MONETARIA","2024","4","35000.0700","0.0000","35000.0700","0"
"B622603-5","1102","CUENTAS POR COBRAR","110201002","A_ARYSTA
","2024","4","0.0000","14000.0000","-14000.0000","0"
"B622603-5","1102","CUENTAS POR COBRAR","110201004","A_BAYER, S.A.","2024","4","0.0000","35000.0000","-35000.0000","0"
"B622603-5","1102","CUENTAS POR COBRAR","110201005","A_CORTEVA
","2024","4","0.0000","35000.0000","-35000.0000","0"
"B622603-5","1102","CUENTAS POR COBRAR","110201007","A_FMC, S.A.
","2024","4","0.0000","35000.0000","-35000.0000","0"
"B622603-5","1102","CUENTAS POR COBRAR","110201012","B_ESPORANGIO, S.A.
","2024","4","0.0000","13333.3400","-13333.3400","0"
"B622603-5","1102","CUENTAS POR COBRAR","110201013","B_FORAGRO
","2024","4","0.0000","20000.0000","-20000.0000","0"
"B622603-5","1102","CUENTAS POR COBRAR","110201014","B_PROMOAGRO
","2024","4","0.0000","20000.0000","-20000.0000","0"
"B622603-5","1102","CUENTAS POR COBRAR","110201019","C_AGRIAVANCES
","2024","4","0.0000","4000.0000","-4000.0000","0"
"B622603-5","1102","CUENTAS POR COBRAR","110201020","A_SYNGENTA-AGROINSUMOS
","2024","4","0.0000","35000.0000","-35000.0000","0"
"B622603-5","1102","CUENTAS POR COBRAR","110201021","C_BAYER, S.A.
","2024","4","0.0000","12000.0000","-12000.0000","0"
"B622603-5","1102","CUENTAS POR COBRAR","110201023","C_INCISA
","2024","4","0.0000","3000.0000","-3000.0000","0"
"B622603-5","1102","CUENTAS POR COBRAR","110201030","C_NOVIAGRO, S.A .
","2024","4","0.0000","12000.0000","-12000.0000","0"
"B622603-5","1102","CUENTAS POR COBRAR","110201033","B_ENLASA
","2024","4","0.0000","10000.0000","-10000.0000","0"
"B622603-5","1102","CUENTAS POR COBRAR","110201039","C_GRUPO FERT (CADELGA)
","2024","4","0.0000","3000.0000","-3000.0000","0"
"B622603-5","1102","CUENTAS POR COBRAR","110204002","OTROS INGRESOS POR COBRAR","2024","4","18442.2900","13632.1600","4810.1300","0"
"B622603-5","1103","IMPUESTOS POR COBRAR","110301003","IVA RETENCION","2024","4","54.5900","0.0000","54.5900","0"
"B622603-5","1202","GASTOS DIFERIDOS","120202001","ANTICIPOS DE GASTOS","2024","4","0.0000","5853.2300","-5853.2300","0"
"B622603-5","2101","CUENTAS POR PAGAR","210102004","IVA DEBITO","2024","4","0.0000","1981.8000","1981.8000","0"
"B622603-5","2101","CUENTAS POR PAGAR","210104002","OTROS INGRESOS ANTICIPADOS","2024","4","0.0000","231086.9900","231086.9900","0"
"B622603-5","1101","CAJA Y BANCOS","110101001","CAJA CHICA","2024","4","0.0000","1250.0000","-1250.0000","0"
"B622603-5","1101","CAJA Y BANCOS","110101002","TRASLADO DE FONDOS","2024","4","550000.0000","0.0000","550000.0000","0"
"B622603-5","1101","CAJA Y BANCOS","110102001","BAC 701111600 MONETARIA","2024","4","0.0000","519054.5100","-519054.5100","0"
"B622603-5","1101","CAJA Y BANCOS","110102002","BANRURAL 3033034955 MONETARIA","2024","4","0.0000","702935.0100","-702935.0100","0"
"B622603-5","1101","CAJA Y BANCOS","110102003","BANCO INDUSTRIAL 0000269530 MONETARIA","2024","4","0.0000","14722.8500","-14722.8500","0"
"B622603-5","1102","CUENTAS POR COBRAR","110204003","OTRAS CUENTAS POR COBRAR","2024","4","35000.0000","930.0000","34070.0000","0"
"B622603-5","1201","ACTIVOS FIJOS","120101003","HARDWARE","2024","4","15646.2800","0.0000","15646.2800","0"
"B622603-5","1202","GASTOS DIFERIDOS","120201001","VIATICOS INGENIEROS AGRONOMOS","2024","4","0.0000","5000.0000","-5000.0000","0"
"B622603-5","1202","GASTOS DIFERIDOS","120201002","ACCESORIOS Y/O REPUESTOS ASPERSORAS","2024","4","2500.0000","4697.0000","-2197.0000","0"
"B622603-5","1202","GASTOS DIFERIDOS","120201003","INSUMOS ESTABLECIMIENTOS DE HUERTOS","2024","4","5400.0000","0.0000","5400.0000","0"
"B622603-5","1202","GASTOS DIFERIDOS","120202001","ANTICIPOS DE GASTOS","2024","4","24328.4000","0.0000","24328.4000","0"
"B622603-5","2101","CUENTAS POR PAGAR","210101002","GASTOS ADMINISTRATIVOS POR PAGAR","2024","4","26415.8200","0.0000","-26415.8200","0"
"B622603-5","2101","CUENTAS POR PAGAR","210101003","GASTOS OPERATIVOS POR PAGAR","2024","4","63993.9700","0.0000","-63993.9700","0"
"B622603-5","2101","CUENTAS POR PAGAR","210102001","CUOTA LABORAL IGSS","2024","4","7392.4200","7103.2000","-289.2200","0"
"B622603-5","2101","CUENTAS POR PAGAR","210102002","CUOTA PATRONAL IGSS","2024","4","17861.1700","0.0000","-17861.1700","0"
"B622603-5","2101","CUENTAS POR PAGAR","210102004","IVA DEBITO","2024","4","1946.0000","0.0000","-1946.0000","0"
"B622603-5","2101","CUENTAS POR PAGAR","210102005","IVA DEBITO FACTURA ESPECIAL","2024","4","530.5300","0.0000","-530.5300","0"
"B622603-5","2101","CUENTAS POR PAGAR","210102006","RETENCIONES ISR EMPLEADOS","2024","4","5953.8400","5781.1300","-172.7100","0"
"B622603-5","2101","CUENTAS POR PAGAR","210102007","RETENCIONES ISR TERCEROS","2024","4","4487.8400","4167.2000","-320.6400","0"
"B622603-5","2101","CUENTAS POR PAGAR","210101002","GASTOS ADMINISTRATIVOS POR PAGAR","2024","5","0.0000","2587.0000","2587.0000","0"
"B622603-5","1202","GASTOS DIFERIDOS","120202001","ANTICIPOS DE GASTOS","2024","5","0.0000","1993.9900","-1993.9900","0"
"B622603-5","2101","CUENTAS POR PAGAR","210101002","GASTOS ADMINISTRATIVOS POR PAGAR","2024","5","0.0000","10658.5200","10658.5200","0"
"B622603-5","2101","CUENTAS POR PAGAR","210101003","GASTOS OPERATIVOS POR PAGAR","2024","5","0.0000","250.0000","250.0000","0"
"B622603-5","2101","CUENTAS POR PAGAR","210101003","GASTOS OPERATIVOS POR PAGAR","2024","5","0.0000","320.0000","320.0000","0"
"B622603-5","2101","CUENTAS POR PAGAR","210101003","GASTOS OPERATIVOS POR PAGAR","2024","5","0.0000","320.0000","320.0000","0"
"B622603-5","1202","GASTOS DIFERIDOS","120202001","ANTICIPOS DE GASTOS","2024","5","0.0000","4200.0000","-4200.0000","0"
"B622603-5","2101","CUENTAS POR PAGAR","210102005","IVA DEBITO FACTURA ESPECIAL","2024","5","0.0000","530.5300","530.5300","0"
"B622603-5","2101","CUENTAS POR PAGAR","210102007","RETENCIONES ISR TERCEROS","2024","5","0.0000","221.0500","221.0500","0"
"B622603-5","2101","CUENTAS POR PAGAR","210102002","CUOTA PATRONAL IGSS","2024","5","0.0000","17162.3800","17162.3800","0"
"B622603-5","2101","CUENTAS POR PAGAR","210103001","PROVISION INDEMNIZACION","2024","5","0.0000","21199.1000","21199.1000","0"
"B622603-5","2101","CUENTAS POR PAGAR","210103002","PROVISION AGUINALDO","2024","5","0.0000","19320.6900","19320.6900","0"
"B622603-5","2101","CUENTAS POR PAGAR","210103003","PROVISION BONO 14","2024","5","0.0000","19320.6900","19320.6900","0"
"B622603-5","1104","INVENTARIO","110401001","SELLOS DE CALIDAD","2024","5","0.0000","1940.0000","-1940.0000","0"
"B622603-5","2101","CUENTAS POR PAGAR","210101003","GASTOS OPERATIVOS POR PAGAR","2024","5","0.0000","78775.7800","78775.7800","0"
"B622603-5","1202","GASTOS DIFERIDOS","120202001","ANTICIPOS DE GASTOS","2024","5","0.0000","3394.0000","-3394.0000","0"
"B622603-5","1202","GASTOS DIFERIDOS","120201003","INSUMOS ESTABLECIMIENTOS DE HUERTOS","2024","5","0.0000","5400.0000","-5400.0000","0"
"B622603-5","1202","GASTOS DIFERIDOS","120202001","ANTICIPOS DE GASTOS","2024","5","0.0000","3600.0000","-3600.0000","0"
"B622603-5","1202","GASTOS DIFERIDOS","120201002","ACCESORIOS Y/O REPUESTOS ASPERSORAS","2024","5","0.0000","2927.0000","-2927.0000","0"
"B622603-5","2101","CUENTAS POR PAGAR","210104002","OTROS INGRESOS ANTICIPADOS","2024","5","825.0000","0.0000","-825.0000","0"
"B622603-5","2101","CUENTAS POR PAGAR","210104002","OTROS INGRESOS ANTICIPADOS","2024","5","11080.0000","0.0000","-11080.0000","0"
"B622603-5","2101","CUENTAS POR PAGAR","210104002","OTROS INGRESOS ANTICIPADOS","2024","5","2200.0000","0.0000","-2200.0000","0"
"B622603-5","1102","CUENTAS POR COBRAR","110201033","B_ENLASA
","2024","5","5000.0000","0.0000","5000.0000","0"
"B622603-5","1102","CUENTAS POR COBRAR","110201033","B_ENLASA
","2024","5","5000.0000","0.0000","5000.0000","0"
"B622603-5","1202","GASTOS DIFERIDOS","120202001","ANTICIPOS DE GASTOS","2024","5","0.0000","1117.6000","-1117.6000","0"
"B622603-5","2101","CUENTAS POR PAGAR","210104002","OTROS INGRESOS ANTICIPADOS","2024","5","1117.6000","0.0000","-1117.6000","0"
"B622603-5","1202","GASTOS DIFERIDOS","120202001","ANTICIPOS DE GASTOS","2024","5","0.0000","1540.0000","-1540.0000","0"
"B622603-5","","","210105001","","2024","5","0.0000","38395.0100","38395.0100","0"
"B622603-5","3101","PATRIMONIO AGREQUIMA","310101001","PATRIMONIO ACTIVOS FIJOS","2024","5","0.0000","12149.9300","12149.9300","0"
"B622603-5","3201","RESULTADOS AGREQUIMA","320101093","RESULTADO DEL EJERCICIO 2024","2024","5","50544.9400","0.0000","-50544.9400","0"
"B622603-5","1101","CAJA Y BANCOS","110101002","TRASLADO DE FONDOS","2024","5","0.0000","550000.0000","-550000.0000","0"
"B622603-5","1101","CAJA Y BANCOS","110102001","BAC 701111600 MONETARIA","2024","5","612264.1300","0.0000","612264.1300","0"
"B622603-5","1101","CAJA Y BANCOS","110102002","BANRURAL 3033034955 MONETARIA","2024","5","779232.5800","0.0000","779232.5800","0"
"B622603-5","1101","CAJA Y BANCOS","110102003","BANCO INDUSTRIAL 0000269530 MONETARIA","2024","5","21.3900","0.0000","21.3900","0"
"B622603-5","1102","CUENTAS POR COBRAR","110201002","A_ARYSTA
","2024","5","0.0000","7000.0000","-7000.0000","0"
"B622603-5","1102","CUENTAS POR COBRAR","110201009","A_YARA
","2024","5","0.0000","35000.0000","-35000.0000","0"
"B622603-5","1102","CUENTAS POR COBRAR","110201019","C_AGRIAVANCES
","2024","5","0.0000","4000.0000","-4000.0000","0"
"B622603-5","1102","CUENTAS POR COBRAR","110201033","B_ENLASA
","2024","5","0.0000","10000.0000","-10000.0000","0"
"B622603-5","1102","CUENTAS POR COBRAR","110201034","C_SEDIAGRO
","2024","5","0.0000","12000.0000","-12000.0000","0"
"B622603-5","1102","CUENTAS POR COBRAR","110201039","C_GRUPO FERT (CADELGA)
","2024","5","0.0000","3000.0000","-3000.0000","0"
"B622603-5","1102","CUENTAS POR COBRAR","110204002","OTROS INGRESOS POR COBRAR","2024","5","43501.0900","32499.3800","11001.7100","0"
"B622603-5","1103","IMPUESTOS POR COBRAR","110301003","IVA RETENCION","2024","5","421.5900","0.0000","421.5900","0"
"B622603-5","1202","GASTOS DIFERIDOS","120202001","ANTICIPOS DE GASTOS","2024","5","0.0000","10946.8200","-10946.8200","0"
"B622603-5","2101","CUENTAS POR PAGAR","210102004","IVA DEBITO","2024","5","0.0000","4895.4400","4895.4400","0"
"B622603-5","2101","CUENTAS POR PAGAR","210104002","OTROS INGRESOS ANTICIPADOS","2024","5","1768.0000","16030.0000","14262.0000","0"
"B622603-5","1101","CAJA Y BANCOS","110101002","TRASLADO DE FONDOS","2024","5","650000.0000","0.0000","650000.0000","0"
"B622603-5","1101","CAJA Y BANCOS","110102001","BAC 701111600 MONETARIA","2024","5","0.0000","487728.3300","-487728.3300","0"
"B622603-5","1101","CAJA Y BANCOS","110102002","BANRURAL 3033034955 MONETARIA","2024","5","0.0000","884964.4100","-884964.4100","0"
"B622603-5","1101","CAJA Y BANCOS","110102003","BANCO INDUSTRIAL 0000269530 MONETARIA","2024","5","0.0000","47457.5600","-47457.5600","0"
"B622603-5","1102","CUENTAS POR COBRAR","110204003","OTRAS CUENTAS POR COBRAR","2024","5","1091.3400","3021.3400","-1930.0000","0"
"B622603-5","1201","ACTIVOS FIJOS","120101003","HARDWARE","2024","5","6222.0000","0.0000","6222.0000","0"
"B622603-5","1201","ACTIVOS FIJOS","120101007","MAQUINARIA","2024","5","5927.9300","0.0000","5927.9300","0"
"B622603-5","1202","GASTOS DIFERIDOS","120201002","ACCESORIOS Y/O REPUESTOS ASPERSORAS","2024","5","3000.0000","0.0000","3000.0000","0"
"B622603-5","1202","GASTOS DIFERIDOS","120201003","INSUMOS ESTABLECIMIENTOS DE HUERTOS","2024","5","1460.0000","0.0000","1460.0000","0"
"B622603-5","1202","GASTOS DIFERIDOS","120202001","ANTICIPOS DE GASTOS","2024","5","28263.6300","0.0000","28263.6300","0"
"B622603-5","2101","CUENTAS POR PAGAR","210101002","GASTOS ADMINISTRATIVOS POR PAGAR","2024","5","36117.9900","243.0600","-35874.9300","0"
"B622603-5","2101","CUENTAS POR PAGAR","210101003","GASTOS OPERATIVOS POR PAGAR","2024","5","81222.7700","0.0000","-81222.7700","0"
"B622603-5","2101","CUENTAS POR PAGAR","210102001","CUOTA LABORAL IGSS","2024","5","7103.2100","7103.2600","0.0500","0"
"B622603-5","2101","CUENTAS POR PAGAR","210102002","CUOTA PATRONAL IGSS","2024","5","17162.3800","0.0000","-17162.3800","0"
"B622603-5","2101","CUENTAS POR PAGAR","210102004","IVA DEBITO","2024","5","1927.0000","0.0000","-1927.0000","0"
"B622603-5","2101","CUENTAS POR PAGAR","210102005","IVA DEBITO FACTURA ESPECIAL","2024","5","530.5300","0.0000","-530.5300","0"
"B622603-5","2101","CUENTAS POR PAGAR","210102006","RETENCIONES ISR EMPLEADOS","2024","5","5974.5500","6004.6800","30.1300","0"
"B622603-5","2101","CUENTAS POR PAGAR","210102007","RETENCIONES ISR TERCEROS","2024","5","4388.2500","5989.8700","1601.6200","0"
"B622603-5","2101","CUENTAS POR PAGAR","210103002","PROVISION AGUINALDO","2024","5","18496.8000","0.0000","-18496.8000","0"
"B622603-5","2101","CUENTAS POR PAGAR","210103003","PROVISION BONO 14","2024","5","40887.6600","0.0000","-40887.6600","0"
"B622603-5","2101","CUENTAS POR PAGAR","210104002","OTROS INGRESOS ANTICIPADOS","2024","5","3000.0000","0.0000","-3000.0000","0"
"B622603-5","1202","GASTOS DIFERIDOS","120202001","ANTICIPOS DE GASTOS","2024","6","0.0000","2890.0000","-2890.0000","0"
"B622603-5","1202","GASTOS DIFERIDOS","120202001","ANTICIPOS DE GASTOS","2024","6","0.0000","240.0000","-240.0000","0"
"B622603-5","2101","CUENTAS POR PAGAR","210101002","GASTOS ADMINISTRATIVOS POR PAGAR","2024","6","0.0000","2587.0000","2587.0000","0"
"B622603-5","1202","GASTOS DIFERIDOS","120202001","ANTICIPOS DE GASTOS","2024","6","0.0000","1993.9900","-1993.9900","0"
"B622603-5","1202","GASTOS DIFERIDOS","120202001","ANTICIPOS DE GASTOS","2024","6","0.0000","500.0000","-500.0000","0"
"B622603-5","1202","GASTOS DIFERIDOS","120202001","ANTICIPOS DE GASTOS","2024","6","0.0000","290.0000","-290.0000","0"
"B622603-5","2101","CUENTAS POR PAGAR","210104002","OTROS INGRESOS ANTICIPADOS","2024","6","1000.0000","0.0000","-1000.0000","0"
"B622603-5","2101","CUENTAS POR PAGAR","210104002","OTROS INGRESOS ANTICIPADOS","2024","6","225.0000","0.0000","-225.0000","0"
"B622603-5","2101","CUENTAS POR PAGAR","210104002","OTROS INGRESOS ANTICIPADOS","2024","6","4270.0000","0.0000","-4270.0000","0"
"B622603-5","1102","CUENTAS POR COBRAR","110204002","OTROS INGRESOS POR COBRAR","2024","6","400.0000","0.0000","400.0000","0"
"B622603-5","1102","CUENTAS POR COBRAR","110204002","OTROS INGRESOS POR COBRAR","2024","6","625.0000","0.0000","625.0000","0"
"B622603-5","1202","GASTOS DIFERIDOS","120202001","ANTICIPOS DE GASTOS","2024","6","0.0000","4200.0000","-4200.0000","0"
"B622603-5","2101","CUENTAS POR PAGAR","210102005","IVA DEBITO FACTURA ESPECIAL","2024","6","0.0000","530.5300","530.5300","0"
"B622603-5","2101","CUENTAS POR PAGAR","210102007","RETENCIONES ISR TERCEROS","2024","6","0.0000","221.0500","221.0500","0"
"B622603-5","1103","IMPUESTOS POR COBRAR","110301003","IVA RETENCION","2024","6","0.0000","421.5900","-421.5900","0"
"B622603-5","2101","CUENTAS POR PAGAR","210102004","IVA DEBITO","2024","6","421.5900","0.0000","-421.5900","0"
"B622603-5","2101","CUENTAS POR PAGAR","210102002","CUOTA PATRONAL IGSS","2024","6","0.0000","15434.9100","15434.9100","0"
"B622603-5","2101","CUENTAS POR PAGAR","210103001","PROVISION INDEMNIZACION","2024","6","0.0000","17845.3700","17845.3700","0"
"B622603-5","2101","CUENTAS POR PAGAR","210103002","PROVISION AGUINALDO","2024","6","0.0000","16116.1500","16116.1500","0"
"B622603-5","2101","CUENTAS POR PAGAR","210103003","PROVISION BONO 14","2024","6","0.0000","15937.0300","15937.0300","0"
"B622603-5","2101","CUENTAS POR PAGAR","210101003","GASTOS OPERATIVOS POR PAGAR","2024","6","0.0000","250.0000","250.0000","0"
"B622603-5","2101","CUENTAS POR PAGAR","210101003","GASTOS OPERATIVOS POR PAGAR","2024","6","0.0000","320.0000","320.0000","0"
"B622603-5","2101","CUENTAS POR PAGAR","210101003","GASTOS OPERATIVOS POR PAGAR","2024","6","0.0000","320.0000","320.0000","0"
"B622603-5","2101","CUENTAS POR PAGAR","210101002","GASTOS ADMINISTRATIVOS POR PAGAR","2024","6","0.0000","560.0000","560.0000","0"
"B622603-5","2101","CUENTAS POR PAGAR","210101002","GASTOS ADMINISTRATIVOS POR PAGAR","2024","6","0.0000","750.0000","750.0000","0"
"B622603-5","2101","CUENTAS POR PAGAR","210101003","GASTOS OPERATIVOS POR PAGAR","2024","6","0.0000","65133.7700","65133.7700","0"
"B622603-5","2101","CUENTAS POR PAGAR","210101003","GASTOS OPERATIVOS POR PAGAR","2024","6","0.0000","1283.1000","1283.1000","0"
"B622603-5","1202","GASTOS DIFERIDOS","120202001","ANTICIPOS DE GASTOS","2024","6","0.0000","10000.0000","-10000.0000","0"
"B622603-5","2101","CUENTAS POR PAGAR","210101003","GASTOS OPERATIVOS POR PAGAR","2024","6","0.0000","4591.7100","4591.7100","0"
"B622603-5","2101","CUENTAS POR PAGAR","210101003","GASTOS OPERATIVOS POR PAGAR","2024","6","0.0000","5879.0900","5879.0900","0"
"B622603-5","","","210105001","","2024","6","0.0000","39536.6800","39536.6800","0"
"B622603-5","3201","RESULTADOS AGREQUIMA","320101093","RESULTADO DEL EJERCICIO 2024","2024","6","39536.6800","0.0000","-39536.6800","0"
"B622603-5","1101","CAJA Y BANCOS","110101002","TRASLADO DE FONDOS","2024","6","0.0000","100000.0000","-100000.0000","0"
"B622603-5","1101","CAJA Y BANCOS","110102001","BAC 701111600 MONETARIA","2024","6","156153.4300","0.0000","156153.4300","0"
"B622603-5","1101","CAJA Y BANCOS","110102002","BANRURAL 3033034955 MONETARIA","2024","6","762146.4400","0.0000","762146.4400","0"
"B622603-5","1102","CUENTAS POR COBRAR","110201023","C_INCISA
","2024","6","0.0000","3000.0000","-3000.0000","0"
"B622603-5","1102","CUENTAS POR COBRAR","110201024","C_INSUMOS MODERNOS
","2024","6","0.0000","12000.0000","-12000.0000","0"
"B622603-5","1102","CUENTAS POR COBRAR","110201027","C_SUPERSEED
","2024","6","0.0000","12000.0000","-12000.0000","0"
"B622603-5","1102","CUENTAS POR COBRAR","110201032","B_EL COLONO
","2024","6","0.0000","10000.0000","-10000.0000","0"
"B622603-5","1102","CUENTAS POR COBRAR","110201040","C_AGROINDUSTRIAS SUCCESSO, S.A.
","2024","6","0.0000","12000.0000","-12000.0000","0"
"B622603-5","1102","CUENTAS POR COBRAR","110204002","OTROS INGRESOS POR COBRAR","2024","6","28049.7100","22522.2300","5527.4800","0"
"B622603-5","1202","GASTOS DIFERIDOS","120202001","ANTICIPOS DE GASTOS","2024","6","0.0000","17136.8200","-17136.8200","0"
"B622603-5","2101","CUENTAS POR PAGAR","210102004","IVA DEBITO","2024","6","0.0000","3005.3300","3005.3300","0"
"B622603-5","2101","CUENTAS POR PAGAR","210102007","RETENCIONES ISR TERCEROS","2024","6","0.0000","400.0000","400.0000","0"
"B622603-5","2101","CUENTAS POR PAGAR","210104002","OTROS INGRESOS ANTICIPADOS","2024","6","0.0000","17411.0000","17411.0000","0"
"B622603-5","1101","CAJA Y BANCOS","110102001","BAC 701111600 MONETARIA","2024","6","0.0000","274755.8300","-274755.8300","0"
"B622603-5","1101","CAJA Y BANCOS","110102002","BANRURAL 3033034955 MONETARIA","2024","6","0.0000","423251.1000","-423251.1000","0"
"B622603-5","1101","CAJA Y BANCOS","110102003","BANCO INDUSTRIAL 0000269530 MONETARIA","2024","6","0.0000","157.5200","-157.5200","0"
"B622603-5","1102","CUENTAS POR COBRAR","110204003","OTRAS CUENTAS POR COBRAR","2024","6","11091.3400","3021.3400","8070.0000","0"
"B622603-5","1202","GASTOS DIFERIDOS","120202001","ANTICIPOS DE GASTOS","2024","6","41556.5000","700.0000","40856.5000","0"
"B622603-5","2101","CUENTAS POR PAGAR","210101002","GASTOS ADMINISTRATIVOS POR PAGAR","2024","6","4827.0000","2355.7500","-2471.2500","0"
"B622603-5","2101","CUENTAS POR PAGAR","210101003","GASTOS OPERATIVOS POR PAGAR","2024","6","78933.3000","0.0000","-78933.3000","0"
"B622603-5","2101","CUENTAS POR PAGAR","210102001","CUOTA LABORAL IGSS","2024","6","7103.2100","6388.2300","-714.9800","0"
"B622603-5","2101","CUENTAS POR PAGAR","210102002","CUOTA PATRONAL IGSS","2024","6","17162.3800","0.0000","-17162.3800","0"
"B622603-5","2101","CUENTAS POR PAGAR","210102004","IVA DEBITO","2024","6","4473.0000","0.0000","-4473.0000","0"
"B622603-5","2101","CUENTAS POR PAGAR","210102005","IVA DEBITO FACTURA ESPECIAL","2024","6","530.5300","0.0000","-530.5300","0"
"B622603-5","2101","CUENTAS POR PAGAR","210102006","RETENCIONES ISR EMPLEADOS","2024","6","8989.5000","4386.8300","-4602.6700","0"
"B622603-5","2101","CUENTAS POR PAGAR","210102007","RETENCIONES ISR TERCEROS","2024","6","6210.9200","4844.9000","-1366.0200","0"
"B622603-5","2101","CUENTAS POR PAGAR","210104002","OTROS INGRESOS ANTICIPADOS","2024","6","3000.0000","0.0000","-3000.0000","0"
"B622603-5","2101","CUENTAS POR PAGAR","210101002","GASTOS ADMINISTRATIVOS POR PAGAR","2024","7","0.0000","2587.0000","2587.0000","0"
"B622603-5","1202","GASTOS DIFERIDOS","120202001","ANTICIPOS DE GASTOS","2024","7","0.0000","1993.9900","-1993.9900","0"
"B622603-5","2101","CUENTAS POR PAGAR","210103001","PROVISION INDEMNIZACION","2024","7","0.0000","20288.4600","20288.4600","0"
"B622603-5","2101","CUENTAS POR PAGAR","210103002","PROVISION AGUINALDO","2024","7","0.0000","18490.7400","18490.7400","0"
"B622603-5","2101","CUENTAS POR PAGAR","210103003","PROVISION BONO 14","2024","7","0.0000","18065.5400","18065.5400","0"
"B622603-5","2101","CUENTAS POR PAGAR","210102002","CUOTA PATRONAL IGSS","2024","7","0.0000","16592.1900","16592.1900","0"
"B622603-5","2101","CUENTAS POR PAGAR","210101003","GASTOS OPERATIVOS POR PAGAR","2024","7","0.0000","250.0000","250.0000","0"
"B622603-5","2101","CUENTAS POR PAGAR","210101003","GASTOS OPERATIVOS POR PAGAR","2024","7","0.0000","320.0000","320.0000","0"
"B622603-5","2101","CUENTAS POR PAGAR","210101003","GASTOS OPERATIVOS POR PAGAR","2024","7","0.0000","320.0000","320.0000","0"
"B622603-5","2101","CUENTAS POR PAGAR","210104002","OTROS INGRESOS ANTICIPADOS","2024","7","450.0000","0.0000","-450.0000","0"
"B622603-5","1102","CUENTAS POR COBRAR","110204002","OTROS INGRESOS POR COBRAR","2024","7","1100.0000","0.0000","1100.0000","0"
"B622603-5","2101","CUENTAS POR PAGAR","210104002","OTROS INGRESOS ANTICIPADOS","2024","7","6670.0000","0.0000","-6670.0000","0"
"B622603-5","1104","INVENTARIO","110401001","SELLOS DE CALIDAD","2024","7","0.0000","2159.9400","-2159.9400","0"
"B622603-5","1103","IMPUESTOS POR COBRAR","110301002","IVA CREDITO","2024","7","0.0000","1791.6000","-1791.6000","0"
"B622603-5","2101","CUENTAS POR PAGAR","210102004","IVA DEBITO","2024","7","1791.6000","0.0000","-1791.6000","0"
"B622603-5","1202","GASTOS DIFERIDOS","120202001","ANTICIPOS DE GASTOS","2024","7","0.0000","8400.0000","-8400.0000","0"
"B622603-5","2101","CUENTAS POR PAGAR","210102005","IVA DEBITO FACTURA ESPECIAL","2024","7","0.0000","1061.0500","1061.0500","0"
"B622603-5","2101","CUENTAS POR PAGAR","210102007","RETENCIONES ISR TERCEROS","2024","7","0.0000","442.1100","442.1100","0"
"B622603-5","2101","CUENTAS POR PAGAR","210101002","GASTOS ADMINISTRATIVOS POR PAGAR","2024","7","347.0000","0.0000","-347.0000","0"
"B622603-5","2101","CUENTAS POR PAGAR","210101003","GASTOS OPERATIVOS POR PAGAR","2024","7","0.0000","69256.3000","69256.3000","0"
"B622603-5","1202","GASTOS DIFERIDOS","120201003","INSUMOS ESTABLECIMIENTOS DE HUERTOS","2024","7","0.0000","1440.0000","-1440.0000","0"
"B622603-5","2101","CUENTAS POR PAGAR","210101002","GASTOS ADMINISTRATIVOS POR PAGAR","2024","7","0.0000","390.0000","390.0000","0"
"B622603-5","2101","CUENTAS POR PAGAR","210101002","GASTOS ADMINISTRATIVOS POR PAGAR","2024","7","0.0000","4020.0000","4020.0000","0"
"B622603-5","2101","CUENTAS POR PAGAR","210101002","GASTOS ADMINISTRATIVOS POR PAGAR","2024","7","0.0000","1644.0000","1644.0000","0"
"B622603-5","2101","CUENTAS POR PAGAR","210101002","GASTOS ADMINISTRATIVOS POR PAGAR","2024","7","0.0000","160.8000","160.8000","0"
"B622603-5","2101","CUENTAS POR PAGAR","210101002","GASTOS ADMINISTRATIVOS POR PAGAR","2024","7","0.0000","900.0000","900.0000","0"
"B622603-5","2101","CUENTAS POR PAGAR","210101002","GASTOS ADMINISTRATIVOS POR PAGAR","2024","7","0.0000","4054.4000","4054.4000","0"
"B622603-5","2101","CUENTAS POR PAGAR","210101002","GASTOS ADMINISTRATIVOS POR PAGAR","2024","7","0.0000","7544.9300","7544.9300","0"
"B622603-5","2101","CUENTAS POR PAGAR","210102007","RETENCIONES ISR TERCEROS","2024","7","0.0000","352.5700","352.5700","0"
"B622603-5","1102","CUENTAS POR COBRAR","110204002","OTROS INGRESOS POR COBRAR","2024","7","0.0000","10000.0000","-10000.0000","0"
"B622603-5","2101","CUENTAS POR PAGAR","210104002","OTROS INGRESOS ANTICIPADOS","2024","7","10000.0000","0.0000","-10000.0000","0"
"B622603-5","","","210105001","","2024","7","229161.2600","0.0000","-229161.2600","0"
"B622603-5","3101","PATRIMONIO AGREQUIMA","310101001","PATRIMONIO ACTIVOS FIJOS","2024","7","0.0000","840.7600","840.7600","0"
"B622603-5","3201","RESULTADOS AGREQUIMA","320101093","RESULTADO DEL EJERCICIO 2024","2024","7","0.0000","228320.5000","228320.5000","0"
"B622603-5","1101","CAJA Y BANCOS","110101002","TRASLADO DE FONDOS","2024","7","0.0000","700000.0000","-700000.0000","0"
"B622603-5","1101","CAJA Y BANCOS","110102001","BAC 701111600 MONETARIA","2024","7","701793.7500","0.0000","701793.7500","0"
"B622603-5","1101","CAJA Y BANCOS","110102002","BANRURAL 3033034955 MONETARIA","2024","7","614911.4800","0.0000","614911.4800","0"
"B622603-5","1102","CUENTAS POR COBRAR","110204002","OTROS INGRESOS POR COBRAR","2024","7","16595.8800","13951.0800","2644.8000","0"
"B622603-5","1103","IMPUESTOS POR COBRAR","110301003","IVA RETENCION","2024","7","115.2000","0.0000","115.2000","0"
"B622603-5","1202","GASTOS DIFERIDOS","120202001","ANTICIPOS DE GASTOS","2024","7","0.0000","15379.3300","-15379.3300","0"
"B622603-5","2101","CUENTAS POR PAGAR","210102004","IVA DEBITO","2024","7","0.0000","1790.4700","1790.4700","0"
"B622603-5","2101","CUENTAS POR PAGAR","210104002","OTROS INGRESOS ANTICIPADOS","2024","7","0.0000","8334.4900","8334.4900","0"
"B622603-5","1101","CAJA Y BANCOS","110101002","TRASLADO DE FONDOS","2024","7","700000.0000","0.0000","700000.0000","0"
"B622603-5","1101","CAJA Y BANCOS","110102001","BAC 701111600 MONETARIA","2024","7","0.0000","644530.2300","-644530.2300","0"
"B622603-5","1101","CAJA Y BANCOS","110102002","BANRURAL 3033034955 MONETARIA","2024","7","0.0000","993301.4600","-993301.4600","0"
"B622603-5","1102","CUENTAS POR COBRAR","110204003","OTRAS CUENTAS POR COBRAR","2024","7","1091.3400","5667.3400","-4576.0000","0"
"B622603-5","1103","IMPUESTOS POR COBRAR","110301002","IVA CREDITO","2024","7","2442.8500","0.0000","2442.8500","0"
"B622603-5","1201","ACTIVOS FIJOS","120101003","HARDWARE","2024","7","840.7600","0.0000","840.7600","0"
"B622603-5","1202","GASTOS DIFERIDOS","120202001","ANTICIPOS DE GASTOS","2024","7","28550.2900","0.0000","28550.2900","0"
"B622603-5","2101","CUENTAS POR PAGAR","210101002","GASTOS ADMINISTRATIVOS POR PAGAR","2024","7","4012.7500","466.4100","-3546.3400","0"
"B622603-5","2101","CUENTAS POR PAGAR","210101003","GASTOS OPERATIVOS POR PAGAR","2024","7","71008.5800","0.0000","-71008.5800","0"
"B622603-5","2101","CUENTAS POR PAGAR","210102001","CUOTA LABORAL IGSS","2024","7","6388.2400","6867.2000","478.9600","0"
"B622603-5","2101","CUENTAS POR PAGAR","210102002","CUOTA PATRONAL IGSS","2024","7","15434.9100","0.0000","-15434.9100","0"
"B622603-5","2101","CUENTAS POR PAGAR","210102004","IVA DEBITO","2024","7","3005.0000","0.0000","-3005.0000","0"
"B622603-5","2101","CUENTAS POR PAGAR","210102005","IVA DEBITO FACTURA ESPECIAL","2024","7","530.5300","0.0000","-530.5300","0"
"B622603-5","2101","CUENTAS POR PAGAR","210102006","RETENCIONES ISR EMPLEADOS","2024","7","4386.8500","5047.3200","660.4700","0"
"B622603-5","2101","CUENTAS POR PAGAR","210102007","RETENCIONES ISR TERCEROS","2024","7","5522.0700","7177.3400","1655.2700","0"
"B622603-5","2101","CUENTAS POR PAGAR","210103003","PROVISION BONO 14","2024","7","169728.7100","0.0000","-169728.7100","0"
"B622603-5","2101","CUENTAS POR PAGAR","210101002","GASTOS ADMINISTRATIVOS POR PAGAR","2024","8","0.0000","2587.0000","2587.0000","0"
"B622603-5","1202","GASTOS DIFERIDOS","120202001","ANTICIPOS DE GASTOS","2024","8","0.0000","1993.9900","-1993.9900","0"
"B622603-5","2101","CUENTAS POR PAGAR","210101003","GASTOS OPERATIVOS POR PAGAR","2024","8","0.0000","250.0000","250.0000","0"
"B622603-5","2101","CUENTAS POR PAGAR","210101003","GASTOS OPERATIVOS POR PAGAR","2024","8","0.0000","320.0000","320.0000","0"
"B622603-5","2101","CUENTAS POR PAGAR","210101003","GASTOS OPERATIVOS POR PAGAR","2024","8","0.0000","320.0000","320.0000","0"
"B622603-5","2101","CUENTAS POR PAGAR","210101003","GASTOS OPERATIVOS POR PAGAR","2024","8","0.0000","105137.2700","105137.2700","0"
"B622603-5","1202","GASTOS DIFERIDOS","120202001","ANTICIPOS DE GASTOS","2024","8","0.0000","4108.5600","-4108.5600","0"
"B622603-5","1202","GASTOS DIFERIDOS","120202001","ANTICIPOS DE GASTOS","2024","8","0.0000","4060.0000","-4060.0000","0"
"B622603-5","1202","GASTOS DIFERIDOS","120202001","ANTICIPOS DE GASTOS","2024","8","0.0000","1294.9000","-1294.9000","0"
"B622603-5","1201","ACTIVOS FIJOS","120101007","MAQUINARIA","2024","8","1621.3100","0.0000","1621.3100","0"
"B622603-5","2101","CUENTAS POR PAGAR","210101002","GASTOS ADMINISTRATIVOS POR PAGAR","2024","8","0.0000","1621.3100","1621.3100","0"
"B622603-5","2101","CUENTAS POR PAGAR","210101002","GASTOS ADMINISTRATIVOS POR PAGAR","2024","8","0.0000","80.4000","80.4000","0"
"B622603-5","2101","CUENTAS POR PAGAR","210103001","PROVISION INDEMNIZACION","2024","8","0.0000","124022.6600","124022.6600","0"
"B622603-5","2101","CUENTAS POR PAGAR","210104002","OTROS INGRESOS ANTICIPADOS","2024","8","375.0000","0.0000","-375.0000","0"
"B622603-5","2101","CUENTAS POR PAGAR","210104002","OTROS INGRESOS ANTICIPADOS","2024","8","11020.0000","0.0000","-11020.0000","0"
"B622603-5","2101","CUENTAS POR PAGAR","210104002","OTROS INGRESOS ANTICIPADOS","2024","8","2000.0000","0.0000","-2000.0000","0"
"B622603-5","1102","CUENTAS POR COBRAR","110204002","OTROS INGRESOS POR COBRAR","2024","8","100000.0000","0.0000","100000.0000","0"
"B622603-5","1202","GASTOS DIFERIDOS","120202001","ANTICIPOS DE GASTOS","2024","8","0.0000","4200.0000","-4200.0000","0"
"B622603-5","2101","CUENTAS POR PAGAR","210102005","IVA DEBITO FACTURA ESPECIAL","2024","8","0.0000","530.5300","530.5300","0"
"B622603-5","2101","CUENTAS POR PAGAR","210102007","RETENCIONES ISR TERCEROS","2024","8","0.0000","221.0500","221.0500","0"
"B622603-5","2101","CUENTAS POR PAGAR","210103002","PROVISION AGUINALDO","2024","8","0.0000","23476.3500","23476.3500","0"
"B622603-5","2101","CUENTAS POR PAGAR","210103003","PROVISION BONO 14","2024","8","0.0000","19757.5800","19757.5800","0"
"B622603-5","2101","CUENTAS POR PAGAR","210102002","CUOTA PATRONAL IGSS","2024","8","0.0000","17070.8800","17070.8800","0"
"B622603-5","1104","INVENTARIO","110401001","SELLOS DE CALIDAD","2024","8","0.0000","2788.5000","-2788.5000","0"
"B622603-5","1103","IMPUESTOS POR COBRAR","110301002","IVA CREDITO","2024","8","0.0000","1500.7100","-1500.7100","0"
"B622603-5","2101","CUENTAS POR PAGAR","210102004","IVA DEBITO","2024","8","1500.7100","0.0000","-1500.7100","0"
"B622603-5","","","210105001","","2024","8","0.0000","147547.7500","147547.7500","0"
"B622603-5","3101","PATRIMONIO AGREQUIMA","310101001","PATRIMONIO ACTIVOS FIJOS","2024","8","0.0000","9006.3100","9006.3100","0"
"B622603-5","3201","RESULTADOS AGREQUIMA","320101093","RESULTADO DEL EJERCICIO 2024","2024","8","156554.0600","0.0000","-156554.0600","0"
"B622603-5","1101","CAJA Y BANCOS","110101002","TRASLADO DE FONDOS","2024","8","0.0000","650000.0000","-650000.0000","0"
"B622603-5","1101","CAJA Y BANCOS","110102001","BAC 701111600 MONETARIA","2024","8","685449.3700","0.0000","685449.3700","0"
"B622603-5","1101","CAJA Y BANCOS","110102002","BANRURAL 3033034955 MONETARIA","2024","8","838140.3800","0.0000","838140.3800","0"
"B622603-5","1101","CAJA Y BANCOS","110102003","BANCO INDUSTRIAL 0000269530 MONETARIA","2024","8","100000.0000","0.0000","100000.0000","0"
"B622603-5","1102","CUENTAS POR COBRAR","110201001","A_ADAMA
","2024","8","0.0000","35000.0000","-35000.0000","0"
"B622603-5","1102","CUENTAS POR COBRAR","110201003","A_BASF DE GUATEMALA
","2024","8","0.0000","35000.0000","-35000.0000","0"
"B622603-5","1102","CUENTAS POR COBRAR","110204002","OTROS INGRESOS POR COBRAR","2024","8","54692.6800","114918.6300","-60225.9500","0"
"B622603-5","1103","IMPUESTOS POR COBRAR","110301003","IVA RETENCION","2024","8","384.0000","0.0000","384.0000","0"
"B622603-5","1202","GASTOS DIFERIDOS","120202001","ANTICIPOS DE GASTOS","2024","8","0.0000","6983.7900","-6983.7900","0"
"B622603-5","2101","CUENTAS POR PAGAR","210102004","IVA DEBITO","2024","8","0.0000","5901.0700","5901.0700","0"
"B622603-5","2101","CUENTAS POR PAGAR","210104002","OTROS INGRESOS ANTICIPADOS","2024","8","0.0000","16084.0000","16084.0000","0"
"B622603-5","1101","CAJA Y BANCOS","110101002","TRASLADO DE FONDOS","2024","8","650000.0000","0.0000","650000.0000","0"
"B622603-5","1101","CAJA Y BANCOS","110102001","BAC 701111600 MONETARIA","2024","8","0.0000","518979.6100","-518979.6100","0"
"B622603-5","1101","CAJA Y BANCOS","110102002","BANRURAL 3033034955 MONETARIA","2024","8","0.0000","774026.2300","-774026.2300","0"
"B622603-5","1102","CUENTAS POR COBRAR","110204003","OTRAS CUENTAS POR COBRAR","2024","8","1091.3400","3591.3400","-2500.0000","0"
"B622603-5","1103","IMPUESTOS POR COBRAR","110301002","IVA CREDITO","2024","8","849.4600","0.0000","849.4600","0"
"B622603-5","1104","INVENTARIO","110401001","SELLOS DE CALIDAD","2024","8","7078.7900","0.0000","7078.7900","0"
"B622603-5","1201","ACTIVOS FIJOS","120101003","HARDWARE","2024","8","7385.0000","0.0000","7385.0000","0"
"B622603-5","1202","GASTOS DIFERIDOS","120202001","ANTICIPOS DE GASTOS","2024","8","64673.0900","4805.0000","59868.0900","0"
"B622603-5","2101","CUENTAS POR PAGAR","210101002","GASTOS ADMINISTRATIVOS POR PAGAR","2024","8","21420.5000","921.3500","-20499.1500","0"
"B622603-5","2101","CUENTAS POR PAGAR","210101003","GASTOS OPERATIVOS POR PAGAR","2024","8","69256.3000","0.0000","-69256.3000","0"
"B622603-5","2101","CUENTAS POR PAGAR","210102001","CUOTA LABORAL IGSS","2024","8","6867.2200","7065.3200","198.1000","0"
"B622603-5","2101","CUENTAS POR PAGAR","210102002","CUOTA PATRONAL IGSS","2024","8","16592.1800","0.0000","-16592.1800","0"
"B622603-5","2101","CUENTAS POR PAGAR","210102005","IVA DEBITO FACTURA ESPECIAL","2024","8","1061.0500","0.0000","-1061.0500","0"
"B622603-5","2101","CUENTAS POR PAGAR","210102006","RETENCIONES ISR EMPLEADOS","2024","8","5047.3600","5410.3200","362.9600","0"
"B622603-5","2101","CUENTAS POR PAGAR","210102007","RETENCIONES ISR TERCEROS","2024","8","7515.9000","3439.2300","-4076.6700","0"
"B622603-5","1202","GASTOS DIFERIDOS","120202001","ANTICIPOS DE GASTOS","2024","9","0.0000","660.0000","-660.0000","0"
"B622603-5","1202","GASTOS DIFERIDOS","120202001","ANTICIPOS DE GASTOS","2024","9","0.0000","650.0000","-650.0000","0"
"B622603-5","1202","GASTOS DIFERIDOS","120202001","ANTICIPOS DE GASTOS","2024","9","0.0000","1660.0000","-1660.0000","0"
"B622603-5","1202","GASTOS DIFERIDOS","120202001","ANTICIPOS DE GASTOS","2024","9","0.0000","5110.0000","-5110.0000","0"
"B622603-5","1202","GASTOS DIFERIDOS","120202001","ANTICIPOS DE GASTOS","2024","9","0.0000","2275.0000","-2275.0000","0"
"B622603-5","1202","GASTOS DIFERIDOS","120202001","ANTICIPOS DE GASTOS","2024","9","0.0000","1993.9900","-1993.9900","0"
"B622603-5","2101","CUENTAS POR PAGAR","210101002","GASTOS ADMINISTRATIVOS POR PAGAR","2024","9","0.0000","2587.0000","2587.0000","0"
"B622603-5","1202","GASTOS DIFERIDOS","120202001","ANTICIPOS DE GASTOS","2024","9","0.0000","2379.5500","-2379.5500","0"
"B622603-5","2101","CUENTAS POR PAGAR","210103001","PROVISION INDEMNIZACION","2024","9","0.0000","20306.5700","20306.5700","0"
"B622603-5","2101","CUENTAS POR PAGAR","210103002","PROVISION AGUINALDO","2024","9","0.0000","18507.2500","18507.2500","0"
"B622603-5","2101","CUENTAS POR PAGAR","210103003","PROVISION BONO 14","2024","9","0.0000","18507.2500","18507.2500","0"
"B622603-5","2101","CUENTAS POR PAGAR","210102002","CUOTA PATRONAL IGSS","2024","9","0.0000","17070.8800","17070.8800","0"
"B622603-5","1202","GASTOS DIFERIDOS","120202001","ANTICIPOS DE GASTOS","2024","9","0.0000","4200.0000","-4200.0000","0"
"B622603-5","2101","CUENTAS POR PAGAR","210102005","IVA DEBITO FACTURA ESPECIAL","2024","9","0.0000","530.5300","530.5300","0"
"B622603-5","2101","CUENTAS POR PAGAR","210102007","RETENCIONES ISR TERCEROS","2024","9","0.0000","221.0500","221.0500","0"
"B622603-5","1202","GASTOS DIFERIDOS","120202001","ANTICIPOS DE GASTOS","2024","9","0.0000","1500.0000","-1500.0000","0"
"B622603-5","1104","INVENTARIO","110401001","SELLOS DE CALIDAD","2024","9","0.0000","2145.0000","-2145.0000","0"
"B622603-5","2101","CUENTAS POR PAGAR","210104002","OTROS INGRESOS ANTICIPADOS","2024","9","5000.0000","0.0000","-5000.0000","0"
"B622603-5","2101","CUENTAS POR PAGAR","210104002","OTROS INGRESOS ANTICIPADOS","2024","9","525.0000","0.0000","-525.0000","0"
"B622603-5","1102","CUENTAS POR COBRAR","110204002","OTROS INGRESOS POR COBRAR","2024","9","1000.0000","0.0000","1000.0000","0"
"B622603-5","2101","CUENTAS POR PAGAR","210104002","OTROS INGRESOS ANTICIPADOS","2024","9","7850.0000","0.0000","-7850.0000","0"
"B622603-5","2101","CUENTAS POR PAGAR","210104002","OTROS INGRESOS ANTICIPADOS","2024","9","74500.0000","0.0000","-74500.0000","0"
"B622603-5","2101","CUENTAS POR PAGAR","210104002","OTROS INGRESOS ANTICIPADOS","2024","9","216570.3300","0.0000","-216570.3300","0"
"B622603-5","1103","IMPUESTOS POR COBRAR","110301003","IVA RETENCION","2024","9","0.0000","499.2000","-499.2000","0"
"B622603-5","2101","CUENTAS POR PAGAR","210102004","IVA DEBITO","2024","9","499.2000","0.0000","-499.2000","0"
"B622603-5","2101","CUENTAS POR PAGAR","210101003","GASTOS OPERATIVOS POR PAGAR","2024","9","0.0000","74168.3300","74168.3300","0"
"B622603-5","1202","GASTOS DIFERIDOS","120202001","ANTICIPOS DE GASTOS","2024","9","0.0000","5287.0000","-5287.0000","0"
"B622603-5","1202","GASTOS DIFERIDOS","120202001","ANTICIPOS DE GASTOS","2024","9","0.0000","3991.0500","-3991.0500","0"
"B622603-5","1202","GASTOS DIFERIDOS","120202001","ANTICIPOS DE GASTOS","2024","9","0.0000","999.0000","-999.0000","0"
"B622603-5","","","210105001","","2024","9","0.0000","275597.2200","275597.2200","0"
"B622603-5","3101","PATRIMONIO AGREQUIMA","310101001","PATRIMONIO ACTIVOS FIJOS","2024","9","0.0000","9641.0000","9641.0000","0"
"B622603-5","3201","RESULTADOS AGREQUIMA","320101093","RESULTADO DEL EJERCICIO 2024","2024","9","285238.2200","0.0000","-285238.2200","0"
"B622603-5","1101","CAJA Y BANCOS","110101002","TRASLADO DE FONDOS","2024","9","0.0000","650000.0000","-650000.0000","0"
"B622603-5","1101","CAJA Y BANCOS","110102001","BAC 701111600 MONETARIA","2024","9","957086.6300","0.0000","957086.6300","0"
"B622603-5","1101","CAJA Y BANCOS","110102002","BANRURAL 3033034955 MONETARIA","2024","9","844311.2300","0.0000","844311.2300","0"
"B622603-5","1101","CAJA Y BANCOS","110102003","BANCO INDUSTRIAL 0000269530 MONETARIA","2024","9","3669.8000","0.0000","3669.8000","0"
"B622603-5","1102","CUENTAS POR COBRAR","110201035","C_LA CORNETA, S.A.
","2024","9","0.0000","12000.0000","-12000.0000","0"
"B622603-5","1102","CUENTAS POR COBRAR","110204002","OTROS INGRESOS POR COBRAR","2024","9","34435.5400","116531.2300","-82095.6900","0"
"B622603-5","1103","IMPUESTOS POR COBRAR","110301003","IVA RETENCION","2024","9","705.4200","0.0000","705.4200","0"
"B622603-5","1202","GASTOS DIFERIDOS","120202001","ANTICIPOS DE GASTOS","2024","9","0.0000","26923.0700","-26923.0700","0"
"B622603-5","2101","CUENTAS POR PAGAR","210102004","IVA DEBITO","2024","9","0.0000","3863.2500","3863.2500","0"
"B622603-5","2101","CUENTAS POR PAGAR","210102007","RETENCIONES ISR TERCEROS","2024","9","0.0000","176.7900","176.7900","0"
"B622603-5","2101","CUENTAS POR PAGAR","210104002","OTROS INGRESOS ANTICIPADOS","2024","9","916.0000","302740.3300","301824.3300","0"
"B622603-5","1101","CAJA Y BANCOS","110101002","TRASLADO DE FONDOS","2024","9","750000.0000","0.0000","750000.0000","0"
"B622603-5","1101","CAJA Y BANCOS","110102001","BAC 701111600 MONETARIA","2024","9","0.0000","541188.0600","-541188.0600","0"
"B622603-5","1101","CAJA Y BANCOS","110102002","BANRURAL 3033034955 MONETARIA","2024","9","0.0000","953542.0700","-953542.0700","0"
"B622603-5","1102","CUENTAS POR COBRAR","110204003","OTRAS CUENTAS POR COBRAR","2024","9","1091.3400","3591.3400","-2500.0000","0"
"B622603-5","1201","ACTIVOS FIJOS","120101003","HARDWARE","2024","9","9641.0000","0.0000","9641.0000","0"
"B622603-5","1202","GASTOS DIFERIDOS","120202001","ANTICIPOS DE GASTOS","2024","9","37946.3900","0.0000","37946.3900","0"
"B622603-5","2101","CUENTAS POR PAGAR","210101002","GASTOS ADMINISTRATIVOS POR PAGAR","2024","9","5206.0100","0.0000","-5206.0100","0"
"B622603-5","2101","CUENTAS POR PAGAR","210101003","GASTOS OPERATIVOS POR PAGAR","2024","9","108697.2700","0.0000","-108697.2700","0"
"B622603-5","2101","CUENTAS POR PAGAR","210102001","CUOTA LABORAL IGSS","2024","9","7065.3400","7065.3200","-0.0200","0"
"B622603-5","2101","CUENTAS POR PAGAR","210102002","CUOTA PATRONAL IGSS","2024","9","17070.8800","0.0000","-17070.8800","0"
"B622603-5","2101","CUENTAS POR PAGAR","210102004","IVA DEBITO","2024","9","3901.0000","0.0000","-3901.0000","0"
"B622603-5","2101","CUENTAS POR PAGAR","210102005","IVA DEBITO FACTURA ESPECIAL","2024","9","530.5300","0.0000","-530.5300","0"
"B622603-5","2101","CUENTAS POR PAGAR","210102006","RETENCIONES ISR EMPLEADOS","2024","9","5410.3200","5410.3200","0.0000","0"
"B622603-5","2101","CUENTAS POR PAGAR","210102007","RETENCIONES ISR TERCEROS","2024","9","3660.2800","3770.8600","110.5800","0"
"B622603-5","1202","GASTOS DIFERIDOS","120202001","ANTICIPOS DE GASTOS","2024","10","0.0000","3390.3100","-3390.3100","0"
"B622603-5","1202","GASTOS DIFERIDOS","120202001","ANTICIPOS DE GASTOS","2024","10","0.0000","4988.0200","-4988.0200","0"
"B622603-5","1202","GASTOS DIFERIDOS","120202001","ANTICIPOS DE GASTOS","2024","10","0.0000","1993.9900","-1993.9900","0"
"B622603-5","2101","CUENTAS POR PAGAR","210101003","GASTOS OPERATIVOS POR PAGAR","2024","10","0.0000","250.0000","250.0000","0"
"B622603-5","2101","CUENTAS POR PAGAR","210101003","GASTOS OPERATIVOS POR PAGAR","2024","10","0.0000","320.0000","320.0000","0"
"B622603-5","2101","CUENTAS POR PAGAR","210103001","PROVISION INDEMNIZACION","2024","10","0.0000","20983.4500","20983.4500","0"
"B622603-5","2101","CUENTAS POR PAGAR","210103002","PROVISION AGUINALDO","2024","10","0.0000","19124.1600","19124.1600","0"
"B622603-5","2101","CUENTAS POR PAGAR","210103003","PROVISION BONO 14","2024","10","0.0000","19124.1600","19124.1600","0"
"B622603-5","2101","CUENTAS POR PAGAR","210102002","CUOTA PATRONAL IGSS","2024","10","0.0000","17070.8800","17070.8800","0"
"B622603-5","1202","GASTOS DIFERIDOS","120202001","ANTICIPOS DE GASTOS","2024","10","0.0000","4200.0000","-4200.0000","0"
"B622603-5","2101","CUENTAS POR PAGAR","210102005","IVA DEBITO FACTURA ESPECIAL","2024","10","0.0000","530.5300","530.5300","0"
"B622603-5","2101","CUENTAS POR PAGAR","210102007","RETENCIONES ISR TERCEROS","2024","10","0.0000","221.0500","221.0500","0"
"B622603-5","2101","CUENTAS POR PAGAR","210101003","GASTOS OPERATIVOS POR PAGAR","2024","10","0.0000","86132.4900","86132.4900","0"
"B622603-5","1202","GASTOS DIFERIDOS","120202001","ANTICIPOS DE GASTOS","2024","10","0.0000","950.0000","-950.0000","0"
"B622603-5","1202","GASTOS DIFERIDOS","120202001","ANTICIPOS DE GASTOS","2024","10","0.0000","700.7800","-700.7800","0"
"B622603-5","2101","CUENTAS POR PAGAR","210104002","OTROS INGRESOS ANTICIPADOS","2024","10","2600.0000","0.0000","-2600.0000","0"
"B622603-5","2101","CUENTAS POR PAGAR","210104002","OTROS INGRESOS ANTICIPADOS","2024","10","525.0000","0.0000","-525.0000","0"
"B622603-5","2101","CUENTAS POR PAGAR","210104002","OTROS INGRESOS ANTICIPADOS","2024","10","6640.0000","0.0000","-6640.0000","0"
"B622603-5","1102","CUENTAS POR COBRAR","110204002","OTROS INGRESOS POR COBRAR","2024","10","250.0000","0.0000","250.0000","0"
"B622603-5","1102","CUENTAS POR COBRAR","110204002","OTROS INGRESOS POR COBRAR","2024","10","100000.0000","0.0000","100000.0000","0"
"B622603-5","1103","IMPUESTOS POR COBRAR","110301003","IVA RETENCION","2024","10","0.0000","705.4200","-705.4200","0"
"B622603-5","2101","CUENTAS POR PAGAR","210102004","IVA DEBITO","2024","10","705.4200","0.0000","-705.4200","0"
"B622603-5","","","210105001","","2024","10","0.0000","237815.9800","237815.9800","0"
"B622603-5","3201","RESULTADOS AGREQUIMA","320101093","RESULTADO DEL EJERCICIO 2024","2024","10","237815.9800","0.0000","-237815.9800","0"
"B622603-5","1103","IMPUESTOS POR COBRAR","110301002","IVA CREDITO","2024","10","0.0000","168.8600","-168.8600","0"
"B622603-5","2101","CUENTAS POR PAGAR","210102004","IVA DEBITO","2024","10","168.8600","0.0000","-168.8600","0"
"B622603-5","1101","CAJA Y BANCOS","110101002","TRASLADO DE FONDOS","2024","10","0.0000","450000.0000","-450000.0000","0"
"B622603-5","1101","CAJA Y BANCOS","110102001","BAC 701111600 MONETARIA","2024","10","489190.9800","0.0000","489190.9800","0"
"B622603-5","1101","CAJA Y BANCOS","110102002","BANRURAL 3033034955 MONETARIA","2024","10","934523.9200","0.0000","934523.9200","0"
"B622603-5","1101","CAJA Y BANCOS","110102003","BANCO INDUSTRIAL 0000269530 MONETARIA","2024","10","100000.0000","0.0000","100000.0000","0"
"B622603-5","1102","CUENTAS POR COBRAR","110201011","B_CTL
","2024","10","0.0000","20000.0000","-20000.0000","0"
"B622603-5","1102","CUENTAS POR COBRAR","110201037","C_AGROFORZA  

","2024","10","0.0000","12000.0000","-12000.0000","0"
"B622603-5","1102","CUENTAS POR COBRAR","110204002","OTROS INGRESOS POR COBRAR","2024","10","32299.5700","109678.5700","-77379.0000","0"
"B622603-5","1202","GASTOS DIFERIDOS","120202001","ANTICIPOS DE GASTOS","2024","10","0.0000","7867.6500","-7867.6500","0"
"B622603-5","2101","CUENTAS POR PAGAR","210102004","IVA DEBITO","2024","10","0.0000","3460.6700","3460.6700","0"
"B622603-5","2101","CUENTAS POR PAGAR","210104002","OTROS INGRESOS ANTICIPADOS","2024","10","0.0000","14223.1100","14223.1100","0"
"B622603-5","1101","CAJA Y BANCOS","110101002","TRASLADO DE FONDOS","2024","10","350000.0000","0.0000","350000.0000","0"
"B622603-5","1101","CAJA Y BANCOS","110102001","BAC 701111600 MONETARIA","2024","10","0.0000","496428.1400","-496428.1400","0"
"B622603-5","1101","CAJA Y BANCOS","110102002","BANRURAL 3033034955 MONETARIA","2024","10","0.0000","664132.6200","-664132.6200","0"
"B622603-5","1102","CUENTAS POR COBRAR","110204003","OTRAS CUENTAS POR COBRAR","2024","10","1091.3400","3591.3400","-2500.0000","0"
"B622603-5","1103","IMPUESTOS POR COBRAR","110301002","IVA CREDITO","2024","10","168.8600","0.0000","168.8600","0"
"B622603-5","1104","INVENTARIO","110401001","SELLOS DE CALIDAD","2024","10","1407.1800","0.0000","1407.1800","0"
"B622603-5","1202","GASTOS DIFERIDOS","120202001","ANTICIPOS DE GASTOS","2024","10","84634.8600","847.0000","83787.8600","0"
"B622603-5","2101","CUENTAS POR PAGAR","210101002","GASTOS ADMINISTRATIVOS POR PAGAR","2024","10","0.0000","0.7000","0.7000","0"
"B622603-5","2101","CUENTAS POR PAGAR","210101003","GASTOS OPERATIVOS POR PAGAR","2024","10","77668.3300","0.0000","-77668.3300","0"
"B622603-5","2101","CUENTAS POR PAGAR","210102001","CUOTA LABORAL IGSS","2024","10","7065.3400","7065.3200","-0.0200","0"
"B622603-5","2101","CUENTAS POR PAGAR","210102002","CUOTA PATRONAL IGSS","2024","10","17070.8800","0.0000","-17070.8800","0"
"B622603-5","2101","CUENTAS POR PAGAR","210102004","IVA DEBITO","2024","10","3158.0000","0.0000","-3158.0000","0"
"B622603-5","2101","CUENTAS POR PAGAR","210102005","IVA DEBITO FACTURA ESPECIAL","2024","10","530.5300","0.0000","-530.5300","0"
"B622603-5","2101","CUENTAS POR PAGAR","210102006","RETENCIONES ISR EMPLEADOS","2024","10","5410.3200","5410.3200","0.0000","0"
"B622603-5","2101","CUENTAS POR PAGAR","210102007","RETENCIONES ISR TERCEROS","2024","10","4168.7000","5902.5700","1733.8700","0"
"B622603-5","1202","GASTOS DIFERIDOS","120202001","ANTICIPOS DE GASTOS","2024","11","0.0000","1993.9900","-1993.9900","0"
"B622603-5","1102","CUENTAS POR COBRAR","110204002","OTROS INGRESOS POR COBRAR","2024","11","0.0000","1000.0000","-1000.0000","0"
"B622603-5","2101","CUENTAS POR PAGAR","210104002","OTROS INGRESOS ANTICIPADOS","2024","11","1000.0000","0.0000","-1000.0000","0"
"B622603-5","1202","GASTOS DIFERIDOS","120202001","ANTICIPOS DE GASTOS","2024","11","0.0000","1950.0000","-1950.0000","0"
"B622603-5","1202","GASTOS DIFERIDOS","120202001","ANTICIPOS DE GASTOS","2024","11","0.0000","4200.0000","-4200.0000","0"
"B622603-5","2101","CUENTAS POR PAGAR","210102005","IVA DEBITO FACTURA ESPECIAL","2024","11","0.0000","530.5300","530.5300","0"
"B622603-5","2101","CUENTAS POR PAGAR","210102007","RETENCIONES ISR TERCEROS","2024","11","0.0000","221.0500","221.0500","0"
"B622603-5","2101","CUENTAS POR PAGAR","210101003","GASTOS OPERATIVOS POR PAGAR","2024","11","0.0000","72493.7100","72493.7100","0"
"B622603-5","1202","GASTOS DIFERIDOS","120202001","ANTICIPOS DE GASTOS","2024","11","0.0000","787.7800","-787.7800","0"
"B622603-5","1202","GASTOS DIFERIDOS","120202001","ANTICIPOS DE GASTOS","2024","11","0.0000","7470.0000","-7470.0000","0"
"B622603-5","1202","GASTOS DIFERIDOS","120202001","ANTICIPOS DE GASTOS","2024","11","0.0000","3000.0000","-3000.0000","0"
"B622603-5","1202","GASTOS DIFERIDOS","120202001","ANTICIPOS DE GASTOS","2024","11","0.0000","2646.9700","-2646.9700","0"
"B622603-5","1202","GASTOS DIFERIDOS","120202001","ANTICIPOS DE GASTOS","2024","11","0.0000","1980.0000","-1980.0000","0"
"B622603-5","1202","GASTOS DIFERIDOS","120202001","ANTICIPOS DE GASTOS","2024","11","0.0000","770.0000","-770.0000","0"
"B622603-5","1202","GASTOS DIFERIDOS","120202001","ANTICIPOS DE GASTOS","2024","11","0.0000","1025.0500","-1025.0500","0"
"B622603-5","1202","GASTOS DIFERIDOS","120202001","ANTICIPOS DE GASTOS","2024","11","0.0000","1000.0000","-1000.0000","0"
"B622603-5","1202","GASTOS DIFERIDOS","120202001","ANTICIPOS DE GASTOS","2024","11","0.0000","5172.6500","-5172.6500","0"
"B622603-5","2101","CUENTAS POR PAGAR","210102007","RETENCIONES ISR TERCEROS","2024","11","0.0000","216.0000","216.0000","0"
"B622603-5","2101","CUENTAS POR PAGAR","210101003","GASTOS OPERATIVOS POR PAGAR","2024","11","0.0000","3500.0000","3500.0000","0"
"B622603-5","2101","CUENTAS POR PAGAR","210104002","OTROS INGRESOS ANTICIPADOS","2024","11","3400.0000","0.0000","-3400.0000","0"
"B622603-5","2101","CUENTAS POR PAGAR","210104002","OTROS INGRESOS ANTICIPADOS","2024","11","675.0000","0.0000","-675.0000","0"
"B622603-5","2101","CUENTAS POR PAGAR","210104002","OTROS INGRESOS ANTICIPADOS","2024","11","3715.0000","0.0000","-3715.0000","0"
"B622603-5","1102","CUENTAS POR COBRAR","110201047","C_CORPOGREEN, SOCIEDAD ANÓNIMA
","2024","11","2000.0000","0.0000","2000.0000","0"
"B622603-5","2101","CUENTAS POR PAGAR","210104002","OTROS INGRESOS ANTICIPADOS","2024","11","216282.7200","0.0000","-216282.7200","0"
"B622603-5","2101","CUENTAS POR PAGAR","210103001","PROVISION INDEMNIZACION","2024","11","16426.4700","0.0000","-16426.4700","0"
"B622603-5","2101","CUENTAS POR PAGAR","210103002","PROVISION AGUINALDO","2024","11","0.0000","16279.6200","16279.6200","0"
"B622603-5","2101","CUENTAS POR PAGAR","210103003","PROVISION BONO 14","2024","11","0.0000","17466.7100","17466.7100","0"
"B622603-5","2101","CUENTAS POR PAGAR","210102002","CUOTA PATRONAL IGSS","2024","11","0.0000","17307.2400","17307.2400","0"
"B622603-5","1104","INVENTARIO","110401001","SELLOS DE CALIDAD","2024","11","0.0000","2659.8000","-2659.8000","0"
"B622603-5","1103","IMPUESTOS POR COBRAR","110301002","IVA CREDITO","2024","11","0.0000","1070.8300","-1070.8300","0"
"B622603-5","2101","CUENTAS POR PAGAR","210102004","IVA DEBITO","2024","11","1070.8300","0.0000","-1070.8300","0"
"B622603-5","","","210105001","","2024","11","33957.3800","0.0000","-33957.3800","0"
"B622603-5","3101","PATRIMONIO AGREQUIMA","310101001","PATRIMONIO ACTIVOS FIJOS","2024","11","0.0000","194410.0000","194410.0000","0"
"B622603-5","3201","RESULTADOS AGREQUIMA","320101093","RESULTADO DEL EJERCICIO 2024","2024","11","160452.6200","0.0000","-160452.6200","0"
"B622603-5","1101","CAJA Y BANCOS","110101002","TRASLADO DE FONDOS","2024","11","0.0000","600000.0000","-600000.0000","0"
"B622603-5","1101","CAJA Y BANCOS","110102001","BAC 701111600 MONETARIA","2024","11","840940.4200","0.0000","840940.4200","0"
"B622603-5","1101","CAJA Y BANCOS","110102002","BANRURAL 3033034955 MONETARIA","2024","11","751185.0800","0.0000","751185.0800","0"
"B622603-5","1101","CAJA Y BANCOS","110102003","BANCO INDUSTRIAL 0000269530 MONETARIA","2024","11","1100.0000","0.0000","1100.0000","0"
"B622603-5","1102","CUENTAS POR COBRAR","110201047","C_CORPOGREEN, SOCIEDAD ANÓNIMA
","2024","11","0.0000","2000.0000","-2000.0000","0"
"B622603-5","1102","CUENTAS POR COBRAR","110204002","OTROS INGRESOS POR COBRAR","2024","11","26483.5400","75957.1400","-49473.6000","0"
"B622603-5","1103","IMPUESTOS POR COBRAR","110301003","IVA RETENCION","2024","11","384.0000","0.0000","384.0000","0"
"B622603-5","1202","GASTOS DIFERIDOS","120202001","ANTICIPOS DE GASTOS","2024","11","0.0000","19670.6900","-19670.6900","0"
"B622603-5","2101","CUENTAS POR PAGAR","210102004","IVA DEBITO","2024","11","0.0000","2878.6700","2878.6700","0"
"B622603-5","2101","CUENTAS POR PAGAR","210104002","OTROS INGRESOS ANTICIPADOS","2024","11","0.0000","244514.7600","244514.7600","0"
"B622603-5","1101","CAJA Y BANCOS","110101002","TRASLADO DE FONDOS","2024","11","600000.0000","0.0000","600000.0000","0"
"B622603-5","1101","CAJA Y BANCOS","110102001","BAC 701111600 MONETARIA","2024","11","0.0000","833184.5000","-833184.5000","0"
"B622603-5","1101","CAJA Y BANCOS","110102002","BANRURAL 3033034955 MONETARIA","2024","11","0.0000","931719.2200","-931719.2200","0"
"B622603-5","1101","CAJA Y BANCOS","110103003","BAC - FONDO DE INVERSIÓN","2024","11","299999.0000","0.0000","299999.0000","0"
"B622603-5","1102","CUENTAS POR COBRAR","110204003","OTRAS CUENTAS POR COBRAR","2024","11","1091.3400","3591.3400","-2500.0000","0"
"B622603-5","1103","IMPUESTOS POR COBRAR","110301002","IVA CREDITO","2024","11","1070.8300","0.0000","1070.8300","0"
"B622603-5","1104","INVENTARIO","110401001","SELLOS DE CALIDAD","2024","11","8923.5700","0.0000","8923.5700","0"
"B622603-5","1201","ACTIVOS FIJOS","120101011","VEHICULOS","2024","11","194410.0000","0.0000","194410.0000","0"
"B622603-5","1202","GASTOS DIFERIDOS","120202001","ANTICIPOS DE GASTOS","2024","11","30411.1800","67257.0000","-36845.8200","0"
"B622603-5","2101","CUENTAS POR PAGAR","210101003","GASTOS OPERATIVOS POR PAGAR","2024","11","86702.4900","1249.0000","-85453.4900","0"
"B622603-5","2101","CUENTAS POR PAGAR","210102001","CUOTA LABORAL IGSS","2024","11","7065.3300","7163.1500","97.8200","0"
"B622603-5","2101","CUENTAS POR PAGAR","210102002","CUOTA PATRONAL IGSS","2024","11","17070.8800","0.0000","-17070.8800","0"
"B622603-5","2101","CUENTAS POR PAGAR","210102004","IVA DEBITO","2024","11","3292.0000","0.0000","-3292.0000","0"
"B622603-5","2101","CUENTAS POR PAGAR","210102005","IVA DEBITO FACTURA ESPECIAL","2024","11","530.5300","0.0000","-530.5300","0"
"B622603-5","2101","CUENTAS POR PAGAR","210102006","RETENCIONES ISR EMPLEADOS","2024","11","5410.3200","6936.8300","1526.5100","0"
"B622603-5","2101","CUENTAS POR PAGAR","210102007","RETENCIONES ISR TERCEROS","2024","11","6123.6200","5447.3000","-676.3200","0"
"B622603-5","1202","GASTOS DIFERIDOS","120202001","ANTICIPOS DE GASTOS","2024","12","0.0000","1993.9900","-1993.9900","0"
"B622603-5","1103","IMPUESTOS POR COBRAR","110301003","IVA RETENCION","2024","12","0.0000","384.0000","-384.0000","0"
"B622603-5","2101","CUENTAS POR PAGAR","210102004","IVA DEBITO","2024","12","384.0000","0.0000","-384.0000","0"
"B622603-5","1202","GASTOS DIFERIDOS","120202001","ANTICIPOS DE GASTOS","2024","12","0.0000","2200.0000","-2200.0000","0"
"B622603-5","2101","CUENTAS POR PAGAR","210103001","PROVISION INDEMNIZACION","2024","12","0.0000","42007.0900","42007.0900","0"
"B622603-5","2101","CUENTAS POR PAGAR","210103002","PROVISION AGUINALDO","2024","12","0.0000","20770.1200","20770.1200","0"
"B622603-5","2101","CUENTAS POR PAGAR","210103003","PROVISION BONO 14","2024","12","0.0000","19846.7900","19846.7900","0"
"B622603-5","2101","CUENTAS POR PAGAR","210102002","CUOTA PATRONAL IGSS","2024","12","0.0000","17307.2400","17307.2400","0"
"B622603-5","1202","GASTOS DIFERIDOS","120202001","ANTICIPOS DE GASTOS","2024","12","0.0000","8400.0000","-8400.0000","0"
"B622603-5","2101","CUENTAS POR PAGAR","210102005","IVA DEBITO FACTURA ESPECIAL","2024","12","0.0000","1061.0500","1061.0500","0"
"B622603-5","2101","CUENTAS POR PAGAR","210102007","RETENCIONES ISR TERCEROS","2024","12","0.0000","442.1100","442.1100","0"
"B622603-5","1202","GASTOS DIFERIDOS","120202001","ANTICIPOS DE GASTOS","2024","12","0.0000","1000.0000","-1000.0000","0"
"B622603-5","2101","CUENTAS POR PAGAR","210101002","GASTOS ADMINISTRATIVOS POR PAGAR","2024","12","0.0000","311.6400","311.6400","0"
"B622603-5","2101","CUENTAS POR PAGAR","210101002","GASTOS ADMINISTRATIVOS POR PAGAR","2024","12","0.0000","7749.8800","7749.8800","0"
"B622603-5","2101","CUENTAS POR PAGAR","210101002","GASTOS ADMINISTRATIVOS POR PAGAR","2024","12","0.0000","414.2900","414.2900","0"
"B622603-5","2101","CUENTAS POR PAGAR","210101002","GASTOS ADMINISTRATIVOS POR PAGAR","2024","12","0.0000","897.6200","897.6200","0"
"B622603-5","1202","GASTOS DIFERIDOS","120202001","ANTICIPOS DE GASTOS","2024","12","0.0000","4300.0000","-4300.0000","0"
"B622603-5","2101","CUENTAS POR PAGAR","210101002","GASTOS ADMINISTRATIVOS POR PAGAR","2024","12","0.0000","14193.5100","14193.5100","0"
"B622603-5","2101","CUENTAS POR PAGAR","210104002","OTROS INGRESOS ANTICIPADOS","2024","12","450.0000","0.0000","-450.0000","0"
"B622603-5","2101","CUENTAS POR PAGAR","210104002","OTROS INGRESOS ANTICIPADOS","2024","12","3935.0000","0.0000","-3935.0000","0"
"B622603-5","2101","CUENTAS POR PAGAR","210104002","OTROS INGRESOS ANTICIPADOS","2024","12","15447.5800","0.0000","-15447.5800","0"
"B622603-5","1102","CUENTAS POR COBRAR","110204002","OTROS INGRESOS POR COBRAR","2024","12","100000.0000","0.0000","100000.0000","0"
"B622603-5","2101","CUENTAS POR PAGAR","210101002","GASTOS ADMINISTRATIVOS POR PAGAR","2024","12","0.0000","78.0000","78.0000","0"
"B622603-5","2101","CUENTAS POR PAGAR","210101002","GASTOS ADMINISTRATIVOS POR PAGAR","2024","12","0.0000","596.0000","596.0000","0"
"B622603-5","2101","CUENTAS POR PAGAR","210101002","GASTOS ADMINISTRATIVOS POR PAGAR","2024","12","0.0000","454.7400","454.7400","0"
"B622603-5","2101","CUENTAS POR PAGAR","210101002","GASTOS ADMINISTRATIVOS POR PAGAR","2024","12","0.0000","1610.4600","1610.4600","0"
"B622603-5","2101","CUENTAS POR PAGAR","210101002","GASTOS ADMINISTRATIVOS POR PAGAR","2024","12","0.0000","293.0000","293.0000","0"
"B622603-5","2101","CUENTAS POR PAGAR","210101002","GASTOS ADMINISTRATIVOS POR PAGAR","2024","12","0.0000","470.7000","470.7000","0"
"B622603-5","2101","CUENTAS POR PAGAR","210101002","GASTOS ADMINISTRATIVOS POR PAGAR","2024","12","0.0000","238.6800","238.6800","0"
"B622603-5","2101","CUENTAS POR PAGAR","210101002","GASTOS ADMINISTRATIVOS POR PAGAR","2024","12","0.0000","72.4200","72.4200","0"
"B622603-5","2101","CUENTAS POR PAGAR","210101003","GASTOS OPERATIVOS POR PAGAR","2024","12","0.0000","810.5000","810.5000","0"
"B622603-5","2101","CUENTAS POR PAGAR","210101002","GASTOS ADMINISTRATIVOS POR PAGAR","2024","12","0.0000","205.5200","205.5200","0"
"B622603-5","2101","CUENTAS POR PAGAR","210101003","GASTOS OPERATIVOS POR PAGAR","2024","12","0.0000","4431.4400","4431.4400","0"
"B622603-5","1101","CAJA Y BANCOS","110101001","CAJA CHICA","2024","12","0.0000","1250.0000","-1250.0000","0"
"B622603-5","1202","GASTOS DIFERIDOS","120201001","VIATICOS INGENIEROS AGRONOMOS","2024","12","0.0000","5000.0000","-5000.0000","0"
"B622603-5","2101","CUENTAS POR PAGAR","210101003","GASTOS OPERATIVOS POR PAGAR","2024","12","0.0000","205.0400","205.0400","0"
"B622603-5","1101","CAJA Y BANCOS","110101001","CAJA CHICA","2024","12","0.0000","1250.0000","-1250.0000","0"
"B622603-5","1202","GASTOS DIFERIDOS","120201001","VIATICOS INGENIEROS AGRONOMOS","2024","12","0.0000","2796.5600","-2796.5600","0"
"B622603-5","1202","GASTOS DIFERIDOS","120202001","ANTICIPOS DE GASTOS","2024","12","0.0000","949.7300","-949.7300","0"
"B622603-5","1101","CAJA Y BANCOS","110101001","CAJA CHICA","2024","12","0.0000","1250.0000","-1250.0000","0"
"B622603-5","1202","GASTOS DIFERIDOS","120201001","VIATICOS INGENIEROS AGRONOMOS","2024","12","0.0000","3726.0100","-3726.0100","0"
"B622603-5","1101","CAJA Y BANCOS","110101001","CAJA CHICA","2024","12","0.0000","1250.0000","-1250.0000","0"
"B622603-5","1202","GASTOS DIFERIDOS","120201001","VIATICOS INGENIEROS AGRONOMOS","2024","12","0.0000","4680.1000","-4680.1000","0"
"B622603-5","1101","CAJA Y BANCOS","110101001","CAJA CHICA","2024","12","0.0000","1250.0000","-1250.0000","0"
"B622603-5","1202","GASTOS DIFERIDOS","120201001","VIATICOS INGENIEROS AGRONOMOS","2024","12","0.0000","580.0000","-580.0000","0"
"B622603-5","1202","GASTOS DIFERIDOS","120201002","ACCESORIOS Y/O REPUESTOS ASPERSORAS","2024","12","0.0000","73.0000","-73.0000","0"
"B622603-5","1202","GASTOS DIFERIDOS","120201003","INSUMOS ESTABLECIMIENTOS DE HUERTOS","2024","12","0.0000","20.0000","-20.0000","0"
"B622603-5","1202","GASTOS DIFERIDOS","120202001","ANTICIPOS DE GASTOS","2024","12","0.0000","1691.0000","-1691.0000","0"
"B622603-5","1101","CAJA Y BANCOS","110101001","CAJA CHICA","2024","12","0.0000","1250.0000","-1250.0000","0"
"B622603-5","1202","GASTOS DIFERIDOS","120201001","VIATICOS INGENIEROS AGRONOMOS","2024","12","0.0000","5000.0000","-5000.0000","0"
"B622603-5","2101","CUENTAS POR PAGAR","210101003","GASTOS OPERATIVOS POR PAGAR","2024","12","0.0000","4067.7500","4067.7500","0"
"B622603-5","1101","CAJA Y BANCOS","110101001","CAJA CHICA","2024","12","0.0000","1250.0000","-1250.0000","0"
"B622603-5","1202","GASTOS DIFERIDOS","120201001","VIATICOS INGENIEROS AGRONOMOS","2024","12","0.0000","3413.0000","-3413.0000","0"
"B622603-5","1101","CAJA Y BANCOS","110101001","CAJA CHICA","2024","12","0.0000","1250.0000","-1250.0000","0"
"B622603-5","1202","GASTOS DIFERIDOS","120201001","VIATICOS INGENIEROS AGRONOMOS","2024","12","0.0000","4291.6600","-4291.6600","0"
"B622603-5","2101","CUENTAS POR PAGAR","210101003","GASTOS OPERATIVOS POR PAGAR","2024","12","0.0000","208.0000","208.0000","0"
"B622603-5","2101","CUENTAS POR PAGAR","210101002","GASTOS ADMINISTRATIVOS POR PAGAR","2024","12","0.0000","876.2600","876.2600","0"
"B622603-5","2101","CUENTAS POR PAGAR","210101003","GASTOS OPERATIVOS POR PAGAR","2024","12","0.0000","5930.0000","5930.0000","0"
"B622603-5","1104","INVENTARIO","110401001","SELLOS DE CALIDAD","2024","12","0.0000","171.6000","-171.6000","0"
"B622603-5","1202","GASTOS DIFERIDOS","120202001","ANTICIPOS DE GASTOS","2024","12","0.0000","7100.0000","-7100.0000","0"
"B622603-5","2101","CUENTAS POR PAGAR","210104002","OTROS INGRESOS ANTICIPADOS","2024","12","7100.0000","0.0000","-7100.0000","0"
"B622603-5","1202","GASTOS DIFERIDOS","120202001","ANTICIPOS DE GASTOS","2024","12","2.4000","0.0000","2.4000","0"
"B622603-5","2101","CUENTAS POR PAGAR","210101002","GASTOS ADMINISTRATIVOS POR PAGAR","2024","12","0.0000","2.4000","2.4000","0"
"B622603-5","2101","CUENTAS POR PAGAR","210102001","CUOTA LABORAL IGSS","2024","12","0.4000","0.0000","-0.4000","0"
"B622603-5","2101","CUENTAS POR PAGAR","210102002","CUOTA PATRONAL IGSS","2024","12","0.0800","0.0000","-0.0800","0"
"B622603-5","2101","CUENTAS POR PAGAR","210102005","IVA DEBITO FACTURA ESPECIAL","2024","12","0.0100","0.0000","-0.0100","0"
"B622603-5","2101","CUENTAS POR PAGAR","210102006","RETENCIONES ISR EMPLEADOS","2024","12","0.0000","82.7200","82.7200","0"
"B622603-5","2101","CUENTAS POR PAGAR","210102007","RETENCIONES ISR TERCEROS","2024","12","0.0100","0.0000","-0.0100","0"
"B622603-5","","","210105001","","2024","12","247677.1400","0.0000","-247677.1400","0"
"B622603-5","3101","PATRIMONIO AGREQUIMA","310101001","PATRIMONIO ACTIVOS FIJOS","2024","12","0.0000","36400.0000","36400.0000","0"
"B622603-5","3201","RESULTADOS AGREQUIMA","320101093","RESULTADO DEL EJERCICIO 2024","2024","12","0.0000","211277.1400","211277.1400","0"
"B622603-5","2101","CUENTAS POR PAGAR","210103001","PROVISION INDEMNIZACION","2024","12","416147.7200","0.0000","-416147.7200","0"
"B622603-5","","","210105001","","2024","12","0.0000","416147.7200","416147.7200","0"
"B622603-5","3201","RESULTADOS AGREQUIMA","320101093","RESULTADO DEL EJERCICIO 2024","2024","12","0.0000","776566.5800","776566.5800","0"
"B622603-5","1101","CAJA Y BANCOS","110101002","TRASLADO DE FONDOS","2024","12","0.0000","150000.0000","-150000.0000","0"
"B622603-5","1101","CAJA Y BANCOS","110102001","BAC 701111600 MONETARIA","2024","12","189702.0700","0.0000","189702.0700","0"
"B622603-5","1101","CAJA Y BANCOS","110102002","BANRURAL 3033034955 MONETARIA","2024","12","477929.4800","0.0000","477929.4800","0"
"B622603-5","1101","CAJA Y BANCOS","110102003","BANCO INDUSTRIAL 0000269530 MONETARIA","2024","12","100000.0000","0.0000","100000.0000","0"
"B622603-5","1102","CUENTAS POR COBRAR","110204002","OTROS INGRESOS POR COBRAR","2024","12","55953.1100","117050.1600","-61097.0500","0"
"B622603-5","1202","GASTOS DIFERIDOS","120201001","VIATICOS INGENIEROS AGRONOMOS","2024","12","0.0000","10512.6700","-10512.6700","0"
"B622603-5","1202","GASTOS DIFERIDOS","120202001","ANTICIPOS DE GASTOS","2024","12","0.0000","23418.3800","-23418.3800","0"
"B622603-5","2101","CUENTAS POR PAGAR","210101003","GASTOS OPERATIVOS POR PAGAR","2024","12","0.0000","74.7500","74.7500","0"
"B622603-5","2101","CUENTAS POR PAGAR","210102004","IVA DEBITO","2024","12","0.0000","7918.4000","7918.4000","0"
"B622603-5","2101","CUENTAS POR PAGAR","210104002","OTROS INGRESOS ANTICIPADOS","2024","12","17953.7100","12791.8800","-5161.8300","0"
"B622603-5","1101","CAJA Y BANCOS","110101002","TRASLADO DE FONDOS","2024","12","150000.0000","0.0000","150000.0000","0"
"B622603-5","1101","CAJA Y BANCOS","110102001","BAC 701111600 MONETARIA","2024","12","0.0000","665219.9600","-665219.9600","0"
"B622603-5","1101","CAJA Y BANCOS","110102002","BANRURAL 3033034955 MONETARIA","2024","12","0.0000","489003.6100","-489003.6100","0"
"B622603-5","1102","CUENTAS POR COBRAR","110204003","OTRAS CUENTAS POR COBRAR","2024","12","1091.3400","5091.3400","-4000.0000","0"
"B622603-5","1201","ACTIVOS FIJOS","120101011","VEHICULOS","2024","12","36400.0000","0.0000","36400.0000","0"
"B622603-5","1202","GASTOS DIFERIDOS","120202001","ANTICIPOS DE GASTOS","2024","12","31828.2000","7300.0000","24528.2000","0"
"B622603-5","2101","CUENTAS POR PAGAR","210101002","GASTOS ADMINISTRATIVOS POR PAGAR","2024","12","0.0000","0.9600","0.9600","0"
"B622603-5","2101","CUENTAS POR PAGAR","210101003","GASTOS OPERATIVOS POR PAGAR","2024","12","73742.7100","0.0000","-73742.7100","0"
"B622603-5","2101","CUENTAS POR PAGAR","210102001","CUOTA LABORAL IGSS","2024","12","7163.1700","7163.1600","-0.0100","0"
"B622603-5","2101","CUENTAS POR PAGAR","210102002","CUOTA PATRONAL IGSS","2024","12","17307.2300","0.0000","-17307.2300","0"
"B622603-5","2101","CUENTAS POR PAGAR","210102004","IVA DEBITO","2024","12","1424.0000","0.0000","-1424.0000","0"
"B622603-5","2101","CUENTAS POR PAGAR","210102005","IVA DEBITO FACTURA ESPECIAL","2024","12","530.5300","0.0000","-530.5300","0"
"B622603-5","2101","CUENTAS POR PAGAR","210102006","RETENCIONES ISR EMPLEADOS","2024","12","6936.8400","6936.8400","0.0000","0"
"B622603-5","2101","CUENTAS POR PAGAR","210102007","RETENCIONES ISR TERCEROS","2024","12","7540.5900","9981.9400","2441.3500","0"
"B622603-5","2101","CUENTAS POR PAGAR","210103002","PROVISION AGUINALDO","2024","12","206667.0700","0.0000","-206667.0700","0"
"B622603-5","2101","CUENTAS POR PAGAR","210104002","OTROS INGRESOS ANTICIPADOS","2024","12","5103.0000","0.0000","-5103.0000","0"
"B622603-5","1101","CAJA Y BANCOS","110101001","CAJA CHICA","2025","1","1200.0000","0.0000","1200.0000","0"
"B622603-5","1101","CAJA Y BANCOS","110102001","BAC 701111600 MONETARIA","2025","1","3684688.0800","0.0000","3684688.0800","0"
"B622603-5","1101","CAJA Y BANCOS","110102002","BANRURAL 3033034955 MONETARIA","2025","1","223832.5100","0.0000","223832.5100","0"
"B622603-5","1101","CAJA Y BANCOS","110102003","BANCO INDUSTRIAL 0000269530 MONETARIA","2025","1","1217347.9600","0.0000","1217347.9600","0"
"B622603-5","1101","CAJA Y BANCOS","110103003","BAC - FONDO DE INVERSIÓN","2025","1","2300001.0000","0.0000","2300001.0000","0"
"B622603-5","1102","CUENTAS POR COBRAR","110201037","C_AGROFORZA  

","2025","1","12000.0000","0.0000","12000.0000","0"
"B622603-5","1102","CUENTAS POR COBRAR","110204001","DEUDORES","2025","1","86581.3000","0.0000","86581.3000","0"
"B622603-5","1102","CUENTAS POR COBRAR","110204002","OTROS INGRESOS POR COBRAR","2025","1","61737.3200","0.0000","61737.3200","0"
"B622603-5","1102","CUENTAS POR COBRAR","110204003","OTRAS CUENTAS POR COBRAR","2025","1","23500.0000","0.0000","23500.0000","0"
"B622603-5","1102","CUENTAS POR COBRAR","110204006","DEPOSITOS EN GARANTIA","2025","1","15024.1600","0.0000","15024.1600","0"
"B622603-5","1104","INVENTARIO","110401001","SELLOS DE CALIDAD","2025","1","9644.6400","0.0000","9644.6400","0"
"B622603-5","1201","ACTIVOS FIJOS","120101001","MOBILIARIO Y EQUIPO","2025","1","119927.2900","0.0000","119927.2900","0"
"B622603-5","1201","ACTIVOS FIJOS","120101002","DEPRECIACION ACUMULADA MOBILIARIO Y EQUIPO","2025","1","-115496.0800","0.0000","-115496.0800","0"
"B622603-5","1201","ACTIVOS FIJOS","120101003","HARDWARE","2025","1","229925.8200","0.0000","229925.8200","0"
"B622603-5","1201","ACTIVOS FIJOS","120101003","HARDWARE","2025","1","7366.0000","0.0000","7366.0000","0"
"B622603-5","1201","ACTIVOS FIJOS","120101004","DEPRECIACION ACUMULADA HARDWARE","2025","1","-35978.7000","0.0000","-35978.7000","0"
"B622603-5","1201","ACTIVOS FIJOS","120101005","SOFTWARE","2025","1","12984.5000","0.0000","12984.5000","0"
"B622603-5","1201","ACTIVOS FIJOS","120101006","AMORTIZACION ACUMULADA SOFTWARE","2025","1","-11903.3600","0.0000","-11903.3600","0"
"B622603-5","1201","ACTIVOS FIJOS","120101007","MAQUINARIA","2025","1","473024.1600","0.0000","473024.1600","0"
"B622603-5","1201","ACTIVOS FIJOS","120101008","DEPRECIACION ACUMULADA DE MAQUINARIA","2025","1","-235226.0600","0.0000","-235226.0600","0"
"B622603-5","1201","ACTIVOS FIJOS","120101009","MEJORAS DE OFICINA","2025","1","103261.3300","0.0000","103261.3300","0"
"B622603-5","1201","ACTIVOS FIJOS","120101010","DEPRECIACION ACUMULADA MEJORAS DE OFICINA","2025","1","-101186.1300","0.0000","-101186.1300","0"
"B622603-5","1201","ACTIVOS FIJOS","120101011","VEHICULOS","2025","1","2385224.2800","0.0000","2385224.2800","0"
"B622603-5","1201","ACTIVOS FIJOS","120101012","DEPRECIACION ACUMULADA DE VEHICULOS","2025","1","-627316.8900","0.0000","-627316.8900","0"
"B622603-5","1201","ACTIVOS FIJOS","120101013","CENTROS DE ACOPIO","2025","1","1562832.1500","0.0000","1562832.1500","0"
"B622603-5","1201","ACTIVOS FIJOS","120101014","DEPRECIACION CENTROS DE ACOPIO","2025","1","-645879.8500","0.0000","-645879.8500","0"
"B622603-5","1202","GASTOS DIFERIDOS","120202001","ANTICIPOS DE GASTOS","2025","1","224.7000","0.0000","224.7000","0"
"B622603-5","1202","GASTOS DIFERIDOS","120202001","ANTICIPOS DE GASTOS","2025","1","1898.9900","0.0000","1898.9900","0"
"B622603-5","2101","CUENTAS POR PAGAR","210101002","GASTOS ADMINISTRATIVOS POR PAGAR","2025","1","0.0000","-3974.7800","-3974.7800","0"
"B622603-5","2101","CUENTAS POR PAGAR","210101002","GASTOS ADMINISTRATIVOS POR PAGAR","2025","1","0.0000","32445.6500","32445.6500","0"
"B622603-5","2101","CUENTAS POR PAGAR","210101003","GASTOS OPERATIVOS POR PAGAR","2025","1","0.0000","15727.4800","15727.4800","0"
"B622603-5","2101","CUENTAS POR PAGAR","210102001","CUOTA LABORAL IGSS","2025","1","0.0000","7163.1800","7163.1800","0"
"B622603-5","2101","CUENTAS POR PAGAR","210102002","CUOTA PATRONAL IGSS","2025","1","0.0000","17307.2300","17307.2300","0"
"B622603-5","2101","CUENTAS POR PAGAR","210102004","IVA DEBITO","2025","1","0.0000","7918.0400","7918.0400","0"
"B622603-5","2101","CUENTAS POR PAGAR","210102005","IVA DEBITO FACTURA ESPECIAL","2025","1","0.0000","1061.0500","1061.0500","0"
"B622603-5","2101","CUENTAS POR PAGAR","210102006","RETENCIONES ISR EMPLEADOS","2025","1","0.0000","6940.0000","6940.0000","0"
"B622603-5","2101","CUENTAS POR PAGAR","210102007","RETENCIONES ISR TERCEROS","2025","1","0.0000","8767.8100","8767.8100","0"
"B622603-5","2101","CUENTAS POR PAGAR","210103001","PROVISION INDEMNIZACION","2025","1","0.0000","1861910.7900","1861910.7900","0"
"B622603-5","2101","CUENTAS POR PAGAR","210103003","PROVISION BONO 14","2025","1","0.0000","113193.2300","113193.2300","0"
"B622603-5","2101","CUENTAS POR PAGAR","210104002","OTROS INGRESOS ANTICIPADOS","2025","1","0.0000","5205.3900","5205.3900","0"
"B622603-5","","","210105001","","2025","1","0.0000","5477434.2900","5477434.2900","0"
"B622603-5","2101","CUENTAS POR PAGAR","210105002","FONDOS POR APLICAR CASO JUDICIAL
","2025","1","0.0000","86581.3000","86581.3000","0"
"B622603-5","3101","PATRIMONIO AGREQUIMA","310101001","PATRIMONIO ACTIVOS FIJOS","2025","1","0.0000","3121558.4600","3121558.4600","0"
"B622603-5","3201","RESULTADOS AGREQUIMA","320101092","RESULTADO DEL EJERCICIO 2025","2025","1","0.0000","776566.5800","776566.5800","0"
"B622603-5","3201","RESULTADOS AGREQUIMA","320101093","RESULTADO DEL EJERCICIO 2024","2025","1","0.0000","-776566.5800","-776566.5800","0"
"B622603-5","1202","GASTOS DIFERIDOS","120202001","ANTICIPOS DE GASTOS","2025","1","0.0000","2093.6800","-2093.6800","0"
"B622603-5","2101","CUENTAS POR PAGAR","210101002","GASTOS ADMINISTRATIVOS POR PAGAR","2025","1","1.1500","0.0000","-1.1500","0"
"B622603-5","2101","CUENTAS POR PAGAR","210101003","GASTOS OPERATIVOS POR PAGAR","2025","1","0.0000","41593.9300","41593.9300","0"
"B622603-5","1202","GASTOS DIFERIDOS","120202001","ANTICIPOS DE GASTOS","2025","1","0.0000","700.0000","-700.0000","0"
"B622603-5","1202","GASTOS DIFERIDOS","120202001","ANTICIPOS DE GASTOS","2025","1","0.0000","1050.0000","-1050.0000","0"
"B622603-5","1202","GASTOS DIFERIDOS","120202001","ANTICIPOS DE GASTOS","2025","1","0.0000","2200.0000","-2200.0000","0"
"B622603-5","1202","GASTOS DIFERIDOS","120202001","ANTICIPOS DE GASTOS","2025","1","0.0000","5500.0000","-5500.0000","0"
"B622603-5","1202","GASTOS DIFERIDOS","120202001","ANTICIPOS DE GASTOS","2025","1","0.0000","5973.0000","-5973.0000","0"
"B622603-5","2101","CUENTAS POR PAGAR","210101003","GASTOS OPERATIVOS POR PAGAR","2025","1","5930.0000","0.0000","-5930.0000","0"
"B622603-5","1202","GASTOS DIFERIDOS","120202001","ANTICIPOS DE GASTOS","2025","1","0.0000","910.0000","-910.0000","0"
"B622603-5","2101","CUENTAS POR PAGAR","210103001","PROVISION INDEMNIZACION","2025","1","0.0000","54639.2600","54639.2600","0"
"B622603-5","2101","CUENTAS POR PAGAR","210103002","PROVISION AGUINALDO","2025","1","0.0000","19447.0000","19447.0000","0"
"B622603-5","2101","CUENTAS POR PAGAR","210103003","PROVISION BONO 14","2025","1","0.0000","21187.9500","21187.9500","0"
"B622603-5","2101","CUENTAS POR PAGAR","210101003","GASTOS OPERATIVOS POR PAGAR","2025","1","0.0000","13354.2800","13354.2800","0"
"B622603-5","2101","CUENTAS POR PAGAR","210104002","OTROS INGRESOS ANTICIPADOS","2025","1","750.0000","0.0000","-750.0000","0"
"B622603-5","2101","CUENTAS POR PAGAR","210104002","OTROS INGRESOS ANTICIPADOS","2025","1","4275.0000","0.0000","-4275.0000","0"
"B622603-5","2101","CUENTAS POR PAGAR","210104002","OTROS INGRESOS ANTICIPADOS","2025","1","210893.8000","0.0000","-210893.8000","0"
"B622603-5","2101","CUENTAS POR PAGAR","210102002","CUOTA PATRONAL IGSS","2025","1","0.0000","18622.0500","18622.0500","0"
"B622603-5","1201","ACTIVOS FIJOS","120101001","MOBILIARIO Y EQUIPO","2025","1","1079.2000","0.0000","1079.2000","0"
"B622603-5","2101","CUENTAS POR PAGAR","210101002","GASTOS ADMINISTRATIVOS POR PAGAR","2025","1","0.0000","19299.4200","19299.4200","0"
"B622603-5","1104","INVENTARIO","110401001","SELLOS DE CALIDAD","2025","1","0.0000","7258.6800","-7258.6800","0"
"B622603-5","","","210105001","","2025","1","0.0000","442858.1600","442858.1600","0"
"B622603-5","3101","PATRIMONIO AGREQUIMA","310101001","PATRIMONIO ACTIVOS FIJOS","2025","1","0.0000","135079.2000","135079.2000","0"
"B622603-5","3201","RESULTADOS AGREQUIMA","320101092","RESULTADO DEL EJERCICIO 2025","2025","1","577937.3600","0.0000","-577937.3600","0"
"B622603-5","1101","CAJA Y BANCOS","110101002","TRASLADO DE FONDOS","2025","1","650000.0000","0.0000","650000.0000","0"
"B622603-5","1101","CAJA Y BANCOS","110102001","BAC 701111600 MONETARIA","2025","1","0.0000","475462.2100","-475462.2100","0"
"B622603-5","1101","CAJA Y BANCOS","110102002","BANRURAL 3033034955 MONETARIA","2025","1","0.0000","878767.6300","-878767.6300","0"
"B622603-5","1102","CUENTAS POR COBRAR","110204003","OTRAS CUENTAS POR COBRAR","2025","1","1200.7000","3200.7000","-2000.0000","0"
"B622603-5","1201","ACTIVOS FIJOS","120101007","MAQUINARIA","2025","1","134000.0000","0.0000","134000.0000","0"
"B622603-5","1202","GASTOS DIFERIDOS","120201001","VIATICOS INGENIEROS AGRONOMOS","2025","1","45000.0000","0.0000","45000.0000","0"
"B622603-5","1202","GASTOS DIFERIDOS","120202001","ANTICIPOS DE GASTOS","2025","1","32225.8200","0.0000","32225.8200","0"
"B622603-5","2101","CUENTAS POR PAGAR","210101002","GASTOS ADMINISTRATIVOS POR PAGAR","2025","1","20712.8400","1.1500","-20711.6900","0"
"B622603-5","2101","CUENTAS POR PAGAR","210101003","GASTOS OPERATIVOS POR PAGAR","2025","1","9797.4800","0.0000","-9797.4800","0"
"B622603-5","2101","CUENTAS POR PAGAR","210102001","CUOTA LABORAL IGSS","2025","1","7163.1700","7707.3300","544.1600","0"
"B622603-5","2101","CUENTAS POR PAGAR","210102002","CUOTA PATRONAL IGSS","2025","1","17307.2300","0.0000","-17307.2300","0"
"B622603-5","2101","CUENTAS POR PAGAR","210102004","IVA DEBITO","2025","1","7918.0000","0.0000","-7918.0000","0"
"B622603-5","2101","CUENTAS POR PAGAR","210102005","IVA DEBITO FACTURA ESPECIAL","2025","1","1061.0500","0.0000","-1061.0500","0"
"B622603-5","2101","CUENTAS POR PAGAR","210102006","RETENCIONES ISR EMPLEADOS","2025","1","6940.0000","6761.2400","-178.7600","0"
"B622603-5","2101","CUENTAS POR PAGAR","210102007","RETENCIONES ISR TERCEROS","2025","1","8767.8100","2932.5200","-5835.2900","0"
"B622603-5","1101","CAJA Y BANCOS","110101002","TRASLADO DE FONDOS","2025","1","0.0000","650000.0000","-650000.0000","0"
"B622603-5","1101","CAJA Y BANCOS","110102001","BAC 701111600 MONETARIA","2025","1","877227.2400","0.0000","877227.2400","0"
"B622603-5","1101","CAJA Y BANCOS","110102002","BANRURAL 3033034955 MONETARIA","2025","1","1005443.1500","0.0000","1005443.1500","0"
"B622603-5","1102","CUENTAS POR COBRAR","110204002","OTROS INGRESOS POR COBRAR","2025","1","15286.3200","1846.3200","13440.0000","0"
"B622603-5","1202","GASTOS DIFERIDOS","120202001","ANTICIPOS DE GASTOS","2025","1","0.0000","14682.1400","-14682.1400","0"
"B622603-5","2101","CUENTAS POR PAGAR","210102004","IVA DEBITO","2025","1","0.0000","1637.8200","1637.8200","0"
"B622603-5","2101","CUENTAS POR PAGAR","210104002","OTROS INGRESOS ANTICIPADOS","2025","1","0.0000","228214.2900","228214.2900","0"
"B622603-5","1102","CUENTAS POR COBRAR","110204002","OTROS INGRESOS POR COBRAR","2025","2","0.0000","1.8000","-1.8000","0"
"B622603-5","2101","CUENTAS POR PAGAR","210104002","OTROS INGRESOS ANTICIPADOS","2025","2","1.8000","0.0000","-1.8000","0"
"B622603-5","1202","GASTOS DIFERIDOS","120202001","ANTICIPOS DE GASTOS","2025","2","0.0000","2093.6800","-2093.6800","0"
"B622603-5","2101","CUENTAS POR PAGAR","210101003","GASTOS OPERATIVOS POR PAGAR","2025","2","0.0000","58971.5000","58971.5000","0"
"B622603-5","1202","GASTOS DIFERIDOS","120202001","ANTICIPOS DE GASTOS","2025","2","0.0000","804.0000","-804.0000","0"
"B622603-5","1202","GASTOS DIFERIDOS","120202001","ANTICIPOS DE GASTOS","2025","2","0.0000","1260.0000","-1260.0000","0"
"B622603-5","2101","CUENTAS POR PAGAR","210101003","GASTOS OPERATIVOS POR PAGAR","2025","2","0.0000","276.2500","276.2500","0"
"B622603-5","2101","CUENTAS POR PAGAR","210101003","GASTOS OPERATIVOS POR PAGAR","2025","2","0.0000","25773.6200","25773.6200","0"
"B622603-5","2101","CUENTAS POR PAGAR","210103002","PROVISION AGUINALDO","2025","2","0.0000","18046.6200","18046.6200","0"
"B622603-5","2101","CUENTAS POR PAGAR","210103001","PROVISION INDEMNIZACION","2025","2","0.0000","30256.7200","30256.7200","0"
"B622603-5","2101","CUENTAS POR PAGAR","210103003","PROVISION BONO 14","2025","2","0.0000","18850.8400","18850.8400","0"
"B622603-5","2101","CUENTAS POR PAGAR","210102002","CUOTA PATRONAL IGSS","2025","2","0.0000","18882.7400","18882.7400","0"
"B622603-5","2101","CUENTAS POR PAGAR","210101002","GASTOS ADMINISTRATIVOS POR PAGAR","2025","2","0.0000","7443.0300","7443.0300","0"
"B622603-5","2101","CUENTAS POR PAGAR","210104002","OTROS INGRESOS ANTICIPADOS","2025","2","450.0000","0.0000","-450.0000","0"
"B622603-5","2101","CUENTAS POR PAGAR","210104002","OTROS INGRESOS ANTICIPADOS","2025","2","8125.0000","0.0000","-8125.0000","0"
"B622603-5","1102","CUENTAS POR COBRAR","110201001","A_ADAMA
","2025","2","35000.0000","0.0000","35000.0000","0"
"B622603-5","1102","CUENTAS POR COBRAR","110201002","A_ARYSTA
","2025","2","8750.0000","0.0000","8750.0000","0"
"B622603-5","1102","CUENTAS POR COBRAR","110201003","A_BASF DE GUATEMALA
","2025","2","35000.0000","0.0000","35000.0000","0"
"B622603-5","1102","CUENTAS POR COBRAR","110201004","A_BAYER, S.A.","2025","2","35000.0000","0.0000","35000.0000","0"
"B622603-5","1102","CUENTAS POR COBRAR","110201006","C_DUWEST GUATEMALA
","2025","2","12000.0000","0.0000","12000.0000","0"
"B622603-5","1102","CUENTAS POR COBRAR","110201007","A_FMC, S.A.
","2025","2","35000.0000","0.0000","35000.0000","0"
"B622603-5","1102","CUENTAS POR COBRAR","110201009","A_YARA
","2025","2","35000.0000","0.0000","35000.0000","0"
"B622603-5","1102","CUENTAS POR COBRAR","110201010","B_BIESTERFELD DE GUATEMALA
","2025","2","20000.0000","0.0000","20000.0000","0"
"B622603-5","1102","CUENTAS POR COBRAR","110201011","B_CTL
","2025","2","20000.0000","0.0000","20000.0000","0"
"B622603-5","1102","CUENTAS POR COBRAR","110201012","B_ESPORANGIO, S.A.
","2025","2","20000.0000","0.0000","20000.0000","0"
"B622603-5","1102","CUENTAS POR COBRAR","110201013","B_FORAGRO
","2025","2","20000.0000","0.0000","20000.0000","0"
"B622603-5","1102","CUENTAS POR COBRAR","110201014","B_PROMOAGRO
","2025","2","20000.0000","0.0000","20000.0000","0"
"B622603-5","1102","CUENTAS POR COBRAR","110201015","B_QUILUBRISA
","2025","2","20000.0000","0.0000","20000.0000","0"
"B622603-5","1102","CUENTAS POR COBRAR","110201016","B_RAINBOW
","2025","2","20000.0000","0.0000","20000.0000","0"
"B622603-5","1102","CUENTAS POR COBRAR","110201017","B_TECUN, S.A.
","2025","2","20000.0000","0.0000","20000.0000","0"
"B622603-5","1102","CUENTAS POR COBRAR","110201018","B_WESTRADE GUATEMALA
","2025","2","20000.0000","0.0000","20000.0000","0"
"B622603-5","1102","CUENTAS POR COBRAR","110201019","C_AGRIAVANCES
","2025","2","12000.0000","0.0000","12000.0000","0"
"B622603-5","1102","CUENTAS POR COBRAR","110201021","C_BAYER, S.A.
","2025","2","12000.0000","0.0000","12000.0000","0"
"B622603-5","1102","CUENTAS POR COBRAR","110201022","C_GRUPO DISAGRO
","2025","2","12000.0000","0.0000","12000.0000","0"
"B622603-5","1102","CUENTAS POR COBRAR","110201023","C_INCISA
","2025","2","12000.0000","0.0000","12000.0000","0"
"B622603-5","1102","CUENTAS POR COBRAR","110201024","C_INSUMOS MODERNOS
","2025","2","12000.0000","0.0000","12000.0000","0"
"B622603-5","1102","CUENTAS POR COBRAR","110201025","C_POTENZ
","2025","2","12000.0000","0.0000","12000.0000","0"
"B622603-5","1102","CUENTAS POR COBRAR","110201027","C_SUPERSEED
","2025","2","12000.0000","0.0000","12000.0000","0"
"B622603-5","1102","CUENTAS POR COBRAR","110201028","B_VIDAGRO
","2025","2","20000.0000","0.0000","20000.0000","0"
"B622603-5","1102","CUENTAS POR COBRAR","110201029","B_STOCKTON S. A.
","2025","2","20000.0000","0.0000","20000.0000","0"
"B622603-5","1102","CUENTAS POR COBRAR","110201030","C_NOVIAGRO, S.A .
","2025","2","12000.0000","0.0000","12000.0000","0"
"B622603-5","1102","CUENTAS POR COBRAR","110201031","B_SEMIAGRO
","2025","2","20000.0000","0.0000","20000.0000","0"
"B622603-5","1102","CUENTAS POR COBRAR","110201032","B_EL COLONO
","2025","2","20000.0000","0.0000","20000.0000","0"
"B622603-5","1102","CUENTAS POR COBRAR","110201034","C_SEDIAGRO
","2025","2","12000.0000","0.0000","12000.0000","0"
"B622603-5","1102","CUENTAS POR COBRAR","110201035","C_LA CORNETA, S.A.
","2025","2","12000.0000","0.0000","12000.0000","0"
"B622603-5","1102","CUENTAS POR COBRAR","110201036","B_BIOSKA
","2025","2","20000.0000","0.0000","20000.0000","0"
"B622603-5","1102","CUENTAS POR COBRAR","110201037","C_AGROFORZA  

","2025","2","12000.0000","0.0000","12000.0000","0"
"B622603-5","1102","CUENTAS POR COBRAR","110201038","B_FERTILIZANTES MAYA
","2025","2","20000.0000","0.0000","20000.0000","0"
"B622603-5","1102","CUENTAS POR COBRAR","110201039","C_GRUPO FERT (CADELGA)
","2025","2","12000.0000","0.0000","12000.0000","0"
"B622603-5","1102","CUENTAS POR COBRAR","110201040","C_AGROINDUSTRIAS SUCCESSO, S.A.
","2025","2","12000.0000","0.0000","12000.0000","0"
"B622603-5","1102","CUENTAS POR COBRAR","110201041","C_OLEFINAS, S.A.  
","2025","2","12000.0000","0.0000","12000.0000","0"
"B622603-5","1102","CUENTAS POR COBRAR","110201047","C_CORPOGREEN, SOCIEDAD ANÓNIMA
","2025","2","12000.0000","0.0000","12000.0000","0"
"B622603-5","1202","GASTOS DIFERIDOS","120202001","ANTICIPOS DE GASTOS","2025","2","0.0000","11000.0000","-11000.0000","0"
"B622603-5","2101","CUENTAS POR PAGAR","210101002","GASTOS ADMINISTRATIVOS POR PAGAR","2025","2","0.0000","2200.0000","2200.0000","0"
"B622603-5","2101","CUENTAS POR PAGAR","210102005","IVA DEBITO FACTURA ESPECIAL","2025","2","0.0000","1667.3700","1667.3700","0"
"B622603-5","2101","CUENTAS POR PAGAR","210102007","RETENCIONES ISR TERCEROS","2025","2","0.0000","694.7400","694.7400","0"
"B622603-5","1104","INVENTARIO","110401001","SELLOS DE CALIDAD","2025","2","0.0000","2385.9600","-2385.9600","0"
"B622603-5","1102","CUENTAS POR COBRAR","110204002","OTROS INGRESOS POR COBRAR","2025","2","0.0000","1152.0000","-1152.0000","0"
"B622603-5","1103","IMPUESTOS POR COBRAR","110301003","IVA RETENCION","2025","2","1152.0000","0.0000","1152.0000","0"
"B622603-5","1103","IMPUESTOS POR COBRAR","110301003","IVA RETENCION","2025","2","0.0000","1152.0000","-1152.0000","0"
"B622603-5","2101","CUENTAS POR PAGAR","210102004","IVA DEBITO","2025","2","1152.0000","0.0000","-1152.0000","0"
"B622603-5","","","210105001","","2025","2","0.0000","705777.0700","705777.0700","0"
"B622603-5","3101","PATRIMONIO AGREQUIMA","310101001","PATRIMONIO ACTIVOS FIJOS","2025","2","0.0000","6741.0000","6741.0000","0"
"B622603-5","3201","RESULTADOS AGREQUIMA","320101092","RESULTADO DEL EJERCICIO 2025","2025","2","712518.0700","0.0000","-712518.0700","0"
"B622603-5","1101","CAJA Y BANCOS","110101002","TRASLADO DE FONDOS","2025","2","0.0000","450000.0000","-450000.0000","0"
"B622603-5","1101","CAJA Y BANCOS","110102001","BAC 701111600 MONETARIA","2025","2","723343.3100","0.0000","723343.3100","0"
"B622603-5","1101","CAJA Y BANCOS","110102002","BANRURAL 3033034955 MONETARIA","2025","2","808005.1400","0.0000","808005.1400","0"
"B622603-5","1102","CUENTAS POR COBRAR","110201007","A_FMC, S.A.
","2025","2","0.0000","35000.0000","-35000.0000","0"
"B622603-5","1102","CUENTAS POR COBRAR","110201009","A_YARA
","2025","2","0.0000","35000.0000","-35000.0000","0"
"B622603-5","1102","CUENTAS POR COBRAR","110201012","B_ESPORANGIO, S.A.
","2025","2","0.0000","6666.6600","-6666.6600","0"
"B622603-5","1102","CUENTAS POR COBRAR","110201015","B_QUILUBRISA
","2025","2","0.0000","20000.0000","-20000.0000","0"
"B622603-5","1102","CUENTAS POR COBRAR","110201016","B_RAINBOW
","2025","2","0.0000","20000.0000","-20000.0000","0"
"B622603-5","1102","CUENTAS POR COBRAR","110201019","C_AGRIAVANCES
","2025","2","0.0000","4000.0000","-4000.0000","0"
"B622603-5","1102","CUENTAS POR COBRAR","110201022","C_GRUPO DISAGRO
","2025","2","0.0000","12000.0000","-12000.0000","0"
"B622603-5","1102","CUENTAS POR COBRAR","110201023","C_INCISA
","2025","2","0.0000","4000.0000","-4000.0000","0"
"B622603-5","1102","CUENTAS POR COBRAR","110201025","C_POTENZ
","2025","2","0.0000","12000.0000","-12000.0000","0"
"B622603-5","1102","CUENTAS POR COBRAR","110201028","B_VIDAGRO
","2025","2","0.0000","20000.0000","-20000.0000","0"
"B622603-5","1102","CUENTAS POR COBRAR","110201029","B_STOCKTON S. A.
","2025","2","0.0000","20000.0000","-20000.0000","0"
"B622603-5","1102","CUENTAS POR COBRAR","110201030","C_NOVIAGRO, S.A .
","2025","2","0.0000","12000.0000","-12000.0000","0"
"B622603-5","1102","CUENTAS POR COBRAR","110201031","B_SEMIAGRO
","2025","2","0.0000","5000.0000","-5000.0000","0"
"B622603-5","1102","CUENTAS POR COBRAR","110201032","B_EL COLONO
","2025","2","0.0000","10000.0000","-10000.0000","0"
"B622603-5","1102","CUENTAS POR COBRAR","110201038","B_FERTILIZANTES MAYA
","2025","2","0.0000","20000.0000","-20000.0000","0"
"B622603-5","1102","CUENTAS POR COBRAR","110201041","C_OLEFINAS, S.A.  
","2025","2","0.0000","12000.0000","-12000.0000","0"
"B622603-5","1102","CUENTAS POR COBRAR","110201047","C_CORPOGREEN, SOCIEDAD ANÓNIMA
","2025","2","0.0000","12000.0000","-12000.0000","0"
"B622603-5","1102","CUENTAS POR COBRAR","110204002","OTROS INGRESOS POR COBRAR","2025","2","17663.2800","24392.8800","-6729.6000","0"
"B622603-5","1103","IMPUESTOS POR COBRAR","110301003","IVA RETENCION","2025","2","86.4000","0.0000","86.4000","0"
"B622603-5","1202","GASTOS DIFERIDOS","120202001","ANTICIPOS DE GASTOS","2025","2","0.0000","13815.1600","-13815.1600","0"
"B622603-5","2101","CUENTAS POR PAGAR","210102004","IVA DEBITO","2025","2","0.0000","3548.8600","3548.8600","0"
"B622603-5","2101","CUENTAS POR PAGAR","210104002","OTROS INGRESOS ANTICIPADOS","2025","2","15373.0500","25857.0200","10483.9700","0"
"B622603-5","1101","CAJA Y BANCOS","110101002","TRASLADO DE FONDOS","2025","2","450000.0000","0.0000","450000.0000","0"
"B622603-5","1101","CAJA Y BANCOS","110102001","BAC 701111600 MONETARIA","2025","2","0.0000","570052.2000","-570052.2000","0"
"B622603-5","1101","CAJA Y BANCOS","110102002","BANRURAL 3033034955 MONETARIA","2025","2","0.0000","612492.0900","-612492.0900","0"
"B622603-5","1102","CUENTAS POR COBRAR","110204003","OTRAS CUENTAS POR COBRAR","2025","2","1200.7000","3200.7000","-2000.0000","0"
"B622603-5","1201","ACTIVOS FIJOS","120101003","HARDWARE","2025","2","6741.0000","0.0000","6741.0000","0"
"B622603-5","1202","GASTOS DIFERIDOS","120202001","ANTICIPOS DE GASTOS","2025","2","72239.0900","0.0000","72239.0900","0"
"B622603-5","2101","CUENTAS POR PAGAR","210101002","GASTOS ADMINISTRATIVOS POR PAGAR","2025","2","27020.0800","75.0000","-26945.0800","0"
"B622603-5","2101","CUENTAS POR PAGAR","210101003","GASTOS OPERATIVOS POR PAGAR","2025","2","54948.2000","0.0000","-54948.2000","0"
"B622603-5","2101","CUENTAS POR PAGAR","210102001","CUOTA LABORAL IGSS","2025","2","7707.3000","7815.2200","107.9200","0"
"B622603-5","2101","CUENTAS POR PAGAR","210102002","CUOTA PATRONAL IGSS","2025","2","18622.0500","0.0000","-18622.0500","0"
"B622603-5","2101","CUENTAS POR PAGAR","210102004","IVA DEBITO","2025","2","486.0000","0.0000","-486.0000","0"
"B622603-5","2101","CUENTAS POR PAGAR","210102006","RETENCIONES ISR EMPLEADOS","2025","2","6761.2500","9446.6300","2685.3800","0"
"B622603-5","2101","CUENTAS POR PAGAR","210102007","RETENCIONES ISR TERCEROS","2025","2","2932.5200","3966.8100","1034.2900","0"
"B622603-5","1202","GASTOS DIFERIDOS","120202001","ANTICIPOS DE GASTOS","2025","3","0.0000","983.0000","-983.0000","0"
"B622603-5","1202","GASTOS DIFERIDOS","120202001","ANTICIPOS DE GASTOS","2025","3","0.0000","2093.6800","-2093.6800","0"
"B622603-5","1102","CUENTAS POR COBRAR","110204002","OTROS INGRESOS POR COBRAR","2025","3","0.0000","250.0000","-250.0000","0"
"B622603-5","2101","CUENTAS POR PAGAR","210104002","OTROS INGRESOS ANTICIPADOS","2025","3","250.0000","0.0000","-250.0000","0"
"B622603-5","2101","CUENTAS POR PAGAR","210101003","GASTOS OPERATIVOS POR PAGAR","2025","3","0.0000","71161.7500","71161.7500","0"
"B622603-5","1202","GASTOS DIFERIDOS","120202001","ANTICIPOS DE GASTOS","2025","3","0.0000","578.9600","-578.9600","0"
"B622603-5","1202","GASTOS DIFERIDOS","120202001","ANTICIPOS DE GASTOS","2025","3","0.0000","4167.5000","-4167.5000","0"
"B622603-5","1202","GASTOS DIFERIDOS","120202001","ANTICIPOS DE GASTOS","2025","3","0.0000","2066.0000","-2066.0000","0"
"B622603-5","1202","GASTOS DIFERIDOS","120202001","ANTICIPOS DE GASTOS","2025","3","0.0000","2034.0000","-2034.0000","0"
"B622603-5","1202","GASTOS DIFERIDOS","120202001","ANTICIPOS DE GASTOS","2025","3","0.0000","309.3300","-309.3300","0"
"B622603-5","1202","GASTOS DIFERIDOS","120202001","ANTICIPOS DE GASTOS","2025","3","0.0000","648.0000","-648.0000","0"
"B622603-5","2101","CUENTAS POR PAGAR","210101002","GASTOS ADMINISTRATIVOS POR PAGAR","2025","3","0.0000","11421.3600","11421.3600","0"
"B622603-5","2101","CUENTAS POR PAGAR","210103001","PROVISION INDEMNIZACION","2025","3","0.0000","32884.8400","32884.8400","0"
"B622603-5","2101","CUENTAS POR PAGAR","210103002","PROVISION AGUINALDO","2025","3","0.0000","20441.8700","20441.8700","0"
"B622603-5","2101","CUENTAS POR PAGAR","210103003","PROVISION BONO 14","2025","3","0.0000","21246.0900","21246.0900","0"
"B622603-5","1202","GASTOS DIFERIDOS","120202001","ANTICIPOS DE GASTOS","2025","3","0.0000","10890.0000","-10890.0000","0"
"B622603-5","2101","CUENTAS POR PAGAR","210102005","IVA DEBITO FACTURA ESPECIAL","2025","3","0.0000","1375.5800","1375.5800","0"
"B622603-5","2101","CUENTAS POR PAGAR","210102007","RETENCIONES ISR TERCEROS","2025","3","0.0000","573.1600","573.1600","0"
"B622603-5","2101","CUENTAS POR PAGAR","210101003","GASTOS OPERATIVOS POR PAGAR","2025","3","0.0000","29935.2400","29935.2400","0"
"B622603-5","2101","CUENTAS POR PAGAR","210104002","OTROS INGRESOS ANTICIPADOS","2025","3","675.0000","0.0000","-675.0000","0"
"B622603-5","2101","CUENTAS POR PAGAR","210104002","OTROS INGRESOS ANTICIPADOS","2025","3","5520.0000","0.0000","-5520.0000","0"
"B622603-5","1102","CUENTAS POR COBRAR","110204002","OTROS INGRESOS POR COBRAR","2025","3","500.0000","0.0000","500.0000","0"
"B622603-5","1102","CUENTAS POR COBRAR","110201002","A_ARYSTA
","2025","3","8750.0000","0.0000","8750.0000","0"
"B622603-5","1102","CUENTAS POR COBRAR","110201005","A_CORTEVA
","2025","3","35000.0000","0.0000","35000.0000","0"
"B622603-5","2101","CUENTAS POR PAGAR","210104002","OTROS INGRESOS ANTICIPADOS","2025","3","152875.0000","0.0000","-152875.0000","0"
"B622603-5","1201","ACTIVOS FIJOS","120101003","HARDWARE","2025","3","4323.0000","0.0000","4323.0000","0"
"B622603-5","2101","CUENTAS POR PAGAR","210101002","GASTOS ADMINISTRATIVOS POR PAGAR","2025","3","0.0000","4130.0100","4130.0100","0"
"B622603-5","2101","CUENTAS POR PAGAR","210102007","RETENCIONES ISR TERCEROS","2025","3","0.0000","192.9900","192.9900","0"
"B622603-5","2101","CUENTAS POR PAGAR","210102002","CUOTA PATRONAL IGSS","2025","3","0.0000","18557.3200","18557.3200","0"
"B622603-5","1103","IMPUESTOS POR COBRAR","110301003","IVA RETENCION","2025","3","0.0000","86.4000","-86.4000","0"
"B622603-5","2101","CUENTAS POR PAGAR","210102004","IVA DEBITO","2025","3","86.4000","0.0000","-86.4000","0"
"B622603-5","","","210105001","","2025","3","0.0000","107767.9800","107767.9800","0"
"B622603-5","3101","PATRIMONIO AGREQUIMA","310101001","PATRIMONIO ACTIVOS FIJOS","2025","3","0.0000","4323.0000","4323.0000","0"
"B622603-5","3201","RESULTADOS AGREQUIMA","320101092","RESULTADO DEL EJERCICIO 2025","2025","3","112090.9800","0.0000","-112090.9800","0"
"B622603-5","1101","CAJA Y BANCOS","110101002","TRASLADO DE FONDOS","2025","3","0.0000","750000.0000","-750000.0000","0"
"B622603-5","1101","CAJA Y BANCOS","110102001","BAC 701111600 MONETARIA","2025","3","1019738.2500","0.0000","1019738.2500","0"
"B622603-5","1101","CAJA Y BANCOS","110102002","BANRURAL 3033034955 MONETARIA","2025","3","857709.2500","0.0000","857709.2500","0"
"B622603-5","1101","CAJA Y BANCOS","110102003","BANCO INDUSTRIAL 0000269530 MONETARIA","2025","3","12314.4800","0.0000","12314.4800","0"
"B622603-5","1102","CUENTAS POR COBRAR","110201002","A_ARYSTA
","2025","3","0.0000","8750.0000","-8750.0000","0"
"B622603-5","1102","CUENTAS POR COBRAR","110201003","A_BASF DE GUATEMALA
","2025","3","0.0000","35000.0000","-35000.0000","0"
"B622603-5","1102","CUENTAS POR COBRAR","110201004","A_BAYER, S.A.","2025","3","0.0000","35000.0000","-35000.0000","0"
"B622603-5","1102","CUENTAS POR COBRAR","110201005","A_CORTEVA
","2025","3","0.0000","35000.0000","-35000.0000","0"
"B622603-5","1102","CUENTAS POR COBRAR","110201010","B_BIESTERFELD DE GUATEMALA
","2025","3","0.0000","20000.0000","-20000.0000","0"
"B622603-5","1102","CUENTAS POR COBRAR","110201012","B_ESPORANGIO, S.A.
","2025","3","0.0000","6666.6700","-6666.6700","0"
"B622603-5","1102","CUENTAS POR COBRAR","110201013","B_FORAGRO
","2025","3","0.0000","20000.0000","-20000.0000","0"
"B622603-5","1102","CUENTAS POR COBRAR","110201019","C_AGRIAVANCES
","2025","3","0.0000","4000.0000","-4000.0000","0"
"B622603-5","1102","CUENTAS POR COBRAR","110201021","C_BAYER, S.A.
","2025","3","0.0000","12000.0000","-12000.0000","0"
"B622603-5","1102","CUENTAS POR COBRAR","110201023","C_INCISA
","2025","3","0.0000","4000.0000","-4000.0000","0"
"B622603-5","1102","CUENTAS POR COBRAR","110201031","B_SEMIAGRO
","2025","3","0.0000","5000.0000","-5000.0000","0"
"B622603-5","1102","CUENTAS POR COBRAR","110201035","C_LA CORNETA, S.A.
","2025","3","0.0000","12000.0000","-12000.0000","0"
"B622603-5","1102","CUENTAS POR COBRAR","110201037","C_AGROFORZA  

","2025","3","0.0000","12000.0000","-12000.0000","0"
"B622603-5","1102","CUENTAS POR COBRAR","110204002","OTROS INGRESOS POR COBRAR","2025","3","11367.7100","28971.7900","-17604.0800","0"
"B622603-5","1103","IMPUESTOS POR COBRAR","110301003","IVA RETENCION","2025","3","80.3600","0.0000","80.3600","0"
"B622603-5","1202","GASTOS DIFERIDOS","120202001","ANTICIPOS DE GASTOS","2025","3","0.0000","41024.6800","-41024.6800","0"
"B622603-5","2101","CUENTAS POR PAGAR","210101003","GASTOS OPERATIVOS POR PAGAR","2025","3","0.0000","93.7500","93.7500","0"
"B622603-5","2101","CUENTAS POR PAGAR","210102004","IVA DEBITO","2025","3","0.0000","2664.6000","2664.6000","0"
"B622603-5","2101","CUENTAS POR PAGAR","210104002","OTROS INGRESOS ANTICIPADOS","2025","3","13421.5400","178861.7800","165440.2400","0"
"B622603-5","1101","CAJA Y BANCOS","110101002","TRASLADO DE FONDOS","2025","3","750000.0000","0.0000","750000.0000","0"
"B622603-5","1101","CAJA Y BANCOS","110102001","BAC 701111600 MONETARIA","2025","3","0.0000","526766.5900","-526766.5900","0"
"B622603-5","1101","CAJA Y BANCOS","110102002","BANRURAL 3033034955 MONETARIA","2025","3","0.0000","1078509.3800","-1078509.3800","0"
"B622603-5","1102","CUENTAS POR COBRAR","110204003","OTRAS CUENTAS POR COBRAR","2025","3","93630.2700","3200.7000","90429.5700","0"
"B622603-5","1202","GASTOS DIFERIDOS","120202001","ANTICIPOS DE GASTOS","2025","3","79536.6100","377.5000","79159.1100","0"
"B622603-5","2101","CUENTAS POR PAGAR","210101002","GASTOS ADMINISTRATIVOS POR PAGAR","2025","3","7440.9600","0.0000","-7440.9600","0"
"B622603-5","2101","CUENTAS POR PAGAR","210101003","GASTOS OPERATIVOS POR PAGAR","2025","3","85115.1200","0.0100","-85115.1100","0"
"B622603-5","2101","CUENTAS POR PAGAR","210102001","CUOTA LABORAL IGSS","2025","3","7734.0600","7652.9500","-81.1100","0"
"B622603-5","2101","CUENTAS POR PAGAR","210102002","CUOTA PATRONAL IGSS","2025","3","18720.0300","0.0000","-18720.0300","0"
"B622603-5","2101","CUENTAS POR PAGAR","210102004","IVA DEBITO","2025","3","3463.0000","0.0000","-3463.0000","0"
"B622603-5","2101","CUENTAS POR PAGAR","210102005","IVA DEBITO FACTURA ESPECIAL","2025","3","1667.3700","0.0000","-1667.3700","0"
"B622603-5","2101","CUENTAS POR PAGAR","210102006","RETENCIONES ISR EMPLEADOS","2025","3","9446.6300","5141.3700","-4305.2600","0"
"B622603-5","2101","CUENTAS POR PAGAR","210102007","RETENCIONES ISR TERCEROS","2025","3","4661.5500","3226.7600","-1434.7900","0"
"B622603-5","1202","GASTOS DIFERIDOS","120202001","ANTICIPOS DE GASTOS","2025","4","0.0000","1173.5500","-1173.5500","0"
"B622603-5","1202","GASTOS DIFERIDOS","120202001","ANTICIPOS DE GASTOS","2025","4","0.0000","2368.5000","-2368.5000","0"
"B622603-5","1202","GASTOS DIFERIDOS","120202001","ANTICIPOS DE GASTOS","2025","4","0.0000","1738.0000","-1738.0000","0"
"B622603-5","1202","GASTOS DIFERIDOS","120202001","ANTICIPOS DE GASTOS","2025","4","0.0000","2093.6800","-2093.6800","0"
"B622603-5","1102","CUENTAS POR COBRAR","110204002","OTROS INGRESOS POR COBRAR","2025","4","0.0000","500.0000","-500.0000","0"
"B622603-5","2101","CUENTAS POR PAGAR","210104002","OTROS INGRESOS ANTICIPADOS","2025","4","500.0000","0.0000","-500.0000","0"
"B622603-5","2101","CUENTAS POR PAGAR","210103001","PROVISION INDEMNIZACION","2025","4","0.0000","21229.2000","21229.2000","0"
"B622603-5","2101","CUENTAS POR PAGAR","210103002","PROVISION AGUINALDO","2025","4","0.0000","19348.1300","19348.1300","0"
"B622603-5","2101","CUENTAS POR PAGAR","210103003","PROVISION BONO 14","2025","4","0.0000","19348.1300","19348.1300","0"
"B622603-5","2101","CUENTAS POR PAGAR","210102002","CUOTA PATRONAL IGSS","2025","4","0.0000","18720.0300","18720.0300","0"
"B622603-5","2101","CUENTAS POR PAGAR","210104002","OTROS INGRESOS ANTICIPADOS","2025","4","600.0000","0.0000","-600.0000","0"
"B622603-5","2101","CUENTAS POR PAGAR","210104002","OTROS INGRESOS ANTICIPADOS","2025","4","6675.0000","0.0000","-6675.0000","0"
"B622603-5","2101","CUENTAS POR PAGAR","210104002","OTROS INGRESOS ANTICIPADOS","2025","4","2625.0000","0.0000","-2625.0000","0"
"B622603-5","1102","CUENTAS POR COBRAR","110201020","A_SYNGENTA-AGROINSUMOS
","2025","4","35000.0000","0.0000","35000.0000","0"
"B622603-5","1102","CUENTAS POR COBRAR","110201002","A_ARYSTA
","2025","4","8750.0000","0.0000","8750.0000","0"
"B622603-5","2101","CUENTAS POR PAGAR","210104002","OTROS INGRESOS ANTICIPADOS","2025","4","209495.3000","0.0000","-209495.3000","0"
"B622603-5","1202","GASTOS DIFERIDOS","120202001","ANTICIPOS DE GASTOS","2025","4","0.0000","8690.0000","-8690.0000","0"
"B622603-5","2101","CUENTAS POR PAGAR","210102005","IVA DEBITO FACTURA ESPECIAL","2025","4","0.0000","1097.6800","1097.6800","0"
"B622603-5","2101","CUENTAS POR PAGAR","210102007","RETENCIONES ISR TERCEROS","2025","4","0.0000","457.3700","457.3700","0"
"B622603-5","2101","CUENTAS POR PAGAR","210101003","GASTOS OPERATIVOS POR PAGAR","2025","4","0.0000","19460.9500","19460.9500","0"
"B622603-5","2101","CUENTAS POR PAGAR","210101002","GASTOS ADMINISTRATIVOS POR PAGAR","2025","4","0.0000","41457.0500","41457.0500","0"
"B622603-5","2101","CUENTAS POR PAGAR","210101002","GASTOS ADMINISTRATIVOS POR PAGAR","2025","4","0.0000","515.0000","515.0000","0"
"B622603-5","2101","CUENTAS POR PAGAR","210101002","GASTOS ADMINISTRATIVOS POR PAGAR","2025","4","0.0000","3319.8700","3319.8700","0"
"B622603-5","2101","CUENTAS POR PAGAR","210102007","RETENCIONES ISR TERCEROS","2025","4","0.0000","155.1300","155.1300","0"
"B622603-5","2101","CUENTAS POR PAGAR","210101002","GASTOS ADMINISTRATIVOS POR PAGAR","2025","4","0.0000","407.0000","407.0000","0"
"B622603-5","2101","CUENTAS POR PAGAR","210101002","GASTOS ADMINISTRATIVOS POR PAGAR","2025","4","0.0000","9184.0000","9184.0000","0"
"B622603-5","2101","CUENTAS POR PAGAR","210101002","GASTOS ADMINISTRATIVOS POR PAGAR","2025","4","0.0000","390.0000","390.0000","0"
"B622603-5","2101","CUENTAS POR PAGAR","210101002","GASTOS ADMINISTRATIVOS POR PAGAR","2025","4","0.0000","7443.7700","7443.7700","0"
"B622603-5","2101","CUENTAS POR PAGAR","210101002","GASTOS ADMINISTRATIVOS POR PAGAR","2025","4","0.0000","518.0300","518.0300","0"
"B622603-5","2101","CUENTAS POR PAGAR","210101002","GASTOS ADMINISTRATIVOS POR PAGAR","2025","4","0.0000","7684.9400","7684.9400","0"
"B622603-5","2101","CUENTAS POR PAGAR","210101002","GASTOS ADMINISTRATIVOS POR PAGAR","2025","4","0.0000","592.5600","592.5600","0"
"B622603-5","2101","CUENTAS POR PAGAR","210101002","GASTOS ADMINISTRATIVOS POR PAGAR","2025","4","0.0000","7443.7700","7443.7700","0"
"B622603-5","2101","CUENTAS POR PAGAR","210101002","GASTOS ADMINISTRATIVOS POR PAGAR","2025","4","0.0000","7443.7700","7443.7700","0"
"B622603-5","2101","CUENTAS POR PAGAR","210101002","GASTOS ADMINISTRATIVOS POR PAGAR","2025","4","0.0000","1036.0600","1036.0600","0"
"B622603-5","2101","CUENTAS POR PAGAR","210101002","GASTOS ADMINISTRATIVOS POR PAGAR","2025","4","0.0000","10191.5900","10191.5900","0"
"B622603-5","2101","CUENTAS POR PAGAR","210101002","GASTOS ADMINISTRATIVOS POR PAGAR","2025","4","279.2500","0.0000","-279.2500","0"
"B622603-5","2101","CUENTAS POR PAGAR","210101003","GASTOS OPERATIVOS POR PAGAR","2025","4","0.0000","50275.8600","50275.8600","0"
"B622603-5","1202","GASTOS DIFERIDOS","120202001","ANTICIPOS DE GASTOS","2025","4","0.0000","3638.0000","-3638.0000","0"
"B622603-5","1202","GASTOS DIFERIDOS","120202001","ANTICIPOS DE GASTOS","2025","4","0.0000","399.0000","-399.0000","0"
"B622603-5","2101","CUENTAS POR PAGAR","210101003","GASTOS OPERATIVOS POR PAGAR","2025","4","0.0000","1791.0000","1791.0000","0"
"B622603-5","1202","GASTOS DIFERIDOS","120202001","ANTICIPOS DE GASTOS","2025","4","0.0000","569.9500","-569.9500","0"
"B622603-5","1202","GASTOS DIFERIDOS","120202001","ANTICIPOS DE GASTOS","2025","4","0.0000","3030.0000","-3030.0000","0"
"B622603-5","1202","GASTOS DIFERIDOS","120202001","ANTICIPOS DE GASTOS","2025","4","0.0000","6358.2200","-6358.2200","0"
"B622603-5","1202","GASTOS DIFERIDOS","120202001","ANTICIPOS DE GASTOS","2025","4","0.0000","1606.0100","-1606.0100","0"
"B622603-5","1202","GASTOS DIFERIDOS","120202001","ANTICIPOS DE GASTOS","2025","4","0.0000","727.0000","-727.0000","0"
"B622603-5","2101","CUENTAS POR PAGAR","210101003","GASTOS OPERATIVOS POR PAGAR","2025","4","0.0000","1624.0000","1624.0000","0"
"B622603-5","2101","CUENTAS POR PAGAR","210101002","GASTOS ADMINISTRATIVOS POR PAGAR","2025","4","0.0000","3139.4300","3139.4300","0"
"B622603-5","2101","CUENTAS POR PAGAR","210101002","GASTOS ADMINISTRATIVOS POR PAGAR","2025","4","0.0000","550.0000","550.0000","0"
"B622603-5","2101","CUENTAS POR PAGAR","210101002","GASTOS ADMINISTRATIVOS POR PAGAR","2025","4","0.0000","1505.0000","1505.0000","0"
"B622603-5","2101","CUENTAS POR PAGAR","210101002","GASTOS ADMINISTRATIVOS POR PAGAR","2025","4","0.0000","805.0000","805.0000","0"
"B622603-5","2101","CUENTAS POR PAGAR","210101002","GASTOS ADMINISTRATIVOS POR PAGAR","2025","4","0.0000","7883.4100","7883.4100","0"
"B622603-5","2101","CUENTAS POR PAGAR","210101002","GASTOS ADMINISTRATIVOS POR PAGAR","2025","4","0.0000","466.1800","466.1800","0"
"B622603-5","1103","IMPUESTOS POR COBRAR","110301003","IVA RETENCION","2025","4","0.0000","80.3600","-80.3600","0"
"B622603-5","2101","CUENTAS POR PAGAR","210102004","IVA DEBITO","2025","4","80.3600","0.0000","-80.3600","0"
"B622603-5","2101","CUENTAS POR PAGAR","210101003","GASTOS OPERATIVOS POR PAGAR","2025","4","0.3000","0.0000","-0.3000","0"
"B622603-5","","","210105001","","2025","4","0.0000","180204.3300","180204.3300","0"
"B622603-5","3101","PATRIMONIO AGREQUIMA","310101001","PATRIMONIO ACTIVOS FIJOS","2025","4","0.0000","5345.0000","5345.0000","0"
"B622603-5","3201","RESULTADOS AGREQUIMA","320101092","RESULTADO DEL EJERCICIO 2025","2025","4","185549.3300","0.0000","-185549.3300","0"
"B622603-5","1101","CAJA Y BANCOS","110101002","TRASLADO DE FONDOS","2025","4","0.0000","1850000.0000","-1850000.0000","0"
"B622603-5","1101","CAJA Y BANCOS","110102001","BAC 701111600 MONETARIA","2025","4","2463048.0200","0.0000","2463048.0200","0"
"B622603-5","1101","CAJA Y BANCOS","110102002","BANRURAL 3033034955 MONETARIA","2025","4","1181768.1400","0.0000","1181768.1400","0"
"B622603-5","1102","CUENTAS POR COBRAR","110201002","A_ARYSTA
","2025","4","0.0000","8750.0000","-8750.0000","0"
"B622603-5","1102","CUENTAS POR COBRAR","110201012","B_ESPORANGIO, S.A.
","2025","4","0.0000","6666.6700","-6666.6700","0"
"B622603-5","1102","CUENTAS POR COBRAR","110201014","B_PROMOAGRO
","2025","4","0.0000","20000.0000","-20000.0000","0"
"B622603-5","1102","CUENTAS POR COBRAR","110201023","C_INCISA
","2025","4","0.0000","4000.0000","-4000.0000","0"
"B622603-5","1102","CUENTAS POR COBRAR","110201031","B_SEMIAGRO
","2025","4","0.0000","5000.0000","-5000.0000","0"
"B622603-5","1102","CUENTAS POR COBRAR","110204002","OTROS INGRESOS POR COBRAR","2025","4","21532.3600","28923.3700","-7391.0100","0"
"B622603-5","1202","GASTOS DIFERIDOS","120202001","ANTICIPOS DE GASTOS","2025","4","0.0000","747765.7700","-747765.7700","0"
"B622603-5","2101","CUENTAS POR PAGAR","210102004","IVA DEBITO","2025","4","0.0000","3480.2200","3480.2200","0"
"B622603-5","2101","CUENTAS POR PAGAR","210104002","OTROS INGRESOS ANTICIPADOS","2025","4","10949.7100","233463.4700","222513.7600","0"
"B622603-5","1101","CAJA Y BANCOS","110101002","TRASLADO DE FONDOS","2025","4","1850000.0000","0.0000","1850000.0000","0"
"B622603-5","1101","CAJA Y BANCOS","110102001","BAC 701111600 MONETARIA","2025","4","0.0000","895419.8600","-895419.8600","0"
"B622603-5","1101","CAJA Y BANCOS","110102002","BANRURAL 3033034955 MONETARIA","2025","4","0.0000","1257753.4000","-1257753.4000","0"
"B622603-5","1101","CAJA Y BANCOS","110102003","BANCO INDUSTRIAL 0000269530 MONETARIA","2025","4","0.0000","1200000.0000","-1200000.0000","0"
"B622603-5","1102","CUENTAS POR COBRAR","110204003","OTRAS CUENTAS POR COBRAR","2025","4","1200.7000","3700.7000","-2500.0000","0"
"B622603-5","1201","ACTIVOS FIJOS","120101003","HARDWARE","2025","4","5345.0000","0.0000","5345.0000","0"
"B622603-5","1202","GASTOS DIFERIDOS","120202001","ANTICIPOS DE GASTOS","2025","4","789428.0500","110.0000","789318.0500","0"
"B622603-5","2101","CUENTAS POR PAGAR","210101002","GASTOS ADMINISTRATIVOS POR PAGAR","2025","4","39379.1000","532.8200","-38846.2800","0"
"B622603-5","2101","CUENTAS POR PAGAR","210101003","GASTOS OPERATIVOS POR PAGAR","2025","4","101096.6900","0.0000","-101096.6900","0"
"B622603-5","2101","CUENTAS POR PAGAR","210102001","CUOTA LABORAL IGSS","2025","4","7734.0600","7734.0800","0.0200","0"
"B622603-5","2101","CUENTAS POR PAGAR","210102002","CUOTA PATRONAL IGSS","2025","4","18720.0300","0.0000","-18720.0300","0"
"B622603-5","2101","CUENTAS POR PAGAR","210102004","IVA DEBITO","2025","4","2585.0000","0.0000","-2585.0000","0"
"B622603-5","2101","CUENTAS POR PAGAR","210102005","IVA DEBITO FACTURA ESPECIAL","2025","4","1375.5800","0.0000","-1375.5800","0"
"B622603-5","2101","CUENTAS POR PAGAR","210102006","RETENCIONES ISR EMPLEADOS","2025","4","5141.3700","6288.1700","1146.8000","0"
"B622603-5","2101","CUENTAS POR PAGAR","210102007","RETENCIONES ISR TERCEROS","2025","4","3992.9100","3707.8900","-285.0200","0"
"B622603-5","1103","IMPUESTOS POR COBRAR","110301002","IVA CREDITO","2025","5","1081.9200","0.0000","1081.9200","0"
"B622603-5","1104","INVENTARIO","110401001","SELLOS DE CALIDAD","2025","5","9016.0000","0.0000","9016.0000","0"
"B622603-5","1202","GASTOS DIFERIDOS","120202001","ANTICIPOS DE GASTOS","2025","5","0.0000","10097.9200","-10097.9200","0"
"B622603-5","1202","GASTOS DIFERIDOS","120202001","ANTICIPOS DE GASTOS","2025","5","0.0000","2093.6900","-2093.6900","0"
"B622603-5","2101","CUENTAS POR PAGAR","210103001","PROVISION INDEMNIZACION","2025","5","0.0000","21936.8400","21936.8400","0"
"B622603-5","2101","CUENTAS POR PAGAR","210103002","PROVISION AGUINALDO","2025","5","0.0000","19993.0700","19993.0700","0"
"B622603-5","2101","CUENTAS POR PAGAR","210103003","PROVISION BONO 14","2025","5","0.0000","19993.0700","19993.0700","0"
"B622603-5","2101","CUENTAS POR PAGAR","210102002","CUOTA PATRONAL IGSS","2025","5","0.0000","18720.0300","18720.0300","0"
"B622603-5","1202","GASTOS DIFERIDOS","120202001","ANTICIPOS DE GASTOS","2025","5","0.0000","1440.0000","-1440.0000","0"
"B622603-5","1102","CUENTAS POR COBRAR","110201019","C_AGRIAVANCES
","2025","5","0.0000","4000.0000","-4000.0000","0"
"B622603-5","2101","CUENTAS POR PAGAR","210104002","OTROS INGRESOS ANTICIPADOS","2025","5","4000.0000","0.0000","-4000.0000","0"
"B622603-5","1202","GASTOS DIFERIDOS","120202001","ANTICIPOS DE GASTOS","2025","5","0.0000","11950.0000","-11950.0000","0"
"B622603-5","1103","IMPUESTOS POR COBRAR","110301002","IVA CREDITO","2025","5","0.0000","1081.9200","-1081.9200","0"
"B622603-5","2101","CUENTAS POR PAGAR","210102004","IVA DEBITO","2025","5","1081.9200","0.0000","-1081.9200","0"
"B622603-5","1104","INVENTARIO","110401001","SELLOS DE CALIDAD","2025","5","0.0000","2107.0000","-2107.0000","0"
"B622603-5","2101","CUENTAS POR PAGAR","210101003","GASTOS OPERATIVOS POR PAGAR","2025","5","0.0000","73682.8100","73682.8100","0"
"B622603-5","1202","GASTOS DIFERIDOS","120202001","ANTICIPOS DE GASTOS","2025","5","0.0000","3630.0000","-3630.0000","0"
"B622603-5","2101","CUENTAS POR PAGAR","210101003","GASTOS OPERATIVOS POR PAGAR","2025","5","0.0000","7470.0000","7470.0000","0"
"B622603-5","2101","CUENTAS POR PAGAR","210102005","IVA DEBITO FACTURA ESPECIAL","2025","5","0.0000","1402.1100","1402.1100","0"
"B622603-5","2101","CUENTAS POR PAGAR","210102007","RETENCIONES ISR TERCEROS","2025","5","0.0000","584.2100","584.2100","0"
"B622603-5","1202","GASTOS DIFERIDOS","120202001","ANTICIPOS DE GASTOS","2025","5","0.0000","100.0000","-100.0000","0"
"B622603-5","1202","GASTOS DIFERIDOS","120202001","ANTICIPOS DE GASTOS","2025","5","0.0000","1150.0000","-1150.0000","0"
"B622603-5","1202","GASTOS DIFERIDOS","120202001","ANTICIPOS DE GASTOS","2025","5","0.0000","5483.2000","-5483.2000","0"
"B622603-5","1202","GASTOS DIFERIDOS","120202001","ANTICIPOS DE GASTOS","2025","5","0.0000","3000.0000","-3000.0000","0"
"B622603-5","1202","GASTOS DIFERIDOS","120202001","ANTICIPOS DE GASTOS","2025","5","0.0000","2625.0000","-2625.0000","0"
"B622603-5","1202","GASTOS DIFERIDOS","120202001","ANTICIPOS DE GASTOS","2025","5","0.0000","430.0000","-430.0000","0"
"B622603-5","1202","GASTOS DIFERIDOS","120202001","ANTICIPOS DE GASTOS","2025","5","74.0000","0.0000","74.0000","0"
"B622603-5","2101","CUENTAS POR PAGAR","210101002","GASTOS ADMINISTRATIVOS POR PAGAR","2025","5","0.0000","74.0000","74.0000","0"
"B622603-5","1202","GASTOS DIFERIDOS","120202001","ANTICIPOS DE GASTOS","2025","5","0.5000","0.0000","0.5000","0"
"B622603-5","2101","CUENTAS POR PAGAR","210101002","GASTOS ADMINISTRATIVOS POR PAGAR","2025","5","0.0000","0.5000","0.5000","0"
"B622603-5","2101","CUENTAS POR PAGAR","210104002","OTROS INGRESOS ANTICIPADOS","2025","5","3000.0000","0.0000","-3000.0000","0"
"B622603-5","2101","CUENTAS POR PAGAR","210104002","OTROS INGRESOS ANTICIPADOS","2025","5","450.0000","0.0000","-450.0000","0"
"B622603-5","1102","CUENTAS POR COBRAR","110204002","OTROS INGRESOS POR COBRAR","2025","5","1760.0000","0.0000","1760.0000","0"
"B622603-5","2101","CUENTAS POR PAGAR","210104002","OTROS INGRESOS ANTICIPADOS","2025","5","5195.0000","0.0000","-5195.0000","0"
"B622603-5","2101","CUENTAS POR PAGAR","210104002","OTROS INGRESOS ANTICIPADOS","2025","5","275.0000","0.0000","-275.0000","0"
"B622603-5","1102","CUENTAS POR COBRAR","110201048","C_EMDYPSA","2025","5","12000.0000","0.0000","12000.0000","0"
"B622603-5","1102","CUENTAS POR COBRAR","110201002","A_ARYSTA
","2025","5","8750.0000","0.0000","8750.0000","0"
"B622603-5","2101","CUENTAS POR PAGAR","210104002","OTROS INGRESOS ANTICIPADOS","2025","5","18000.0000","0.0000","-18000.0000","0"
"B622603-5","2101","CUENTAS POR PAGAR","210101003","GASTOS OPERATIVOS POR PAGAR","2025","5","0.0000","26220.9100","26220.9100","0"
"B622603-5","2101","CUENTAS POR PAGAR","210101002","GASTOS ADMINISTRATIVOS POR PAGAR","2025","5","0.0000","10746.4100","10746.4100","0"
"B622603-5","","","210105001","","2025","5","102953.7300","0.0000","-102953.7300","0"
"B622603-5","3201","RESULTADOS AGREQUIMA","320101092","RESULTADO DEL EJERCICIO 2025","2025","5","0.0000","102953.7300","102953.7300","0"
"B622603-5","1101","CAJA Y BANCOS","110101002","TRASLADO DE FONDOS","2025","5","0.0000","450000.0000","-450000.0000","0"
"B622603-5","1101","CAJA Y BANCOS","110102001","BAC 701111600 MONETARIA","2025","5","574777.7700","0.0000","574777.7700","0"
"B622603-5","1101","CAJA Y BANCOS","110102002","BANRURAL 3033034955 MONETARIA","2025","5","633225.9800","0.0000","633225.9800","0"
"B622603-5","1102","CUENTAS POR COBRAR","110201001","A_ADAMA
","2025","5","0.0000","35000.0000","-35000.0000","0"
"B622603-5","1102","CUENTAS POR COBRAR","110201002","A_ARYSTA
","2025","5","0.0000","8750.0000","-8750.0000","0"
"B622603-5","1102","CUENTAS POR COBRAR","110201031","B_SEMIAGRO
","2025","5","0.0000","5000.0000","-5000.0000","0"
"B622603-5","1102","CUENTAS POR COBRAR","110201032","B_EL COLONO
","2025","5","0.0000","10000.0000","-10000.0000","0"
"B622603-5","1102","CUENTAS POR COBRAR","110201034","C_SEDIAGRO
","2025","5","0.0000","12000.0000","-12000.0000","0"
"B622603-5","1102","CUENTAS POR COBRAR","110201036","B_BIOSKA
","2025","5","0.0000","20000.0000","-20000.0000","0"
"B622603-5","1102","CUENTAS POR COBRAR","110201048","C_EMDYPSA","2025","5","0.0000","3000.0000","-3000.0000","0"
"B622603-5","1102","CUENTAS POR COBRAR","110204002","OTROS INGRESOS POR COBRAR","2025","5","11378.1700","11378.1700","0.0000","0"
"B622603-5","1202","GASTOS DIFERIDOS","120202001","ANTICIPOS DE GASTOS","2025","5","0.0000","22863.1900","-22863.1900","0"
"B622603-5","2101","CUENTAS POR PAGAR","210102004","IVA DEBITO","2025","5","0.0000","3511.3100","3511.3100","0"
"B622603-5","2101","CUENTAS POR PAGAR","210104002","OTROS INGRESOS ANTICIPADOS","2025","5","21394.0200","48450.0000","27055.9800","0"
"B622603-5","1101","CAJA Y BANCOS","110101002","TRASLADO DE FONDOS","2025","5","450000.0000","0.0000","450000.0000","0"
"B622603-5","1101","CAJA Y BANCOS","110102001","BAC 701111600 MONETARIA","2025","5","0.0000","507337.4700","-507337.4700","0"
"B622603-5","1101","CAJA Y BANCOS","110102002","BANRURAL 3033034955 MONETARIA","2025","5","0.0000","687303.1400","-687303.1400","0"
"B622603-5","1102","CUENTAS POR COBRAR","110204003","OTRAS CUENTAS POR COBRAR","2025","5","1200.7000","2700.7000","-1500.0000","0"
"B622603-5","1202","GASTOS DIFERIDOS","120202001","ANTICIPOS DE GASTOS","2025","5","44043.8200","800.0000","43243.8200","0"
"B622603-5","2101","CUENTAS POR PAGAR","210101002","GASTOS ADMINISTRATIVOS POR PAGAR","2025","5","77703.3300","445.0000","-77258.3300","0"
"B622603-5","2101","CUENTAS POR PAGAR","210101003","GASTOS OPERATIVOS POR PAGAR","2025","5","73151.8100","0.0000","-73151.8100","0"
"B622603-5","2101","CUENTAS POR PAGAR","210102001","CUOTA LABORAL IGSS","2025","5","7734.0600","7734.0800","0.0200","0"
"B622603-5","2101","CUENTAS POR PAGAR","210102002","CUOTA PATRONAL IGSS","2025","5","18720.0300","0.0000","-18720.0300","0"
"B622603-5","2101","CUENTAS POR PAGAR","210102004","IVA DEBITO","2025","5","3480.0000","0.0000","-3480.0000","0"
"B622603-5","2101","CUENTAS POR PAGAR","210102005","IVA DEBITO FACTURA ESPECIAL","2025","5","1097.6800","0.0000","-1097.6800","0"
"B622603-5","2101","CUENTAS POR PAGAR","210102006","RETENCIONES ISR EMPLEADOS","2025","5","6288.1700","6288.1700","0.0000","0"
"B622603-5","2101","CUENTAS POR PAGAR","210102007","RETENCIONES ISR TERCEROS","2025","5","4320.3900","3580.0800","-740.3100","0"
"B622603-5","2101","CUENTAS POR PAGAR","210103001","PROVISION INDEMNIZACION","2025","6","0.0000","21229.2000","21229.2000","0"
"B622603-5","2101","CUENTAS POR PAGAR","210103002","PROVISION AGUINALDO","2025","6","0.0000","19348.1300","19348.1300","0"
"B622603-5","2101","CUENTAS POR PAGAR","210103003","PROVISION BONO 14","2025","6","0.0000","19348.1300","19348.1300","0"
"B622603-5","2101","CUENTAS POR PAGAR","210102002","CUOTA PATRONAL IGSS","2025","6","0.0000","18720.0300","18720.0300","0"
"B622603-5","1202","GASTOS DIFERIDOS","120202001","ANTICIPOS DE GASTOS","2025","6","0.0000","2093.6800","-2093.6800","0"
"B622603-5","2101","CUENTAS POR PAGAR","210101002","GASTOS ADMINISTRATIVOS POR PAGAR","2025","6","0.0000","780.0000","780.0000","0"
"B622603-5","2101","CUENTAS POR PAGAR","210104002","OTROS INGRESOS ANTICIPADOS","2025","6","450.0000","0.0000","-450.0000","0"
"B622603-5","2101","CUENTAS POR PAGAR","210104002","OTROS INGRESOS ANTICIPADOS","2025","6","5780.0000","0.0000","-5780.0000","0"
"B622603-5","2101","CUENTAS POR PAGAR","210104002","OTROS INGRESOS ANTICIPADOS","2025","6","5000.0000","0.0000","-5000.0000","0"
"B622603-5","2101","CUENTAS POR PAGAR","210101002","GASTOS ADMINISTRATIVOS POR PAGAR","2025","6","0.0000","12597.6800","12597.6800","0"
"B622603-5","1104","INVENTARIO","110401001","SELLOS DE CALIDAD","2025","6","0.0000","4410.0000","-4410.0000","0"
"B622603-5","2101","CUENTAS POR PAGAR","210101003","GASTOS OPERATIVOS POR PAGAR","2025","6","0.0000","49993.3500","49993.3500","0"
"B622603-5","1201","ACTIVOS FIJOS","120101001","MOBILIARIO Y EQUIPO","2025","6","589.7000","0.0000","589.7000","0"
"B622603-5","2101","CUENTAS POR PAGAR","210101003","GASTOS OPERATIVOS POR PAGAR","2025","6","0.0000","589.7000","589.7000","0"
"B622603-5","1201","ACTIVOS FIJOS","120101001","MOBILIARIO Y EQUIPO","2025","6","1899.0000","0.0000","1899.0000","0"
"B622603-5","2101","CUENTAS POR PAGAR","210101003","GASTOS OPERATIVOS POR PAGAR","2025","6","0.0000","1899.0000","1899.0000","0"
"B622603-5","1201","ACTIVOS FIJOS","120101001","MOBILIARIO Y EQUIPO","2025","6","689.0000","0.0000","689.0000","0"
"B622603-5","2101","CUENTAS POR PAGAR","210101003","GASTOS OPERATIVOS POR PAGAR","2025","6","0.0000","689.0000","689.0000","0"
"B622603-5","1201","ACTIVOS FIJOS","120101001","MOBILIARIO Y EQUIPO","2025","6","969.8000","0.0000","969.8000","0"
"B622603-5","2101","CUENTAS POR PAGAR","210101003","GASTOS OPERATIVOS POR PAGAR","2025","6","0.0000","969.8000","969.8000","0"
"B622603-5","1202","GASTOS DIFERIDOS","120202001","ANTICIPOS DE GASTOS","2025","6","0.0000","18958.7500","-18958.7500","0"
"B622603-5","1202","GASTOS DIFERIDOS","120202001","ANTICIPOS DE GASTOS","2025","6","0.0000","2752.1000","-2752.1000","0"
"B622603-5","1202","GASTOS DIFERIDOS","120202001","ANTICIPOS DE GASTOS","2025","6","0.0000","5085.0000","-5085.0000","0"
"B622603-5","2101","CUENTAS POR PAGAR","210101003","GASTOS OPERATIVOS POR PAGAR","2025","6","0.0000","61.2700","61.2700","0"
"B622603-5","1202","GASTOS DIFERIDOS","120202001","ANTICIPOS DE GASTOS","2025","6","0.0000","750.0000","-750.0000","0"
"B622603-5","1202","GASTOS DIFERIDOS","120202001","ANTICIPOS DE GASTOS","2025","6","0.0000","675.0000","-675.0000","0"
"B622603-5","1202","GASTOS DIFERIDOS","120202001","ANTICIPOS DE GASTOS","2025","6","0.0000","4121.0200","-4121.0200","0"
"B622603-5","1202","GASTOS DIFERIDOS","120202001","ANTICIPOS DE GASTOS","2025","6","0.0000","6835.0000","-6835.0000","0"
"B622603-5","1202","GASTOS DIFERIDOS","120202001","ANTICIPOS DE GASTOS","2025","6","0.0000","4051.8900","-4051.8900","0"
"B622603-5","2101","CUENTAS POR PAGAR","210101003","GASTOS OPERATIVOS POR PAGAR","2025","6","0.0000","25063.2500","25063.2500","0"
"B622603-5","","","210105001","","2025","6","434198.0400","0.0000","-434198.0400","0"
"B622603-5","3101","PATRIMONIO AGREQUIMA","310101001","PATRIMONIO ACTIVOS FIJOS","2025","6","0.0000","263683.5000","263683.5000","0"
"B622603-5","3201","RESULTADOS AGREQUIMA","320101092","RESULTADO DEL EJERCICIO 2025","2025","6","0.0000","170514.5400","170514.5400","0"
"B622603-5","1101","CAJA Y BANCOS","110101002","TRASLADO DE FONDOS","2025","6","200000.0000","0.0000","200000.0000","0"
"B622603-5","1101","CAJA Y BANCOS","110102001","BAC 701111600 MONETARIA","2025","6","0.0000","824999.2600","-824999.2600","0"
"B622603-5","1101","CAJA Y BANCOS","110102002","BANRURAL 3033034955 MONETARIA","2025","6","0.0000","642475.1300","-642475.1300","0"
"B622603-5","1102","CUENTAS POR COBRAR","110204003","OTRAS CUENTAS POR COBRAR","2025","6","4923.7500","2700.7000","2223.0500","0"
"B622603-5","1201","ACTIVOS FIJOS","120101003","HARDWARE","2025","6","19636.0000","0.0000","19636.0000","0"
"B622603-5","1201","ACTIVOS FIJOS","120101011","VEHICULOS","2025","6","239900.0000","0.0000","239900.0000","0"
"B622603-5","1202","GASTOS DIFERIDOS","120202001","ANTICIPOS DE GASTOS","2025","6","349517.0000","17280.0000","332237.0000","0"
"B622603-5","2101","CUENTAS POR PAGAR","210101002","GASTOS ADMINISTRATIVOS POR PAGAR","2025","6","20938.0100","1.2000","-20936.8100","0"
"B622603-5","2101","CUENTAS POR PAGAR","210101003","GASTOS OPERATIVOS POR PAGAR","2025","6","118676.1200","0.0000","-118676.1200","0"
"B622603-5","2101","CUENTAS POR PAGAR","210102001","CUOTA LABORAL IGSS","2025","6","7734.0600","7734.0800","0.0200","0"
"B622603-5","2101","CUENTAS POR PAGAR","210102002","CUOTA PATRONAL IGSS","2025","6","18720.0300","0.0000","-18720.0300","0"
"B622603-5","2101","CUENTAS POR PAGAR","210102004","IVA DEBITO","2025","6","2429.0000","0.0000","-2429.0000","0"
"B622603-5","2101","CUENTAS POR PAGAR","210102005","IVA DEBITO FACTURA ESPECIAL","2025","6","1402.1100","0.0000","-1402.1100","0"
"B622603-5","2101","CUENTAS POR PAGAR","210102006","RETENCIONES ISR EMPLEADOS","2025","6","6288.1700","6291.8800","3.7100","0"
"B622603-5","2101","CUENTAS POR PAGAR","210102007","RETENCIONES ISR TERCEROS","2025","6","4164.2900","3470.5700","-693.7200","0"
"B622603-5","1101","CAJA Y BANCOS","110101002","TRASLADO DE FONDOS","2025","6","0.0000","200000.0000","-200000.0000","0"
"B622603-5","1101","CAJA Y BANCOS","110102001","BAC 701111600 MONETARIA","2025","6","227375.1500","0.0000","227375.1500","0"
"B622603-5","1101","CAJA Y BANCOS","110102002","BANRURAL 3033034955 MONETARIA","2025","6","616548.1600","0.0000","616548.1600","0"
"B622603-5","1102","CUENTAS POR COBRAR","110201002","A_ARYSTA
","2025","6","0.0000","8750.0000","-8750.0000","0"
"B622603-5","1102","CUENTAS POR COBRAR","110204002","OTROS INGRESOS POR COBRAR","2025","6","25731.0200","27343.8200","-1612.8000","0"
"B622603-5","1103","IMPUESTOS POR COBRAR","110301003","IVA RETENCION","2025","6","384.0000","0.0000","384.0000","0"
"B622603-5","1202","GASTOS DIFERIDOS","120202001","ANTICIPOS DE GASTOS","2025","6","0.0000","40932.2200","-40932.2200","0"
"B622603-5","2101","CUENTAS POR PAGAR","210101003","GASTOS OPERATIVOS POR PAGAR","2025","6","0.0000","11302.4000","11302.4000","0"
"B622603-5","2101","CUENTAS POR PAGAR","210102004","IVA DEBITO","2025","6","0.0000","6252.0400","6252.0400","0"
"B622603-5","2101","CUENTAS POR PAGAR","210104002","OTROS INGRESOS ANTICIPADOS","2025","6","32237.3000","61941.9300","29704.6300","0"
"B622603-5","1202","GASTOS DIFERIDOS","120202001","ANTICIPOS DE GASTOS","2025","7","0.0000","2250.0000","-2250.0000","0"
"B622603-5","1202","GASTOS DIFERIDOS","120202001","ANTICIPOS DE GASTOS","2025","7","0.0000","2135.5500","-2135.5500","0"
"B622603-5","1202","GASTOS DIFERIDOS","120202001","ANTICIPOS DE GASTOS","2025","7","0.0000","14000.0000","-14000.0000","0"
"B622603-5","2101","CUENTAS POR PAGAR","210103002","PROVISION AGUINALDO","2025","7","0.0000","24400.4000","24400.4000","0"
"B622603-5","2101","CUENTAS POR PAGAR","210103003","PROVISION BONO 14","2025","7","0.0000","20653.4600","20653.4600","0"
"B622603-5","2101","CUENTAS POR PAGAR","210103001","PROVISION INDEMNIZACION","2025","7","0.0000","51002.7600","51002.7600","0"
"B622603-5","1202","GASTOS DIFERIDOS","120201001","VIATICOS INGENIEROS AGRONOMOS","2025","7","0.0000","5000.0000","-5000.0000","0"
"B622603-5","2101","CUENTAS POR PAGAR","210101003","GASTOS OPERATIVOS POR PAGAR","2025","7","0.0000","616.7100","616.7100","0"
"B622603-5","1202","GASTOS DIFERIDOS","120202001","ANTICIPOS DE GASTOS","2025","7","0.0000","5425.0000","-5425.0000","0"
"B622603-5","2101","CUENTAS POR PAGAR","210101003","GASTOS OPERATIVOS POR PAGAR","2025","7","0.0000","5160.0000","5160.0000","0"
"B622603-5","2101","CUENTAS POR PAGAR","210101003","GASTOS OPERATIVOS POR PAGAR","2025","7","0.0000","62989.9000","62989.9000","0"
"B622603-5","1202","GASTOS DIFERIDOS","120202001","ANTICIPOS DE GASTOS","2025","7","0.0000","6491.2500","-6491.2500","0"
"B622603-5","2101","CUENTAS POR PAGAR","210101002","GASTOS ADMINISTRATIVOS POR PAGAR","2025","7","0.0000","131.2500","131.2500","0"
"B622603-5","1202","GASTOS DIFERIDOS","120202001","ANTICIPOS DE GASTOS","2025","7","0.0000","4207.0400","-4207.0400","0"
"B622603-5","1202","GASTOS DIFERIDOS","120202001","ANTICIPOS DE GASTOS","2025","7","0.0000","515.0000","-515.0000","0"
"B622603-5","1202","GASTOS DIFERIDOS","120202001","ANTICIPOS DE GASTOS","2025","7","0.0000","1230.0000","-1230.0000","0"
"B622603-5","1202","GASTOS DIFERIDOS","120202001","ANTICIPOS DE GASTOS","2025","7","0.0000","414.0000","-414.0000","0"
"B622603-5","1202","GASTOS DIFERIDOS","120202001","ANTICIPOS DE GASTOS","2025","7","0.0000","2866.0700","-2866.0700","0"
"B622603-5","2101","CUENTAS POR PAGAR","210102007","RETENCIONES ISR TERCEROS","2025","7","0.0000","133.9300","133.9300","0"
"B622603-5","1202","GASTOS DIFERIDOS","120202001","ANTICIPOS DE GASTOS","2025","7","0.0000","5333.0000","-5333.0000","0"
"B622603-5","2101","CUENTAS POR PAGAR","210101003","GASTOS OPERATIVOS POR PAGAR","2025","7","0.0000","31166.4900","31166.4900","0"
"B622603-5","2101","CUENTAS POR PAGAR","210101002","GASTOS ADMINISTRATIVOS POR PAGAR","2025","7","0.0000","21080.4000","21080.4000","0"
"B622603-5","2101","CUENTAS POR PAGAR","210104002","OTROS INGRESOS ANTICIPADOS","2025","7","6750.0000","0.0000","-6750.0000","0"
"B622603-5","1102","CUENTAS POR COBRAR","110204002","OTROS INGRESOS POR COBRAR","2025","7","4400.0000","0.0000","4400.0000","0"
"B622603-5","2101","CUENTAS POR PAGAR","210104002","OTROS INGRESOS ANTICIPADOS","2025","7","750.0000","0.0000","-750.0000","0"
"B622603-5","2101","CUENTAS POR PAGAR","210104002","OTROS INGRESOS ANTICIPADOS","2025","7","7430.0000","0.0000","-7430.0000","0"
"B622603-5","1102","CUENTAS POR COBRAR","110204002","OTROS INGRESOS POR COBRAR","2025","7","600.0000","0.0000","600.0000","0"
"B622603-5","1102","CUENTAS POR COBRAR","110204002","OTROS INGRESOS POR COBRAR","2025","7","100000.0000","0.0000","100000.0000","0"
"B622603-5","2101","CUENTAS POR PAGAR","210104002","OTROS INGRESOS ANTICIPADOS","2025","7","208935.9000","0.0000","-208935.9000","0"
"B622603-5","2101","CUENTAS POR PAGAR","210101003","GASTOS OPERATIVOS POR PAGAR","2025","7","0.0000","2420.0000","2420.0000","0"
"B622603-5","2101","CUENTAS POR PAGAR","210102005","IVA DEBITO FACTURA ESPECIAL","2025","7","0.0000","305.6800","305.6800","0"
"B622603-5","2101","CUENTAS POR PAGAR","210102007","RETENCIONES ISR TERCEROS","2025","7","0.0000","127.3700","127.3700","0"
"B622603-5","1201","ACTIVOS FIJOS","120101011","VEHICULOS","2025","7","225900.0000","0.0000","225900.0000","0"
"B622603-5","1202","GASTOS DIFERIDOS","120202001","ANTICIPOS DE GASTOS","2025","7","0.0000","225900.0000","-225900.0000","0"
"B622603-5","2101","CUENTAS POR PAGAR","210101002","GASTOS ADMINISTRATIVOS POR PAGAR","2025","7","0.0000","7280.0000","7280.0000","0"
"B622603-5","2101","CUENTAS POR PAGAR","210101002","GASTOS ADMINISTRATIVOS POR PAGAR","2025","7","0.0000","1517.2700","1517.2700","0"
"B622603-5","2101","CUENTAS POR PAGAR","210101002","GASTOS ADMINISTRATIVOS POR PAGAR","2025","7","0.0000","490.0000","490.0000","0"
"B622603-5","1103","IMPUESTOS POR COBRAR","110301003","IVA RETENCION","2025","7","0.0000","384.0000","-384.0000","0"
"B622603-5","2101","CUENTAS POR PAGAR","210102004","IVA DEBITO","2025","7","384.0000","0.0000","-384.0000","0"
"B622603-5","1104","INVENTARIO","110401001","SELLOS DE CALIDAD","2025","7","0.0000","294.0000","-294.0000","0"
"B622603-5","2101","CUENTAS POR PAGAR","210102002","CUOTA PATRONAL IGSS","2025","7","0.0000","18720.0300","18720.0300","0"
"B622603-5","2101","CUENTAS POR PAGAR","210101002","GASTOS ADMINISTRATIVOS POR PAGAR","2025","7","0.0000","3000.0000","3000.0000","0"
"B622603-5","2101","CUENTAS POR PAGAR","210101002","GASTOS ADMINISTRATIVOS POR PAGAR","2025","7","0.0000","804.3500","804.3500","0"
"B622603-5","","","210105001","","2025","7","0.0000","157035.8800","157035.8800","0"
"B622603-5","3101","PATRIMONIO AGREQUIMA","310101001","PATRIMONIO ACTIVOS FIJOS","2025","7","0.0000","225900.0000","225900.0000","0"
"B622603-5","3201","RESULTADOS AGREQUIMA","320101092","RESULTADO DEL EJERCICIO 2025","2025","7","382935.8800","0.0000","-382935.8800","0"
"B622603-5","1101","CAJA Y BANCOS","110101002","TRASLADO DE FONDOS","2025","7","650000.0000","0.0000","650000.0000","0"
"B622603-5","1101","CAJA Y BANCOS","110102001","BAC 701111600 MONETARIA","2025","7","0.0000","737980.5200","-737980.5200","0"
"B622603-5","1101","CAJA Y BANCOS","110102002","BANRURAL 3033034955 MONETARIA","2025","7","0.0000","813757.5100","-813757.5100","0"
"B622603-5","1102","CUENTAS POR COBRAR","110204003","OTRAS CUENTAS POR COBRAR","2025","7","1200.7000","7923.7500","-6723.0500","0"
"B622603-5","1202","GASTOS DIFERIDOS","120202001","ANTICIPOS DE GASTOS","2025","7","56795.0700","0.0000","56795.0700","0"
"B622603-5","2101","CUENTAS POR PAGAR","210101002","GASTOS ADMINISTRATIVOS POR PAGAR","2025","7","13375.2600","0.0000","-13375.2600","0"
"B622603-5","2101","CUENTAS POR PAGAR","210101003","GASTOS OPERATIVOS POR PAGAR","2025","7","79265.3700","0.0000","-79265.3700","0"
"B622603-5","2101","CUENTAS POR PAGAR","210102001","CUOTA LABORAL IGSS","2025","7","7734.0600","7770.7400","36.6800","0"
"B622603-5","2101","CUENTAS POR PAGAR","210102002","CUOTA PATRONAL IGSS","2025","7","18720.0300","88.5800","-18631.4500","0"
"B622603-5","2101","CUENTAS POR PAGAR","210102004","IVA DEBITO","2025","7","5868.0000","0.0000","-5868.0000","0"
"B622603-5","2101","CUENTAS POR PAGAR","210102006","RETENCIONES ISR EMPLEADOS","2025","7","6291.8800","6288.1700","-3.7100","0"
"B622603-5","2101","CUENTAS POR PAGAR","210102007","RETENCIONES ISR TERCEROS","2025","7","3470.5700","3229.5000","-241.0700","0"
"B622603-5","2101","CUENTAS POR PAGAR","210103003","PROVISION BONO 14","2025","7","233167.4400","0.0000","-233167.4400","0"
"B622603-5","1101","CAJA Y BANCOS","110101002","TRASLADO DE FONDOS","2025","7","0.0000","650000.0000","-650000.0000","0"
"B622603-5","1101","CAJA Y BANCOS","110102001","BAC 701111600 MONETARIA","2025","7","957574.8100","0.0000","957574.8100","0"
"B622603-5","1101","CAJA Y BANCOS","110102002","BANRURAL 3033034955 MONETARIA","2025","7","923167.9200","0.0000","923167.9200","0"
"B622603-5","1101","CAJA Y BANCOS","110102003","BANCO INDUSTRIAL 0000269530 MONETARIA","2025","7","100000.0000","0.0000","100000.0000","0"
"B622603-5","1102","CUENTAS POR COBRAR","110201017","B_TECUN, S.A.
","2025","7","0.0000","20000.0000","-20000.0000","0"
"B622603-5","1102","CUENTAS POR COBRAR","110201020","A_SYNGENTA-AGROINSUMOS
","2025","7","0.0000","35000.0000","-35000.0000","0"
"B622603-5","1102","CUENTAS POR COBRAR","110201024","C_INSUMOS MODERNOS
","2025","7","0.0000","12000.0000","-12000.0000","0"
"B622603-5","1102","CUENTAS POR COBRAR","110201027","C_SUPERSEED
","2025","7","0.0000","12000.0000","-12000.0000","0"
"B622603-5","1102","CUENTAS POR COBRAR","110201040","C_AGROINDUSTRIAS SUCCESSO, S.A.
","2025","7","0.0000","12000.0000","-12000.0000","0"
"B622603-5","1102","CUENTAS POR COBRAR","110201048","C_EMDYPSA","2025","7","0.0000","6000.0000","-6000.0000","0"
"B622603-5","1102","CUENTAS POR COBRAR","110204002","OTROS INGRESOS POR COBRAR","2025","7","25542.8400","127302.8400","-101760.0000","0"
"B622603-5","1202","GASTOS DIFERIDOS","120202001","ANTICIPOS DE GASTOS","2025","7","0.0000","28909.4100","-28909.4100","0"
"B622603-5","2101","CUENTAS POR PAGAR","210102004","IVA DEBITO","2025","7","0.0000","2851.2600","2851.2600","0"
"B622603-5","2101","CUENTAS POR PAGAR","210104001","INGRESOSANTICIPADOS 4 POR MILLAR","2025","7","0.0000","1512.0000","1512.0000","0"
"B622603-5","2101","CUENTAS POR PAGAR","210104002","OTROS INGRESOS ANTICIPADOS","2025","7","1068.9000","242397.6800","241328.7800","0"
"B622603-5","1202","GASTOS DIFERIDOS","120202001","ANTICIPOS DE GASTOS","2025","8","0.0000","2135.5600","-2135.5600","0"
"B622603-5","1202","GASTOS DIFERIDOS","120202001","ANTICIPOS DE GASTOS","2025","8","0.0000","2000.0000","-2000.0000","0"
"B622603-5","2101","CUENTAS POR PAGAR","210103001","PROVISION INDEMNIZACION","2025","8","12918.1200","0.0000","-12918.1200","0"
"B622603-5","2101","CUENTAS POR PAGAR","210103001","PROVISION INDEMNIZACION","2025","8","0.0000","21914.7200","21914.7200","0"
"B622603-5","2101","CUENTAS POR PAGAR","210103002","PROVISION AGUINALDO","2025","8","0.0000","19972.9100","19972.9100","0"
"B622603-5","2101","CUENTAS POR PAGAR","210103003","PROVISION BONO 14","2025","8","0.0000","19972.9100","19972.9100","0"
"B622603-5","2101","CUENTAS POR PAGAR","210102002","CUOTA PATRONAL IGSS","2025","8","0.0000","18206.3000","18206.3000","0"
"B622603-5","2101","CUENTAS POR PAGAR","210101002","GASTOS ADMINISTRATIVOS POR PAGAR","2025","8","0.0000","774.0000","774.0000","0"
"B622603-5","2101","CUENTAS POR PAGAR","210101002","GASTOS ADMINISTRATIVOS POR PAGAR","2025","8","0.0000","1400.0000","1400.0000","0"
"B622603-5","2101","CUENTAS POR PAGAR","210101003","GASTOS OPERATIVOS POR PAGAR","2025","8","0.0000","64121.6300","64121.6300","0"
"B622603-5","1202","GASTOS DIFERIDOS","120202001","ANTICIPOS DE GASTOS","2025","8","0.0000","3645.0000","-3645.0000","0"
"B622603-5","2101","CUENTAS POR PAGAR","210101003","GASTOS OPERATIVOS POR PAGAR","2025","8","0.0000","2780.0000","2780.0000","0"
"B622603-5","1202","GASTOS DIFERIDOS","120202001","ANTICIPOS DE GASTOS","2025","8","0.0000","2950.0000","-2950.0000","0"
"B622603-5","1202","GASTOS DIFERIDOS","120202001","ANTICIPOS DE GASTOS","2025","8","0.0000","2486.0000","-2486.0000","0"
"B622603-5","2101","CUENTAS POR PAGAR","210101002","GASTOS ADMINISTRATIVOS POR PAGAR","2025","8","0.0000","11932.3800","11932.3800","0"
"B622603-5","2101","CUENTAS POR PAGAR","210101002","GASTOS ADMINISTRATIVOS POR PAGAR","2025","8","0.0000","117562.5000","117562.5000","0"
"B622603-5","2101","CUENTAS POR PAGAR","210101003","GASTOS OPERATIVOS POR PAGAR","2025","8","0.0000","660.0000","660.0000","0"
"B622603-5","2101","CUENTAS POR PAGAR","210102005","IVA DEBITO FACTURA ESPECIAL","2025","8","0.0000","83.3700","83.3700","0"
"B622603-5","2101","CUENTAS POR PAGAR","210102007","RETENCIONES ISR TERCEROS","2025","8","0.0000","34.7400","34.7400","0"
"B622603-5","2101","CUENTAS POR PAGAR","210104002","OTROS INGRESOS ANTICIPADOS","2025","8","450.0000","0.0000","-450.0000","0"
"B622603-5","2101","CUENTAS POR PAGAR","210104002","OTROS INGRESOS ANTICIPADOS","2025","8","7430.0000","0.0000","-7430.0000","0"
"B622603-5","1102","CUENTAS POR COBRAR","110204002","OTROS INGRESOS POR COBRAR","2025","8","800.0000","0.0000","800.0000","0"
"B622603-5","2101","CUENTAS POR PAGAR","210101003","GASTOS OPERATIVOS POR PAGAR","2025","8","0.0000","21825.9200","21825.9200","0"
"B622603-5","2101","CUENTAS POR PAGAR","210101002","GASTOS ADMINISTRATIVOS POR PAGAR","2025","8","0.0000","30211.6900","30211.6900","0"
"B622603-5","1104","INVENTARIO","110401001","SELLOS DE CALIDAD","2025","8","0.0000","1225.0000","-1225.0000","0"
"B622603-5","1103","IMPUESTOS POR COBRAR","110301002","IVA CREDITO","2025","8","0.0000","1114.8500","-1114.8500","0"
"B622603-5","2101","CUENTAS POR PAGAR","210102004","IVA DEBITO","2025","8","1114.8500","0.0000","-1114.8500","0"
"B622603-5","","","210105001","","2025","8","0.0000","134557.5500","134557.5500","0"
"B622603-5","3201","RESULTADOS AGREQUIMA","320101092","RESULTADO DEL EJERCICIO 2025","2025","8","134557.5500","0.0000","-134557.5500","0"
"B622603-5","1101","CAJA Y BANCOS","110101002","TRASLADO DE FONDOS","2025","8","0.0000","600000.0000","-600000.0000","0"
"B622603-5","1101","CAJA Y BANCOS","110102001","BAC 701111600 MONETARIA","2025","8","641025.2200","0.0000","641025.2200","0"
"B622603-5","1101","CAJA Y BANCOS","110102002","BANRURAL 3033034955 MONETARIA","2025","8","952212.9400","0.0000","952212.9400","0"
"B622603-5","1102","CUENTAS POR COBRAR","110201006","C_DUWEST GUATEMALA
","2025","8","0.0000","12000.0000","-12000.0000","0"
"B622603-5","1102","CUENTAS POR COBRAR","110204002","OTROS INGRESOS POR COBRAR","2025","8","11701.9300","6529.2400","5172.6900","0"
"B622603-5","1103","IMPUESTOS POR COBRAR","110301003","IVA RETENCION","2025","8","321.4400","0.0000","321.4400","0"
"B622603-5","1202","GASTOS DIFERIDOS","120202001","ANTICIPOS DE GASTOS","2025","8","0.0000","24614.4400","-24614.4400","0"
"B622603-5","2101","CUENTAS POR PAGAR","210101002","GASTOS ADMINISTRATIVOS POR PAGAR","2025","8","0.0000","795.1000","795.1000","0"
"B622603-5","2101","CUENTAS POR PAGAR","210102004","IVA DEBITO","2025","8","0.0000","5301.0100","5301.0100","0"
"B622603-5","2101","CUENTAS POR PAGAR","210104001","INGRESOSANTICIPADOS 4 POR MILLAR","2025","8","1512.0000","0.0000","-1512.0000","0"
"B622603-5","2101","CUENTAS POR PAGAR","210104002","OTROS INGRESOS ANTICIPADOS","2025","8","37452.6700","57908.7400","20456.0700","0"
"B622603-5","1101","CAJA Y BANCOS","110101002","TRASLADO DE FONDOS","2025","8","600000.0000","0.0000","600000.0000","0"
"B622603-5","1101","CAJA Y BANCOS","110102001","BAC 701111600 MONETARIA","2025","8","0.0000","512122.2300","-512122.2300","0"
"B622603-5","1101","CAJA Y BANCOS","110102002","BANRURAL 3033034955 MONETARIA","2025","8","0.0000","951531.0100","-951531.0100","0"
"B622603-5","1102","CUENTAS POR COBRAR","110204003","OTRAS CUENTAS POR COBRAR","2025","8","1200.7000","2700.7000","-1500.0000","0"
"B622603-5","1103","IMPUESTOS POR COBRAR","110301002","IVA CREDITO","2025","8","1114.8500","0.0000","1114.8500","0"
"B622603-5","1104","INVENTARIO","110401001","SELLOS DE CALIDAD","2025","8","9290.4000","0.0000","9290.4000","0"
"B622603-5","1202","GASTOS DIFERIDOS","120202001","ANTICIPOS DE GASTOS","2025","8","220410.0300","5488.0000","214922.0300","0"
"B622603-5","2101","CUENTAS POR PAGAR","210101002","GASTOS ADMINISTRATIVOS POR PAGAR","2025","8","31167.6100","0.0000","-31167.6100","0"
"B622603-5","2101","CUENTAS POR PAGAR","210101003","GASTOS OPERATIVOS POR PAGAR","2025","8","102353.1000","0.0000","-102353.1000","0"
"B622603-5","2101","CUENTAS POR PAGAR","210102001","CUOTA LABORAL IGSS","2025","8","7770.7200","7521.4500","-249.2700","0"
"B622603-5","2101","CUENTAS POR PAGAR","210102002","CUOTA PATRONAL IGSS","2025","8","18808.6100","0.0000","-18808.6100","0"
"B622603-5","2101","CUENTAS POR PAGAR","210102004","IVA DEBITO","2025","8","2851.0000","0.0000","-2851.0000","0"
"B622603-5","2101","CUENTAS POR PAGAR","210102005","IVA DEBITO FACTURA ESPECIAL","2025","8","305.6800","0.0000","-305.6800","0"
"B622603-5","2101","CUENTAS POR PAGAR","210102006","RETENCIONES ISR EMPLEADOS","2025","8","6288.1700","6085.1700","-203.0000","0"
"B622603-5","2101","CUENTAS POR PAGAR","210102007","RETENCIONES ISR TERCEROS","2025","8","3490.8000","3384.5300","-106.2700","0"
"B622603-5","2101","CUENTAS POR PAGAR","210103002","PROVISION AGUINALDO","2025","8","4831.8900","0.0000","-4831.8900","0"
"B622603-5","2101","CUENTAS POR PAGAR","210103003","PROVISION BONO 14","2025","8","725.9200","0.0000","-725.9200","0"
"B622603-5","1202","GASTOS DIFERIDOS","120202001","ANTICIPOS DE GASTOS","2025","9","0.0000","2135.5600","-2135.5600","0"
"B622603-5","2101","CUENTAS POR PAGAR","210103001","PROVISION INDEMNIZACION","2025","9","0.0000","21183.7100","21183.7100","0"
"B622603-5","2101","CUENTAS POR PAGAR","210103002","PROVISION AGUINALDO","2025","9","0.0000","19306.6700","19306.6700","0"
"B622603-5","2101","CUENTAS POR PAGAR","210103003","PROVISION BONO 14","2025","9","0.0000","19306.6700","19306.6700","0"
"B622603-5","2101","CUENTAS POR PAGAR","210101002","GASTOS ADMINISTRATIVOS POR PAGAR","2025","9","0.0000","1650.0000","1650.0000","0"
"B622603-5","2101","CUENTAS POR PAGAR","210101002","GASTOS ADMINISTRATIVOS POR PAGAR","2025","9","0.0000","6496.4300","6496.4300","0"
"B622603-5","2101","CUENTAS POR PAGAR","210102007","RETENCIONES ISR TERCEROS","2025","9","0.0000","303.5700","303.5700","0"
"B622603-5","2101","CUENTAS POR PAGAR","210101002","GASTOS ADMINISTRATIVOS POR PAGAR","2025","9","0.0000","14569.2000","14569.2000","0"
"B622603-5","2101","CUENTAS POR PAGAR","210102007","RETENCIONES ISR TERCEROS","2025","9","0.0000","680.8000","680.8000","0"
"B622603-5","2101","CUENTAS POR PAGAR","210101002","GASTOS ADMINISTRATIVOS POR PAGAR","2025","9","0.0000","1325.7000","1325.7000","0"
"B622603-5","2101","CUENTAS POR PAGAR","210101002","GASTOS ADMINISTRATIVOS POR PAGAR","2025","9","0.0000","280.0000","280.0000","0"
"B622603-5","2101","CUENTAS POR PAGAR","210101002","GASTOS ADMINISTRATIVOS POR PAGAR","2025","9","0.0000","220.0000","220.0000","0"
"B622603-5","2101","CUENTAS POR PAGAR","210101002","GASTOS ADMINISTRATIVOS POR PAGAR","2025","9","0.0000","1507.5000","1507.5000","0"
"B622603-5","2101","CUENTAS POR PAGAR","210101002","GASTOS ADMINISTRATIVOS POR PAGAR","2025","9","0.0000","2500.0000","2500.0000","0"
"B622603-5","2101","CUENTAS POR PAGAR","210104002","OTROS INGRESOS ANTICIPADOS","2025","9","225.0000","0.0000","-225.0000","0"
"B622603-5","2101","CUENTAS POR PAGAR","210104002","OTROS INGRESOS ANTICIPADOS","2025","9","2935.0000","0.0000","-2935.0000","0"
"B622603-5","1102","CUENTAS POR COBRAR","110204002","OTROS INGRESOS POR COBRAR","2025","9","100000.0000","0.0000","100000.0000","0"
"B622603-5","1202","GASTOS DIFERIDOS","120202001","ANTICIPOS DE GASTOS","2025","9","0.0000","12000.0000","-12000.0000","0"
"B622603-5","2101","CUENTAS POR PAGAR","210101002","GASTOS ADMINISTRATIVOS POR PAGAR","2025","9","0.0000","28028.0500","28028.0500","0"
"B622603-5","1201","ACTIVOS FIJOS","120101011","VEHICULOS","2025","9","174850.0000","0.0000","174850.0000","0"
"B622603-5","1202","GASTOS DIFERIDOS","120202001","ANTICIPOS DE GASTOS","2025","9","0.0000","174850.0000","-174850.0000","0"
"B622603-5","2101","CUENTAS POR PAGAR","210101003","GASTOS OPERATIVOS POR PAGAR","2025","9","0.0000","21898.0100","21898.0100","0"
"B622603-5","2101","CUENTAS POR PAGAR","210101003","GASTOS OPERATIVOS POR PAGAR","2025","9","0.0000","50061.4500","50061.4500","0"
"B622603-5","1202","GASTOS DIFERIDOS","120202001","ANTICIPOS DE GASTOS","2025","9","0.0000","2500.0000","-2500.0000","0"
"B622603-5","1202","GASTOS DIFERIDOS","120202001","ANTICIPOS DE GASTOS","2025","9","0.0000","9171.4300","-9171.4300","0"
"B622603-5","2101","CUENTAS POR PAGAR","210102007","RETENCIONES ISR TERCEROS","2025","9","0.0000","428.5700","428.5700","0"
"B622603-5","1202","GASTOS DIFERIDOS","120202001","ANTICIPOS DE GASTOS","2025","9","0.0000","570.0000","-570.0000","0"
"B622603-5","1202","GASTOS DIFERIDOS","120202001","ANTICIPOS DE GASTOS","2025","9","0.0000","2887.0000","-2887.0000","0"
"B622603-5","1202","GASTOS DIFERIDOS","120202001","ANTICIPOS DE GASTOS","2025","9","0.0000","2289.0000","-2289.0000","0"
"B622603-5","1202","GASTOS DIFERIDOS","120202001","ANTICIPOS DE GASTOS","2025","9","0.0000","103.3500","-103.3500","0"
"B622603-5","1202","GASTOS DIFERIDOS","120202001","ANTICIPOS DE GASTOS","2025","9","0.0000","2000.0000","-2000.0000","0"
"B622603-5","1202","GASTOS DIFERIDOS","120202001","ANTICIPOS DE GASTOS","2025","9","2420.0000","0.0000","2420.0000","0"
"B622603-5","2101","CUENTAS POR PAGAR","210101003","GASTOS OPERATIVOS POR PAGAR","2025","9","0.0000","2420.0000","2420.0000","0"
"B622603-5","2101","CUENTAS POR PAGAR","210102002","CUOTA PATRONAL IGSS","2025","9","0.0000","18058.2400","18058.2400","0"
"B622603-5","2101","CUENTAS POR PAGAR","210101002","GASTOS ADMINISTRATIVOS POR PAGAR","2025","9","0.0000","1200.0000","1200.0000","0"
"B622603-5","1104","INVENTARIO","110401001","SELLOS DE CALIDAD","2025","9","0.0000","4165.0000","-4165.0000","0"
"B622603-5","1103","IMPUESTOS POR COBRAR","110301003","IVA RETENCION","2025","9","0.0000","321.4400","-321.4400","0"
"B622603-5","2101","CUENTAS POR PAGAR","210102004","IVA DEBITO","2025","9","321.4400","0.0000","-321.4400","0"
"B622603-5","","","210105001","","2025","9","167530.3800","0.0000","-167530.3800","0"
"B622603-5","3101","PATRIMONIO AGREQUIMA","310101001","PATRIMONIO ACTIVOS FIJOS","2025","9","0.0000","177822.0000","177822.0000","0"
"B622603-5","3201","RESULTADOS AGREQUIMA","320101092","RESULTADO DEL EJERCICIO 2025","2025","9","10291.6200","0.0000","-10291.6200","0"
"B622603-5","1101","CAJA Y BANCOS","110101002","TRASLADO DE FONDOS","2025","9","0.0000","600000.0000","-600000.0000","0"
"B622603-5","1101","CAJA Y BANCOS","110102001","BAC 701111600 MONETARIA","2025","9","716296.4900","0.0000","716296.4900","0"
"B622603-5","1101","CAJA Y BANCOS","110102002","BANRURAL 3033034955 MONETARIA","2025","9","689421.3000","0.0000","689421.3000","0"
"B622603-5","1102","CUENTAS POR COBRAR","110201048","C_EMDYPSA","2025","9","0.0000","3000.0000","-3000.0000","0"
"B622603-5","1102","CUENTAS POR COBRAR","110204002","OTROS INGRESOS POR COBRAR","2025","9","22860.5300","16208.4900","6652.0400","0"
"B622603-5","1103","IMPUESTOS POR COBRAR","110301003","IVA RETENCION","2025","9","427.2000","0.0000","427.2000","0"
"B622603-5","1202","GASTOS DIFERIDOS","120202001","ANTICIPOS DE GASTOS","2025","9","0.0000","20827.5100","-20827.5100","0"
"B622603-5","2101","CUENTAS POR PAGAR","210102004","IVA DEBITO","2025","9","0.0000","4938.6400","4938.6400","0"
"B622603-5","2101","CUENTAS POR PAGAR","210104001","INGRESOSANTICIPADOS 4 POR MILLAR","2025","9","0.0000","30550.8000","30550.8000","0"
"B622603-5","2101","CUENTAS POR PAGAR","210104002","OTROS INGRESOS ANTICIPADOS","2025","9","22806.2000","20835.0600","-1971.1400","0"
"B622603-5","1101","CAJA Y BANCOS","110101002","TRASLADO DE FONDOS","2025","9","600000.0000","0.0000","600000.0000","0"
"B622603-5","1101","CAJA Y BANCOS","110102001","BAC 701111600 MONETARIA","2025","9","0.0000","554598.5000","-554598.5000","0"
"B622603-5","1101","CAJA Y BANCOS","110102002","BANRURAL 3033034955 MONETARIA","2025","9","0.0000","963966.8200","-963966.8200","0"
"B622603-5","1102","CUENTAS POR COBRAR","110204003","OTRAS CUENTAS POR COBRAR","2025","9","1200.7000","2700.7000","-1500.0000","0"
"B622603-5","1201","ACTIVOS FIJOS","120101003","HARDWARE","2025","9","2972.0000","0.0000","2972.0000","0"
"B622603-5","1202","GASTOS DIFERIDOS","120202001","ANTICIPOS DE GASTOS","2025","9","51645.8100","5493.2900","46152.5200","0"
"B622603-5","2101","CUENTAS POR PAGAR","210101002","GASTOS ADMINISTRATIVOS POR PAGAR","2025","9","162150.5700","0.0000","-162150.5700","0"
"B622603-5","2101","CUENTAS POR PAGAR","210101003","GASTOS OPERATIVOS POR PAGAR","2025","9","86607.5500","0.0000","-86607.5500","0"
"B622603-5","2101","CUENTAS POR PAGAR","210102001","CUOTA LABORAL IGSS","2025","9","7521.4300","7460.1700","-61.2600","0"
"B622603-5","2101","CUENTAS POR PAGAR","210102002","CUOTA PATRONAL IGSS","2025","9","18206.3000","0.0000","-18206.3000","0"
"B622603-5","2101","CUENTAS POR PAGAR","210102004","IVA DEBITO","2025","9","3865.0000","0.0000","-3865.0000","0"
"B622603-5","2101","CUENTAS POR PAGAR","210102005","IVA DEBITO FACTURA ESPECIAL","2025","9","83.3700","0.0000","-83.3700","0"
"B622603-5","2101","CUENTAS POR PAGAR","210102006","RETENCIONES ISR EMPLEADOS","2025","9","6085.1700","6085.1700","0.0000","0"
"B622603-5","2101","CUENTAS POR PAGAR","210102007","RETENCIONES ISR TERCEROS","2025","9","3419.2700","4946.2100","1526.9400","0"
"B622603-5","1202","GASTOS DIFERIDOS","120202001","ANTICIPOS DE GASTOS","2025","10","0.0000","2153.5000","-2153.5000","0"
"B622603-5","1202","GASTOS DIFERIDOS","120202001","ANTICIPOS DE GASTOS","2025","10","0.0000","2500.0000","-2500.0000","0"
"B622603-5","2101","CUENTAS POR PAGAR","210101003","GASTOS OPERATIVOS POR PAGAR","2025","10","0.0000","31.6000","31.6000","0"
"B622603-5","1202","GASTOS DIFERIDOS","120202001","ANTICIPOS DE GASTOS","2025","10","0.0000","348.0000","-348.0000","0"
"B622603-5","1202","GASTOS DIFERIDOS","120202001","ANTICIPOS DE GASTOS","2025","10","0.0000","2135.5600","-2135.5600","0"
"B622603-5","2101","CUENTAS POR PAGAR","210103001","PROVISION INDEMNIZACION","2025","10","0.0000","21889.8500","21889.8500","0"
"B622603-5","2101","CUENTAS POR PAGAR","210103002","PROVISION AGUINALDO","2025","10","0.0000","19950.2200","19950.2200","0"
"B622603-5","2101","CUENTAS POR PAGAR","210103003","PROVISION BONO 14","2025","10","0.0000","19950.2400","19950.2400","0"
"B622603-5","2101","CUENTAS POR PAGAR","210102002","CUOTA PATRONAL IGSS","2025","10","0.0000","17754.1100","17754.1100","0"
"B622603-5","2101","CUENTAS POR PAGAR","210104002","OTROS INGRESOS ANTICIPADOS","2025","10","750.0000","0.0000","-750.0000","0"
"B622603-5","2101","CUENTAS POR PAGAR","210104002","OTROS INGRESOS ANTICIPADOS","2025","10","9190.0000","0.0000","-9190.0000","0"
"B622603-5","1102","CUENTAS POR COBRAR","110204002","OTROS INGRESOS POR COBRAR","2025","10","1050.0000","0.0000","1050.0000","0"
"B622603-5","1102","CUENTAS POR COBRAR","110204002","OTROS INGRESOS POR COBRAR","2025","10","375.0000","0.0000","375.0000","0"
"B622603-5","2101","CUENTAS POR PAGAR","210104002","OTROS INGRESOS ANTICIPADOS","2025","10","3600.0000","0.0000","-3600.0000","0"
"B622603-5","2101","CUENTAS POR PAGAR","210104002","OTROS INGRESOS ANTICIPADOS","2025","10","208656.2000","0.0000","-208656.2000","0"
"B622603-5","1202","GASTOS DIFERIDOS","120202001","ANTICIPOS DE GASTOS","2025","10","0.0000","2000.0000","-2000.0000","0"
"B622603-5","2101","CUENTAS POR PAGAR","210101002","GASTOS ADMINISTRATIVOS POR PAGAR","2025","10","0.0000","1496.5000","1496.5000","0"
"B622603-5","2101","CUENTAS POR PAGAR","210101002","GASTOS ADMINISTRATIVOS POR PAGAR","2025","10","0.0000","514.5600","514.5600","0"
"B622603-5","2101","CUENTAS POR PAGAR","210101002","GASTOS ADMINISTRATIVOS POR PAGAR","2025","10","0.0000","520.0000","520.0000","0"
"B622603-5","2101","CUENTAS POR PAGAR","210101002","GASTOS ADMINISTRATIVOS POR PAGAR","2025","10","0.0000","2252.5500","2252.5500","0"
"B622603-5","2101","CUENTAS POR PAGAR","210101002","GASTOS ADMINISTRATIVOS POR PAGAR","2025","10","0.0000","8950.0000","8950.0000","0"
"B622603-5","2101","CUENTAS POR PAGAR","210101002","GASTOS ADMINISTRATIVOS POR PAGAR","2025","10","0.0000","4013.9000","4013.9000","0"
"B622603-5","2101","CUENTAS POR PAGAR","210101002","GASTOS ADMINISTRATIVOS POR PAGAR","2025","10","0.0000","49162.0000","49162.0000","0"
"B622603-5","2101","CUENTAS POR PAGAR","210101002","GASTOS ADMINISTRATIVOS POR PAGAR","2025","10","0.0000","11009.3800","11009.3800","0"
"B622603-5","2101","CUENTAS POR PAGAR","210101002","GASTOS ADMINISTRATIVOS POR PAGAR","2025","10","0.0000","342054.0000","342054.0000","0"
"B622603-5","1202","GASTOS DIFERIDOS","120202001","ANTICIPOS DE GASTOS","2025","10","0.0000","2250.0000","-2250.0000","0"
"B622603-5","2101","CUENTAS POR PAGAR","210102005","IVA DEBITO FACTURA ESPECIAL","2025","10","0.0000","284.2100","284.2100","0"
"B622603-5","2101","CUENTAS POR PAGAR","210102007","RETENCIONES ISR TERCEROS","2025","10","0.0000","118.4200","118.4200","0"
"B622603-5","2101","CUENTAS POR PAGAR","210104001","INGRESOSANTICIPADOS 4 POR MILLAR","2025","10","4272.7200","0.0000","-4272.7200","0"
"B622603-5","2101","CUENTAS POR PAGAR","210104001","INGRESOSANTICIPADOS 4 POR MILLAR","2025","10","1229.0400","0.0000","-1229.0400","0"
"B622603-5","2101","CUENTAS POR PAGAR","210104001","INGRESOSANTICIPADOS 4 POR MILLAR","2025","10","654.5500","0.0000","-654.5500","0"
"B622603-5","2101","CUENTAS POR PAGAR","210104001","INGRESOSANTICIPADOS 4 POR MILLAR","2025","10","4764.6900","0.0000","-4764.6900","0"
"B622603-5","2101","CUENTAS POR PAGAR","210104001","INGRESOSANTICIPADOS 4 POR MILLAR","2025","10","9823.2900","0.0000","-9823.2900","0"
"B622603-5","2101","CUENTAS POR PAGAR","210104001","INGRESOSANTICIPADOS 4 POR MILLAR","2025","10","4904.2300","0.0000","-4904.2300","0"
"B622603-5","2101","CUENTAS POR PAGAR","210104001","INGRESOSANTICIPADOS 4 POR MILLAR","2025","10","4902.2800","0.0000","-4902.2800","0"
"B622603-5","2101","CUENTAS POR PAGAR","210101003","GASTOS OPERATIVOS POR PAGAR","2025","10","0.0000","63008.3400","63008.3400","0"
"B622603-5","1202","GASTOS DIFERIDOS","120202001","ANTICIPOS DE GASTOS","2025","10","0.0000","3755.0000","-3755.0000","0"
"B622603-5","1202","GASTOS DIFERIDOS","120202001","ANTICIPOS DE GASTOS","2025","10","0.0000","1691.2500","-1691.2500","0"
"B622603-5","1202","GASTOS DIFERIDOS","120202001","ANTICIPOS DE GASTOS","2025","10","0.0000","5985.0000","-5985.0000","0"
"B622603-5","2101","CUENTAS POR PAGAR","210101003","GASTOS OPERATIVOS POR PAGAR","2025","10","0.0000","785.7000","785.7000","0"
"B622603-5","1202","GASTOS DIFERIDOS","120202001","ANTICIPOS DE GASTOS","2025","10","0.0000","3025.0000","-3025.0000","0"
"B622603-5","2101","CUENTAS POR PAGAR","210102005","IVA DEBITO FACTURA ESPECIAL","2025","10","0.0000","382.1100","382.1100","0"
"B622603-5","2101","CUENTAS POR PAGAR","210102007","RETENCIONES ISR TERCEROS","2025","10","0.0000","159.2100","159.2100","0"
"B622603-5","1202","GASTOS DIFERIDOS","120202001","ANTICIPOS DE GASTOS","2025","10","0.0000","193.0000","-193.0000","0"
"B622603-5","1202","GASTOS DIFERIDOS","120202001","ANTICIPOS DE GASTOS","2025","10","0.0000","2420.0000","-2420.0000","0"
"B622603-5","2101","CUENTAS POR PAGAR","210101003","GASTOS OPERATIVOS POR PAGAR","2025","10","0.0000","5710.0000","5710.0000","0"
"B622603-5","2101","CUENTAS POR PAGAR","210102005","IVA DEBITO FACTURA ESPECIAL","2025","10","0.0000","1026.9500","1026.9500","0"
"B622603-5","2101","CUENTAS POR PAGAR","210102007","RETENCIONES ISR TERCEROS","2025","10","0.0000","427.8900","427.8900","0"
"B622603-5","2101","CUENTAS POR PAGAR","210101002","GASTOS ADMINISTRATIVOS POR PAGAR","2025","10","0.0000","21456.3700","21456.3700","0"
"B622603-5","2101","CUENTAS POR PAGAR","210101003","GASTOS OPERATIVOS POR PAGAR","2025","10","0.0000","20872.3700","20872.3700","0"
"B622603-5","1104","INVENTARIO","110401001","SELLOS DE CALIDAD","2025","10","0.0000","294.0000","-294.0000","0"
"B622603-5","1103","IMPUESTOS POR COBRAR","110301003","IVA RETENCION","2025","10","0.0000","427.2000","-427.2000","0"
"B622603-5","2101","CUENTAS POR PAGAR","210102004","IVA DEBITO","2025","10","427.2000","0.0000","-427.2000","0"
"B622603-5","1201","ACTIVOS FIJOS","120101011","VEHICULOS","2025","10","0.0000","17500.0000","-17500.0000","0"
"B622603-5","1201","ACTIVOS FIJOS","120101012","DEPRECIACION ACUMULADA DE VEHICULOS","2025","10","875.0000","0.0000","875.0000","0"
"B622603-5","3101","PATRIMONIO AGREQUIMA","310101001","PATRIMONIO ACTIVOS FIJOS","2025","10","16625.0000","0.0000","-16625.0000","0"
"B622603-5","1202","GASTOS DIFERIDOS","120202001","ANTICIPOS DE GASTOS","2025","10","0.0000","1100.0000","-1100.0000","0"
"B622603-5","","","210105001","","2025","10","373431.3400","0.0000","-373431.3400","0"
"B622603-5","3101","PATRIMONIO AGREQUIMA","310101001","PATRIMONIO ACTIVOS FIJOS","2025","10","0.0000","16600.0000","16600.0000","0"
"B622603-5","3201","RESULTADOS AGREQUIMA","320101092","RESULTADO DEL EJERCICIO 2025","2025","10","0.0000","356831.3400","356831.3400","0"
"B622603-5","1101","CAJA Y BANCOS","110102001","BAC 701111600 MONETARIA","2025","10","235554.8700","0.0000","235554.8700","0"
"B622603-5","1101","CAJA Y BANCOS","110102002","BANRURAL 3033034955 MONETARIA","2025","10","843252.5900","0.0000","843252.5900","0"
"B622603-5","1102","CUENTAS POR COBRAR","110204002","OTROS INGRESOS POR COBRAR","2025","10","4792.1100","4792.1100","0.0000","0"
"B622603-5","1201","ACTIVOS FIJOS","120101011","VEHICULOS","2025","10","0.0000","138100.0000","-138100.0000","0"
"B622603-5","1201","ACTIVOS FIJOS","120101012","DEPRECIACION ACUMULADA DE VEHICULOS","2025","10","138100.0000","0.0000","138100.0000","0"
"B622603-5","1202","GASTOS DIFERIDOS","120202001","ANTICIPOS DE GASTOS","2025","10","0.0000","53620.5900","-53620.5900","0"
"B622603-5","2101","CUENTAS POR PAGAR","210102004","IVA DEBITO","2025","10","0.0000","2589.3900","2589.3900","0"
"B622603-5","2101","CUENTAS POR PAGAR","210102008","ISR GANANCIAS DE CAPITAL","2025","10","0.0000","1500.0000","1500.0000","0"
"B622603-5","2101","CUENTAS POR PAGAR","210104001","INGRESOSANTICIPADOS 4 POR MILLAR","2025","10","0.0000","1.7200","1.7200","0"
"B622603-5","2101","CUENTAS POR PAGAR","210104002","OTROS INGRESOS ANTICIPADOS","2025","10","34375.5200","274209.5900","239834.0700","0"
"B622603-5","1101","CAJA Y BANCOS","110102001","BAC 701111600 MONETARIA","2025","10","0.0000","506796.5700","-506796.5700","0"
"B622603-5","1101","CAJA Y BANCOS","110102002","BANRURAL 3033034955 MONETARIA","2025","10","0.0000","528593.3800","-528593.3800","0"
"B622603-5","1102","CUENTAS POR COBRAR","110204003","OTRAS CUENTAS POR COBRAR","2025","10","1200.7000","2700.7000","-1500.0000","0"
"B622603-5","1201","ACTIVOS FIJOS","120101011","VEHICULOS","2025","10","16600.0000","0.0000","16600.0000","0"
"B622603-5","1202","GASTOS DIFERIDOS","120202001","ANTICIPOS DE GASTOS","2025","10","127798.1500","4980.0000","122818.1500","0"
"B622603-5","2101","CUENTAS POR PAGAR","210101002","GASTOS ADMINISTRATIVOS POR PAGAR","2025","10","57776.8700","0.0000","-57776.8700","0"
"B622603-5","2101","CUENTAS POR PAGAR","210101003","GASTOS OPERATIVOS POR PAGAR","2025","10","74411.0600","0.0000","-74411.0600","0"
"B622603-5","2101","CUENTAS POR PAGAR","210102001","CUOTA LABORAL IGSS","2025","10","7460.1600","7334.3000","-125.8600","0"
"B622603-5","2101","CUENTAS POR PAGAR","210102002","CUOTA PATRONAL IGSS","2025","10","18058.2400","0.0000","-18058.2400","0"
"B622603-5","2101","CUENTAS POR PAGAR","210102004","IVA DEBITO","2025","10","4512.0000","0.0000","-4512.0000","0"
"B622603-5","2101","CUENTAS POR PAGAR","210102006","RETENCIONES ISR EMPLEADOS","2025","10","6085.1700","6085.1700","0.0000","0"
"B622603-5","2101","CUENTAS POR PAGAR","210102007","RETENCIONES ISR TERCEROS","2025","10","6359.1500","8017.8200","1658.6700","0"
"B622603-5","2101","CUENTAS POR PAGAR","210102009","RETENCIONES ISR NO RESIDENTES","2025","10","0.0000","4387.8000","4387.8000","0"
"B622603-5","1102","CUENTAS POR COBRAR","110201039","C_GRUPO FERT (CADELGA)
","2025","11","0.0000","4000.0000","-4000.0000","0"
"B622603-5","2101","CUENTAS POR PAGAR","210104002","OTROS INGRESOS ANTICIPADOS","2025","11","4000.0000","0.0000","-4000.0000","0"
"B622603-5","1102","CUENTAS POR COBRAR","110201039","C_GRUPO FERT (CADELGA)
","2025","11","0.0000","4000.0000","-4000.0000","0"
"B622603-5","2101","CUENTAS POR PAGAR","210104002","OTROS INGRESOS ANTICIPADOS","2025","11","4000.0000","0.0000","-4000.0000","0"
"B622603-5","1102","CUENTAS POR COBRAR","110201039","C_GRUPO FERT (CADELGA)
","2025","11","0.0000","4000.0000","-4000.0000","0"
"B622603-5","2101","CUENTAS POR PAGAR","210104002","OTROS INGRESOS ANTICIPADOS","2025","11","4000.0000","0.0000","-4000.0000","0"
"B622603-5","1202","GASTOS DIFERIDOS","120202001","ANTICIPOS DE GASTOS","2025","11","0.0000","2000.0000","-2000.0000","0"
"B622603-5","1202","GASTOS DIFERIDOS","120202001","ANTICIPOS DE GASTOS","2025","11","0.0000","2135.5600","-2135.5600","0"
"B622603-5","2101","CUENTAS POR PAGAR","210101003","GASTOS OPERATIVOS POR PAGAR","2025","11","0.0000","22989.5500","22989.5500","0"
"B622603-5","1202","GASTOS DIFERIDOS","120202001","ANTICIPOS DE GASTOS","2025","11","10000.0000","0.0000","10000.0000","0"
"B622603-5","2101","CUENTAS POR PAGAR","210101002","GASTOS ADMINISTRATIVOS POR PAGAR","2025","11","0.0000","27903.2000","27903.2000","0"
"B622603-5","2101","CUENTAS POR PAGAR","210104002","OTROS INGRESOS ANTICIPADOS","2025","11","375.0000","0.0000","-375.0000","0"
"B622603-5","2101","CUENTAS POR PAGAR","210104002","OTROS INGRESOS ANTICIPADOS","2025","11","8150.0000","0.0000","-8150.0000","0"
"B622603-5","1102","CUENTAS POR COBRAR","110204002","OTROS INGRESOS POR COBRAR","2025","11","625.0000","0.0000","625.0000","0"
"B622603-5","1102","CUENTAS POR COBRAR","110204002","OTROS INGRESOS POR COBRAR","2025","11","375.0000","0.0000","375.0000","0"
"B622603-5","1102","CUENTAS POR COBRAR","110204002","OTROS INGRESOS POR COBRAR","2025","11","875.0000","0.0000","875.0000","0"
"B622603-5","2101","CUENTAS POR PAGAR","210103002","PROVISION AGUINALDO","2025","11","0.0000","19460.1000","19460.1000","0"
"B622603-5","2101","CUENTAS POR PAGAR","210103003","PROVISION BONO 14","2025","11","0.0000","19460.1000","19460.1000","0"
"B622603-5","2101","CUENTAS POR PAGAR","210103001","PROVISION INDEMNIZACION","2025","11","0.0000","21352.0500","21352.0500","0"
"B622603-5","2101","CUENTAS POR PAGAR","210102002","CUOTA PATRONAL IGSS","2025","11","0.0000","17594.2600","17594.2600","0"
"B622603-5","1202","GASTOS DIFERIDOS","120202001","ANTICIPOS DE GASTOS","2025","11","0.0000","725.0000","-725.0000","0"
"B622603-5","2101","CUENTAS POR PAGAR","210101002","GASTOS ADMINISTRATIVOS POR PAGAR","2025","11","0.0000","3500.0000","3500.0000","0"
"B622603-5","2101","CUENTAS POR PAGAR","210101002","GASTOS ADMINISTRATIVOS POR PAGAR","2025","11","0.0000","4108.6500","4108.6500","0"
"B622603-5","2101","CUENTAS POR PAGAR","210101002","GASTOS ADMINISTRATIVOS POR PAGAR","2025","11","0.0000","1130.0000","1130.0000","0"
"B622603-5","2101","CUENTAS POR PAGAR","210101002","GASTOS ADMINISTRATIVOS POR PAGAR","2025","11","0.0000","840.0000","840.0000","0"
"B622603-5","2101","CUENTAS POR PAGAR","210101002","GASTOS ADMINISTRATIVOS POR PAGAR","2025","11","0.0000","1572.0000","1572.0000","0"
"B622603-5","2101","CUENTAS POR PAGAR","210101002","GASTOS ADMINISTRATIVOS POR PAGAR","2025","11","0.0000","156.0000","156.0000","0"
"B622603-5","2101","CUENTAS POR PAGAR","210101002","GASTOS ADMINISTRATIVOS POR PAGAR","2025","11","0.0000","53.0000","53.0000","0"
"B622603-5","2101","CUENTAS POR PAGAR","210101002","GASTOS ADMINISTRATIVOS POR PAGAR","2025","11","0.0000","180.0000","180.0000","0"
"B622603-5","2101","CUENTAS POR PAGAR","210101002","GASTOS ADMINISTRATIVOS POR PAGAR","2025","11","0.0000","65.0000","65.0000","0"
"B622603-5","2101","CUENTAS POR PAGAR","210101002","GASTOS ADMINISTRATIVOS POR PAGAR","2025","11","0.0000","484.2500","484.2500","0"
"B622603-5","2101","CUENTAS POR PAGAR","210101002","GASTOS ADMINISTRATIVOS POR PAGAR","2025","11","0.0000","720.0000","720.0000","0"
"B622603-5","2101","CUENTAS POR PAGAR","210101002","GASTOS ADMINISTRATIVOS POR PAGAR","2025","11","0.0000","2500.0000","2500.0000","0"
"B622603-5","2101","CUENTAS POR PAGAR","210101002","GASTOS ADMINISTRATIVOS POR PAGAR","2025","11","0.0000","2500.0000","2500.0000","0"
"B622603-5","2101","CUENTAS POR PAGAR","210101002","GASTOS ADMINISTRATIVOS POR PAGAR","2025","11","0.0000","3853.3300","3853.3300","0"
"B622603-5","2101","CUENTAS POR PAGAR","210101003","GASTOS OPERATIVOS POR PAGAR","2025","11","0.0000","40343.5500","40343.5500","0"
"B622603-5","1202","GASTOS DIFERIDOS","120202001","ANTICIPOS DE GASTOS","2025","11","0.0000","6346.0000","-6346.0000","0"
"B622603-5","1202","GASTOS DIFERIDOS","120202001","ANTICIPOS DE GASTOS","2025","11","0.0000","408.7300","-408.7300","0"
"B622603-5","2101","CUENTAS POR PAGAR","210101003","GASTOS OPERATIVOS POR PAGAR","2025","11","0.0000","1691.2700","1691.2700","0"
"B622603-5","1202","GASTOS DIFERIDOS","120202001","ANTICIPOS DE GASTOS","2025","11","0.0000","3190.0000","-3190.0000","0"
"B622603-5","1202","GASTOS DIFERIDOS","120202001","ANTICIPOS DE GASTOS","2025","11","0.0000","1650.0000","-1650.0000","0"
"B622603-5","2101","CUENTAS POR PAGAR","210102005","IVA DEBITO FACTURA ESPECIAL","2025","11","0.0000","208.4200","208.4200","0"
"B622603-5","2101","CUENTAS POR PAGAR","210102007","RETENCIONES ISR TERCEROS","2025","11","0.0000","86.8400","86.8400","0"
"B622603-5","2101","CUENTAS POR PAGAR","210101003","GASTOS OPERATIVOS POR PAGAR","2025","11","0.0000","8540.0000","8540.0000","0"
"B622603-5","2101","CUENTAS POR PAGAR","210102005","IVA DEBITO FACTURA ESPECIAL","2025","11","0.0000","1078.7400","1078.7400","0"
"B622603-5","2101","CUENTAS POR PAGAR","210102007","RETENCIONES ISR TERCEROS","2025","11","0.0000","449.4700","449.4700","0"
"B622603-5","1104","INVENTARIO","110401001","SELLOS DE CALIDAD","2025","11","0.0000","1666.0000","-1666.0000","0"
"B622603-5","","","210105001","","2025","11","136982.6600","0.0000","-136982.6600","0"
"B622603-5","3101","PATRIMONIO AGREQUIMA","310101001","PATRIMONIO ACTIVOS FIJOS","2025","11","0.0000","19760.7500","19760.7500","0"
"B622603-5","3201","RESULTADOS AGREQUIMA","320101092","RESULTADO DEL EJERCICIO 2025","2025","11","0.0000","117221.9100","117221.9100","0"
"B622603-5","1101","CAJA Y BANCOS","110102001","BAC 701111600 MONETARIA","2025","11","46089.8800","0.0000","46089.8800","0"
"B622603-5","1101","CAJA Y BANCOS","110102002","BANRURAL 3033034955 MONETARIA","2025","11","676976.7500","0.0000","676976.7500","0"
"B622603-5","1101","CAJA Y BANCOS","110102007","PROMERICA 12335070041947 MONETARIA","2025","11","4567.7500","0.0000","4567.7500","0"
"B622603-5","1102","CUENTAS POR COBRAR","110201018","B_WESTRADE GUATEMALA
","2025","11","0.0000","20000.0000","-20000.0000","0"
"B622603-5","1102","CUENTAS POR COBRAR","110204002","OTROS INGRESOS POR COBRAR","2025","11","2816.0000","32480.7000","-29664.7000","0"
"B622603-5","1103","IMPUESTOS POR COBRAR","110301003","IVA RETENCION","2025","11","391.1100","0.0000","391.1100","0"
"B622603-5","1202","GASTOS DIFERIDOS","120202001","ANTICIPOS DE GASTOS","2025","11","0.0000","15823.6000","-15823.6000","0"
"B622603-5","2101","CUENTAS POR PAGAR","210102004","IVA DEBITO","2025","11","0.0000","1397.8300","1397.8300","0"
"B622603-5","2101","CUENTAS POR PAGAR","210104001","INGRESOSANTICIPADOS 4 POR MILLAR","2025","11","1.7200","0.0000","-1.7200","0"
"B622603-5","2101","CUENTAS POR PAGAR","210104002","OTROS INGRESOS ANTICIPADOS","2025","11","9839.2900","52429.2900","42590.0000","0"
"B622603-5","1101","CAJA Y BANCOS","110102001","BAC 701111600 MONETARIA","2025","11","0.0000","2015645.8000","-2015645.8000","0"
"B622603-5","1101","CAJA Y BANCOS","110102002","BANRURAL 3033034955 MONETARIA","2025","11","0.0000","794943.9300","-794943.9300","0"
"B622603-5","1101","CAJA Y BANCOS","110103004","PROMÉRICA - FONDO DE INVERSIÓN","2025","11","1500000.0000","0.0000","1500000.0000","0"
"B622603-5","1102","CUENTAS POR COBRAR","110204003","OTRAS CUENTAS POR COBRAR","2025","11","1200.7000","2700.7000","-1500.0000","0"
"B622603-5","1201","ACTIVOS FIJOS","120101003","HARDWARE","2025","11","19760.7500","0.0000","19760.7500","0"
"B622603-5","1202","GASTOS DIFERIDOS","120202001","ANTICIPOS DE GASTOS","2025","11","195085.3300","2227.0000","192858.3300","0"
"B622603-5","2101","CUENTAS POR PAGAR","210101002","GASTOS ADMINISTRATIVOS POR PAGAR","2025","11","441429.2600","0.0000","-441429.2600","0"
"B622603-5","2101","CUENTAS POR PAGAR","210101003","GASTOS OPERATIVOS POR PAGAR","2025","11","89590.7100","1.0000","-89589.7100","0"
"B622603-5","2101","CUENTAS POR PAGAR","210102001","CUOTA LABORAL IGSS","2025","11","7334.2700","7244.4500","-89.8200","0"
"B622603-5","2101","CUENTAS POR PAGAR","210102002","CUOTA PATRONAL IGSS","2025","11","17754.1100","0.0000","-17754.1100","0"
"B622603-5","2101","CUENTAS POR PAGAR","210102004","IVA DEBITO","2025","11","2589.0000","0.0000","-2589.0000","0"
"B622603-5","2101","CUENTAS POR PAGAR","210102005","IVA DEBITO FACTURA ESPECIAL","2025","11","1693.2600","0.0000","-1693.2600","0"
"B622603-5","2101","CUENTAS POR PAGAR","210102006","RETENCIONES ISR EMPLEADOS","2025","11","6085.1700","6088.7400","3.5700","0"
"B622603-5","2101","CUENTAS POR PAGAR","210102007","RETENCIONES ISR TERCEROS","2025","11","8723.3400","3514.0000","-5209.3400","0"
"B622603-5","2101","CUENTAS POR PAGAR","210102008","ISR GANANCIAS DE CAPITAL","2025","11","1500.0000","0.0000","-1500.0000","0"
"B622603-5","2101","CUENTAS POR PAGAR","210102009","RETENCIONES ISR NO RESIDENTES","2025","11","4387.8000","0.0000","-4387.8000","0"
"B622603-5","1202","GASTOS DIFERIDOS","120202001","ANTICIPOS DE GASTOS","2025","12","0.0000","2860.0000","-2860.0000","0"
"B622603-5","1202","GASTOS DIFERIDOS","120202001","ANTICIPOS DE GASTOS","2025","12","0.0000","3000.0000","-3000.0000","0"
"B622603-5","1202","GASTOS DIFERIDOS","120202001","ANTICIPOS DE GASTOS","2025","12","0.0000","2135.5600","-2135.5600","0"
"B622603-5","2101","CUENTAS POR PAGAR","210101002","GASTOS ADMINISTRATIVOS POR PAGAR","2025","12","0.0000","512.5300","512.5300","0"
"B622603-5","2101","CUENTAS POR PAGAR","210101002","GASTOS ADMINISTRATIVOS POR PAGAR","2025","12","0.0000","237.4600","237.4600","0"
"B622603-5","2101","CUENTAS POR PAGAR","210101002","GASTOS ADMINISTRATIVOS POR PAGAR","2025","12","0.0000","756.0000","756.0000","0"
"B622603-5","2101","CUENTAS POR PAGAR","210101002","GASTOS ADMINISTRATIVOS POR PAGAR","2025","12","0.0000","1838.1300","1838.1300","0"
"B622603-5","2101","CUENTAS POR PAGAR","210101002","GASTOS ADMINISTRATIVOS POR PAGAR","2025","12","0.0000","3150.0000","3150.0000","0"
"B622603-5","2101","CUENTAS POR PAGAR","210101002","GASTOS ADMINISTRATIVOS POR PAGAR","2025","12","0.0000","1170.0000","1170.0000","0"
"B622603-5","2101","CUENTAS POR PAGAR","210101002","GASTOS ADMINISTRATIVOS POR PAGAR","2025","12","0.0000","905.3000","905.3000","0"
"B622603-5","2101","CUENTAS POR PAGAR","210101002","GASTOS ADMINISTRATIVOS POR PAGAR","2025","12","0.0000","1188.3000","1188.3000","0"
"B622603-5","2101","CUENTAS POR PAGAR","210101002","GASTOS ADMINISTRATIVOS POR PAGAR","2025","12","0.0000","285.9400","285.9400","0"
"B622603-5","2101","CUENTAS POR PAGAR","210101002","GASTOS ADMINISTRATIVOS POR PAGAR","2025","12","0.0000","824.0900","824.0900","0"
"B622603-5","2101","CUENTAS POR PAGAR","210101002","GASTOS ADMINISTRATIVOS POR PAGAR","2025","12","0.0000","892.7600","892.7600","0"
"B622603-5","2101","CUENTAS POR PAGAR","210101002","GASTOS ADMINISTRATIVOS POR PAGAR","2025","12","0.0000","12350.9900","12350.9900","0"
"B622603-5","2101","CUENTAS POR PAGAR","210101002","GASTOS ADMINISTRATIVOS POR PAGAR","2025","12","0.0000","1006.9900","1006.9900","0"
"B622603-5","2101","CUENTAS POR PAGAR","210101002","GASTOS ADMINISTRATIVOS POR PAGAR","2025","12","0.0000","579.2700","579.2700","0"
"B622603-5","1202","GASTOS DIFERIDOS","120202001","ANTICIPOS DE GASTOS","2025","12","0.0000","2000.0000","-2000.0000","0"
"B622603-5","1202","GASTOS DIFERIDOS","120201001","VIATICOS INGENIEROS AGRONOMOS","2025","12","0.0000","4259.9600","-4259.9600","0"
"B622603-5","1202","GASTOS DIFERIDOS","120201001","VIATICOS INGENIEROS AGRONOMOS","2025","12","0.0000","5000.0000","-5000.0000","0"
"B622603-5","1202","GASTOS DIFERIDOS","120202001","ANTICIPOS DE GASTOS","2025","12","0.0000","1794.6300","-1794.6300","0"
"B622603-5","2101","CUENTAS POR PAGAR","210101003","GASTOS OPERATIVOS POR PAGAR","2025","12","0.0000","2421.3600","2421.3600","0"
"B622603-5","1202","GASTOS DIFERIDOS","120201001","VIATICOS INGENIEROS AGRONOMOS","2025","12","0.0000","1303.1500","-1303.1500","0"
"B622603-5","1202","GASTOS DIFERIDOS","120201001","VIATICOS INGENIEROS AGRONOMOS","2025","12","0.0000","5000.0000","-5000.0000","0"
"B622603-5","2101","CUENTAS POR PAGAR","210101003","GASTOS OPERATIVOS POR PAGAR","2025","12","0.0000","981.5600","981.5600","0"
"B622603-5","1202","GASTOS DIFERIDOS","120201001","VIATICOS INGENIEROS AGRONOMOS","2025","12","0.0000","4405.5000","-4405.5000","0"
"B622603-5","1202","GASTOS DIFERIDOS","120201001","VIATICOS INGENIEROS AGRONOMOS","2025","12","0.0000","2376.5000","-2376.5000","0"
"B622603-5","1202","GASTOS DIFERIDOS","120201001","VIATICOS INGENIEROS AGRONOMOS","2025","12","0.0000","5000.0000","-5000.0000","0"
"B622603-5","1202","GASTOS DIFERIDOS","120202001","ANTICIPOS DE GASTOS","2025","12","0.0000","10327.8900","-10327.8900","0"
"B622603-5","2101","CUENTAS POR PAGAR","210101003","GASTOS OPERATIVOS POR PAGAR","2025","12","493.7000","0.0000","-493.7000","0"
"B622603-5","2101","CUENTAS POR PAGAR","210102007","RETENCIONES ISR TERCEROS","2025","12","0.0000","133.9300","133.9300","0"
"B622603-5","1202","GASTOS DIFERIDOS","120201001","VIATICOS INGENIEROS AGRONOMOS","2025","12","0.0000","1369.1900","-1369.1900","0"
"B622603-5","1202","GASTOS DIFERIDOS","120202001","ANTICIPOS DE GASTOS","2025","12","0.0000","230.3100","-230.3100","0"
"B622603-5","2101","CUENTAS POR PAGAR","210101003","GASTOS OPERATIVOS POR PAGAR","2025","12","0.0000","1089.8000","1089.8000","0"
"B622603-5","2101","CUENTAS POR PAGAR","210101003","GASTOS OPERATIVOS POR PAGAR","2025","12","0.0000","243.1500","243.1500","0"
"B622603-5","2101","CUENTAS POR PAGAR","210101003","GASTOS OPERATIVOS POR PAGAR","2025","12","0.0000","1439.5000","1439.5000","0"
"B622603-5","2101","CUENTAS POR PAGAR","210101003","GASTOS OPERATIVOS POR PAGAR","2025","12","0.0000","423.5500","423.5500","0"
"B622603-5","2101","CUENTAS POR PAGAR","210101003","GASTOS OPERATIVOS POR PAGAR","2025","12","0.0000","880.0000","880.0000","0"
"B622603-5","2101","CUENTAS POR PAGAR","210101003","GASTOS OPERATIVOS POR PAGAR","2025","12","0.0000","254.0000","254.0000","0"
"B622603-5","2101","CUENTAS POR PAGAR","210101003","GASTOS OPERATIVOS POR PAGAR","2025","12","0.0000","4840.0000","4840.0000","0"
"B622603-5","2101","CUENTAS POR PAGAR","210102005","IVA DEBITO FACTURA ESPECIAL","2025","12","0.0000","611.3700","611.3700","0"
"B622603-5","2101","CUENTAS POR PAGAR","210102007","RETENCIONES ISR TERCEROS","2025","12","0.0000","254.7400","254.7400","0"
"B622603-5","1202","GASTOS DIFERIDOS","120202001","ANTICIPOS DE GASTOS","2025","12","0.0000","1200.0000","-1200.0000","0"
"B622603-5","2101","CUENTAS POR PAGAR","210102005","IVA DEBITO FACTURA ESPECIAL","2025","12","0.0000","151.5800","151.5800","0"
"B622603-5","2101","CUENTAS POR PAGAR","210102007","RETENCIONES ISR TERCEROS","2025","12","0.0000","63.1600","63.1600","0"
"B622603-5","1202","GASTOS DIFERIDOS","120202001","ANTICIPOS DE GASTOS","2025","12","0.0000","10000.0000","-10000.0000","0"
"B622603-5","2101","CUENTAS POR PAGAR","210101002","GASTOS ADMINISTRATIVOS POR PAGAR","2025","12","0.0000","82015.5100","82015.5100","0"
"B622603-5","2101","CUENTAS POR PAGAR","210104002","OTROS INGRESOS ANTICIPADOS","2025","12","700.0000","0.0000","-700.0000","0"
"B622603-5","2101","CUENTAS POR PAGAR","210104002","OTROS INGRESOS ANTICIPADOS","2025","12","16509.3700","0.0000","-16509.3700","0"
"B622603-5","1102","CUENTAS POR COBRAR","110204002","OTROS INGRESOS POR COBRAR","2025","12","100000.0000","0.0000","100000.0000","0"
"B622603-5","1201","ACTIVOS FIJOS","120101007","MAQUINARIA","2025","12","199717.0000","0.0000","199717.0000","0"
"B622603-5","1202","GASTOS DIFERIDOS","120202001","ANTICIPOS DE GASTOS","2025","12","0.0000","200105.0000","-200105.0000","0"
"B622603-5","2101","CUENTAS POR PAGAR","210101002","GASTOS ADMINISTRATIVOS POR PAGAR","2025","12","0.0000","1629.0900","1629.0900","0"
"B622603-5","2101","CUENTAS POR PAGAR","210103001","PROVISION INDEMNIZACION","2025","12","0.0000","22635.2800","22635.2800","0"
"B622603-5","2101","CUENTAS POR PAGAR","210103002","PROVISION AGUINALDO","2025","12","0.0000","20629.6900","20629.6900","0"
"B622603-5","2101","CUENTAS POR PAGAR","210103003","PROVISION BONO 14","2025","12","0.0000","20629.6800","20629.6800","0"
"B622603-5","2101","CUENTAS POR PAGAR","210102002","CUOTA PATRONAL IGSS","2025","12","0.0000","18248.6200","18248.6200","0"
"B622603-5","2101","CUENTAS POR PAGAR","210101002","GASTOS ADMINISTRATIVOS POR PAGAR","2025","12","0.0000","102396.7700","102396.7700","0"
"B622603-5","1103","IMPUESTOS POR COBRAR","110301003","IVA RETENCION","2025","12","0.0000","391.1100","-391.1100","0"
"B622603-5","2101","CUENTAS POR PAGAR","210102004","IVA DEBITO","2025","12","391.1100","0.0000","-391.1100","0"
"B622603-5","2101","CUENTAS POR PAGAR","210101002","GASTOS ADMINISTRATIVOS POR PAGAR","2025","12","3000.0000","0.0000","-3000.0000","0"
"B622603-5","2101","CUENTAS POR PAGAR","210101002","GASTOS ADMINISTRATIVOS POR PAGAR","2025","12","3139.4300","0.0000","-3139.4300","0"
"B622603-5","2101","CUENTAS POR PAGAR","210101002","GASTOS ADMINISTRATIVOS POR PAGAR","2025","12","366.2400","0.0000","-366.2400","0"
"B622603-5","2101","CUENTAS POR PAGAR","210101003","GASTOS OPERATIVOS POR PAGAR","2025","12","1.0200","0.0000","-1.0200","0"
"B622603-5","1102","CUENTAS POR COBRAR","110204002","OTROS INGRESOS POR COBRAR","2025","12","0.0000","4428.6900","-4428.6900","0"
"B622603-5","2101","CUENTAS POR PAGAR","210104002","OTROS INGRESOS ANTICIPADOS","2025","12","4428.6900","0.0000","-4428.6900","0"
"B622603-5","1102","CUENTAS POR COBRAR","110204002","OTROS INGRESOS POR COBRAR","2025","12","0.0000","4252.0400","-4252.0400","0"
"B622603-5","2101","CUENTAS POR PAGAR","210104002","OTROS INGRESOS ANTICIPADOS","2025","12","4252.0400","0.0000","-4252.0400","0"
"B622603-5","1102","CUENTAS POR COBRAR","110204002","OTROS INGRESOS POR COBRAR","2025","12","0.0000","4400.0000","-4400.0000","0"
"B622603-5","2101","CUENTAS POR PAGAR","210104002","OTROS INGRESOS ANTICIPADOS","2025","12","4400.0000","0.0000","-4400.0000","0"
"B622603-5","1102","CUENTAS POR COBRAR","110204002","OTROS INGRESOS POR COBRAR","2025","12","0.0000","4096.0000","-4096.0000","0"
"B622603-5","2101","CUENTAS POR PAGAR","210104002","OTROS INGRESOS ANTICIPADOS","2025","12","4096.0000","0.0000","-4096.0000","0"
"B622603-5","","","210105001","","2025","12","850922.1000","0.0000","-850922.1000","0"
"B622603-5","3101","PATRIMONIO AGREQUIMA","310101001","PATRIMONIO ACTIVOS FIJOS","2025","12","0.0000","333517.0000","333517.0000","0"
"B622603-5","3201","RESULTADOS AGREQUIMA","320101092","RESULTADO DEL EJERCICIO 2025","2025","12","0.0000","517405.1000","517405.1000","0"
"B622603-5","3201","RESULTADOS AGREQUIMA","320101092","RESULTADO DEL EJERCICIO 2025","2025","12","0.0000","850954.1700","850954.1700","0"
"B622603-5","1101","CAJA Y BANCOS","110102001","BAC 701111600 MONETARIA","2025","12","0.0000","766871.7000","-766871.7000","0"
"B622603-5","1101","CAJA Y BANCOS","110102002","BANRURAL 3033034955 MONETARIA","2025","12","0.0000","582727.2000","-582727.2000","0"
"B622603-5","1101","CAJA Y BANCOS","110102007","PROMERICA 12335070041947 MONETARIA","2025","12","0.0000","40.0000","-40.0000","0"
"B622603-5","1102","CUENTAS POR COBRAR","110204003","OTRAS CUENTAS POR COBRAR","2025","12","1200.7000","4092.8100","-2892.1100","0"
"B622603-5","1201","ACTIVOS FIJOS","120101007","MAQUINARIA","2025","12","112900.0000","0.0000","112900.0000","0"
"B622603-5","1201","ACTIVOS FIJOS","120101011","VEHICULOS","2025","12","20900.0000","0.0000","20900.0000","0"
"B622603-5","1202","GASTOS DIFERIDOS","120202001","ANTICIPOS DE GASTOS","2025","12","34184.5800","35722.4200","-1537.8400","0"
"B622603-5","2101","CUENTAS POR PAGAR","210101002","GASTOS ADMINISTRATIVOS POR PAGAR","2025","12","79565.4300","0.0000","-79565.4300","0"
"B622603-5","2101","CUENTAS POR PAGAR","210101003","GASTOS OPERATIVOS POR PAGAR","2025","12","73564.3700","0.0000","-73564.3700","0"
"B622603-5","2101","CUENTAS POR PAGAR","210102001","CUOTA LABORAL IGSS","2025","12","7244.4300","7515.2700","270.8400","0"
"B622603-5","2101","CUENTAS POR PAGAR","210102002","CUOTA PATRONAL IGSS","2025","12","17594.2600","0.0000","-17594.2600","0"
"B622603-5","2101","CUENTAS POR PAGAR","210102004","IVA DEBITO","2025","12","1007.0000","0.0000","-1007.0000","0"
"B622603-5","2101","CUENTAS POR PAGAR","210102005","IVA DEBITO FACTURA ESPECIAL","2025","12","1287.1600","0.0000","-1287.1600","0"
"B622603-5","2101","CUENTAS POR PAGAR","210102006","RETENCIONES ISR EMPLEADOS","2025","12","6088.7400","6088.7300","-0.0100","0"
"B622603-5","2101","CUENTAS POR PAGAR","210102007","RETENCIONES ISR TERCEROS","2025","12","4050.3100","4799.9600","749.6500","0"
"B622603-5","2101","CUENTAS POR PAGAR","210102009","RETENCIONES ISR NO RESIDENTES","2025","12","0.0000","4382.1500","4382.1500","0"
"B622603-5","2101","CUENTAS POR PAGAR","210103001","PROVISION INDEMNIZACION","2025","12","47028.0100","0.0000","-47028.0100","0"
"B622603-5","2101","CUENTAS POR PAGAR","210103002","PROVISION AGUINALDO","2025","12","235512.9200","0.0000","-235512.9200","0"
"B622603-5","2101","CUENTAS POR PAGAR","210103003","PROVISION BONO 14","2025","12","1876.8300","0.0000","-1876.8300","0"
"B622603-5","","","210105001","","2025","12","3600.0000","0.0000","-3600.0000","0"
"B622603-5","1101","CAJA Y BANCOS","110102001","BAC 701111600 MONETARIA","2025","12","50062.2400","0.0000","50062.2400","0"
"B622603-5","1101","CAJA Y BANCOS","110102002","BANRURAL 3033034955 MONETARIA","2025","12","429316.3300","0.0000","429316.3300","0"
"B622603-5","1101","CAJA Y BANCOS","110102003","BANCO INDUSTRIAL 0000269530 MONETARIA","2025","12","201050.0000","0.0000","201050.0000","0"
"B622603-5","1101","CAJA Y BANCOS","110102007","PROMERICA 12335070041947 MONETARIA","2025","12","7452.6500","0.0000","7452.6500","0"
"B622603-5","1102","CUENTAS POR COBRAR","110201011","B_CTL
","2025","12","0.0000","20000.0000","-20000.0000","0"
"B622603-5","1102","CUENTAS POR COBRAR","110204002","OTROS INGRESOS POR COBRAR","2025","12","51722.2400","234098.3100","-182376.0700","0"
"B622603-5","1202","GASTOS DIFERIDOS","120201001","VIATICOS INGENIEROS AGRONOMOS","2025","12","0.0000","11285.7000","-11285.7000","0"
"B622603-5","1202","GASTOS DIFERIDOS","120202001","ANTICIPOS DE GASTOS","2025","12","0.0000","20946.8400","-20946.8400","0"
"B622603-5","2101","CUENTAS POR PAGAR","210102004","IVA DEBITO","2025","12","0.0000","12483.8100","12483.8100","0"
"B622603-5","2101","CUENTAS POR PAGAR","210104002","OTROS INGRESOS ANTICIPADOS","2025","12","64793.4300","12240.8000","-52552.6300","0"
"B622603-5","1101","CAJA Y BANCOS","110101001","CAJA CHICA","2026","1","1200.0000","0.0000","1200.0000","0"
"B622603-5","1101","CAJA Y BANCOS","110102001","BAC 701111600 MONETARIA","2026","1","3322748.4200","0.0000","3322748.4200","0"
"B622603-5","1101","CAJA Y BANCOS","110102002","BANRURAL 3033034955 MONETARIA","2026","1","48059.5400","0.0000","48059.5400","0"
"B622603-5","1101","CAJA Y BANCOS","110102003","BANCO INDUSTRIAL 0000269530 MONETARIA","2026","1","330712.4400","0.0000","330712.4400","0"
"B622603-5","1101","CAJA Y BANCOS","110102007","PROMERICA 12335070041947 MONETARIA","2026","1","11980.4000","0.0000","11980.4000","0"
"B622603-5","1101","CAJA Y BANCOS","110103003","BAC - FONDO DE INVERSIÓN","2026","1","2300001.0000","0.0000","2300001.0000","0"
"B622603-5","1101","CAJA Y BANCOS","110103004","PROMÉRICA - FONDO DE INVERSIÓN","2026","1","1500000.0000","0.0000","1500000.0000","0"
"B622603-5","1102","CUENTAS POR COBRAR","110201037","C_AGROFORZA  

","2026","1","12000.0000","0.0000","12000.0000","0"
"B622603-5","1102","CUENTAS POR COBRAR","110204001","DEUDORES","2026","1","86581.3000","0.0000","86581.3000","0"
"B622603-5","1102","CUENTAS POR COBRAR","110204002","OTROS INGRESOS POR COBRAR","2026","1","32143.2600","0.0000","32143.2600","0"
"B622603-5","1102","CUENTAS POR COBRAR","110204003","OTRAS CUENTAS POR COBRAR","2026","1","92537.4600","0.0000","92537.4600","0"
"B622603-5","1102","CUENTAS POR COBRAR","110204006","DEPOSITOS EN GARANTIA","2026","1","15024.1600","0.0000","15024.1600","0"
"B622603-5","1104","INVENTARIO","110401001","SELLOS DE CALIDAD","2026","1","4145.4000","0.0000","4145.4000","0"
"B622603-5","1201","ACTIVOS FIJOS","120101001","MOBILIARIO Y EQUIPO","2026","1","125153.9900","0.0000","125153.9900","0"
"B622603-5","1201","ACTIVOS FIJOS","120101002","DEPRECIACION ACUMULADA MOBILIARIO Y EQUIPO","2026","1","-115496.0800","0.0000","-115496.0800","0"
"B622603-5","1201","ACTIVOS FIJOS","120101003","HARDWARE","2026","1","288703.5700","0.0000","288703.5700","0"
"B622603-5","1201","ACTIVOS FIJOS","120101003","HARDWARE","2026","1","7366.0000","0.0000","7366.0000","0"
"B622603-5","1201","ACTIVOS FIJOS","120101004","DEPRECIACION ACUMULADA HARDWARE","2026","1","-35978.7000","0.0000","-35978.7000","0"
"B622603-5","1201","ACTIVOS FIJOS","120101005","SOFTWARE","2026","1","12984.5000","0.0000","12984.5000","0"
"B622603-5","1201","ACTIVOS FIJOS","120101006","AMORTIZACION ACUMULADA SOFTWARE","2026","1","-11903.3600","0.0000","-11903.3600","0"
"B622603-5","1201","ACTIVOS FIJOS","120101007","MAQUINARIA","2026","1","919641.1600","0.0000","919641.1600","0"
"B622603-5","1201","ACTIVOS FIJOS","120101008","DEPRECIACION ACUMULADA DE MAQUINARIA","2026","1","-235226.0600","0.0000","-235226.0600","0"
"B622603-5","1201","ACTIVOS FIJOS","120101009","MEJORAS DE OFICINA","2026","1","103261.3300","0.0000","103261.3300","0"
"B622603-5","1201","ACTIVOS FIJOS","120101010","DEPRECIACION ACUMULADA MEJORAS DE OFICINA","2026","1","-101186.1300","0.0000","-101186.1300","0"
"B622603-5","1201","ACTIVOS FIJOS","120101011","VEHICULOS","2026","1","2907774.2800","0.0000","2907774.2800","0"
"B622603-5","1201","ACTIVOS FIJOS","120101012","DEPRECIACION ACUMULADA DE VEHICULOS","2026","1","-488341.8900","0.0000","-488341.8900","0"
"B622603-5","1201","ACTIVOS FIJOS","120101013","CENTROS DE ACOPIO","2026","1","1562832.1500","0.0000","1562832.1500","0"
"B622603-5","1201","ACTIVOS FIJOS","120101014","DEPRECIACION CENTROS DE ACOPIO","2026","1","-645879.8500","0.0000","-645879.8500","0"
"B622603-5","2101","CUENTAS POR PAGAR","210101002","GASTOS ADMINISTRATIVOS POR PAGAR","2026","1","0.0000","149793.4800","149793.4800","0"
"B622603-5","2101","CUENTAS POR PAGAR","210101002","GASTOS ADMINISTRATIVOS POR PAGAR","2026","1","0.0000","32445.6500","32445.6500","0"
"B622603-5","2101","CUENTAS POR PAGAR","210101003","GASTOS OPERATIVOS POR PAGAR","2026","1","0.0000","15644.9200","15644.9200","0"
"B622603-5","2101","CUENTAS POR PAGAR","210102001","CUOTA LABORAL IGSS","2026","1","0.0000","7515.5200","7515.5200","0"
"B622603-5","2101","CUENTAS POR PAGAR","210102002","CUOTA PATRONAL IGSS","2026","1","0.0000","18248.6200","18248.6200","0"
"B622603-5","2101","CUENTAS POR PAGAR","210102004","IVA DEBITO","2026","1","0.0000","12482.5500","12482.5500","0"
"B622603-5","2101","CUENTAS POR PAGAR","210102005","IVA DEBITO FACTURA ESPECIAL","2026","1","0.0000","762.9600","762.9600","0"
"B622603-5","2101","CUENTAS POR PAGAR","210102006","RETENCIONES ISR EMPLEADOS","2026","1","0.0000","6088.7200","6088.7200","0"
"B622603-5","2101","CUENTAS POR PAGAR","210102007","RETENCIONES ISR TERCEROS","2026","1","0.0000","5251.7900","5251.7900","0"
"B622603-5","2101","CUENTAS POR PAGAR","210102009","RETENCIONES ISR NO RESIDENTES","2026","1","0.0000","4382.1500","4382.1500","0"
"B622603-5","2101","CUENTAS POR PAGAR","210103001","PROVISION INDEMNIZACION","2026","1","0.0000","2144119.0900","2144119.0900","0"
"B622603-5","2101","CUENTAS POR PAGAR","210103003","PROVISION BONO 14","2026","1","0.0000","117370.3100","117370.3100","0"
"B622603-5","2101","CUENTAS POR PAGAR","210104002","OTROS INGRESOS ANTICIPADOS","2026","1","0.0000","20429.3100","20429.3100","0"
"B622603-5","","","210105001","","2026","1","0.0000","5136017.0100","5136017.0100","0"
"B622603-5","2101","CUENTAS POR PAGAR","210105002","FONDOS POR APLICAR CASO JUDICIAL
","2026","1","0.0000","86581.3000","86581.3000","0"
"B622603-5","3101","PATRIMONIO AGREQUIMA","310101001","PATRIMONIO ACTIVOS FIJOS","2026","1","0.0000","4293704.9100","4293704.9100","0"
"B622603-5","2101","CUENTAS POR PAGAR","210101003","GASTOS OPERATIVOS POR PAGAR","2026","1","0.0000","53270.8700","53270.8700","0"
"B622603-5","1202","GASTOS DIFERIDOS","120202001","ANTICIPOS DE GASTOS","2026","1","0.0000","1111.4000","-1111.4000","0"
"B622603-5","1202","GASTOS DIFERIDOS","120202001","ANTICIPOS DE GASTOS","2026","1","0.0000","1780.0000","-1780.0000","0"
"B622603-5","2101","CUENTAS POR PAGAR","210101002","GASTOS ADMINISTRATIVOS POR PAGAR","2026","1","0.0000","8177.6600","8177.6600","0"
"B622603-5","2101","CUENTAS POR PAGAR","210101003","GASTOS OPERATIVOS POR PAGAR","2026","1","0.0000","16588.6700","16588.6700","0"
"B622603-5","2101","CUENTAS POR PAGAR","210104002","OTROS INGRESOS ANTICIPADOS","2026","1","375.0000","0.0000","-375.0000","0"
"B622603-5","2101","CUENTAS POR PAGAR","210104002","OTROS INGRESOS ANTICIPADOS","2026","1","2980.0000","0.0000","-2980.0000","0"
"B622603-5","1102","CUENTAS POR COBRAR","110204002","OTROS INGRESOS POR COBRAR","2026","1","875.0000","0.0000","875.0000","0"
"B622603-5","1102","CUENTAS POR COBRAR","110204002","OTROS INGRESOS POR COBRAR","2026","1","1260.0000","0.0000","1260.0000","0"
"B622603-5","1102","CUENTAS POR COBRAR","110204002","OTROS INGRESOS POR COBRAR","2026","1","350.0000","0.0000","350.0000","0"
"B622603-5","2101","CUENTAS POR PAGAR","210101003","GASTOS OPERATIVOS POR PAGAR","2026","1","0.0000","2200.0000","2200.0000","0"
"B622603-5","2101","CUENTAS POR PAGAR","210102005","IVA DEBITO FACTURA ESPECIAL","2026","1","0.0000","277.8900","277.8900","0"
"B622603-5","2101","CUENTAS POR PAGAR","210102007","RETENCIONES ISR TERCEROS","2026","1","0.0000","115.7900","115.7900","0"
"B622603-5","2101","CUENTAS POR PAGAR","210104002","OTROS INGRESOS ANTICIPADOS","2026","1","208935.9000","0.0000","-208935.9000","0"
"B622603-5","1104","INVENTARIO","110401001","SELLOS DE CALIDAD","2026","1","0.0000","4018.0000","-4018.0000","0"
"B622603-5","2101","CUENTAS POR PAGAR","210101002","GASTOS ADMINISTRATIVOS POR PAGAR","2026","1","0.0000","245.0000","245.0000","0"
"B622603-5","2101","CUENTAS POR PAGAR","210101002","GASTOS ADMINISTRATIVOS POR PAGAR","2026","1","0.0000","644.0000","644.0000","0"
"B622603-5","2101","CUENTAS POR PAGAR","210103001","PROVISION INDEMNIZACION","2026","1","0.0000","21864.3400","21864.3400","0"
"B622603-5","2101","CUENTAS POR PAGAR","210103002","PROVISION AGUINALDO","2026","1","0.0000","20139.8400","20139.8400","0"
"B622603-5","2101","CUENTAS POR PAGAR","210103003","PROVISION BONO 14","2026","1","0.0000","19926.9900","19926.9900","0"
"B622603-5","2101","CUENTAS POR PAGAR","210102002","CUOTA PATRONAL IGSS","2026","1","0.0000","18836.9500","18836.9500","0"
"B622603-5","","","210105001","","2026","1","0.0000","132677.6700","132677.6700","0"
"B622603-5","3101","PATRIMONIO AGREQUIMA","310101001","PATRIMONIO ACTIVOS FIJOS","2026","1","0.0000","15546.0000","15546.0000","0"
"B622603-5","3201","RESULTADOS AGREQUIMA","320101091","RESULTADO DEL EJERCICIO 2026","2026","1","148223.6700","0.0000","-148223.6700","0"
"B622603-5","1101","CAJA Y BANCOS","110101002","TRASLADO DE FONDOS","2026","1","0.0000","100000.0000","-100000.0000","0"
"B622603-5","1101","CAJA Y BANCOS","110102001","BAC 701111600 MONETARIA","2026","1","336934.9800","0.0000","336934.9800","0"
"B622603-5","1101","CAJA Y BANCOS","110102002","BANRURAL 3033034955 MONETARIA","2026","1","565146.1800","0.0000","565146.1800","0"
"B622603-5","1101","CAJA Y BANCOS","110102007","PROMERICA 12335070041947 MONETARIA","2026","1","7452.6500","0.0000","7452.6500","0"
"B622603-5","1102","CUENTAS POR COBRAR","110201037","C_AGROFORZA  

","2026","1","0.0000","12000.0000","-12000.0000","0"
"B622603-5","1102","CUENTAS POR COBRAR","110204002","OTROS INGRESOS POR COBRAR","2026","1","7243.5200","9637.1500","-2393.6300","0"
"B622603-5","1103","IMPUESTOS POR COBRAR","110301003","IVA RETENCION","2026","1","103.6800","0.0000","103.6800","0"
"B622603-5","1202","GASTOS DIFERIDOS","120202001","ANTICIPOS DE GASTOS","2026","1","0.0000","11747.0800","-11747.0800","0"
"B622603-5","2101","CUENTAS POR PAGAR","210102004","IVA DEBITO","2026","1","0.0000","787.2000","787.2000","0"
"B622603-5","2101","CUENTAS POR PAGAR","210104002","OTROS INGRESOS ANTICIPADOS","2026","1","0.0000","222315.9000","222315.9000","0"
"B622603-5","1101","CAJA Y BANCOS","110101002","TRASLADO DE FONDOS","2026","1","100000.0000","0.0000","100000.0000","0"
"B622603-5","1101","CAJA Y BANCOS","110102001","BAC 701111600 MONETARIA","2026","1","0.0000","539527.7000","-539527.7000","0"
"B622603-5","1101","CAJA Y BANCOS","110102002","BANRURAL 3033034955 MONETARIA","2026","1","0.0000","339864.3300","-339864.3300","0"
"B622603-5","1102","CUENTAS POR COBRAR","110204003","OTRAS CUENTAS POR COBRAR","2026","1","1260.6800","2868.5700","-1607.8900","0"
"B622603-5","1201","ACTIVOS FIJOS","120101003","HARDWARE","2026","1","15546.0000","0.0000","15546.0000","0"
"B622603-5","1202","GASTOS DIFERIDOS","120201001","VIATICOS INGENIEROS AGRONOMOS","2026","1","45000.0000","0.0000","45000.0000","0"
"B622603-5","1202","GASTOS DIFERIDOS","120202001","ANTICIPOS DE GASTOS","2026","1","29268.6800","0.0000","29268.6800","0"
"B622603-5","2101","CUENTAS POR PAGAR","210101002","GASTOS ADMINISTRATIVOS POR PAGAR","2026","1","180610.0400","0.0000","-180610.0400","0"
"B622603-5","2101","CUENTAS POR PAGAR","210101003","GASTOS OPERATIVOS POR PAGAR","2026","1","15644.9200","0.0000","-15644.9200","0"
"B622603-5","2101","CUENTAS POR PAGAR","210102001","CUOTA LABORAL IGSS","2026","1","7515.2500","7769.6800","254.4300","0"
"B622603-5","2101","CUENTAS POR PAGAR","210102002","CUOTA PATRONAL IGSS","2026","1","18248.6200","0.0000","-18248.6200","0"
"B622603-5","2101","CUENTAS POR PAGAR","210102004","IVA DEBITO","2026","1","12484.0000","0.0000","-12484.0000","0"
"B622603-5","2101","CUENTAS POR PAGAR","210102005","IVA DEBITO FACTURA ESPECIAL","2026","1","762.9500","0.0000","-762.9500","0"
"B622603-5","2101","CUENTAS POR PAGAR","210102006","RETENCIONES ISR EMPLEADOS","2026","1","6093.7400","6751.3700","657.6300","0"
"B622603-5","2101","CUENTAS POR PAGAR","210102007","RETENCIONES ISR TERCEROS","2026","1","5251.7900","2982.1200","-2269.6700","0"
"B622603-5","2101","CUENTAS POR PAGAR","210102009","RETENCIONES ISR NO RESIDENTES","2026","1","4328.5900","0.0000","-4328.5900","0"
"B622603-5","1102","CUENTAS POR COBRAR","110204002","OTROS INGRESOS POR COBRAR","2026","2","0.0000","6992.9500","-6992.9500","0"
"B622603-5","2101","CUENTAS POR PAGAR","210104002","OTROS INGRESOS ANTICIPADOS","2026","2","6992.9500","0.0000","-6992.9500","0"
"B622603-5","2101","CUENTAS POR PAGAR","210101003","GASTOS OPERATIVOS POR PAGAR","2026","2","0.0000","413.4000","413.4000","0"
"B622603-5","1202","GASTOS DIFERIDOS","120202001","ANTICIPOS DE GASTOS","2026","2","0.0000","2000.0000","-2000.0000","0"
"B622603-5","1202","GASTOS DIFERIDOS","120202001","ANTICIPOS DE GASTOS","2026","2","0.0000","2000.0000","-2000.0000","0"
"B622603-5","1202","GASTOS DIFERIDOS","120202001","ANTICIPOS DE GASTOS","2026","2","0.0000","2238.6000","-2238.6000","0"
"B622603-5","2101","CUENTAS POR PAGAR","210101002","GASTOS ADMINISTRATIVOS POR PAGAR","2026","2","0.0000","390.0000","390.0000","0"
"B622603-5","2101","CUENTAS POR PAGAR","210101002","GASTOS ADMINISTRATIVOS POR PAGAR","2026","2","0.0000","2464.0000","2464.0000","0"
"B622603-5","2101","CUENTAS POR PAGAR","210101002","GASTOS ADMINISTRATIVOS POR PAGAR","2026","2","0.0000","250.0000","250.0000","0"
"B622603-5","2101","CUENTAS POR PAGAR","210101002","GASTOS ADMINISTRATIVOS POR PAGAR","2026","2","0.0000","13044.0000","13044.0000","0"
"B622603-5","2101","CUENTAS POR PAGAR","210104002","OTROS INGRESOS ANTICIPADOS","2026","2","600.0000","0.0000","-600.0000","0"
"B622603-5","2101","CUENTAS POR PAGAR","210104002","OTROS INGRESOS ANTICIPADOS","2026","2","13020.0000","0.0000","-13020.0000","0"
"B622603-5","1102","CUENTAS POR COBRAR","110201001","A_ADAMA
","2026","2","35000.0000","0.0000","35000.0000","0"
"B622603-5","1102","CUENTAS POR COBRAR","110201002","A_ARYSTA
","2026","2","14000.0000","0.0000","14000.0000","0"
"B622603-5","1102","CUENTAS POR COBRAR","110201004","A_BAYER, S.A.","2026","2","35000.0000","0.0000","35000.0000","0"
"B622603-5","1102","CUENTAS POR COBRAR","110201007","A_FMC, S.A.
","2026","2","35000.0000","0.0000","35000.0000","0"
"B622603-5","1102","CUENTAS POR COBRAR","110201009","A_YARA
","2026","2","35000.0000","0.0000","35000.0000","0"
"B622603-5","1102","CUENTAS POR COBRAR","110201011","B_CTL
","2026","2","20000.0000","0.0000","20000.0000","0"
"B622603-5","1102","CUENTAS POR COBRAR","110201012","B_ESPORANGIO, S.A.
","2026","2","20000.0000","0.0000","20000.0000","0"
"B622603-5","1102","CUENTAS POR COBRAR","110201014","B_PROMOAGRO
","2026","2","20000.0000","0.0000","20000.0000","0"
"B622603-5","1102","CUENTAS POR COBRAR","110201015","B_QUILUBRISA
","2026","2","20000.0000","0.0000","20000.0000","0"
"B622603-5","1102","CUENTAS POR COBRAR","110201016","B_RAINBOW
","2026","2","20000.0000","0.0000","20000.0000","0"
"B622603-5","1102","CUENTAS POR COBRAR","110201017","B_TECUN, S.A.
","2026","2","20000.0000","0.0000","20000.0000","0"
"B622603-5","1102","CUENTAS POR COBRAR","110201019","C_AGRIAVANCES
","2026","2","12000.0000","0.0000","12000.0000","0"
"B622603-5","1102","CUENTAS POR COBRAR","110201021","C_BAYER, S.A.
","2026","2","12000.0000","0.0000","12000.0000","0"
"B622603-5","1102","CUENTAS POR COBRAR","110201022","C_GRUPO DISAGRO
","2026","2","12000.0000","0.0000","12000.0000","0"
"B622603-5","1102","CUENTAS POR COBRAR","110201023","C_INCISA
","2026","2","12000.0000","0.0000","12000.0000","0"
"B622603-5","1102","CUENTAS POR COBRAR","110201024","C_INSUMOS MODERNOS
","2026","2","12000.0000","0.0000","12000.0000","0"
"B622603-5","1102","CUENTAS POR COBRAR","110201025","C_POTENZ
","2026","2","12000.0000","0.0000","12000.0000","0"
"B622603-5","1102","CUENTAS POR COBRAR","110201027","C_SUPERSEED
","2026","2","12000.0000","0.0000","12000.0000","0"
"B622603-5","1102","CUENTAS POR COBRAR","110201028","B_VIDAGRO
","2026","2","20000.0000","0.0000","20000.0000","0"
"B622603-5","1102","CUENTAS POR COBRAR","110201030","C_NOVIAGRO, S.A .
","2026","2","12000.0000","0.0000","12000.0000","0"
"B622603-5","1102","CUENTAS POR COBRAR","110201031","B_SEMIAGRO
","2026","2","20000.0000","0.0000","20000.0000","0"
"B622603-5","1102","CUENTAS POR COBRAR","110201032","B_EL COLONO
","2026","2","10000.0000","0.0000","10000.0000","0"
"B622603-5","1102","CUENTAS POR COBRAR","110201034","C_SEDIAGRO
","2026","2","12000.0000","0.0000","12000.0000","0"
"B622603-5","1102","CUENTAS POR COBRAR","110201035","C_LA CORNETA, S.A.
","2026","2","12000.0000","0.0000","12000.0000","0"
"B622603-5","1102","CUENTAS POR COBRAR","110201036","B_BIOSKA
","2026","2","20000.0000","0.0000","20000.0000","0"
"B622603-5","1102","CUENTAS POR COBRAR","110201037","C_AGROFORZA  

","2026","2","12000.0000","0.0000","12000.0000","0"
"B622603-5","1102","CUENTAS POR COBRAR","110201038","B_FERTILIZANTES MAYA
","2026","2","20000.0000","0.0000","20000.0000","0"
"B622603-5","1102","CUENTAS POR COBRAR","110201039","C_GRUPO FERT (CADELGA)
","2026","2","12000.0000","0.0000","12000.0000","0"
"B622603-5","1102","CUENTAS POR COBRAR","110201040","C_AGROINDUSTRIAS SUCCESSO, S.A.
","2026","2","12000.0000","0.0000","12000.0000","0"
"B622603-5","1102","CUENTAS POR COBRAR","110201047","C_CORPOGREEN, SOCIEDAD ANÓNIMA
","2026","2","12000.0000","0.0000","12000.0000","0"
"B622603-5","1102","CUENTAS POR COBRAR","110201048","C_EMDYPSA","2026","2","12000.0000","0.0000","12000.0000","0"
"B622603-5","2101","CUENTAS POR PAGAR","210101003","GASTOS OPERATIVOS POR PAGAR","2026","2","0.0000","23028.3700","23028.3700","0"
"B622603-5","2101","CUENTAS POR PAGAR","210101003","GASTOS OPERATIVOS POR PAGAR","2026","2","0.0000","46004.1600","46004.1600","0"
"B622603-5","1202","GASTOS DIFERIDOS","120202001","ANTICIPOS DE GASTOS","2026","2","0.0000","2165.0000","-2165.0000","0"
"B622603-5","1202","GASTOS DIFERIDOS","120202001","ANTICIPOS DE GASTOS","2026","2","0.0000","1790.0000","-1790.0000","0"
"B622603-5","1202","GASTOS DIFERIDOS","120202001","ANTICIPOS DE GASTOS","2026","2","0.0000","2105.0000","-2105.0000","0"
"B622603-5","1202","GASTOS DIFERIDOS","120202001","ANTICIPOS DE GASTOS","2026","2","0.0000","6891.3000","-6891.3000","0"
"B622603-5","1202","GASTOS DIFERIDOS","120202001","ANTICIPOS DE GASTOS","2026","2","12590.0000","0.0000","12590.0000","0"
"B622603-5","2101","CUENTAS POR PAGAR","210101002","GASTOS ADMINISTRATIVOS POR PAGAR","2026","2","0.0000","59927.7100","59927.7100","0"
"B622603-5","2101","CUENTAS POR PAGAR","210101002","GASTOS ADMINISTRATIVOS POR PAGAR","2026","2","0.0000","1520.0000","1520.0000","0"
"B622603-5","2101","CUENTAS POR PAGAR","210101002","GASTOS ADMINISTRATIVOS POR PAGAR","2026","2","0.0000","750.0000","750.0000","0"
"B622603-5","2101","CUENTAS POR PAGAR","210103001","PROVISION INDEMNIZACION","2026","2","0.0000","41671.0500","41671.0500","0"
"B622603-5","2101","CUENTAS POR PAGAR","210103002","PROVISION AGUINALDO","2026","2","0.0000","17433.9200","17433.9200","0"
"B622603-5","2101","CUENTAS POR PAGAR","210103003","PROVISION BONO 14","2026","2","0.0000","19218.7800","19218.7800","0"
"B622603-5","2101","CUENTAS POR PAGAR","210102002","CUOTA PATRONAL IGSS","2026","2","0.0000","17731.4100","17731.4100","0"
"B622603-5","1103","IMPUESTOS POR COBRAR","110301002","IVA CREDITO","2026","2","0.0000","1293.6000","-1293.6000","0"
"B622603-5","2101","CUENTAS POR PAGAR","210102004","IVA DEBITO","2026","2","1293.6000","0.0000","-1293.6000","0"
"B622603-5","1103","IMPUESTOS POR COBRAR","110301003","IVA RETENCION","2026","2","0.0000","103.6800","-103.6800","0"
"B622603-5","2101","CUENTAS POR PAGAR","210102004","IVA DEBITO","2026","2","103.6800","0.0000","-103.6800","0"
"B622603-5","1104","INVENTARIO","110401001","SELLOS DE CALIDAD","2026","2","0.0000","2646.0000","-2646.0000","0"
"B622603-5","","","210105001","","2026","2","0.0000","223426.3700","223426.3700","0"
"B622603-5","3101","PATRIMONIO AGREQUIMA","310101001","PATRIMONIO ACTIVOS FIJOS","2026","2","0.0000","5480.0000","5480.0000","0"
"B622603-5","3201","RESULTADOS AGREQUIMA","320101091","RESULTADO DEL EJERCICIO 2026","2026","2","228906.3700","0.0000","-228906.3700","0"
"B622603-5","1101","CAJA Y BANCOS","110102001","BAC 701111600 MONETARIA","2026","2","176680.9800","0.0000","176680.9800","0"
"B622603-5","1101","CAJA Y BANCOS","110102002","BANRURAL 3033034955 MONETARIA","2026","2","599385.0000","0.0000","599385.0000","0"
"B622603-5","1101","CAJA Y BANCOS","110102003","BANCO INDUSTRIAL 0000269530 MONETARIA","2026","2","1875.0000","0.0000","1875.0000","0"
"B622603-5","1101","CAJA Y BANCOS","110102007","PROMERICA 12335070041947 MONETARIA","2026","2","6731.4200","0.0000","6731.4200","0"
"B622603-5","1102","CUENTAS POR COBRAR","110201001","A_ADAMA
","2026","2","0.0000","35000.0000","-35000.0000","0"
"B622603-5","1102","CUENTAS POR COBRAR","110201012","B_ESPORANGIO, S.A.
","2026","2","0.0000","6666.6600","-6666.6600","0"
"B622603-5","1102","CUENTAS POR COBRAR","110201019","C_AGRIAVANCES
","2026","2","0.0000","4000.0000","-4000.0000","0"
"B622603-5","1102","CUENTAS POR COBRAR","110201023","C_INCISA
","2026","2","0.0000","4000.0000","-4000.0000","0"
"B622603-5","1102","CUENTAS POR COBRAR","110201025","C_POTENZ
","2026","2","0.0000","12000.0000","-12000.0000","0"
"B622603-5","1102","CUENTAS POR COBRAR","110201028","B_VIDAGRO
","2026","2","0.0000","20000.0000","-20000.0000","0"
"B622603-5","1102","CUENTAS POR COBRAR","110201030","C_NOVIAGRO, S.A .
","2026","2","0.0000","12000.0000","-12000.0000","0"
"B622603-5","1102","CUENTAS POR COBRAR","110201031","B_SEMIAGRO
","2026","2","0.0000","5000.0000","-5000.0000","0"
"B622603-5","1102","CUENTAS POR COBRAR","110201032","B_EL COLONO
","2026","2","0.0000","10000.0000","-10000.0000","0"
"B622603-5","1102","CUENTAS POR COBRAR","110201035","C_LA CORNETA, S.A.
","2026","2","0.0000","12000.0000","-12000.0000","0"
"B622603-5","1102","CUENTAS POR COBRAR","110201048","C_EMDYPSA","2026","2","0.0000","4000.0000","-4000.0000","0"
"B622603-5","1102","CUENTAS POR COBRAR","110204002","OTROS INGRESOS POR COBRAR","2026","2","13295.7800","20154.5400","-6858.7600","0"
"B622603-5","1103","IMPUESTOS POR COBRAR","110301003","IVA RETENCION","2026","2","230.4000","0.0000","230.4000","0"
"B622603-5","1202","GASTOS DIFERIDOS","120202001","ANTICIPOS DE GASTOS","2026","2","0.0000","17897.6600","-17897.6600","0"
"B622603-5","2101","CUENTAS POR PAGAR","210101003","GASTOS OPERATIVOS POR PAGAR","2026","2","0.0000","0.0100","0.0100","0"
"B622603-5","2101","CUENTAS POR PAGAR","210102004","IVA DEBITO","2026","2","0.0000","2214.0700","2214.0700","0"
"B622603-5","2101","CUENTAS POR PAGAR","210104001","INGRESOSANTICIPADOS 4 POR MILLAR","2026","2","0.0000","2.1400","2.1400","0"
"B622603-5","2101","CUENTAS POR PAGAR","210104002","OTROS INGRESOS ANTICIPADOS","2026","2","7138.3800","62400.3100","55261.9300","0"
"B622603-5","1101","CAJA Y BANCOS","110102001","BAC 701111600 MONETARIA","2026","2","0.0000","547443.8200","-547443.8200","0"
"B622603-5","1101","CAJA Y BANCOS","110102002","BANRURAL 3033034955 MONETARIA","2026","2","0.0000","758933.9600","-758933.9600","0"
"B622603-5","1102","CUENTAS POR COBRAR","110204003","OTRAS CUENTAS POR COBRAR","2026","2","1260.6800","2760.6800","-1500.0000","0"
"B622603-5","1103","IMPUESTOS POR COBRAR","110301002","IVA CREDITO","2026","2","1293.6000","0.0000","1293.6000","0"
"B622603-5","1104","INVENTARIO","110401001","SELLOS DE CALIDAD","2026","2","10780.0000","0.0000","10780.0000","0"
"B622603-5","1201","ACTIVOS FIJOS","120101003","HARDWARE","2026","2","5480.0000","0.0000","5480.0000","0"
"B622603-5","1202","GASTOS DIFERIDOS","120201001","VIATICOS INGENIEROS AGRONOMOS","2026","2","0.0000","5000.0000","-5000.0000","0"
"B622603-5","1202","GASTOS DIFERIDOS","120202001","ANTICIPOS DE GASTOS","2026","2","62289.8900","8809.5800","53480.3100","0"
"B622603-5","2101","CUENTAS POR PAGAR","210101002","GASTOS ADMINISTRATIVOS POR PAGAR","2026","2","10695.7500","0.0000","-10695.7500","0"
"B622603-5","2101","CUENTAS POR PAGAR","210101003","GASTOS OPERATIVOS POR PAGAR","2026","2","72472.9400","72.0000","-72400.9400","0"
"B622603-5","2101","CUENTAS POR PAGAR","210102001","CUOTA LABORAL IGSS","2026","2","7769.6700","7312.1000","-457.5700","0"
"B622603-5","2101","CUENTAS POR PAGAR","210102002","CUOTA PATRONAL IGSS","2026","2","18836.9500","0.0000","-18836.9500","0"
"B622603-5","2101","CUENTAS POR PAGAR","210102004","IVA DEBITO","2026","2","683.0000","0.0000","-683.0000","0"
"B622603-5","2101","CUENTAS POR PAGAR","210102005","IVA DEBITO FACTURA ESPECIAL","2026","2","277.8900","0.0000","-277.8900","0"
"B622603-5","2101","CUENTAS POR PAGAR","210102006","RETENCIONES ISR EMPLEADOS","2026","2","6751.3700","7871.4000","1120.0300","0"
"B622603-5","2101","CUENTAS POR PAGAR","210102007","RETENCIONES ISR TERCEROS","2026","2","3097.9100","3830.5300","732.6200","0"
"B622603-5","2101","CUENTAS POR PAGAR","210102009","RETENCIONES ISR NO RESIDENTES","2026","2","0.0000","5903.6200","5903.6200","0"
"B622603-5","2101","CUENTAS POR PAGAR","210103001","PROVISION INDEMNIZACION","2026","2","471915.9600","0.0000","-471915.9600","0"
"B622603-5","2101","CUENTAS POR PAGAR","210103002","PROVISION AGUINALDO","2026","2","3196.2000","0.0000","-3196.2000","0"
"B622603-5","2101","CUENTAS POR PAGAR","210103003","PROVISION BONO 14","2026","2","17513.3800","0.0000","-17513.3800","0"
"B622603-5","1202","GASTOS DIFERIDOS","120202001","ANTICIPOS DE GASTOS","2026","3","0.0000","2000.0000","-2000.0000","0"
"B622603-5","1202","GASTOS DIFERIDOS","120202001","ANTICIPOS DE GASTOS","2026","3","0.0000","2238.6000","-2238.6000","0"
"B622603-5","2101","CUENTAS POR PAGAR","210101003","GASTOS OPERATIVOS POR PAGAR","2026","3","0.0000","54797.4300","54797.4300","0"
"B622603-5","1202","GASTOS DIFERIDOS","120202001","ANTICIPOS DE GASTOS","2026","3","0.0000","1244.0600","-1244.0600","0"
"B622603-5","1202","GASTOS DIFERIDOS","120202001","ANTICIPOS DE GASTOS","2026","3","0.0000","1050.0000","-1050.0000","0"
"B622603-5","2101","CUENTAS POR PAGAR","210101003","GASTOS OPERATIVOS POR PAGAR","2026","3","0.0000","111.0000","111.0000","0"
"B622603-5","1202","GASTOS DIFERIDOS","120202001","ANTICIPOS DE GASTOS","2026","3","0.0000","5400.0000","-5400.0000","0"
"B622603-5","2101","CUENTAS POR PAGAR","210101003","GASTOS OPERATIVOS POR PAGAR","2026","3","0.0000","283.5000","283.5000","0"
"B622603-5","1202","GASTOS DIFERIDOS","120202001","ANTICIPOS DE GASTOS","2026","3","0.0000","3260.0000","-3260.0000","0"
"B622603-5","2101","CUENTAS POR PAGAR","210101003","GASTOS OPERATIVOS POR PAGAR","2026","3","0.0000","240.0000","240.0000","0"
"B622603-5","1202","GASTOS DIFERIDOS","120202001","ANTICIPOS DE GASTOS","2026","3","0.0000","3400.0000","-3400.0000","0"
"B622603-5","1202","GASTOS DIFERIDOS","120202001","ANTICIPOS DE GASTOS","2026","3","0.0000","4281.0000","-4281.0000","0"
"B622603-5","2101","CUENTAS POR PAGAR","210101003","GASTOS OPERATIVOS POR PAGAR","2026","3","0.0000","33204.9200","33204.9200","0"
"B622603-5","2101","CUENTAS POR PAGAR","210104002","OTROS INGRESOS ANTICIPADOS","2026","3","300.0000","0.0000","-300.0000","0"
"B622603-5","2101","CUENTAS POR PAGAR","210104002","OTROS INGRESOS ANTICIPADOS","2026","3","6770.0000","0.0000","-6770.0000","0"
"B622603-5","1102","CUENTAS POR COBRAR","110204002","OTROS INGRESOS POR COBRAR","2026","3","400.0000","0.0000","400.0000","0"
"B622603-5","1102","CUENTAS POR COBRAR","110201002","A_ARYSTA
","2026","3","7000.0000","0.0000","7000.0000","0"
"B622603-5","1102","CUENTAS POR COBRAR","110201003","A_BASF DE GUATEMALA
","2026","3","35000.0000","0.0000","35000.0000","0"
"B622603-5","1102","CUENTAS POR COBRAR","110201005","A_CORTEVA
","2026","3","35000.0000","0.0000","35000.0000","0"
"B622603-5","1102","CUENTAS POR COBRAR","110201020","A_SYNGENTA-AGROINSUMOS
","2026","3","35000.0000","0.0000","35000.0000","0"
"B622603-5","1102","CUENTAS POR COBRAR","110201041","C_OLEFINAS, S.A.  
","2026","3","12000.0000","0.0000","12000.0000","0"
"B622603-5","2101","CUENTAS POR PAGAR","210103001","PROVISION INDEMNIZACION","2026","3","0.0000","30146.6100","30146.6100","0"
"B622603-5","2101","CUENTAS POR PAGAR","210103002","PROVISION AGUINALDO","2026","3","0.0000","19094.0300","19094.0300","0"
"B622603-5","2101","CUENTAS POR PAGAR","210103003","PROVISION BONO 14","2026","3","0.0000","19928.1700","19928.1700","0"
"B622603-5","2101","CUENTAS POR PAGAR","210102002","CUOTA PATRONAL IGSS","2026","3","0.0000","17935.4400","17935.4400","0"
"B622603-5","1202","GASTOS DIFERIDOS","120202001","ANTICIPOS DE GASTOS","2026","3","0.0000","12100.0000","-12100.0000","0"
"B622603-5","2101","CUENTAS POR PAGAR","210101002","GASTOS ADMINISTRATIVOS POR PAGAR","2026","3","0.0000","24651.9600","24651.9600","0"
"B622603-5","1202","GASTOS DIFERIDOS","120202001","ANTICIPOS DE GASTOS","2026","3","0.0000","590.0000","-590.0000","0"
"B622603-5","1202","GASTOS DIFERIDOS","120202001","ANTICIPOS DE GASTOS","2026","3","0.0000","210.0000","-210.0000","0"
"B622603-5","1202","GASTOS DIFERIDOS","120202001","ANTICIPOS DE GASTOS","2026","3","0.0000","1560.0000","-1560.0000","0"
"B622603-5","1202","GASTOS DIFERIDOS","120202001","ANTICIPOS DE GASTOS","2026","3","0.0000","325.0000","-325.0000","0"
"B622603-5","1202","GASTOS DIFERIDOS","120202001","ANTICIPOS DE GASTOS","2026","3","0.0000","1793.0000","-1793.0000","0"
"B622603-5","1202","GASTOS DIFERIDOS","120202001","ANTICIPOS DE GASTOS","2026","3","0.0000","282.0000","-282.0000","0"
"B622603-5","2101","CUENTAS POR PAGAR","210101002","GASTOS ADMINISTRATIVOS POR PAGAR","2026","3","0.0000","92.0000","92.0000","0"
"B622603-5","2101","CUENTAS POR PAGAR","210101002","GASTOS ADMINISTRATIVOS POR PAGAR","2026","3","0.0000","390.0000","390.0000","0"
"B622603-5","2101","CUENTAS POR PAGAR","210101002","GASTOS ADMINISTRATIVOS POR PAGAR","2026","3","0.0000","119.0000","119.0000","0"
"B622603-5","2101","CUENTAS POR PAGAR","210101003","GASTOS OPERATIVOS POR PAGAR","2026","3","0.0100","0.0000","-0.0100","0"
"B622603-5","2101","CUENTAS POR PAGAR","210104002","OTROS INGRESOS ANTICIPADOS","2026","3","0.0000","0.0100","0.0100","0"
"B622603-5","1202","GASTOS DIFERIDOS","120202001","ANTICIPOS DE GASTOS","2026","3","0.0000","2800.0000","-2800.0000","0"
"B622603-5","1202","GASTOS DIFERIDOS","120202001","ANTICIPOS DE GASTOS","2026","3","0.0000","950.0000","-950.0000","0"
"B622603-5","1202","GASTOS DIFERIDOS","120202001","ANTICIPOS DE GASTOS","2026","3","0.0000","1600.0000","-1600.0000","0"
"B622603-5","1104","INVENTARIO","110401001","SELLOS DE CALIDAD","2026","3","0.0000","294.0000","-294.0000","0"
"B622603-5","1103","IMPUESTOS POR COBRAR","110301003","IVA RETENCION","2026","3","0.0000","230.4000","-230.4000","0"
"B622603-5","2101","CUENTAS POR PAGAR","210102004","IVA DEBITO","2026","3","230.4000","0.0000","-230.4000","0"
"B622603-5","1202","GASTOS DIFERIDOS","120202001","ANTICIPOS DE GASTOS","2026","3","0.0000","1670.0000","-1670.0000","0"
"B622603-5","2101","CUENTAS POR PAGAR","210104002","OTROS INGRESOS ANTICIPADOS","2026","3","1670.0000","0.0000","-1670.0000","0"
"B622603-5","","","210105001","","2026","3","0.0000","4322.2100","4322.2100","0"
"B622603-5","3201","RESULTADOS AGREQUIMA","320101091","RESULTADO DEL EJERCICIO 2026","2026","3","4322.2100","0.0000","-4322.2100","0"
"B622603-5","1101","CAJA Y BANCOS","110101002","TRASLADO DE FONDOS","2026","3","0.0000","200000.0000","-200000.0000","0"
"B622603-5","1101","CAJA Y BANCOS","110102001","BAC 701111600 MONETARIA","2026","3","456237.8000","0.0000","456237.8000","0"
"B622603-5","1101","CAJA Y BANCOS","110102002","BANRURAL 3033034955 MONETARIA","2026","3","649585.0400","0.0000","649585.0400","0"
"B622603-5","1101","CAJA Y BANCOS","110102003","BANCO INDUSTRIAL 0000269530 MONETARIA","2026","3","8761.7300","0.0000","8761.7300","0"
"B622603-5","1101","CAJA Y BANCOS","110102007","PROMERICA 12335070041947 MONETARIA","2026","3","7452.6500","0.0000","7452.6500","0"
"B622603-5","1102","CUENTAS POR COBRAR","110201007","A_FMC, S.A.
","2026","3","0.0000","35000.0000","-35000.0000","0"
"B622603-5","1102","CUENTAS POR COBRAR","110201009","A_YARA
","2026","3","0.0000","35000.0000","-35000.0000","0"
"B622603-5","1102","CUENTAS POR COBRAR","110201015","B_QUILUBRISA
","2026","3","0.0000","20000.0000","-20000.0000","0"
"B622603-5","1102","CUENTAS POR COBRAR","110201017","B_TECUN, S.A.
","2026","3","0.0000","20000.0000","-20000.0000","0"
"B622603-5","1102","CUENTAS POR COBRAR","110201022","C_GRUPO DISAGRO
","2026","3","0.0000","12000.0000","-12000.0000","0"
"B622603-5","1102","CUENTAS POR COBRAR","110201023","C_INCISA
","2026","3","0.0000","4000.0000","-4000.0000","0"
"B622603-5","1102","CUENTAS POR COBRAR","110201027","C_SUPERSEED
","2026","3","0.0000","12000.0000","-12000.0000","0"
"B622603-5","1102","CUENTAS POR COBRAR","110201031","B_SEMIAGRO
","2026","3","0.0000","5000.0000","-5000.0000","0"
"B622603-5","1102","CUENTAS POR COBRAR","110201038","B_FERTILIZANTES MAYA
","2026","3","0.0000","20000.0000","-20000.0000","0"
"B622603-5","1102","CUENTAS POR COBRAR","110201039","C_GRUPO FERT (CADELGA)
","2026","3","0.0000","4000.0000","-4000.0000","0"
"B622603-5","1102","CUENTAS POR COBRAR","110204002","OTROS INGRESOS POR COBRAR","2026","3","22418.3800","25073.9300","-2655.5500","0"
"B622603-5","1202","GASTOS DIFERIDOS","120202001","ANTICIPOS DE GASTOS","2026","3","0.0000","29159.0100","-29159.0100","0"
"B622603-5","2101","CUENTAS POR PAGAR","210102004","IVA DEBITO","2026","3","0.0000","3154.8400","3154.8400","0"
"B622603-5","2101","CUENTAS POR PAGAR","210104001","INGRESOSANTICIPADOS 4 POR MILLAR","2026","3","2.1400","0.0000","-2.1400","0"
"B622603-5","2101","CUENTAS POR PAGAR","210104002","OTROS INGRESOS ANTICIPADOS","2026","3","7026.7000","44306.8500","37280.1500","0"
"B622603-5","1101","CAJA Y BANCOS","110101002","TRASLADO DE FONDOS","2026","3","200000.0000","0.0000","200000.0000","0"
"B622603-5","1101","CAJA Y BANCOS","110102001","BAC 701111600 MONETARIA","2026","3","0.0000","559489.5700","-559489.5700","0"
"B622603-5","1101","CAJA Y BANCOS","110102002","BANRURAL 3033034955 MONETARIA","2026","3","0.0000","427360.2200","-427360.2200","0"
"B622603-5","1102","CUENTAS POR COBRAR","110204003","OTRAS CUENTAS POR COBRAR","2026","3","1260.6800","2760.6800","-1500.0000","0"
"B622603-5","1202","GASTOS DIFERIDOS","120202001","ANTICIPOS DE GASTOS","2026","3","55807.8500","4786.7400","51021.1100","0"
"B622603-5","2101","CUENTAS POR PAGAR","210101002","GASTOS ADMINISTRATIVOS POR PAGAR","2026","3","78345.7100","0.0000","-78345.7100","0"
"B622603-5","2101","CUENTAS POR PAGAR","210101003","GASTOS OPERATIVOS POR PAGAR","2026","3","69032.5300","0.0000","-69032.5300","0"
"B622603-5","2101","CUENTAS POR PAGAR","210102001","CUOTA LABORAL IGSS","2026","3","7312.0900","7410.7000","98.6100","0"
"B622603-5","2101","CUENTAS POR PAGAR","210102002","CUOTA PATRONAL IGSS","2026","3","17731.4100","0.0000","-17731.4100","0"
"B622603-5","2101","CUENTAS POR PAGAR","210102004","IVA DEBITO","2026","3","690.0000","0.0000","-690.0000","0"
"B622603-5","2101","CUENTAS POR PAGAR","210102006","RETENCIONES ISR EMPLEADOS","2026","3","6859.5300","4299.5100","-2560.0200","0"
"B622603-5","2101","CUENTAS POR PAGAR","210102007","RETENCIONES ISR TERCEROS","2026","3","3830.5300","4139.9300","309.4000","0"
"B622603-5","2101","CUENTAS POR PAGAR","210102009","RETENCIONES ISR NO RESIDENTES","2026","3","5811.1400","0.0000","-5811.1400","0"
"B622603-5","1202","GASTOS DIFERIDOS","120202001","ANTICIPOS DE GASTOS","2026","4","0.0000","2238.6000","-2238.6000","0"
"B622603-5","1202","GASTOS DIFERIDOS","120202001","ANTICIPOS DE GASTOS","2026","4","0.0000","2000.0000","-2000.0000","0"
"B622603-5","2101","CUENTAS POR PAGAR","210101002","GASTOS ADMINISTRATIVOS POR PAGAR","2026","4","0.0000","1811.9200","1811.9200","0"
"B622603-5","1102","CUENTAS POR COBRAR","110201002","A_ARYSTA
","2026","4","0.0000","43.2000","-43.2000","0"
"B622603-5","1102","CUENTAS POR COBRAR","110204002","OTROS INGRESOS POR COBRAR","2026","4","0.0000","2644.8000","-2644.8000","0"
"B622603-5","2101","CUENTAS POR PAGAR","210104002","OTROS INGRESOS ANTICIPADOS","2026","4","2688.0000","0.0000","-2688.0000","0"
"B622603-5","2101","CUENTAS POR PAGAR","210104002","OTROS INGRESOS ANTICIPADOS","2026","4","825.0000","0.0000","-825.0000","0"
"B622603-5","2101","CUENTAS POR PAGAR","210104002","OTROS INGRESOS ANTICIPADOS","2026","4","6865.0000","0.0000","-6865.0000","0"
"B622603-5","1102","CUENTAS POR COBRAR","110204002","OTROS INGRESOS POR COBRAR","2026","4","350.0000","0.0000","350.0000","0"
"B622603-5","2101","CUENTAS POR PAGAR","210101002","GASTOS ADMINISTRATIVOS POR PAGAR","2026","4","0.0000","16515.5500","16515.5500","0"
"B622603-5","2101","CUENTAS POR PAGAR","210101002","GASTOS ADMINISTRATIVOS POR PAGAR","2026","4","0.0000","27227.6800","27227.6800","0"
"B622603-5","2101","CUENTAS POR PAGAR","210102007","RETENCIONES ISR TERCEROS","2026","4","0.0000","1272.3200","1272.3200","0"
"B622603-5","2101","CUENTAS POR PAGAR","210101003","GASTOS OPERATIVOS POR PAGAR","2026","4","0.0000","48627.5900","48627.5900","0"
"B622603-5","1202","GASTOS DIFERIDOS","120202001","ANTICIPOS DE GASTOS","2026","4","0.0000","2375.0000","-2375.0000","0"
"B622603-5","1202","GASTOS DIFERIDOS","120202001","ANTICIPOS DE GASTOS","2026","4","0.0000","750.0000","-750.0000","0"
"B622603-5","1202","GASTOS DIFERIDOS","120202001","ANTICIPOS DE GASTOS","2026","4","0.0000","250.0000","-250.0000","0"
"B622603-5","1202","GASTOS DIFERIDOS","120202001","ANTICIPOS DE GASTOS","2026","4","0.0000","10.0000","-10.0000","0"
"B622603-5","2101","CUENTAS POR PAGAR","210101003","GASTOS OPERATIVOS POR PAGAR","2026","4","0.0000","1500.0000","1500.0000","0"
"B622603-5","1202","GASTOS DIFERIDOS","120202001","ANTICIPOS DE GASTOS","2026","4","0.0000","2870.0000","-2870.0000","0"
"B622603-5","1202","GASTOS DIFERIDOS","120202001","ANTICIPOS DE GASTOS","2026","4","0.0000","125.0000","-125.0000","0"
"B622603-5","1202","GASTOS DIFERIDOS","120202001","ANTICIPOS DE GASTOS","2026","4","0.0000","219.3400","-219.3400","0"
"B622603-5","1202","GASTOS DIFERIDOS","120202001","ANTICIPOS DE GASTOS","2026","4","0.0000","362.2500","-362.2500","0"
"B622603-5","1202","GASTOS DIFERIDOS","120202001","ANTICIPOS DE GASTOS","2026","4","0.0000","362.2500","-362.2500","0"
"B622603-5","1202","GASTOS DIFERIDOS","120202001","ANTICIPOS DE GASTOS","2026","4","0.0000","362.2500","-362.2500","0"
"B622603-5","1202","GASTOS DIFERIDOS","120202001","ANTICIPOS DE GASTOS","2026","4","0.0000","876.0000","-876.0000","0"
"B622603-5","1202","GASTOS DIFERIDOS","120202001","ANTICIPOS DE GASTOS","2026","4","0.0000","509.0500","-509.0500","0"
"B622603-5","2101","CUENTAS POR PAGAR","210101002","GASTOS ADMINISTRATIVOS POR PAGAR","2026","4","0.0000","18357.5900","18357.5900","0"
"B622603-5","2101","CUENTAS POR PAGAR","210101002","GASTOS ADMINISTRATIVOS POR PAGAR","2026","4","0.0000","275.0000","275.0000","0"
"B622603-5","2101","CUENTAS POR PAGAR","210101002","GASTOS ADMINISTRATIVOS POR PAGAR","2026","4","0.0000","390.0000","390.0000","0"
"B622603-5","2101","CUENTAS POR PAGAR","210101003","GASTOS OPERATIVOS POR PAGAR","2026","4","0.0000","37373.8900","37373.8900","0"
"B622603-5","2101","CUENTAS POR PAGAR","210101002","GASTOS ADMINISTRATIVOS POR PAGAR","2026","4","0.0000","2750.0000","2750.0000","0"
"B622603-5","2101","CUENTAS POR PAGAR","210101002","GASTOS ADMINISTRATIVOS POR PAGAR","2026","4","171.8800","0.0000","-171.8800","0"
"B622603-5","2101","CUENTAS POR PAGAR","210102007","RETENCIONES ISR TERCEROS","2026","4","0.0000","171.8800","171.8800","0"
"B622603-5","2101","CUENTAS POR PAGAR","210101002","GASTOS ADMINISTRATIVOS POR PAGAR","2026","4","0.0000","3678.1200","3678.1200","0"
"B622603-5","2101","CUENTAS POR PAGAR","210102007","RETENCIONES ISR TERCEROS","2026","4","0.0000","171.8800","171.8800","0"
"B622603-5","1202","GASTOS DIFERIDOS","120202001","ANTICIPOS DE GASTOS","2026","4","0.0000","3195.0000","-3195.0000","0"
"B622603-5","2101","CUENTAS POR PAGAR","210103001","PROVISION INDEMNIZACION","2026","4","0.0000","28284.0800","28284.0800","0"
"B622603-5","2101","CUENTAS POR PAGAR","210103002","PROVISION AGUINALDO","2026","4","0.0000","18848.8300","18848.8300","0"
"B622603-5","2101","CUENTAS POR PAGAR","210103003","PROVISION BONO 14","2026","4","0.0000","19620.4600","19620.4600","0"
"B622603-5","2101","CUENTAS POR PAGAR","210102002","CUOTA PATRONAL IGSS","2026","4","0.0000","17935.4500","17935.4500","0"
"B622603-5","1104","INVENTARIO","110401001","SELLOS DE CALIDAD","2026","4","0.0000","5145.0000","-5145.0000","0"
"B622603-5","2101","CUENTAS POR PAGAR","210102001","CUOTA LABORAL IGSS","2026","4","0.2800","0.0000","-0.2800","0"
"B622603-5","2101","CUENTAS POR PAGAR","210102004","IVA DEBITO","2026","4","0.0000","0.0100","0.0100","0"
"B622603-5","2101","CUENTAS POR PAGAR","210102005","IVA DEBITO FACTURA ESPECIAL","2026","4","0.0100","0.0000","-0.0100","0"
"B622603-5","2101","CUENTAS POR PAGAR","210102009","RETENCIONES ISR NO RESIDENTES","2026","4","146.0400","0.0000","-146.0400","0"
"B622603-5","1201","ACTIVOS FIJOS","120101003","HARDWARE","2026","4","0.0000","4887.3000","-4887.3000","0"
"B622603-5","1201","ACTIVOS FIJOS","120101004","DEPRECIACION ACUMULADA HARDWARE","2026","4","4805.8500","0.0000","4805.8500","0"
"B622603-5","1201","ACTIVOS FIJOS","120101003","HARDWARE","2026","4","0.0000","1975.5600","-1975.5600","0"
"B622603-5","1201","ACTIVOS FIJOS","120101007","MAQUINARIA","2026","4","0.0000","7016.8000","-7016.8000","0"
"B622603-5","1201","ACTIVOS FIJOS","120101008","DEPRECIACION ACUMULADA DE MAQUINARIA","2026","4","7016.8000","0.0000","7016.8000","0"
"B622603-5","1201","ACTIVOS FIJOS","120101007","MAQUINARIA","2026","4","0.0000","2025.0000","-2025.0000","0"
"B622603-5","","","210105001","","2026","4","268166.4600","0.0000","-268166.4600","0"
"B622603-5","3101","PATRIMONIO AGREQUIMA","310101001","PATRIMONIO ACTIVOS FIJOS","2026","4","932.0100","0.0000","-932.0100","0"
"B622603-5","3201","RESULTADOS AGREQUIMA","320101091","RESULTADO DEL EJERCICIO 2026","2026","4","0.0000","269098.4700","269098.4700","0"
"B622603-5","1101","CAJA Y BANCOS","110101002","TRASLADO DE FONDOS","2026","4","0.0000","400000.0000","-400000.0000","0"
"B622603-5","1101","CAJA Y BANCOS","110102001","BAC 701111600 MONETARIA","2026","4","708498.4400","0.0000","708498.4400","0"
"B622603-5","1101","CAJA Y BANCOS","110102002","BANRURAL 3033034955 MONETARIA","2026","4","667217.8300","0.0000","667217.8300","0"
"B622603-5","1101","CAJA Y BANCOS","110102007","PROMERICA 12335070041947 MONETARIA","2026","4","7212.2400","0.0000","7212.2400","0"
"B622603-5","1102","CUENTAS POR COBRAR","110201002","A_ARYSTA
","2026","4","0.0000","6956.8000","-6956.8000","0"
"B622603-5","1102","CUENTAS POR COBRAR","110201003","A_BASF DE GUATEMALA
","2026","4","0.0000","35000.0000","-35000.0000","0"
"B622603-5","1102","CUENTAS POR COBRAR","110201004","A_BAYER, S.A.","2026","4","0.0000","35000.0000","-35000.0000","0"
"B622603-5","1102","CUENTAS POR COBRAR","110201005","A_CORTEVA
","2026","4","0.0000","35000.0000","-35000.0000","0"
"B622603-5","1102","CUENTAS POR COBRAR","110201012","B_ESPORANGIO, S.A.
","2026","4","0.0000","6666.6700","-6666.6700","0"
"B622603-5","1102","CUENTAS POR COBRAR","110201014","B_PROMOAGRO
","2026","4","0.0000","20000.0000","-20000.0000","0"
"B622603-5","1102","CUENTAS POR COBRAR","110201021","C_BAYER, S.A.
","2026","4","0.0000","12000.0000","-12000.0000","0"
"B622603-5","1102","CUENTAS POR COBRAR","110201023","C_INCISA
","2026","4","0.0000","4000.0000","-4000.0000","0"
"B622603-5","1102","CUENTAS POR COBRAR","110201031","B_SEMIAGRO
","2026","4","0.0000","5000.0000","-5000.0000","0"
"B622603-5","1102","CUENTAS POR COBRAR","110201039","C_GRUPO FERT (CADELGA)
","2026","4","0.0000","4000.0000","-4000.0000","0"
"B622603-5","1102","CUENTAS POR COBRAR","110201048","C_EMDYPSA","2026","4","0.0000","4000.0000","-4000.0000","0"
"B622603-5","1102","CUENTAS POR COBRAR","110204002","OTROS INGRESOS POR COBRAR","2026","4","8640.0000","13580.5700","-4940.5700","0"
"B622603-5","1103","IMPUESTOS POR COBRAR","110301003","IVA RETENCION","2026","4","768.0000","0.0000","768.0000","0"
"B622603-5","1202","GASTOS DIFERIDOS","120202001","ANTICIPOS DE GASTOS","2026","4","0.0000","23889.1900","-23889.1900","0"
"B622603-5","2101","CUENTAS POR PAGAR","210102004","IVA DEBITO","2026","4","0.0000","1008.0000","1008.0000","0"
"B622603-5","2101","CUENTAS POR PAGAR","210104002","OTROS INGRESOS ANTICIPADOS","2026","4","0.0000","225388.2300","225388.2300","0"
"B622603-5","1101","CAJA Y BANCOS","110101002","TRASLADO DE FONDOS","2026","4","400000.0000","0.0000","400000.0000","0"
"B622603-5","1101","CAJA Y BANCOS","110102001","BAC 701111600 MONETARIA","2026","4","0.0000","486003.5900","-486003.5900","0"
"B622603-5","1101","CAJA Y BANCOS","110102002","BANRURAL 3033034955 MONETARIA","2026","4","0.0000","658357.6700","-658357.6700","0"
"B622603-5","1102","CUENTAS POR COBRAR","110204003","OTRAS CUENTAS POR COBRAR","2026","4","1260.6800","2760.6800","-1500.0000","0"
"B622603-5","1201","ACTIVOS FIJOS","120101001","MOBILIARIO Y EQUIPO","2026","4","3150.0000","0.0000","3150.0000","0"
"B622603-5","1202","GASTOS DIFERIDOS","120202001","ANTICIPOS DE GASTOS","2026","4","41669.7500","0.0000","41669.7500","0"
"B622603-5","2101","CUENTAS POR PAGAR","210101002","GASTOS ADMINISTRATIVOS POR PAGAR","2026","4","26338.6200","1103.1600","-25235.4600","0"
"B622603-5","2101","CUENTAS POR PAGAR","210101003","GASTOS OPERATIVOS POR PAGAR","2026","4","88636.8500","0.0000","-88636.8500","0"
"B622603-5","2101","CUENTAS POR PAGAR","210102001","CUOTA LABORAL IGSS","2026","4","7410.7100","7410.7000","-0.0100","0"
"B622603-5","2101","CUENTAS POR PAGAR","210102002","CUOTA PATRONAL IGSS","2026","4","17935.4400","0.0000","-17935.4400","0"
"B622603-5","2101","CUENTAS POR PAGAR","210102004","IVA DEBITO","2026","4","3155.0000","0.0000","-3155.0000","0"
"B622603-5","2101","CUENTAS POR PAGAR","210102006","RETENCIONES ISR EMPLEADOS","2026","4","5311.3800","5739.5100","428.1300","0"
"B622603-5","2101","CUENTAS POR PAGAR","210102007","RETENCIONES ISR TERCEROS","2026","4","4139.9300","5392.7800","1252.8500","0"
"B622603-5","2101","CUENTAS POR PAGAR","210104002","OTROS INGRESOS ANTICIPADOS","2026","5","450.0000","0.0000","-450.0000","0"
"B622603-5","2101","CUENTAS POR PAGAR","210104002","OTROS INGRESOS ANTICIPADOS","2026","5","47926.9100","0.0000","-47926.9100","0"
"B622603-5","2101","CUENTAS POR PAGAR","210104002","OTROS INGRESOS ANTICIPADOS","2026","5","2000.0000","0.0000","-2000.0000","0"
"B622603-5","1102","CUENTAS POR COBRAR","110204002","OTROS INGRESOS POR COBRAR","2026","5","36250.0000","0.0000","36250.0000","0"
"B622603-5","1102","CUENTAS POR COBRAR","110204002","OTROS INGRESOS POR COBRAR","2026","5","100000.0000","0.0000","100000.0000","0"
"B622603-5","2101","CUENTAS POR PAGAR","210104002","OTROS INGRESOS ANTICIPADOS","2026","5","208096.8000","0.0000","-208096.8000","0"
"B622603-5","1102","CUENTAS POR COBRAR","110201032","B_EL COLONO
","2026","5","10000.0000","0.0000","10000.0000","0"
"B622603-5","1102","CUENTAS POR COBRAR","110201013","B_FORAGRO
","2026","5","20000.0000","0.0000","20000.0000","0"
"B622603-5","1102","CUENTAS POR COBRAR","110201002","A_ARYSTA
","2026","5","7000.0000","0.0000","7000.0000","0"
"B622603-5","1104","INVENTARIO","110401001","SELLOS DE CALIDAD","2026","5","0.0000","7105.0000","-7105.0000","0"
"B622603-5","1103","IMPUESTOS POR COBRAR","110301003","IVA RETENCION","2026","5","0.0000","768.0000","-768.0000","0"
"B622603-5","2101","CUENTAS POR PAGAR","210102004","IVA DEBITO","2026","5","768.0000","0.0000","-768.0000","0"
"B622603-5","1103","IMPUESTOS POR COBRAR","110301002","IVA CREDITO","2026","5","0.0000","1170.1200","-1170.1200","0"
"B622603-5","2101","CUENTAS POR PAGAR","210102004","IVA DEBITO","2026","5","1170.1200","0.0000","-1170.1200","0"
"B622603-5","1202","GASTOS DIFERIDOS","120202001","ANTICIPOS DE GASTOS","2026","5","0.0000","2625.0000","-2625.0000","0"
"B622603-5","1202","GASTOS DIFERIDOS","120202001","ANTICIPOS DE GASTOS","2026","5","0.0000","2045.0000","-2045.0000","0"
"B622603-5","2101","CUENTAS POR PAGAR","210101003","GASTOS OPERATIVOS POR PAGAR","2026","5","0.0000","23.5000","23.5000","0"
"B622603-5","1202","GASTOS DIFERIDOS","120202001","ANTICIPOS DE GASTOS","2026","5","0.0000","52.0000","-52.0000","0"
"B622603-5","2101","CUENTAS POR PAGAR","210101003","GASTOS OPERATIVOS POR PAGAR","2026","5","0.0000","45646.5200","45646.5200","0"
"B622603-5","2101","CUENTAS POR PAGAR","210101003","GASTOS OPERATIVOS POR PAGAR","2026","5","0.0000","30862.6300","30862.6300","0"
"B622603-5","2101","CUENTAS POR PAGAR","210101002","GASTOS ADMINISTRATIVOS POR PAGAR","2026","5","0.0000","128522.0100","128522.0100","0"
"B622603-5","2101","CUENTAS POR PAGAR","210103001","PROVISION INDEMNIZACION","2026","5","0.0000","31340.0200","31340.0200","0"
"B622603-5","2101","CUENTAS POR PAGAR","210103002","PROVISION AGUINALDO","2026","5","0.0000","20097.3000","20097.3000","0"
"B622603-5","2101","CUENTAS POR PAGAR","210103003","PROVISION BONO 14","2026","5","0.0000","20993.7100","20993.7100","0"
"B622603-5","2101","CUENTAS POR PAGAR","210102002","CUOTA PATRONAL IGSS","2026","5","0.0000","17919.8800","17919.8800","0"
"B622603-5","2101","CUENTAS POR PAGAR","210103001","PROVISION INDEMNIZACION","2026","5","6713.4500","0.0000","-6713.4500","0"
"B622603-5","","","210105001","","2026","5","0.0000","6713.4500","6713.4500","0"
"B622603-5","1202","GASTOS DIFERIDOS","120202001","ANTICIPOS DE GASTOS","2026","5","0.0000","486.8800","-486.8800","0"
"B622603-5","1202","GASTOS DIFERIDOS","120202001","ANTICIPOS DE GASTOS","2026","5","0.0000","1687.2300","-1687.2300","0"
"B622603-5","","","210105001","","2026","5","0.0000","62006.0500","62006.0500","0"
"B622603-5","3101","PATRIMONIO AGREQUIMA","310101001","PATRIMONIO ACTIVOS FIJOS","2026","5","0.0000","13155.0000","13155.0000","0"
"B622603-5","3201","RESULTADOS AGREQUIMA","320101091","RESULTADO DEL EJERCICIO 2026","2026","5","75161.0500","0.0000","-75161.0500","0"
"B622603-5","1101","CAJA Y BANCOS","110101002","TRASLADO DE FONDOS","2026","5","0.0000","300000.0000","-300000.0000","0"
"B622603-5","1101","CAJA Y BANCOS","110102001","BAC 701111600 MONETARIA","2026","5","457158.8800","0.0000","457158.8800","0"
"B622603-5","1101","CAJA Y BANCOS","110102002","BANRURAL 3033034955 MONETARIA","2026","5","550547.3800","0.0000","550547.3800","0"
"B622603-5","1101","CAJA Y BANCOS","110102003","BANCO INDUSTRIAL 0000269530 MONETARIA","2026","5","100000.0000","0.0000","100000.0000","0"
"B622603-5","1101","CAJA Y BANCOS","110102007","PROMERICA 12335070041947 MONETARIA","2026","5","7452.6500","0.0000","7452.6500","0"
"B622603-5","1102","CUENTAS POR COBRAR","110201012","B_ESPORANGIO, S.A.
","2026","5","0.0000","6666.6700","-6666.6700","0"
"B622603-5","1102","CUENTAS POR COBRAR","110201013","B_FORAGRO
","2026","5","0.0000","20000.0000","-20000.0000","0"
"B622603-5","1102","CUENTAS POR COBRAR","110201019","C_AGRIAVANCES
","2026","5","0.0000","4000.0000","-4000.0000","0"
"B622603-5","1102","CUENTAS POR COBRAR","110201031","B_SEMIAGRO
","2026","5","0.0000","5000.0000","-5000.0000","0"
"B622603-5","1102","CUENTAS POR COBRAR","110201032","B_EL COLONO
","2026","5","0.0000","10000.0000","-10000.0000","0"
"B622603-5","1102","CUENTAS POR COBRAR","110201036","B_BIOSKA
","2026","5","0.0000","20000.0000","-20000.0000","0"
"B622603-5","1102","CUENTAS POR COBRAR","110201039","C_GRUPO FERT (CADELGA)
","2026","5","0.0000","4000.0000","-4000.0000","0"
"B622603-5","1102","CUENTAS POR COBRAR","110201047","C_CORPOGREEN, SOCIEDAD ANÓNIMA
","2026","5","0.0000","12000.0000","-12000.0000","0"
"B622603-5","1102","CUENTAS POR COBRAR","110201048","C_EMDYPSA","2026","5","0.0000","4000.0000","-4000.0000","0"
"B622603-5","1102","CUENTAS POR COBRAR","110204002","OTROS INGRESOS POR COBRAR","2026","5","59840.6600","173361.8800","-113521.2200","0"
"B622603-5","1103","IMPUESTOS POR COBRAR","110301003","IVA RETENCION","2026","5","921.6000","0.0000","921.6000","0"
"B622603-5","1202","GASTOS DIFERIDOS","120202001","ANTICIPOS DE GASTOS","2026","5","0.0000","38417.4200","-38417.4200","0"
"B622603-5","2101","CUENTAS POR PAGAR","210101002","GASTOS ADMINISTRATIVOS POR PAGAR","2026","5","0.0000","465.7000","465.7000","0"
"B622603-5","2101","CUENTAS POR PAGAR","210102004","IVA DEBITO","2026","5","0.0000","10766.7300","10766.7300","0"
"B622603-5","2101","CUENTAS POR PAGAR","210104002","OTROS INGRESOS ANTICIPADOS","2026","5","39727.2700","40160.0000","432.7300","0"
"B622603-5","1101","CAJA Y BANCOS","110101002","TRASLADO DE FONDOS","2026","5","300000.0000","0.0000","300000.0000","0"
"B622603-5","1101","CAJA Y BANCOS","110102001","BAC 701111600 MONETARIA","2026","5","0.0000","606773.0800","-606773.0800","0"
"B622603-5","1101","CAJA Y BANCOS","110102002","BANRURAL 3033034955 MONETARIA","2026","5","0.0000","626690.1000","-626690.1000","0"
"B622603-5","1102","CUENTAS POR COBRAR","110204003","OTRAS CUENTAS POR COBRAR","2026","5","1260.6800","2760.6800","-1500.0000","0"
"B622603-5","1103","IMPUESTOS POR COBRAR","110301002","IVA CREDITO","2026","5","1170.1200","0.0000","1170.1200","0"
"B622603-5","1104","INVENTARIO","110401001","SELLOS DE CALIDAD","2026","5","9751.0000","0.0000","9751.0000","0"
"B622603-5","1201","ACTIVOS FIJOS","120101003","HARDWARE","2026","5","13155.0000","0.0000","13155.0000","0"
"B622603-5","1202","GASTOS DIFERIDOS","120202001","ANTICIPOS DE GASTOS","2026","5","42921.4200","5488.0000","37433.4200","0"
"B622603-5","2101","CUENTAS POR PAGAR","210101002","GASTOS ADMINISTRATIVOS POR PAGAR","2026","5","154590.3900","0.0000","-154590.3900","0"
"B622603-5","2101","CUENTAS POR PAGAR","210101003","GASTOS OPERATIVOS POR PAGAR","2026","5","87501.4800","0.0000","-87501.4800","0"
"B622603-5","2101","CUENTAS POR PAGAR","210102001","CUOTA LABORAL IGSS","2026","5","7410.7000","7404.2600","-6.4400","0"
"B622603-5","2101","CUENTAS POR PAGAR","210102002","CUOTA PATRONAL IGSS","2026","5","17935.4500","0.0000","-17935.4500","0"
"B622603-5","2101","CUENTAS POR PAGAR","210102004","IVA DEBITO","2026","5","240.0000","0.0000","-240.0000","0"
"B622603-5","2101","CUENTAS POR PAGAR","210102005","IVA DEBITO FACTURA ESPECIAL","2026","5","0.0000","85.8900","85.8900","0"
"B622603-5","2101","CUENTAS POR PAGAR","210102006","RETENCIONES ISR EMPLEADOS","2026","5","5739.5100","5739.8300","0.3200","0"
"B622603-5","2101","CUENTAS POR PAGAR","210102007","RETENCIONES ISR TERCEROS","2026","5","7008.8600","7526.0000","517.1400","0"
"B622603-5","2101","CUENTAS POR PAGAR","210102009","RETENCIONES ISR NO RESIDENTES","2026","5","0.0000","5888.4400","5888.4400","0"
"B622603-5","2101","CUENTAS POR PAGAR","210103002","PROVISION AGUINALDO","2026","5","1763.7800","0.0000","-1763.7800","0"
"B622603-5","2101","CUENTAS POR PAGAR","210103003","PROVISION BONO 14","2026","5","3941.8700","0.0000","-3941.8700","0"
"B622603-5","2101","CUENTAS POR PAGAR","210104002","OTROS INGRESOS ANTICIPADOS","2026","6","450.0000","0.0000","-450.0000","0"
"B622603-5","2101","CUENTAS POR PAGAR","210104002","OTROS INGRESOS ANTICIPADOS","2026","6","2560.0000","0.0000","-2560.0000","0"
"B622603-5","1102","CUENTAS POR COBRAR","110201002","A_ARYSTA
","2026","6","7000.0000","0.0000","7000.0000","0"
"B622603-5","1102","CUENTAS POR COBRAR","110201049","C_MAXIAGRO SOCIEDAD ANONIMA","2026","6","12000.0000","0.0000","12000.0000","0"
"B622603-5","1104","INVENTARIO","110401001","SELLOS DE CALIDAD","2026","6","0.0000","980.0000","-980.0000","0"
"B622603-5","1103","IMPUESTOS POR COBRAR","110301003","IVA RETENCION","2026","6","0.0000","921.6000","-921.6000","0"
"B622603-5","2101","CUENTAS POR PAGAR","210102004","IVA DEBITO","2026","6","921.6000","0.0000","-921.6000","0"
"B622603-5","1202","GASTOS DIFERIDOS","120202001","ANTICIPOS DE GASTOS","2026","6","0.0000","312.2500","-312.2500","0"
"B622603-5","2101","CUENTAS POR PAGAR","210101003","GASTOS OPERATIVOS POR PAGAR","2026","6","0.0000","7608.1300","7608.1300","0"
"B622603-5","2101","CUENTAS POR PAGAR","210101003","GASTOS OPERATIVOS POR PAGAR","2026","6","0.0000","1956.4800","1956.4800","0"
"B622603-5","2101","CUENTAS POR PAGAR","210101003","GASTOS OPERATIVOS POR PAGAR","2026","6","0.0000","7965.0200","7965.0200","0"
"B622603-5","2101","CUENTAS POR PAGAR","210101003","GASTOS OPERATIVOS POR PAGAR","2026","6","0.0000","5740.2000","5740.2000","0"
"B622603-5","1202","GASTOS DIFERIDOS","120202001","ANTICIPOS DE GASTOS","2026","6","0.0000","1980.0000","-1980.0000","0"
"B622603-5","2101","CUENTAS POR PAGAR","210101003","GASTOS OPERATIVOS POR PAGAR","2026","6","0.0000","6932.5500","6932.5500","0"
"B622603-5","2101","CUENTAS POR PAGAR","210101003","GASTOS OPERATIVOS POR PAGAR","2026","6","0.0000","1318.0000","1318.0000","0"
"B622603-5","2101","CUENTAS POR PAGAR","210101003","GASTOS OPERATIVOS POR PAGAR","2026","6","0.0000","8756.7800","8756.7800","0"
"B622603-5","2101","CUENTAS POR PAGAR","210101003","GASTOS OPERATIVOS POR PAGAR","2026","6","0.0000","2953.4800","2953.4800","0"
"B622603-5","2101","CUENTAS POR PAGAR","210101003","GASTOS OPERATIVOS POR PAGAR","2026","6","0.0000","5761.5000","5761.5000","0"
"B622603-5","2101","CUENTAS POR PAGAR","210101003","GASTOS OPERATIVOS POR PAGAR","2026","6","0.0000","1252.5000","1252.5000","0"
"B622603-5","2101","CUENTAS POR PAGAR","210103001","PROVISION INDEMNIZACION","2026","6","0.0000","31557.3900","31557.3900","0"
"B622603-5","2101","CUENTAS POR PAGAR","210103001","PROVISION INDEMNIZACION","2026","6","6664.3500","0.0000","-6664.3500","0"
"B622603-5","","","210105001","","2026","6","0.0000","6664.3500","6664.3500","0"
"B622603-5","2101","CUENTAS POR PAGAR","210103002","PROVISION AGUINALDO","2026","6","0.0000","20430.7200","20430.7200","0"
"B622603-5","2101","CUENTAS POR PAGAR","210103003","PROVISION BONO 14","2026","6","0.0000","21223.3700","21223.3700","0"
"B622603-5","2101","CUENTAS POR PAGAR","210102002","CUOTA PATRONAL IGSS","2026","6","0.0000","18256.7000","18256.7000","0"
"B622603-5","2101","CUENTAS POR PAGAR","210101003","GASTOS OPERATIVOS POR PAGAR","2026","6","0.0000","30672.0600","30672.0600","0"
"B622603-5","2101","CUENTAS POR PAGAR","210101002","GASTOS ADMINISTRATIVOS POR PAGAR","2026","6","0.0000","25835.4200","25835.4200","0"
"B622603-5","1202","GASTOS DIFERIDOS","120202001","ANTICIPOS DE GASTOS","2026","6","0.0000","2000.0000","-2000.0000","0"
"B622603-5","","","210105001","","2026","6","14386.9400","0.0000","-14386.9400","0"
"B622603-5","3101","PATRIMONIO AGREQUIMA","310101001","PATRIMONIO ACTIVOS FIJOS","2026","6","0.0000","94300.6000","94300.6000","0"
"B622603-5","3201","RESULTADOS AGREQUIMA","320101091","RESULTADO DEL EJERCICIO 2026","2026","6","79913.6600","0.0000","-79913.6600","0"
"B622603-5","1202","GASTOS DIFERIDOS","120202001","ANTICIPOS DE GASTOS","2026","6","0.0000","1895.0000","-1895.0000","0"
"B622603-5","1101","CAJA Y BANCOS","110101002","TRASLADO DE FONDOS","2026","6","800000.0000","0.0000","800000.0000","0"
"B622603-5","1101","CAJA Y BANCOS","110102001","BAC 701111600 MONETARIA","2026","6","0.0000","820679.9500","-820679.9500","0"
"B622603-5","1101","CAJA Y BANCOS","110102002","BANRURAL 3033034955 MONETARIA","2026","6","0.0000","473611.6500","-473611.6500","0"
"B622603-5","1101","CAJA Y BANCOS","110102003","BANCO INDUSTRIAL 0000269530 MONETARIA","2026","6","0.0000","400000.0000","-400000.0000","0"
"B622603-5","1102","CUENTAS POR COBRAR","110204003","OTRAS CUENTAS POR COBRAR","2026","6","1260.6800","2260.6800","-1000.0000","0"
"B622603-5","1103","IMPUESTOS POR COBRAR","110301001","ISR EMPLEADOS","2026","6","0.0000","73.3500","-73.3500","0"
"B622603-5","1201","ACTIVOS FIJOS","120101003","HARDWARE","2026","6","1889.0000","0.0000","1889.0000","0"
"B622603-5","1201","ACTIVOS FIJOS","120101013","CENTROS DE ACOPIO","2026","6","92411.6000","0.0000","92411.6000","0"
"B622603-5","1202","GASTOS DIFERIDOS","120201001","VIATICOS INGENIEROS AGRONOMOS","2026","6","5000.0000","0.0000","5000.0000","0"
"B622603-5","1202","GASTOS DIFERIDOS","120202001","ANTICIPOS DE GASTOS","2026","6","43313.8700","2214.0000","41099.8700","0"
"B622603-5","2101","CUENTAS POR PAGAR","210101002","GASTOS ADMINISTRATIVOS POR PAGAR","2026","6","41259.3600","0.0000","-41259.3600","0"
"B622603-5","2101","CUENTAS POR PAGAR","210101003","GASTOS OPERATIVOS POR PAGAR","2026","6","76509.1500","696.9400","-75812.2100","0"
"B622603-5","2101","CUENTAS POR PAGAR","210102001","CUOTA LABORAL IGSS","2026","6","7404.2600","7543.7900","139.5300","0"
"B622603-5","2101","CUENTAS POR PAGAR","210102002","CUOTA PATRONAL IGSS","2026","6","17919.8800","0.0000","-17919.8800","0"
"B622603-5","2101","CUENTAS POR PAGAR","210102004","IVA DEBITO","2026","6","8675.0000","0.0000","-8675.0000","0"
"B622603-5","2101","CUENTAS POR PAGAR","210102005","IVA DEBITO FACTURA ESPECIAL","2026","6","85.8900","0.0000","-85.8900","0"
"B622603-5","2101","CUENTAS POR PAGAR","210102006","RETENCIONES ISR EMPLEADOS","2026","6","5696.8600","5990.2400","293.3800","0"
"B622603-5","2101","CUENTAS POR PAGAR","210102007","RETENCIONES ISR TERCEROS","2026","6","8307.7000","4990.8300","-3316.8700","0"
"B622603-5","2101","CUENTAS POR PAGAR","210102009","RETENCIONES ISR NO RESIDENTES","2026","6","5779.4200","0.0000","-5779.4200","0"
"B622603-5","2101","CUENTAS POR PAGAR","210103002","PROVISION AGUINALDO","2026","6","2001.0700","0.0000","-2001.0700","0"
"B622603-5","2101","CUENTAS POR PAGAR","210103003","PROVISION BONO 14","2026","6","4166.9400","0.0000","-4166.9400","0"
"B622603-5","1101","CAJA Y BANCOS","110101002","TRASLADO DE FONDOS","2026","6","0.0000","800000.0000","-800000.0000","0"
"B622603-5","1101","CAJA Y BANCOS","110102001","BAC 701111600 MONETARIA","2026","6","868766.1500","0.0000","868766.1500","0"
"B622603-5","1101","CAJA Y BANCOS","110102002","BANRURAL 3033034955 MONETARIA","2026","6","893707.8000","0.0000","893707.8000","0"
"B622603-5","1101","CAJA Y BANCOS","110102007","PROMERICA 12335070041947 MONETARIA","2026","6","7212.2400","0.0000","7212.2400","0"
"B622603-5","1102","CUENTAS POR COBRAR","110201020","A_SYNGENTA-AGROINSUMOS
","2026","6","0.0000","35000.0000","-35000.0000","0"
"B622603-5","1102","CUENTAS POR COBRAR","110201024","C_INSUMOS MODERNOS
","2026","6","0.0000","12000.0000","-12000.0000","0"
"B622603-5","1102","CUENTAS POR COBRAR","110201041","C_OLEFINAS, S.A.  
","2026","6","0.0000","12000.0000","-12000.0000","0"
"B622603-5","1102","CUENTAS POR COBRAR","110201049","C_MAXIAGRO SOCIEDAD ANONIMA","2026","6","0.0000","6000.0000","-6000.0000","0"
"B622603-5","1102","CUENTAS POR COBRAR","110204002","OTROS INGRESOS POR COBRAR","2026","6","57274.8700","77933.4300","-20658.5600","0"
"B622603-5","1103","IMPUESTOS POR COBRAR","110301005","IVA EXCENCIONES","2026","6","535.7100","0.0000","535.7100","0"
"B622603-5","1202","GASTOS DIFERIDOS","120202001","ANTICIPOS DE GASTOS","2026","6","0.0000","24583.0600","-24583.0600","0"
"B622603-5","2101","CUENTAS POR PAGAR","210102004","IVA DEBITO","2026","6","0.0000","9014.4000","9014.4000","0"
"B622603-5","2101","CUENTAS POR PAGAR","210104002","OTROS INGRESOS ANTICIPADOS","2026","6","26323.8700","17617.7900","-8706.0800","0"
"B622603-5","1103","IMPUESTOS POR COBRAR","110301001","ISR EMPLEADOS","2026","7","73.3500","0.0000","73.3500","0"
"B622603-5","2101","CUENTAS POR PAGAR","210102006","RETENCIONES ISR EMPLEADOS","2026","7","0.0000","73.3500","73.3500","0"
"B622603-5","1202","GASTOS DIFERIDOS","120202001","ANTICIPOS DE GASTOS","2026","7","0.0000","1260.0000","-1260.0000","0"
"B622603-5","1202","GASTOS DIFERIDOS","120202001","ANTICIPOS DE GASTOS","2026","7","0.0000","2779.4500","-2779.4500","0"
"B622603-5","2101","CUENTAS POR PAGAR","210101003","GASTOS OPERATIVOS POR PAGAR","2026","7","386.3100","0.0000","-386.3100","0"
"B622603-5","1202","GASTOS DIFERIDOS","120202001","ANTICIPOS DE GASTOS","2026","7","0.0000","2502.9100","-2502.9100","0"
"B622603-5","2101","CUENTAS POR PAGAR","210101003","GASTOS OPERATIVOS POR PAGAR","2026","7","310.6300","0.0000","-310.6300","0"
"B622603-5","2101","CUENTAS POR PAGAR","210101003","GASTOS OPERATIVOS POR PAGAR","2026","7","0.0000","2763.6400","2763.6400","0"
"B622603-5","1202","GASTOS DIFERIDOS","120202001","ANTICIPOS DE GASTOS","2026","7","0.0000","1510.0000","-1510.0000","0"
"B622603-5","1202","GASTOS DIFERIDOS","120202001","ANTICIPOS DE GASTOS","2026","7","0.0000","4050.0000","-4050.0000","0"
"B622603-5","2101","CUENTAS POR PAGAR","210101003","GASTOS OPERATIVOS POR PAGAR","2026","7","0.0000","7194.3500","7194.3500","0"
"B622603-5","1202","GASTOS DIFERIDOS","120202001","ANTICIPOS DE GASTOS","2026","7","0.0000","650.0000","-650.0000","0"
"B622603-5","2101","CUENTAS POR PAGAR","210101003","GASTOS OPERATIVOS POR PAGAR","2026","7","0.0000","110.3200","110.3200","0"
"B622603-5","2101","CUENTAS POR PAGAR","210101003","GASTOS OPERATIVOS POR PAGAR","2026","7","0.0000","7486.7100","7486.7100","0"
"B622603-5","2101","CUENTAS POR PAGAR","210101003","GASTOS OPERATIVOS POR PAGAR","2026","7","0.0000","5255.6900","5255.6900","0"
"B622603-5","2101","CUENTAS POR PAGAR","210101003","GASTOS OPERATIVOS POR PAGAR","2026","7","0.0000","6827.6500","6827.6500","0"
"B622603-5","1202","GASTOS DIFERIDOS","120202001","ANTICIPOS DE GASTOS","2026","7","0.0000","458.0000","-458.0000","0"
"B622603-5","1202","GASTOS DIFERIDOS","120202001","ANTICIPOS DE GASTOS","2026","7","0.0000","1788.0000","-1788.0000","0"
"B622603-5","2101","CUENTAS POR PAGAR","210101003","GASTOS OPERATIVOS POR PAGAR","2026","7","0.0000","7296.1000","7296.1000","0"
"B622603-5","1202","GASTOS DIFERIDOS","120202001","ANTICIPOS DE GASTOS","2026","7","0.0000","400.0000","-400.0000","0"
"B622603-5","1202","GASTOS DIFERIDOS","120202001","ANTICIPOS DE GASTOS","2026","7","0.0000","60.0000","-60.0000","0"
"B622603-5","1202","GASTOS DIFERIDOS","120202001","ANTICIPOS DE GASTOS","2026","7","0.0000","1825.6000","-1825.6000","0"
"B622603-5","1202","GASTOS DIFERIDOS","120202001","ANTICIPOS DE GASTOS","2026","7","0.0000","939.4000","-939.4000","0"
"B622603-5","2101","CUENTAS POR PAGAR","210101003","GASTOS OPERATIVOS POR PAGAR","2026","7","0.0000","653.5500","653.5500","0"
"B622603-5","2101","CUENTAS POR PAGAR","210101003","GASTOS OPERATIVOS POR PAGAR","2026","7","0.0000","3021.7400","3021.7400","0"
"B622603-5","2101","CUENTAS POR PAGAR","210101003","GASTOS OPERATIVOS POR PAGAR","2026","7","0.0000","5800.2700","5800.2700","0"
"B622603-5","1202","GASTOS DIFERIDOS","120202001","ANTICIPOS DE GASTOS","2026","7","0.0000","6700.0000","-6700.0000","0"
"B622603-5","2101","CUENTAS POR PAGAR","210101003","GASTOS OPERATIVOS POR PAGAR","2026","7","0.0000","6463.3500","6463.3500","0"
"B622603-5","2101","CUENTAS POR PAGAR","210101003","GASTOS OPERATIVOS POR PAGAR","2026","7","0.0000","4459.3000","4459.3000","0"
"B622603-5","2101","CUENTAS POR PAGAR","210101003","GASTOS OPERATIVOS POR PAGAR","2026","7","0.0000","38470.7500","38470.7500","0"
"B622603-5","2101","CUENTAS POR PAGAR","210104002","OTROS INGRESOS ANTICIPADOS","2026","7","675.0000","0.0000","-675.0000","0"
"B622603-5","2101","CUENTAS POR PAGAR","210104002","OTROS INGRESOS ANTICIPADOS","2026","7","4410.0000","0.0000","-4410.0000","0"
"B622603-5","2101","CUENTAS POR PAGAR","210104002","OTROS INGRESOS ANTICIPADOS","2026","7","207537.4000","0.0000","-207537.4000","0"
"B622603-5","1202","GASTOS DIFERIDOS","120202001","ANTICIPOS DE GASTOS","2026","7","0.0000","2000.0000","-2000.0000","0"
"B622603-5","2101","CUENTAS POR PAGAR","210101002","GASTOS ADMINISTRATIVOS POR PAGAR","2026","7","0.0000","18293.3500","18293.3500","0"
"B622603-5","2101","CUENTAS POR PAGAR","210103001","PROVISION INDEMNIZACION","2026","7","0.0000","22329.0600","22329.0600","0"
"B622603-5","2101","CUENTAS POR PAGAR","210103002","PROVISION AGUINALDO","2026","7","0.0000","20350.5300","20350.5300","0"
"B622603-5","2101","CUENTAS POR PAGAR","210103003","PROVISION BONO 14","2026","7","0.0000","20350.4900","20350.4900","0"
"B622603-5","2101","CUENTAS POR PAGAR","210102002","CUOTA PATRONAL IGSS","2026","7","0.0000","18252.9200","18252.9200","0"
"B622603-5","1104","INVENTARIO","110401001","SELLOS DE CALIDAD","2026","7","0.0000","980.0000","-980.0000","0"
"B622603-5","1103","IMPUESTOS POR COBRAR","110301005","IVA EXCENCIONES","2026","7","0.0000","535.7100","-535.7100","0"
"B622603-5","2101","CUENTAS POR PAGAR","210102004","IVA DEBITO","2026","7","535.7100","0.0000","-535.7100","0"
"B622603-5","","","210105001","","2026","7","16008.1900","0.0000","-16008.1900","0"
"B622603-5","3201","RESULTADOS AGREQUIMA","320101091","RESULTADO DEL EJERCICIO 2026","2026","7","0.0000","16008.1900","16008.1900","0"
"B622603-5","1101","CAJA Y BANCOS","110101002","TRASLADO DE FONDOS","2026","7","0.0000","900000.0000","-900000.0000","0"
"B622603-5","1101","CAJA Y BANCOS","110102001","BAC 701111600 MONETARIA","2026","7","1147597.2200","0.0000","1147597.2200","0"
"B622603-5","1101","CAJA Y BANCOS","110102002","BANRURAL 3033034955 MONETARIA","2026","7","593958.7700","0.0000","593958.7700","0"
"B622603-5","1101","CAJA Y BANCOS","110102007","PROMERICA 12335070041947 MONETARIA","2026","7","7452.6500","0.0000","7452.6500","0"
"B622603-5","1102","CUENTAS POR COBRAR","110201034","C_SEDIAGRO
","2026","7","0.0000","12000.0000","-12000.0000","0"
"B622603-5","1102","CUENTAS POR COBRAR","110204002","OTROS INGRESOS POR COBRAR","2026","7","35297.5200","33505.5200","1792.0000","0"
"B622603-5","1202","GASTOS DIFERIDOS","120202001","ANTICIPOS DE GASTOS","2026","7","0.0000","23399.4300","-23399.4300","0"
"B622603-5","2101","CUENTAS POR PAGAR","210101003","GASTOS OPERATIVOS POR PAGAR","2026","7","0.0000","38.9000","38.9000","0"
"B622603-5","2101","CUENTAS POR PAGAR","210102004","IVA DEBITO","2026","7","0.0000","4389.9500","4389.9500","0"
"B622603-5","2101","CUENTAS POR PAGAR","210104002","OTROS INGRESOS ANTICIPADOS","2026","7","5675.2500","236619.4000","230944.1500","0"
"B622603-5","1101","CAJA Y BANCOS","110101002","TRASLADO DE FONDOS","2026","7","900000.0000","0.0000","900000.0000","0"
"B622603-5","1101","CAJA Y BANCOS","110102001","BAC 701111600 MONETARIA","2026","7","0.0000","943078.0600","-943078.0600","0"
"B622603-5","1101","CAJA Y BANCOS","110102002","BANRURAL 3033034955 MONETARIA","2026","7","0.0000","973537.5500","-973537.5500","0"
"B622603-5","1102","CUENTAS POR COBRAR","110204003","OTRAS CUENTAS POR COBRAR","2026","7","1260.6800","2260.6800","-1000.0000","0"
"B622603-5","1202","GASTOS DIFERIDOS","120202001","ANTICIPOS DE GASTOS","2026","7","87838.0400","0.0000","87838.0400","0"
"B622603-5","2101","CUENTAS POR PAGAR","210101002","GASTOS ADMINISTRATIVOS POR PAGAR","2026","7","25835.4200","0.0000","-25835.4200","0"
"B622603-5","2101","CUENTAS POR PAGAR","210101003","GASTOS OPERATIVOS POR PAGAR","2026","7","79218.7000","560.4900","-78658.2100","0"
"B622603-5","2101","CUENTAS POR PAGAR","210102001","CUOTA LABORAL IGSS","2026","7","7543.6600","7542.1000","-1.5600","0"
"B622603-5","2101","CUENTAS POR PAGAR","210102002","CUOTA PATRONAL IGSS","2026","7","18256.6900","0.0000","-18256.6900","0"
"B622603-5","2101","CUENTAS POR PAGAR","210102004","IVA DEBITO","2026","7","8478.0000","0.0000","-8478.0000","0"
"B622603-5","2101","CUENTAS POR PAGAR","210102006","RETENCIONES ISR EMPLEADOS","2026","7","6106.5600","6383.0700","276.5100","0"
"B622603-5","2101","CUENTAS POR PAGAR","210102007","RETENCIONES ISR TERCEROS","2026","7","3865.3700","3773.3400","-92.0300","0"
"B622603-5","2101","CUENTAS POR PAGAR","210103003","PROVISION BONO 14","2026","7","212659.5600","0.0000","-212659.5600","0"
"B622603-5","2101","CUENTAS POR PAGAR","210104002","OTROS INGRESOS ANTICIPADOS","2026","8","975.0000","0.0000","-975.0000","0"
"B622603-5","2101","CUENTAS POR PAGAR","210104002","OTROS INGRESOS ANTICIPADOS","2026","8","4340.0000","0.0000","-4340.0000","0"
"B622603-5","1102","CUENTAS POR COBRAR","110201006","C_DUWEST GUATEMALA
","2026","8","12000.0000","0.0000","12000.0000","0"
"B622603-5","1102","CUENTAS POR COBRAR","110201018","B_WESTRADE GUATEMALA
","2026","8","20000.0000","0.0000","20000.0000","0"
"B622603-5","1104","INVENTARIO","110401001","SELLOS DE CALIDAD","2026","8","0.0000","294.0000","-294.0000","0"
"B622603-5","2101","CUENTAS POR PAGAR","210101003","GASTOS OPERATIVOS POR PAGAR","2026","8","0.0000","6283.5000","6283.5000","0"
"B622603-5","2101","CUENTAS POR PAGAR","210101003","GASTOS OPERATIVOS POR PAGAR","2026","8","0.0000","9505.8600","9505.8600","0"
"B622603-5","1202","GASTOS DIFERIDOS","120202001","ANTICIPOS DE GASTOS","2026","8","0.0000","2433.5000","-2433.5000","0"
"B622603-5","1202","GASTOS DIFERIDOS","120202001","ANTICIPOS DE GASTOS","2026","8","0.0000","2762.0000","-2762.0000","0"
"B622603-5","2101","CUENTAS POR PAGAR","210101003","GASTOS OPERATIVOS POR PAGAR","2026","8","0.0000","4116.5000","4116.5000","0"
"B622603-5","1202","GASTOS DIFERIDOS","120202001","ANTICIPOS DE GASTOS","2026","8","0.0000","1814.0000","-1814.0000","0"
"B622603-5","2101","CUENTAS POR PAGAR","210101003","GASTOS OPERATIVOS POR PAGAR","2026","8","0.0000","2593.9800","2593.9800","0"
"B622603-5","2101","CUENTAS POR PAGAR","210101003","GASTOS OPERATIVOS POR PAGAR","2026","8","0.0000","4877.4500","4877.4500","0"
"B622603-5","2101","CUENTAS POR PAGAR","210101003","GASTOS OPERATIVOS POR PAGAR","2026","8","0.0000","6823.4900","6823.4900","0"
"B622603-5","1202","GASTOS DIFERIDOS","120202001","ANTICIPOS DE GASTOS","2026","8","0.0000","1000.0000","-1000.0000","0"
"B622603-5","1202","GASTOS DIFERIDOS","120202001","ANTICIPOS DE GASTOS","2026","8","0.0000","2500.0000","-2500.0000","0"
"B622603-5","2101","CUENTAS POR PAGAR","210101003","GASTOS OPERATIVOS POR PAGAR","2026","8","0.0000","2524.7000","2524.7000","0"
"B622603-5","2101","CUENTAS POR PAGAR","210101003","GASTOS OPERATIVOS POR PAGAR","2026","8","0.0000","7636.4800","7636.4800","0"
"B622603-5","1202","GASTOS DIFERIDOS","120202001","ANTICIPOS DE GASTOS","2026","8","0.0000","400.0000","-400.0000","0"
"B622603-5","1202","GASTOS DIFERIDOS","120202001","ANTICIPOS DE GASTOS","2026","8","0.0000","4250.0000","-4250.0000","0"
"B622603-5","2101","CUENTAS POR PAGAR","210101003","GASTOS OPERATIVOS POR PAGAR","2026","8","0.0000","4650.0600","4650.0600","0"
"B622603-5","2101","CUENTAS POR PAGAR","210101003","GASTOS OPERATIVOS POR PAGAR","2026","8","0.0000","46303.7800","46303.7800","0"
"B622603-5","2101","CUENTAS POR PAGAR","210101002","GASTOS ADMINISTRATIVOS POR PAGAR","2026","8","0.0000","33129.6600","33129.6600","0"
"B622603-5","2101","CUENTAS POR PAGAR","210103001","PROVISION INDEMNIZACION","2026","8","0.0000","22415.9300","22415.9300","0"
"B622603-5","2101","CUENTAS POR PAGAR","210103002","PROVISION AGUINALDO","2026","8","0.0000","20429.7100","20429.7100","0"
"B622603-5","2101","CUENTAS POR PAGAR","210103003","PROVISION BONO 14","2026","8","0.0000","20429.7100","20429.7100","0"
"B622603-5","2101","CUENTAS POR PAGAR","210102002","CUOTA PATRONAL IGSS","2026","8","0.0000","18330.7600","18330.7600","0"
"B622603-5","","","210105001","","2026","8","0.0000","61576.9600","61576.9600","0"
"B622603-5","3101","PATRIMONIO AGREQUIMA","310101001","PATRIMONIO ACTIVOS FIJOS","2026","8","0.0000","1710.0000","1710.0000","0"
"B622603-5","3201","RESULTADOS AGREQUIMA","320101091","RESULTADO DEL EJERCICIO 2026","2026","8","63286.9600","0.0000","-63286.9600","0"
"B622603-5","1101","CAJA Y BANCOS","110101002","TRASLADO DE FONDOS","2026","8","800000.0000","0.0000","800000.0000","0"
"B622603-5","1101","CAJA Y BANCOS","110102001","BAC 701111600 MONETARIA","2026","8","0.0000","768924.4500","-768924.4500","0"
"B622603-5","1101","CAJA Y BANCOS","110102002","BANRURAL 3033034955 MONETARIA","2026","8","0.0000","885474.0200","-885474.0200","0"
"B622603-5","1102","CUENTAS POR COBRAR","110204003","OTRAS CUENTAS POR COBRAR","2026","8","1260.6800","1760.6800","-500.0000","0"
"B622603-5","1201","ACTIVOS FIJOS","120101003","HARDWARE","2026","8","1710.0000","0.0000","1710.0000","0"
"B622603-5","1202","GASTOS DIFERIDOS","120202001","ANTICIPOS DE GASTOS","2026","8","94342.4900","10305.0000","84037.4900","0"
"B622603-5","2101","CUENTAS POR PAGAR","210101002","GASTOS ADMINISTRATIVOS POR PAGAR","2026","8","21799.5900","0.0000","-21799.5900","0"
"B622603-5","2101","CUENTAS POR PAGAR","210101003","GASTOS OPERATIVOS POR PAGAR","2026","8","96741.3500","0.0000","-96741.3500","0"
"B622603-5","2101","CUENTAS POR PAGAR","210102001","CUOTA LABORAL IGSS","2026","8","7542.1000","7580.7600","38.6600","0"
"B622603-5","2101","CUENTAS POR PAGAR","210102002","CUOTA PATRONAL IGSS","2026","8","18252.9300","0.0000","-18252.9300","0"
"B622603-5","2101","CUENTAS POR PAGAR","210102004","IVA DEBITO","2026","8","4390.0000","0.0000","-4390.0000","0"
"B622603-5","2101","CUENTAS POR PAGAR","210102006","RETENCIONES ISR EMPLEADOS","2026","8","6383.0700","6309.7200","-73.3500","0"
"B622603-5","2101","CUENTAS POR PAGAR","210102007","RETENCIONES ISR TERCEROS","2026","8","4362.6400","4107.0100","-255.6300","0"
"B622603-5","2101","CUENTAS POR PAGAR","210102009","RETENCIONES ISR NO RESIDENTES","2026","8","0.0000","4519.1100","4519.1100","0"
"B622603-5","2101","CUENTAS POR PAGAR","210103001","PROVISION INDEMNIZACION","2026","8","2170.7000","0.0000","-2170.7000","0"
"B622603-5","2101","CUENTAS POR PAGAR","210103002","PROVISION AGUINALDO","2026","8","1989.7300","0.0000","-1989.7300","0"
"B622603-5","2101","CUENTAS POR PAGAR","210103003","PROVISION BONO 14","2026","8","545.7500","0.0000","-545.7500","0"
"B622603-5","1101","CAJA Y BANCOS","110102001","BAC 701111600 MONETARIA","2026","8","858692.9000","0.0000","858692.9000","0"
"B622603-5","1101","CAJA Y BANCOS","110102002","BANRURAL 3033034955 MONETARIA","2026","8","865680.6000","0.0000","865680.6000","0"
"B622603-5","1101","CAJA Y BANCOS","110102007","PROMERICA 12335070041947 MONETARIA","2026","8","7452.6500","0.0000","7452.6500","0"
"B622603-5","1102","CUENTAS POR COBRAR","110201018","B_WESTRADE GUATEMALA
","2026","8","0.0000","20000.0000","-20000.0000","0"
"B622603-5","1102","CUENTAS POR COBRAR","110201049","C_MAXIAGRO SOCIEDAD ANONIMA","2026","8","0.0000","6000.0000","-6000.0000","0"
"B622603-5","1102","CUENTAS POR COBRAR","110204002","OTROS INGRESOS POR COBRAR","2026","8","15661.5700","6955.9200","8705.6500","0"
"B622603-5","1202","GASTOS DIFERIDOS","120202001","ANTICIPOS DE GASTOS","2026","8","0.0000","26256.9000","-26256.9000","0"
"B622603-5","2101","CUENTAS POR PAGAR","210101003","GASTOS OPERATIVOS POR PAGAR","2026","8","0.0000","800000.0000","800000.0000","0"
"B622603-5","2101","CUENTAS POR PAGAR","210102004","IVA DEBITO","2026","8","0.0000","3971.1500","3971.1500","0"
"B622603-5","2101","CUENTAS POR PAGAR","210104002","OTROS INGRESOS ANTICIPADOS","2026","8","21402.5600","26739.5600","5337.0000","0"
"B622603-5","2101","CUENTAS POR PAGAR","210102006","RETENCIONES ISR EMPLEADOS","2026","9","0.0000","73.3500","73.3500","0"
"B622603-5","1202","GASTOS DIFERIDOS","120202001","ANTICIPOS DE GASTOS","2026","9","0.0000","503.5000","-503.5000","0"
"B622603-5","1202","GASTOS DIFERIDOS","120202001","ANTICIPOS DE GASTOS","2026","9","0.0000","1153.6500","-1153.6500","0"
"B622603-5","1202","GASTOS DIFERIDOS","120202001","ANTICIPOS DE GASTOS","2026","9","0.0000","598.5000","-598.5000","0"
"B622603-5","2101","CUENTAS POR PAGAR","210103001","PROVISION INDEMNIZACION","2026","9","0.0000","21626.8000","21626.8000","0"
"B622603-5","2101","CUENTAS POR PAGAR","210103002","PROVISION AGUINALDO","2026","9","0.0000","19710.5000","19710.5000","0"
"B622603-5","2101","CUENTAS POR PAGAR","210103003","PROVISION BONO 14","2026","9","0.0000","19710.5000","19710.5000","0"
"B622603-5","2101","CUENTAS POR PAGAR","210102002","CUOTA PATRONAL IGSS","2026","9","0.0000","18252.9200","18252.9200","0"
